ein,legal_name,entity_type,tax_year,form_type,rich_filing_available,total_revenue,total_expenses,total_assets,total_liabilities,net_assets,source
630188910,SIGMA DELTA TAU SOCIETY,UNKNOWN,2025,990N,false,,,,,,PROPUBLICA_API
264795406,PHI THETA CHAPTER HOUSE CORPORATION OF DELTA DELTA DELTA FRATERNITY,HOUSE_CORPORATION,2025,990N,false,,,,,,PROPUBLICA_API
580574897,SIGMA CHI FRATERNITY,LOCAL_CHAPTER_ENTITY,2025,990N,false,,,,,,PROPUBLICA_API
616042959,KAPPA ALPHA ORDER,UNKNOWN,2025,990N,false,,,,,,PROPUBLICA_API
726034315,SIGMA GAMMA RHO SORORITY INC,LOCAL_CHAPTER_ENTITY,2025,990N,false,,,,,,PROPUBLICA_API
430661687,ALPHA EPSILON PI FRATERNITY,LOCAL_CHAPTER_ENTITY,2025,990N,false,,,,,,PROPUBLICA_API
620458346,PI KAPPA ALPHA FRATERNITY,NATIONAL_PARENT,2025,990N,false,,,,,,PROPUBLICA_API
350868356,PHI DELTA THETA FRATERNITY,LOCAL_CHAPTER_ENTITY,2024,990,true,261202,269757,7588,0,7588,PROPUBLICA_API
592339079,PHI DELTA THETA FRATERNITY,LOCAL_CHAPTER_ENTITY,2024,990,true,223651,246293,87119,106932,-19813,PROPUBLICA_API
593282583,PHI DELTA THETA CHAPTER HOUSE ASSOCIATION INC,HOUSE_CORPORATION,2024,990,true,728788,680541,2092922,2386420,-293498,PROPUBLICA_API
630164075,PHI DELTA THETA FRATERNITY,LOCAL_CHAPTER_ENTITY,2024,990,true,358842,321319,37677,7010,30667,PROPUBLICA_API
631053272,PHI DELTA THETA FRATERNITY,LOCAL_CHAPTER_ENTITY,2024,990,true,1630881,1656709,5302792,3687146,1615646,PROPUBLICA_API
630893932,PHI MU HOUSE CORPORATION,HOUSE_CORPORATION,2024,990,true,3606077,1963807,19312738,1516133,17796605,PROPUBLICA_API
640723232,KAPPA ALPHA CHAPTER OF PHI MU FRATERNITY HOUSE CORPORATION,HOUSE_CORPORATION,2024,990,true,1819273,1445934,8316536,2800874,5515662,PROPUBLICA_API
636091968,THE NU BETA CHAPTER OF THE CHI OMEGA HOUSE ASSOCIATION INC,HOUSE_CORPORATION,2024,990,true,4059216,2703283,19160094,7474824,11685270,PROPUBLICA_API
636050290,CHI OMEGA FRATERNITY,LOCAL_CHAPTER_ENTITY,2024,990,true,786903,727225,628486,298080,330406,PROPUBLICA_API
264170711,UNIVERSITY OF ALABAMA CHAPTER OF SIGMA PI FRATERNITY HOUSING,LOCAL_CHAPTER_ENTITY,2024,990,true,888889,798505,2718575,2277989,440586,PROPUBLICA_API
630164080,PHI GAMMA DELTA FRATERNITY,LOCAL_CHAPTER_ENTITY,2024,990,true,1661300,1605007,907471,874294,33177,PROPUBLICA_API
630188910,SIGMA DELTA TAU SOCIETY,UNKNOWN,2024,990N,false,,,,,,PROPUBLICA_API
936036290,PHI KAPPA PSI FRATERNITY,LOCAL_CHAPTER_ENTITY,2024,990,true,566464,644359,27213,29320,-2107,PROPUBLICA_API
237109085,ALPHA PHI ZETA HOUSE CORPORATION OF LAMBDA CHI ALPHA FRATERNITY,HOUSE_CORPORATION,2024,990,true,373380,309693,3434336,2163015,1271321,PROPUBLICA_API
237235595,ALPHA GAMMA DELTA FRATERNITY,LOCAL_CHAPTER_ENTITY,2024,990,true,1464194,919679,11894528,3910736,7983792,PROPUBLICA_API
320257409,BETA MU HOUSE CORP OF ALPHA PHI INTERNATIONAL FRATERNITY INC,HOUSE_CORPORATION,2024,990,true,3486455,2749210,16894066,8631675,8262391,PROPUBLICA_API
941367157,ALPHA PHI BUILDING CORPORATION,HOUSE_CORPORATION,2024,990,true,1255887,893923,3363533,20100,3343433,PROPUBLICA_API
630007510,ALPHA GAMMA DELTA FRATERNITY,LOCAL_CHAPTER_ENTITY,2024,990,true,4105706,4104655,2572465,2810,2569655,PROPUBLICA_API
630056965,DELTA KAPPA EPSILON COUNCIL,UNKNOWN,2024,990,true,1503240,1432286,945812,831801,114011,PROPUBLICA_API
621370853,GAMMA PHI BETA SORORITY,LOCAL_CHAPTER_ENTITY,2024,990,true,693516,558908,413543,0,413543,PROPUBLICA_API
631004292,GAMMA PHI BETA SORORITY INC,LOCAL_CHAPTER_ENTITY,2024,990,true,3058555,3045310,13419865,9189949,4229916,PROPUBLICA_API
630980702,KAPPA DELTA SORORITY,LOCAL_CHAPTER_ENTITY,2024,990,true,5396754,3820502,18193996,3306881,14887115,PROPUBLICA_API
630120537,LAMBDA CHI ALPHA FRATERNITY INC,LOCAL_CHAPTER_ENTITY,2024,990,true,1443545,1437635,113014,57162,55852,PROPUBLICA_API
630115520,KAPPA DELTA SORORITY,LOCAL_CHAPTER_ENTITY,2024,990,true,787739,840405,602813,136529,466284,PROPUBLICA_API
630233975,ZETA BETA TAU FRATERNITY,LOCAL_CHAPTER_ENTITY,2024,990,true,970930,960414,84695,52660,32035,PROPUBLICA_API
630188870,SIGMA ALPHA EPSILON FRATERNITY,LOCAL_CHAPTER_ENTITY,2024,990,true,494193,527113,28167,38322,-10155,PROPUBLICA_API
636049922,HOUSE BOARD OF GAMMA PI OF KAPPA KAPPA GAMMA,UNKNOWN,2024,990,true,3280520,2397718,18866804,7533955,11332849,PROPUBLICA_API
631030493,PSI OF DELTA KAPPA EPSILON HOUSE CORPORATION OF UNIVERSITY ALABAMA,HOUSE_CORPORATION,2024,990,true,1386288,534954,5272278,0,5272278,PROPUBLICA_API
380293670,ALPHA DELTA PHI PENINSULAR CHAPTER,PROPERTY_HOLDING_ENTITY,2024,990N,false,,,,,,PROPUBLICA_API
630040605,TAU CHAPTER OF CHI PHI,LOCAL_CHAPTER_ENTITY,2024,990,true,1397402,1687432,780052,749335,30717,PROPUBLICA_API
580596934,PI KAPPA PHI FRATERNITY,LOCAL_CHAPTER_ENTITY,2024,990,true,663370,651855,434867,310951,123916,PROPUBLICA_API
630164600,PI KAPPA PHI FRATERNITY,LOCAL_CHAPTER_ENTITY,2024,990,true,1962255,1988205,111738,103353,8385,PROPUBLICA_API
630020370,KAPPA SIGMA FRATERNITY,LOCAL_CHAPTER_ENTITY,2024,990,true,1596195,1607248,235658,140555,95103,PROPUBLICA_API
630289642,KAPPA ALPHA ORDER,UNKNOWN,2024,990,true,2099957,2183010,181256,49580,131676,PROPUBLICA_API
581648136,IOTA ALUMNI OF PI KAPPA PHI INC,ALUMNI_CORPORATION,2024,990,true,134701,119539,660945,0,660945,PROPUBLICA_API
430349090,THE ALPHA KAPPA CHAPTER OF THE KAPPA ALPHA FRATERNITY,LOCAL_CHAPTER_ENTITY,2024,990,true,379142,216572,896452,42036,854416,PROPUBLICA_API
590641930,GAMMA IOTA CHAPTER OF ALPHA DELTA PI HOUSE CORPORATION,HOUSE_CORPORATION,2024,990,true,1792860,1638256,12473897,9660921,2812976,PROPUBLICA_API
351780304,PI KAPPA PHI INC,UNKNOWN,2024,990,true,926954,781499,1790607,266218,1524389,PROPUBLICA_API
630007530,ALPHA TAU OMEGA FRATERNITY,LOCAL_CHAPTER_ENTITY,2024,990,true,2056016,2010130,8229462,3102368,5127094,PROPUBLICA_API
581793975,ZETA IOTA CHAPTER OF ALPHA DELTA PI HOUSE CORPORATION,HOUSE_CORPORATION,2024,990,true,111653,118379,782659,2915,779744,PROPUBLICA_API
474051390,DELTA SIGMA CHAPTER OF ALPHA DELTA PI HOUSE CORPORATION,HOUSE_CORPORATION,2024,990,true,1974080,1450842,9282305,6475993,2806312,PROPUBLICA_API
630457980,BETA THETA PI FRATERNITY,LOCAL_CHAPTER_ENTITY,2024,990,true,1816367,1975736,411689,87059,324630,PROPUBLICA_API
630056950,DELTA CHI FRATERNITY,LOCAL_CHAPTER_ENTITY,2024,990,true,1557887,1565773,132273,36637,95636,PROPUBLICA_API
812173665,BETA RHO CHAPTER OF ALPHA OMEGA EPSILON,LOCAL_CHAPTER_ENTITY,2024,990N,false,,,,,,PROPUBLICA_API
862447294,TAU KAPPA EPSILON FRATERNITY OMICRON-XI CHAPTER INC,LOCAL_CHAPTER_ENTITY,2024,990N,false,,,,,,PROPUBLICA_API
716061509,CHI OMEGA FRATERNITY,LOCAL_CHAPTER_ENTITY,2024,990,true,526987,461087,252489,12681,239808,PROPUBLICA_API
812277045,SIGMA PHI EPSILON FRATERNITY INC,LOCAL_CHAPTER_ENTITY,2024,990,true,1264415,1222728,97660,-450,98110,PROPUBLICA_API
631006177,GAMMA ALPHA OF PI KAPPA ALPHA HOUSE CORPORATIONS,UNKNOWN,2024,990,true,480363,431051,4611267,2906872,1704395,PROPUBLICA_API
272795242,DELTA CHI-UNIVERSITY OF ALABAMA CHAPTER HOUSE CORPORATION,HOUSE_CORPORATION,2024,990,true,387990,342068,4164619,3264601,900018,PROPUBLICA_API
630188940,SIGMA NU FRATERNITY,LOCAL_CHAPTER_ENTITY,2024,990,true,1714663,1606190,1041433,956434,84999,PROPUBLICA_API
710237930,KAPPA SIGMA FRATERNITY,LOCAL_CHAPTER_ENTITY,2024,990,true,393060,395074,24578,10000,14578,PROPUBLICA_API
472160158,KAPPA ALPHA ORDER,UNKNOWN,2024,990,true,1189692,1045782,265371,0,265371,PROPUBLICA_API
710673722,KAPPA DELTA SORORITY,LOCAL_CHAPTER_ENTITY,2024,990,true,543285,455930,192870,0,192870,PROPUBLICA_API
636066478,GAMMA PHI BETA SORORITY INC,LOCAL_CHAPTER_ENTITY,2024,990,true,656053,658959,131606,0,131606,PROPUBLICA_API
636056644,PHI GAMMA DELTA FRATERNITY,LOCAL_CHAPTER_ENTITY,2024,990,true,1548528,1558235,125891,0,125891,PROPUBLICA_API
636050289,CHI OMEGA FRATERNITY,LOCAL_CHAPTER_ENTITY,2024,990,true,627692,581732,299069,96800,202269,PROPUBLICA_API
636050218,ALPHA GAMMA DELTA FRATERNITY,LOCAL_CHAPTER_ENTITY,2024,990,true,570681,551337,271400,0,271400,PROPUBLICA_API
581804021,CHI PHI FRATERNITY INC,LOCAL_CHAPTER_ENTITY,2024,990,true,20007,1750,972018,0,972018,PROPUBLICA_API
630838676,CHI PHI FRATERNITY INC,LOCAL_CHAPTER_ENTITY,2024,990EZ,true,117005,116519,6843,0,6843,PROPUBLICA_API
630289644,LAMBDA CHI ALPHA FRATERNITY INC,LOCAL_CHAPTER_ENTITY,2024,990,true,1360693,1218112,425639,0,425639,PROPUBLICA_API
630454765,KAPPA ALPHA ORDER,UNKNOWN,2024,990,true,1287964,1263594,50613,0,50613,PROPUBLICA_API
630962722,DELTA CHI FRATERNITY,LOCAL_CHAPTER_ENTITY,2024,990,true,539491,485197,196550,0,196550,PROPUBLICA_API
630837474,AUBURN DELTA CHI ALUMNI CONTROL BOARD INC,PROPERTY_HOLDING_ENTITY,2024,990,true,90935,75400,734767,44975,689792,PROPUBLICA_API
911903532,ALABAMA BETA CHAPTER OF THE PHI DELTA THETA FRATERNITY,LOCAL_CHAPTER_ENTITY,2024,990,true,901706,832927,165033,0,165033,PROPUBLICA_API
264795406,PHI THETA CHAPTER HOUSE CORPORATION OF DELTA DELTA DELTA FRATERNITY,HOUSE_CORPORATION,2024,990EZ,true,60960,32740,281932,0,281932,PROPUBLICA_API
200293448,DELTA TAU DELTA FRATERNITY,LOCAL_CHAPTER_ENTITY,2024,990,true,300647,353058,10416,0,10416,PROPUBLICA_API
237091513,ALABAMA GAMMA OF PI BETA PHI HOUSE ASSOCIATION INCORPORATED,HOUSE_CORPORATION,2024,990N,false,,,,,,PROPUBLICA_API
590639987,SIGMA ALPHA EPSILON FRATERNITY,LOCAL_CHAPTER_ENTITY,2024,990,true,925205,859723,235355,4722,230633,PROPUBLICA_API
591755953,SIGMA ALPHA EPSILON FRATERNITY,LOCAL_CHAPTER_ENTITY,2024,990,true,197315,83993,634944,0,634944,PROPUBLICA_API
874250391,PHI KAPPA TAU FRATERNITY,LOCAL_CHAPTER_ENTITY,2024,990,true,589118,618628,143063,2871,140192,PROPUBLICA_API
590638774,KAPPA DELTA SORORITY,LOCAL_CHAPTER_ENTITY,2024,990,true,374415,360601,157249,0,157249,PROPUBLICA_API
636053862,KAPPA DELTA SORORITY,LOCAL_CHAPTER_ENTITY,2024,990,true,715401,698541,238462,52,238410,PROPUBLICA_API
364817535,GAMMA PHI BETA SORORITY INC,LOCAL_CHAPTER_ENTITY,2024,990,true,415682,432203,299319,0,299319,PROPUBLICA_API
596153391,CHI OMEGA FRATERNITY,LOCAL_CHAPTER_ENTITY,2024,990,true,314807,259787,155818,0,155818,PROPUBLICA_API
800830267,PI KAPPA PHI FRATERNITY,LOCAL_CHAPTER_ENTITY,2024,990,true,301832,301832,0,0,0,PROPUBLICA_API
593350147,DELTA TAU DELTA FRATERNITY,LOCAL_CHAPTER_ENTITY,2024,990,true,688183,762098,67696,2145,65551,PROPUBLICA_API
591515489,THETA CHI FRATERNITY INC,LOCAL_CHAPTER_ENTITY,2024,990,true,1711462,1774966,2701388,1254566,1446822,PROPUBLICA_API
203675713,CHI PHI FRATERNITY,LOCAL_CHAPTER_ENTITY,2024,990,true,934035,846893,208142,7862,200280,PROPUBLICA_API
436049304,KAPPA ALPHA ORDER,UNKNOWN,2024,990,true,475722,496145,18953,0,18953,PROPUBLICA_API
871533047,ALPHA GAMMA RHO FRATERNITY,LOCAL_CHAPTER_ENTITY,2024,990,true,570409,516668,74348,75,74273,PROPUBLICA_API
596203032,PHI MU FRATERNITY,PROPERTY_HOLDING_ENTITY,2024,990,true,1295521,1242685,5063114,1938442,3124672,PROPUBLICA_API
581657154,GAMMA PHI BETA SORORITY INC,LOCAL_CHAPTER_ENTITY,2024,990,true,1221891,1261955,182493,0,182493,PROPUBLICA_API
596139328,BETA PI OF KAPPA DELTA HOUSE CORP,HOUSE_CORPORATION,2024,990,true,1052345,1044022,2375424,197500,2177924,PROPUBLICA_API
586067925,KAPPA DELTA SORORITY,LOCAL_CHAPTER_ENTITY,2024,990,true,454720,467786,188529,18681,169848,PROPUBLICA_API
580574897,SIGMA CHI FRATERNITY,LOCAL_CHAPTER_ENTITY,2024,990N,false,,,,,,PROPUBLICA_API
616034813,EPSILON OMEGA OF KAPPA DELTA HOUSE,PROPERTY_HOLDING_ENTITY,2024,990,true,814396,807709,5534345,5498272,36073,PROPUBLICA_API
580581268,DELTA TAU DELTA FRATERNITY,LOCAL_CHAPTER_ENTITY,2024,990EZ,true,192510,171299,59109,0,59109,PROPUBLICA_API
610469791,KAPPA DELTA SORORITY,LOCAL_CHAPTER_ENTITY,2024,990,true,261483,289428,185639,0,185639,PROPUBLICA_API
616042960,KAPPA ALPHA ORDER,UNKNOWN,2024,990,true,203231,193168,51444,0,51444,PROPUBLICA_API
620256693,KAPPA SIGMA FRATERNITY,LOCAL_CHAPTER_ENTITY,2024,990,true,599383,591703,18062,0,18062,PROPUBLICA_API
610446350,CHI OMEGA FRATERNITY,LOCAL_CHAPTER_ENTITY,2024,990,true,749379,754857,122326,0,122326,PROPUBLICA_API
310905748,LAMBDA ALPHA OF CHI OMEGA HOUSE CORPORATION INCORPORATED,HOUSE_CORPORATION,2024,990,true,538960,527642,622688,108902,513786,PROPUBLICA_API
616042959,KAPPA ALPHA ORDER,UNKNOWN,2024,990N,false,,,,,,PROPUBLICA_API
526036185,PHI GAMMA DELTA EDUCATIONAL FOUNDATION,EDUCATIONAL_FOUNDATION,2024,990,true,4215768,2492902,29803315,446726,29356589,PROPUBLICA_API
521345266,BETA BETA ZETA CHAPTER ZETA PHI BETA SORORITY INCORPORATED,LOCAL_CHAPTER_ENTITY,2024,990N,false,,,,,,PROPUBLICA_API
620495178,TENNESSEE KAPPA CHAPTER OF SIGMA ALPHA EPSILON,LOCAL_CHAPTER_ENTITY,2024,990,true,1051427,1110355,95570,0,95570,PROPUBLICA_API
726027982,PI KAPPA ALPHA FRATERNITY,LOCAL_CHAPTER_ENTITY,2024,990,true,826335,831245,2834640,1096208,1738432,PROPUBLICA_API
720603683,DELTA KAPPA OF ZETA TAU ALPHA HOUSE CORPORATION,HOUSE_CORPORATION,2024,990,true,428253,267132,1109097,89,1109008,PROPUBLICA_API
726021413,CHI OMEGA FRATERNITY,LOCAL_CHAPTER_ENTITY,2024,990,true,1924277,1635414,9937734,8377017,1560717,PROPUBLICA_API
576025458,KAPPA DELTA SORORITY,LOCAL_CHAPTER_ENTITY,2024,990,true,537204,490636,400018,2407,397611,PROPUBLICA_API
931715399,DELTA TAU DELTA FRATERNITY,LOCAL_CHAPTER_ENTITY,2024,990EZ,true,185176,128790,56386,0,56386,PROPUBLICA_API
720482627,PI KAPPA ALPHA FATERNITY,UNKNOWN,2024,990EZ,true,168420,165220,7666,0,7666,PROPUBLICA_API
726032539,HOUSE CORPORATION OF DELTA TAU DELTA L S U INC,HOUSE_CORPORATION,2024,990N,false,,,,,,PROPUBLICA_API
726034315,SIGMA GAMMA RHO SORORITY INC,LOCAL_CHAPTER_ENTITY,2024,990EZ,true,77685,51648,89275,45140,44135,PROPUBLICA_API
430661687,ALPHA EPSILON PI FRATERNITY,LOCAL_CHAPTER_ENTITY,2024,990N,false,,,,,,PROPUBLICA_API
852032822,SIGMA PHI EPSILON FRATERNITY INC,LOCAL_CHAPTER_ENTITY,2024,990,true,187367,177950,14378,0,14378,PROPUBLICA_API
861831306,LAMBDA ALPHA CHAPTER OF OMEGA PSI PHI FRATERNITY INC,LOCAL_CHAPTER_ENTITY,2024,990N,false,,,,,,PROPUBLICA_API
726027878,KAPPA DELTA SORORITY,LOCAL_CHAPTER_ENTITY,2024,990,true,557892,425224,572414,53,572361,PROPUBLICA_API
721523824,PHI MU FRATERNITY,LOCAL_CHAPTER_ENTITY,2024,990,true,603261,884208,2353853,1185623,1168230,PROPUBLICA_API
640310946,SIGMA ALPHA EPSILON FRATERNITY,LOCAL_CHAPTER_ENTITY,2024,990,true,1138207,1146210,236825,128546,108279,PROPUBLICA_API
463509823,BETA BETA ALUMNI OF THE DELTA SIGMA PHI FRATERNITY,ALUMNI_CORPORATION,2024,990,true,235405,367558,2403389,1320701,1082688,PROPUBLICA_API
436059582,GAMMA PHI BETA SORORITY INC,LOCAL_CHAPTER_ENTITY,2024,990,true,1350331,1201539,7978041,5686449,2291592,PROPUBLICA_API
436050433,ALPHA PHI HOUSE CORPORATION BOARD- UNIVERSITY OF MISSOURI,HOUSE_CORPORATION,2024,990,true,1588846,1570311,14764675,10953108,3811567,PROPUBLICA_API
430282880,GAMMA PHI BETA SORORITY INC,LOCAL_CHAPTER_ENTITY,2024,990,true,328271,241309,258955,0,258955,PROPUBLICA_API
431098570,KAPPA DELTA SORORITY,LOCAL_CHAPTER_ENTITY,2024,990,true,539128,533928,237983,663,237320,PROPUBLICA_API
430214640,CHI OMEGA FRATERNITY,LOCAL_CHAPTER_ENTITY,2024,990,true,301674,301068,150912,74381,76531,PROPUBLICA_API
436031386,DELTA XI BLDG CORP OF DELTA DELTA DELTA,UNKNOWN,2024,990,true,560234,306291,4745137,2547077,2198060,PROPUBLICA_API
436052949,RHO ALPHA OF CHI OMEGA INC,PROPERTY_HOLDING_ENTITY,2024,990,true,1228934,1006467,4335490,1549074,2786416,PROPUBLICA_API
430156640,ALPHA GAMMA RHO FRATERNITY,LOCAL_CHAPTER_ENTITY,2024,990,true,424217,405556,89245,21000,68245,PROPUBLICA_API
900767327,KAPPA SIGMA FRATERNITY,LOCAL_CHAPTER_ENTITY,2024,990,true,507194,506753,28189,0,28189,PROPUBLICA_API
436061869,ALPHA CHI OMEGA HOUSE CORP FOR ALPHA NU CHAPTER,HOUSE_CORPORATION,2024,990,true,373662,200734,3611824,391775,3220049,PROPUBLICA_API
730580030,DELTA TAU DELTA FRATERNITY,LOCAL_CHAPTER_ENTITY,2024,990,true,329913,305828,28719,0,28719,PROPUBLICA_API
300407306,BETA KAPPA OF SIGMA CHI WHITE CROSS FOUNDATION,EDUCATIONAL_FOUNDATION,2024,990PF,true,61677,22367,300058,1,300057,PROPUBLICA_API
237432859,SIGMA NU FRATERNITY,LOCAL_CHAPTER_ENTITY,2024,990,true,981072,1047486,59441,22801,36640,PROPUBLICA_API
900353708,THETA CHI FRATERNITY UNIVERSITY OF MISSOURI IOTA MU CHAPTER,LOCAL_CHAPTER_ENTITY,2024,990,true,584401,623842,50933,0,50933,PROPUBLICA_API
430519030,SIGMA NU HOUSE CORPORATION,HOUSE_CORPORATION,2024,990,true,258410,423360,5558727,2261922,3296805,PROPUBLICA_API
446013887,DELTA TAU DELTA ASSOCIATION OF COLUNBIA MO,UNKNOWN,2024,990,true,561367,580074,7372673,4701594,2671079,PROPUBLICA_API
730181175,CHI OMEGA FRATERNITY,LOCAL_CHAPTER_ENTITY,2024,990,true,411459,388576,103451,28841,74610,PROPUBLICA_API
430240451,DELTA TAU DELTA FRATERNITY,LOCAL_CHAPTER_ENTITY,2024,990,true,1218460,1202659,412114,88057,324057,PROPUBLICA_API
730589378,TRUSTEES OF OKLAHOMA ALPHA CHAPTER OF PI BETA PHI FRATERNITY INC,LOCAL_CHAPTER_ENTITY,2024,990,true,630899,695085,1518088,5762,1512326,PROPUBLICA_API
730579972,GAMMA PHI BETA SORORITY INC,LOCAL_CHAPTER_ENTITY,2024,990,true,1402149,1301801,5067752,3110770,1956982,PROPUBLICA_API
510178981,GAMMA PHI BETA SORORITY INC,LOCAL_CHAPTER_ENTITY,2024,990,true,306550,334668,173243,0,173243,PROPUBLICA_API
731233879,BUILDING ASSOCIATION OF THE EPSILON ALPHA CHAPT CHI OMEGA FRATERNITY,HOUSE_CORPORATION,2024,990,true,1401174,1202935,7544735,0,7544735,PROPUBLICA_API
640304773,SIGMA NU FRATERNITY,LOCAL_CHAPTER_ENTITY,2024,990,true,2054675,2039138,118659,0,118659,PROPUBLICA_API
640307108,CHI OMEGA FRATERNITY,LOCAL_CHAPTER_ENTITY,2024,990,true,559825,570299,87245,0,87245,PROPUBLICA_API
237128453,LAMBDA CHI ALPHA FRATERNITY INC,LOCAL_CHAPTER_ENTITY,2024,990,true,0,0,740,0,740,PROPUBLICA_API
576034943,KAPPA SIGMA FRATERNITY,LOCAL_CHAPTER_ENTITY,2024,990,true,105005,106423,3250,0,3250,PROPUBLICA_API
237145973,SIGMA ALPHA EPSILON SOUTH CAROLINA DELTA CHAPTER,LOCAL_CHAPTER_ENTITY,2024,990,true,605994,623860,13333,6583,6750,PROPUBLICA_API
383878997,ALPHA GAMMA DELTA FRATERNITY,LOCAL_CHAPTER_ENTITY,2024,990,true,989583,1006632,312644,102551,210093,PROPUBLICA_API
201554454,GAMMA PHI BETA SORORITY INC,LOCAL_CHAPTER_ENTITY,2024,990,true,391220,311574,278446,0,278446,PROPUBLICA_API
824644973,PHI DELTA THETA FRATERNITY,LOCAL_CHAPTER_ENTITY,2024,990,true,388240,380382,15885,0,15885,PROPUBLICA_API
576027420,PI KAPPA ALPHA FRATERNITY,LOCAL_CHAPTER_ENTITY,2024,990,true,247307,236866,11914,0,11914,PROPUBLICA_API
742188211,SIGMA PHI EPSILON EDUCATION FOUNDATION OF TEXAS ALPHA,EDUCATIONAL_FOUNDATION,2024,990EZ,true,61069,131769,423098,749813,-326715,PROPUBLICA_API
626042374,DELTA SIGMA HOUSE CORPORATION OF DELTA DELTA DELTA,HOUSE_CORPORATION,2024,990,true,506957,363447,4802330,2890083,1912247,PROPUBLICA_API
371916316,PHI GAMMA DELTA FRATERNITY,LOCAL_CHAPTER_ENTITY,2024,990,true,714215,714145,20278,0,20278,PROPUBLICA_API
741130614,SIGMA PHI EPSILON FRATERNITY INC,LOCAL_CHAPTER_ENTITY,2024,990,true,1481983,1439010,186300,0,186300,PROPUBLICA_API
626047671,KAPPA DELTA SORORITY,LOCAL_CHAPTER_ENTITY,2024,990,true,821660,774540,512836,95515,417321,PROPUBLICA_API
621386377,PI CHAPTER CHI OMEGA FRATERNITY HOUSE CORP,HOUSE_CORPORATION,2024,990,true,900884,720687,868223,13804,854419,PROPUBLICA_API
741120034,PI KAPPA ALPHA FRATERNITY,LOCAL_CHAPTER_ENTITY,2024,990,true,1248905,1305098,144114,179210,-35096,PROPUBLICA_API
741932980,XI KAPPA OF CHI OMEGA HOUSE CORP,HOUSE_CORPORATION,2024,990,true,829706,802115,2357593,43890,2313703,PROPUBLICA_API
742205939,KAPPA DELTA SORORITY,LOCAL_CHAPTER_ENTITY,2024,990,true,370831,359224,166008,8858,157150,PROPUBLICA_API
742155975,SIGMA EPSILON OF KAPPA DELTA HOUSE CORP,HOUSE_CORPORATION,2024,990,true,1214202,1004809,2727115,804793,1922322,PROPUBLICA_API
134264657,GAMMA PHI BETA SORORITY INC,LOCAL_CHAPTER_ENTITY,2024,990,true,387563,334552,204397,0,204397,PROPUBLICA_API
732350514,TEXAS ETA CHAPTER OF PI BETA PHI HOUSE CORPORATION,HOUSE_CORPORATION,2024,990,true,354250,398505,1019429,229184,790245,PROPUBLICA_API
742930349,ETA ALPHA HOUSE CORPORATION OF KAPPA DELTA SORORITY,HOUSE_CORPORATION,2024,990,true,803432,783437,1040449,522529,517920,PROPUBLICA_API
742205743,KAPPA ALPHA ORDER,UNKNOWN,2024,990,true,525477,518552,25935,0,25935,PROPUBLICA_API
273674898,PI KAPPA ALPHA FRATERNITY,LOCAL_CHAPTER_ENTITY,2024,990,true,1393481,1281379,116604,0,116604,PROPUBLICA_API
621218011,ALPHA DELTA PI HOUSE CORPORATION,HOUSE_CORPORATION,2024,990,true,112946,98825,615074,2534,612540,PROPUBLICA_API
621793998,KAPPA DELTA SORORITY,LOCAL_CHAPTER_ENTITY,2024,990,true,611109,572244,136281,589,135692,PROPUBLICA_API
626074044,CHI OMEGA FRATERNITY,LOCAL_CHAPTER_ENTITY,2024,990EZ,true,173810,171213,241305,0,241305,PROPUBLICA_API
900652699,FIFTH DISTRICT OF OMEGA PSI PHI FRATERNITY INC,LOCAL_CHAPTER_ENTITY,2024,990N,false,,,,,,PROPUBLICA_API
237279516,NASHVILLE ALUMNI CHAPTER KAPPA ALPHA PSI FRATERNITY INC,ALUMNI_CORPORATION,2024,990EZ,true,92883,91080,82208,26887,55321,PROPUBLICA_API
263623864,KAPPA SIGMA FRATERNITY,LOCAL_CHAPTER_ENTITY,2024,990,true,161752,157464,7843,0,7843,PROPUBLICA_API
473151737,PI KAPPA ALPHA FRATERNITY,LOCAL_CHAPTER_ENTITY,2024,990EZ,true,90892,95275,2266,0,2266,PROPUBLICA_API
010158948,SIGMA KAPPA SORORITY,NATIONAL_PARENT,2024,990,true,6149087,4574786,14487244,7002321,7484923,PROPUBLICA_API
621466616,BETA TAU HOUSE CORPORATION OF KAPPA DELTA SORORITY,HOUSE_CORPORATION,2024,990EZ,true,98760,116942,267641,11352,256289,PROPUBLICA_API
621781729,ZETA PHI BETA SORORITY INC PI ZETA CHAPTER,LOCAL_CHAPTER_ENTITY,2024,990EZ,true,38106,33627,71011,0,71011,PROPUBLICA_API
626047662,KAPPA DELTA SORORITY,LOCAL_CHAPTER_ENTITY,2024,990EZ,true,192171,199685,193839,0,193839,PROPUBLICA_API
362362161,PHI KAPPA PSI FRATERNITY,NATIONAL_PARENT,2024,990,true,3462956,3596087,3874343,1368036,2506307,PROPUBLICA_API
362077508,ALPHA PHI INTERNATIONAL FRATERNITY INC,NATIONAL_PARENT,2024,990,true,11454559,8872758,66006797,33308311,32698486,PROPUBLICA_API
570340150,PI KAPPA PHI FRATERNITY,NATIONAL_PARENT,2024,990,true,7651700,6650513,12806295,8166805,4639490,PROPUBLICA_API
620458346,PI KAPPA ALPHA FRATERNITY,NATIONAL_PARENT,2024,990EZ,true,0,0,1,0,1,PROPUBLICA_API
370152080,ALPHA GAMMA RHO FRATERNITY,NATIONAL_PARENT,2024,990,true,1786541,2798515,4372490,1522014,2850476,PROPUBLICA_API
223530740,LAMBDA THETA ALPHA,NATIONAL_PARENT,2024,990,true,575588,519075,2038399,39114,1999285,PROPUBLICA_API
362024274,SIGMA DELTA TAU SOCIETY,NATIONAL_PARENT,2024,990,true,2113009,1974844,5289828,395039,4894789,PROPUBLICA_API
131368460,TAU EPSILON PHI FRATERNITY INC,NATIONAL_PARENT,2024,990,true,563663,530613,581008,30684,550324,PROPUBLICA_API
350868356,PHI DELTA THETA FRATERNITY,LOCAL_CHAPTER_ENTITY,2023,990,true,249880,250900,16143,0,16143,PROPUBLICA_API
592339079,PHI DELTA THETA FRATERNITY,LOCAL_CHAPTER_ENTITY,2023,990EZ,true,179469,176878,80488,77659,2829,PROPUBLICA_API
593282583,PHI DELTA THETA CHAPTER HOUSE ASSOCIATION INC,HOUSE_CORPORATION,2023,990,true,741682,669079,1669731,2011476,-341745,PROPUBLICA_API
630164075,PHI DELTA THETA FRATERNITY,LOCAL_CHAPTER_ENTITY,2023,990,true,270241,291630,3506,10362,-6856,PROPUBLICA_API
630893932,PHI MU HOUSE CORPORATION,HOUSE_CORPORATION,2023,990,true,3942485,2749068,20297900,4169913,16127987,PROPUBLICA_API
640723232,KAPPA ALPHA CHAPTER OF PHI MU FRATERNITY HOUSE CORPORATION,HOUSE_CORPORATION,2023,990,true,1678732,1356061,7905607,2779773,5125834,PROPUBLICA_API
596135388,CHI OMEGA HOUSING CORPORATION,HOUSE_CORPORATION,2023,990,true,1093508,848550,4005098,69977,3935121,PROPUBLICA_API
636091968,THE NU BETA CHAPTER OF THE CHI OMEGA HOUSE ASSOCIATION INC,HOUSE_CORPORATION,2023,990,true,3482591,2537892,16172275,5842938,10329337,PROPUBLICA_API
636050290,CHI OMEGA FRATERNITY,LOCAL_CHAPTER_ENTITY,2023,990,true,668919,681254,270868,140,270728,PROPUBLICA_API
640392826,CHI OMEGA FRATERNITY,LOCAL_CHAPTER_ENTITY,2023,990,true,359341,391512,204238,0,204238,PROPUBLICA_API
264170711,UNIVERSITY OF ALABAMA CHAPTER OF SIGMA PI FRATERNITY HOUSING,LOCAL_CHAPTER_ENTITY,2023,990,true,815211,787916,2756841,2406639,350202,PROPUBLICA_API
636103404,PHI GAMMA DELTA FRATERNITY,LOCAL_CHAPTER_ENTITY,2023,990,true,309941,151993,3736455,156991,3579464,PROPUBLICA_API
560548249,PHI GAMMA DELTA FRATERNITY,LOCAL_CHAPTER_ENTITY,2023,990,true,736605,744801,43460,0,43460,PROPUBLICA_API
630164080,PHI GAMMA DELTA FRATERNITY,LOCAL_CHAPTER_ENTITY,2023,990,true,1595436,1568777,64284,87400,-23116,PROPUBLICA_API
586074021,PHI KAPPA THETA FRATERNITY,LOCAL_CHAPTER_ENTITY,2023,990,true,253795,251748,94913,3518,91395,PROPUBLICA_API
420467540,PHI KAPPA PSI FRATERNITY,LOCAL_CHAPTER_ENTITY,2023,990,true,645386,666253,13136,0,13136,PROPUBLICA_API
936036290,PHI KAPPA PSI FRATERNITY,LOCAL_CHAPTER_ENTITY,2023,990,true,562893,636867,103388,27600,75788,PROPUBLICA_API
630289653,THETA CHI FRATERNITY INC,LOCAL_CHAPTER_ENTITY,2023,990,true,691372,739171,29461,6958,22503,PROPUBLICA_API
237109085,ALPHA PHI ZETA HOUSE CORPORATION OF LAMBDA CHI ALPHA FRATERNITY,HOUSE_CORPORATION,2023,990,true,277497,283804,3454871,2248647,1206224,PROPUBLICA_API
380293927,SIGMA KAPPA CORPORATION,UNKNOWN,2023,990,true,548115,612316,1698270,43188,1655082,PROPUBLICA_API
630458038,PHI KAPPA PSI FRATERNITY ALABAMA ALPHA CHAPTER,LOCAL_CHAPTER_ENTITY,2023,990,true,1710085,1629330,904159,0,904159,PROPUBLICA_API
237235595,ALPHA GAMMA DELTA FRATERNITY,LOCAL_CHAPTER_ENTITY,2023,990,true,1256496,928495,11815651,4376375,7439276,PROPUBLICA_API
320257409,BETA MU HOUSE CORP OF ALPHA PHI INTERNATIONAL FRATERNITY INC,HOUSE_CORPORATION,2023,990,true,6262466,5644469,16988213,9463067,7525146,PROPUBLICA_API
941367157,ALPHA PHI BUILDING CORPORATION,HOUSE_CORPORATION,2023,990,true,1134599,1001718,3004587,23118,2981469,PROPUBLICA_API
630007510,ALPHA GAMMA DELTA FRATERNITY,LOCAL_CHAPTER_ENTITY,2023,990,true,3946434,3937607,2570523,1919,2568604,PROPUBLICA_API
451298367,UNIVERSITY OF ALABAMA CHAPTER OF THETA CHI HOUSING CORPORATION,HOUSE_CORPORATION,2023,990,true,1621857,1733766,6629471,4761173,1868298,PROPUBLICA_API
630056965,DELTA KAPPA EPSILON COUNCIL,UNKNOWN,2023,990,true,1523275,1555248,177841,134785,43056,PROPUBLICA_API
621370853,GAMMA PHI BETA SORORITY,LOCAL_CHAPTER_ENTITY,2023,990,true,661213,537139,278935,0,278935,PROPUBLICA_API
631004292,GAMMA PHI BETA SORORITY INC,LOCAL_CHAPTER_ENTITY,2023,990,true,2871736,2757703,14607000,10535437,4071563,PROPUBLICA_API
630818055,ALABAMA BETA OF PI BETA PHI HOUSE ASSOCIATION INCORPORATED,HOUSE_CORPORATION,2023,990,true,2813973,2782141,15855671,13485130,2370541,PROPUBLICA_API
630980702,KAPPA DELTA SORORITY,LOCAL_CHAPTER_ENTITY,2023,990,true,3327028,2105783,15511757,2200894,13310863,PROPUBLICA_API
630733120,ZETA BETA TAU FRATERNITY,LOCAL_CHAPTER_ENTITY,2023,990,true,479438,461022,4726894,2451989,2274905,PROPUBLICA_API
237114590,EPSILON CHI ZETA HOUSE CORPORATION OF LAMBDA CHI ALPHA FRATERNITY,HOUSE_CORPORATION,2023,990,true,158295,109294,2738351,2369216,369135,PROPUBLICA_API
630120537,LAMBDA CHI ALPHA FRATERNITY INC,LOCAL_CHAPTER_ENTITY,2023,990,true,1288099,1197820,91845,41903,49942,PROPUBLICA_API
630115520,KAPPA DELTA SORORITY,LOCAL_CHAPTER_ENTITY,2023,990,true,759260,811880,521207,2257,518950,PROPUBLICA_API
630233975,ZETA BETA TAU FRATERNITY,LOCAL_CHAPTER_ENTITY,2023,990,true,1026346,1053481,56870,35351,21519,PROPUBLICA_API
630188870,SIGMA ALPHA EPSILON FRATERNITY,LOCAL_CHAPTER_ENTITY,2023,990,true,494720,499206,66233,43468,22765,PROPUBLICA_API
636049922,HOUSE BOARD OF GAMMA PI OF KAPPA KAPPA GAMMA,UNKNOWN,2023,990,true,3760825,3294507,16911122,6461075,10450047,PROPUBLICA_API
631030493,PSI OF DELTA KAPPA EPSILON HOUSE CORPORATION OF UNIVERSITY ALABAMA,HOUSE_CORPORATION,2023,990,true,341853,629247,4371077,0,4371077,PROPUBLICA_API
593078421,KAPPA ALPHA HOUSING ASSOCIATION OF FLORIDA INC,UNKNOWN,2023,990,true,186683,174806,708581,499615,208966,PROPUBLICA_API
380293670,ALPHA DELTA PHI PENINSULAR CHAPTER,PROPERTY_HOLDING_ENTITY,2023,990EZ,true,87176,90220,1766,0,1766,PROPUBLICA_API
630040605,TAU CHAPTER OF CHI PHI,LOCAL_CHAPTER_ENTITY,2023,990,true,1189345,984749,345978,25231,320747,PROPUBLICA_API
580596934,PI KAPPA PHI FRATERNITY,LOCAL_CHAPTER_ENTITY,2023,990,true,402608,371331,124944,12543,112401,PROPUBLICA_API
630164600,PI KAPPA PHI FRATERNITY,LOCAL_CHAPTER_ENTITY,2023,990,true,1762641,1726935,82082,47747,34335,PROPUBLICA_API
630020370,KAPPA SIGMA FRATERNITY,LOCAL_CHAPTER_ENTITY,2023,990,true,1400681,1312097,205100,98944,106156,PROPUBLICA_API
630289642,KAPPA ALPHA ORDER,UNKNOWN,2023,990,true,2030920,2094459,267499,52770,214729,PROPUBLICA_API
581648136,IOTA ALUMNI OF PI KAPPA PHI INC,ALUMNI_CORPORATION,2023,990,true,63011,204740,660455,14672,645783,PROPUBLICA_API
430349090,THE ALPHA KAPPA CHAPTER OF THE KAPPA ALPHA FRATERNITY,LOCAL_CHAPTER_ENTITY,2023,990,true,208082,137984,846321,154475,691846,PROPUBLICA_API
590641930,GAMMA IOTA CHAPTER OF ALPHA DELTA PI HOUSE CORPORATION,HOUSE_CORPORATION,2023,990,true,1645671,1548364,12344690,9686318,2658372,PROPUBLICA_API
386068594,ALPHA DELTA PHI INTERNATIONAL INC,UNKNOWN,2023,990,true,287333,280618,2871886,1194191,1677695,PROPUBLICA_API
630057000,DELTA TAU DELTA FRATERNITY,LOCAL_CHAPTER_ENTITY,2023,990,true,1158053,1105032,256834,29750,227084,PROPUBLICA_API
351780304,PI KAPPA PHI INC,UNKNOWN,2023,990,true,878831,814840,1720425,339778,1380647,PROPUBLICA_API
630007530,ALPHA TAU OMEGA FRATERNITY,LOCAL_CHAPTER_ENTITY,2023,990,true,2025351,2016765,8293540,3212332,5081208,PROPUBLICA_API
581793975,ZETA IOTA CHAPTER OF ALPHA DELTA PI HOUSE CORPORATION,HOUSE_CORPORATION,2023,990,true,110307,97555,787737,1267,786470,PROPUBLICA_API
812173665,BETA RHO CHAPTER OF ALPHA OMEGA EPSILON,LOCAL_CHAPTER_ENTITY,2023,990EZ,true,45503,43329,21571,0,21571,PROPUBLICA_API
630164580,PI KAPPA ALPHA FRATERNITY,LOCAL_CHAPTER_ENTITY,2023,990,true,1732353,1841734,111118,32174,78944,PROPUBLICA_API
474051390,DELTA SIGMA CHAPTER OF ALPHA DELTA PI HOUSE CORPORATION,HOUSE_CORPORATION,2023,990,true,1743311,1437208,8445074,6162000,2283074,PROPUBLICA_API
630457980,BETA THETA PI FRATERNITY,LOCAL_CHAPTER_ENTITY,2023,990,true,1604277,1497423,539533,55534,483999,PROPUBLICA_API
630056950,DELTA CHI FRATERNITY,LOCAL_CHAPTER_ENTITY,2023,990,true,1431704,1448102,153144,49622,103522,PROPUBLICA_API
630164090,PHI KAPPA SIGMA FRATERNITY,LOCAL_CHAPTER_ENTITY,2023,990,true,128682,131671,92284,0,92284,PROPUBLICA_API
546038429,PSI CHAPTER OF SIGMA CHI HOUSE CORP,HOUSE_CORPORATION,2023,990,true,41235,10683,2154773,684085,1470688,PROPUBLICA_API
630188910,SIGMA DELTA TAU SOCIETY,UNKNOWN,2023,990,true,202361,161137,112934,9720,103214,PROPUBLICA_API
710245516,SIGMA CHI FRATERNITY,LOCAL_CHAPTER_ENTITY,2023,990,true,1277553,1122173,760115,11081,749034,PROPUBLICA_API
862447294,TAU KAPPA EPSILON FRATERNITY OMICRON-XI CHAPTER INC,LOCAL_CHAPTER_ENTITY,2023,990N,false,,,,,,PROPUBLICA_API
716061509,CHI OMEGA FRATERNITY,LOCAL_CHAPTER_ENTITY,2023,990,true,478062,455827,176126,2218,173908,PROPUBLICA_API
812277045,SIGMA PHI EPSILON FRATERNITY INC,LOCAL_CHAPTER_ENTITY,2023,990,true,1168149,1138517,56423,0,56423,PROPUBLICA_API
710230717,PHI DELTA THETA FRATERNITY,LOCAL_CHAPTER_ENTITY,2023,990,true,694938,656356,255994,0,255994,PROPUBLICA_API
631006177,GAMMA ALPHA OF PI KAPPA ALPHA HOUSE CORPORATIONS,UNKNOWN,2023,990,true,357563,468806,4672336,3017253,1655083,PROPUBLICA_API
630289650,SIGMA CHI FRATERNITY,LOCAL_CHAPTER_ENTITY,2023,990,true,419669,370101,133116,0,133116,PROPUBLICA_API
202472978,ALPHA TAU OMEGA FRATERNITY,LOCAL_CHAPTER_ENTITY,2023,990,true,1196769,1201973,60522,0,60522,PROPUBLICA_API
462071035,ALABAMA BETA CHAPTER OF THE SIGMA PHI EPSILON FRATERNITY,LOCAL_CHAPTER_ENTITY,2023,990,true,1272359,1305561,37152,0,37152,PROPUBLICA_API
630188930,SIGMA NU FRATERNITY,LOCAL_CHAPTER_ENTITY,2023,990,true,1043288,1046502,81435,0,81435,PROPUBLICA_API
272795242,DELTA CHI-UNIVERSITY OF ALABAMA CHAPTER HOUSE CORPORATION,HOUSE_CORPORATION,2023,990,true,325709,330598,4189125,3335029,854096,PROPUBLICA_API
590626226,SIGMA CHI FRATERNITY,LOCAL_CHAPTER_ENTITY,2023,990,true,882487,600834,708313,9653,698660,PROPUBLICA_API
593024291,SIGMA CHI FOUNDATION AT AUBURN UNIVERSITY INC,EDUCATIONAL_FOUNDATION,2023,990,true,41125,94135,378274,0,378274,PROPUBLICA_API
630188940,SIGMA NU FRATERNITY,LOCAL_CHAPTER_ENTITY,2023,990,true,1524085,1568083,88517,111991,-23474,PROPUBLICA_API
716057345,DELTA DELTA DELTA FRATERNITY DELTA IOTA HOUSE CORP,HOUSE_CORPORATION,2023,990,true,1069790,1397056,14514976,11502806,3012170,PROPUBLICA_API
710237930,KAPPA SIGMA FRATERNITY,LOCAL_CHAPTER_ENTITY,2023,990,true,385655,392235,21092,4500,16592,PROPUBLICA_API
710296927,ALPHA DELTA PI SORORITY,LOCAL_CHAPTER_ENTITY,2023,990,true,1502450,1348825,11910128,8410848,3499280,PROPUBLICA_API
472160158,KAPPA ALPHA ORDER,UNKNOWN,2023,990,true,886723,818948,121461,0,121461,PROPUBLICA_API
710673722,KAPPA DELTA SORORITY,LOCAL_CHAPTER_ENTITY,2023,990,true,497158,481305,105515,0,105515,PROPUBLICA_API
237114376,ARKANSAS PI BETA PHI HOUSE ASSOC,UNKNOWN,2023,990,true,1160633,1305529,9850894,7838665,2012229,PROPUBLICA_API
710243898,SIGMA ALPHA EPSILON FRATERNITY,LOCAL_CHAPTER_ENTITY,2023,990,true,988968,840758,545856,30257,515599,PROPUBLICA_API
636066478,GAMMA PHI BETA SORORITY INC,LOCAL_CHAPTER_ENTITY,2023,990,true,598217,585816,134512,0,134512,PROPUBLICA_API
237153933,SIGMA NU BUILDING BETA THETA CHAPTER,PROPERTY_HOLDING_ENTITY,2023,990,true,42154,0,884849,250644,634205,PROPUBLICA_API
636056644,PHI GAMMA DELTA FRATERNITY,LOCAL_CHAPTER_ENTITY,2023,990,true,1693209,1609550,135598,0,135598,PROPUBLICA_API
636050289,CHI OMEGA FRATERNITY,LOCAL_CHAPTER_ENTITY,2023,990,true,513184,522814,253960,97651,156309,PROPUBLICA_API
636050218,ALPHA GAMMA DELTA FRATERNITY,LOCAL_CHAPTER_ENTITY,2023,990,true,550974,551118,252058,0,252058,PROPUBLICA_API
630297941,CHI CHAPTER OF THETA CHI FRATERNITY,LOCAL_CHAPTER_ENTITY,2023,990,true,1143927,1137556,99841,0,99841,PROPUBLICA_API
822367768,ALPHA UPSILON CHAPTER OF PHI GAMMA DELTA FRATERNITY HOUSE CORPO,LOCAL_CHAPTER_ENTITY,2023,990,true,469976,432969,5860706,3710109,2150597,PROPUBLICA_API
237226508,TAU KAPPA EPSILON FRATERNITY INC,LOCAL_CHAPTER_ENTITY,2023,990,true,537384,544081,840815,437907,402908,PROPUBLICA_API
636061057,PI KAPPA ALPHA FRATERNITY,PROPERTY_HOLDING_ENTITY,2023,990,true,6467,18546,911578,467197,444381,PROPUBLICA_API
581804021,CHI PHI FRATERNITY INC,LOCAL_CHAPTER_ENTITY,2023,990,true,852022,15626,953761,0,953761,PROPUBLICA_API
630838676,CHI PHI FRATERNITY INC,LOCAL_CHAPTER_ENTITY,2023,990EZ,true,132835,132946,6357,0,6357,PROPUBLICA_API
630289644,LAMBDA CHI ALPHA FRATERNITY INC,LOCAL_CHAPTER_ENTITY,2023,990,true,1268509,1197651,283058,0,283058,PROPUBLICA_API
630454765,KAPPA ALPHA ORDER,UNKNOWN,2023,990,true,1112380,1153382,26243,0,26243,PROPUBLICA_API
630164590,PI KAPPA PHI FRATERNITY,LOCAL_CHAPTER_ENTITY,2023,990,true,841585,778085,338889,0,338889,PROPUBLICA_API
630962722,DELTA CHI FRATERNITY,LOCAL_CHAPTER_ENTITY,2023,990,true,471484,470025,142256,0,142256,PROPUBLICA_API
630837474,AUBURN DELTA CHI ALUMNI CONTROL BOARD INC,PROPERTY_HOLDING_ENTITY,2023,990,true,88847,47130,743107,68850,674257,PROPUBLICA_API
630289649,SIGMA CHI FRATERNITY,LOCAL_CHAPTER_ENTITY,2023,990,true,1009745,980866,87573,11000,76573,PROPUBLICA_API
264795406,PHI THETA CHAPTER HOUSE CORPORATION OF DELTA DELTA DELTA FRATERNITY,HOUSE_CORPORATION,2023,990EZ,true,82100,25191,253712,0,253712,PROPUBLICA_API
200293448,DELTA TAU DELTA FRATERNITY,LOCAL_CHAPTER_ENTITY,2023,990,true,286469,274617,62827,0,62827,PROPUBLICA_API
237091513,ALABAMA GAMMA OF PI BETA PHI HOUSE ASSOCIATION INCORPORATED,HOUSE_CORPORATION,2023,990EZ,true,64050,3547,289330,0,289330,PROPUBLICA_API
630164582,PI KAPPA ALPHA FRATERNITY,LOCAL_CHAPTER_ENTITY,2023,990,true,698902,713743,45691,0,45691,PROPUBLICA_API
590639987,SIGMA ALPHA EPSILON FRATERNITY,LOCAL_CHAPTER_ENTITY,2023,990,true,596803,642100,240442,75291,165151,PROPUBLICA_API
591755953,SIGMA ALPHA EPSILON FRATERNITY,LOCAL_CHAPTER_ENTITY,2023,990,true,71841,84247,521622,0,521622,PROPUBLICA_API
590682455,ALPHA EPSILON PHI SORORITY,LOCAL_CHAPTER_ENTITY,2023,990,true,1330950,1005208,2263197,81844,2181353,PROPUBLICA_API
874250391,PHI KAPPA TAU FRATERNITY,LOCAL_CHAPTER_ENTITY,2023,990,true,640161,669242,181135,11432,169703,PROPUBLICA_API
590638774,KAPPA DELTA SORORITY,LOCAL_CHAPTER_ENTITY,2023,990,true,336881,302387,143435,0,143435,PROPUBLICA_API
636053862,KAPPA DELTA SORORITY,LOCAL_CHAPTER_ENTITY,2023,990,true,671016,790004,223035,0,223035,PROPUBLICA_API
237044651,DELTA ZETA OF DELTA TAU INC,PROPERTY_HOLDING_ENTITY,2023,990,true,83140,174978,625198,270111,355087,PROPUBLICA_API
364817535,GAMMA PHI BETA SORORITY INC,LOCAL_CHAPTER_ENTITY,2023,990,true,379163,314388,315840,0,315840,PROPUBLICA_API
596153391,CHI OMEGA FRATERNITY,LOCAL_CHAPTER_ENTITY,2023,990,true,290354,259735,100798,0,100798,PROPUBLICA_API
842992938,DELTA TAU DELTA FRATERNITY,LOCAL_CHAPTER_ENTITY,2023,990EZ,true,170282,163777,16952,0,16952,PROPUBLICA_API
800830267,PI KAPPA PHI FRATERNITY,LOCAL_CHAPTER_ENTITY,2023,990,true,287654,287654,0,0,0,PROPUBLICA_API
590627917,BETA THETA PI FRATERNITY,LOCAL_CHAPTER_ENTITY,2023,990,true,648484,640839,18025,0,18025,PROPUBLICA_API
593350147,DELTA TAU DELTA FRATERNITY,LOCAL_CHAPTER_ENTITY,2023,990,true,705595,733245,139898,432,139466,PROPUBLICA_API
591515489,THETA CHI FRATERNITY INC,LOCAL_CHAPTER_ENTITY,2023,990,true,1695046,1715237,2950547,1440221,1510326,PROPUBLICA_API
203675713,CHI PHI FRATERNITY,LOCAL_CHAPTER_ENTITY,2023,990,true,717931,643520,117119,3981,113138,PROPUBLICA_API
436049304,KAPPA ALPHA ORDER,UNKNOWN,2023,990,true,261720,253773,39376,0,39376,PROPUBLICA_API
590657429,ALPHA EPSILON PI FRATERNITY,LOCAL_CHAPTER_ENTITY,2023,990,true,853498,821965,83932,0,83932,PROPUBLICA_API
596141908,FLORIDA ALPHA ALUMNI OF SIGMA PHI EPSILON INC,ALUMNI_CORPORATION,2023,990,true,489105,533339,3556703,1440793,2115910,PROPUBLICA_API
453670908,PI KAPPA ALPHA FRATERNITY,LOCAL_CHAPTER_ENTITY,2023,990,true,403948,401389,10282,0,10282,PROPUBLICA_API
273189738,SIGMA CHI FRATERNITY AT UNIVERSITY OF FLORIDA INC,LOCAL_CHAPTER_ENTITY,2023,990,true,299499,301920,1404,0,1404,PROPUBLICA_API
590628020,KAPPA ALPHA ORDER,UNKNOWN,2023,990,true,802447,826096,34486,0,34486,PROPUBLICA_API
592643047,FLORIDA DELTA OF PI BETA PHI HOUSE CORPORATION,HOUSE_CORPORATION,2023,990,true,464155,316072,2039889,462366,1577523,PROPUBLICA_API
871533047,ALPHA GAMMA RHO FRATERNITY,LOCAL_CHAPTER_ENTITY,2023,990,true,479715,491116,19423,-1109,20532,PROPUBLICA_API
596203032,PHI MU FRATERNITY,PROPERTY_HOLDING_ENTITY,2023,990,true,1303011,1236459,5200309,2128473,3071836,PROPUBLICA_API
581657154,GAMMA PHI BETA SORORITY INC,LOCAL_CHAPTER_ENTITY,2023,990,true,1234909,1202444,222557,0,222557,PROPUBLICA_API
454843177,ALPHA ALPHA DELTA OF CHI PSI ADVISORY BOARD INCORPORATED,UNKNOWN,2023,990EZ,true,110474,55214,35426,0,35426,PROPUBLICA_API
580585704,ALPHA GAMMA DELTA FRATERNITY,LOCAL_CHAPTER_ENTITY,2023,990,true,1594780,1582987,199418,52437,146981,PROPUBLICA_API
272615266,PHI KAPPA TAU FRATERNITY,LOCAL_CHAPTER_ENTITY,2023,990,true,171791,171800,25012,0,25012,PROPUBLICA_API
596139328,BETA PI OF KAPPA DELTA HOUSE CORP,HOUSE_CORPORATION,2023,990,true,1069067,1041084,2402423,232822,2169601,PROPUBLICA_API
581909461,SIGMA PHI HOUSE CORPORATION OF KAPPA DELTA SORORITY A VIRGINIA,HOUSE_CORPORATION,2023,990,true,932718,858578,1231782,97845,1133937,PROPUBLICA_API
581490431,GAMMA PHI BETA SORORITY INC,LOCAL_CHAPTER_ENTITY,2023,990,true,838309,699364,1211843,334455,877388,PROPUBLICA_API
580679938,SIGMA PI FRATERNITY INTERNATIONAL INC,NATIONAL_PARENT,2023,990,true,477905,420753,205814,0,205814,PROPUBLICA_API
586067925,KAPPA DELTA SORORITY,LOCAL_CHAPTER_ENTITY,2023,990,true,470851,513771,193080,10166,182914,PROPUBLICA_API
581025461,PHI GAMMA DELTA FRATERNITY,LOCAL_CHAPTER_ENTITY,2023,990,true,1060888,989212,194506,2843,191663,PROPUBLICA_API
911981486,GEORGIA DELTA OF SIGMA PHI EPSILON INC,UNKNOWN,2023,990,true,523223,494502,189996,0,189996,PROPUBLICA_API
580592772,ALPHA GAMMA RHO FRATERNITY,LOCAL_CHAPTER_ENTITY,2023,990,true,644180,480501,885470,0,885470,PROPUBLICA_API
586035098,ALPHA GAMMA RHO FRATERNITY,LOCAL_CHAPTER_ENTITY,2023,990,true,117270,76502,1371490,52495,1318995,PROPUBLICA_API
580587177,THETA CHI FRATERNITY INC,LOCAL_CHAPTER_ENTITY,2023,990,true,411293,324977,160573,0,160573,PROPUBLICA_API
310909146,PHI KAPPA PSI-GEORGIA ALPHA CHAPTER,LOCAL_CHAPTER_ENTITY,2023,990EZ,true,25618,20022,7457,0,7457,PROPUBLICA_API
580301953,KAPPA ALPHA ORDER,UNKNOWN,2023,990,true,771189,709678,174056,3500,170556,PROPUBLICA_API
580591246,TAU EPSILON PHI FRATERNITY,LOCAL_CHAPTER_ENTITY,2023,990,true,595166,635345,458224,280547,177677,PROPUBLICA_API
580560996,ALPHA EPSILON PI FRATERNITY,LOCAL_CHAPTER_ENTITY,2023,990,true,524263,511621,447561,117076,330485,PROPUBLICA_API
580574897,SIGMA CHI FRATERNITY,LOCAL_CHAPTER_ENTITY,2023,990EZ,true,89185,80469,9173,0,9173,PROPUBLICA_API
581743710,PHI MU FRATERNITY,LOCAL_CHAPTER_ENTITY,2023,990,true,1055056,930729,3659895,985322,2674573,PROPUBLICA_API
581937914,SIGMA ALPHA EPSILON FRATERNITY,LOCAL_CHAPTER_ENTITY,2023,990,true,274675,288652,1327026,95493,1231533,PROPUBLICA_API
510234811,CHI OMEGA HOUSE CORPORATION MU BETA CHAPTER,HOUSE_CORPORATION,2023,990,true,1397949,1712592,1992420,1361711,630709,PROPUBLICA_API
580574987,PI KAPPA PHI FRATERNITY,LOCAL_CHAPTER_ENTITY,2023,990,true,540730,528406,45778,0,45778,PROPUBLICA_API
580574873,CHI OMEGA FRATERNITY,LOCAL_CHAPTER_ENTITY,2023,990,true,1292315,1244027,224993,610,224383,PROPUBLICA_API
616034813,EPSILON OMEGA OF KAPPA DELTA HOUSE,PROPERTY_HOLDING_ENTITY,2023,990,true,111489,782595,78027,29328,48699,PROPUBLICA_API
580581459,SIGMA ALPHA EPSILON FRATERNITY,LOCAL_CHAPTER_ENTITY,2023,990,true,741029,719480,95915,0,95915,PROPUBLICA_API
580581268,DELTA TAU DELTA FRATERNITY,LOCAL_CHAPTER_ENTITY,2023,990,true,124455,158858,3495,0,3495,PROPUBLICA_API
610469791,KAPPA DELTA SORORITY,LOCAL_CHAPTER_ENTITY,2023,990,true,259095,281339,205161,0,205161,PROPUBLICA_API
616042960,KAPPA ALPHA ORDER,UNKNOWN,2023,990,true,211670,175147,41381,0,41381,PROPUBLICA_API
610446350,CHI OMEGA FRATERNITY,LOCAL_CHAPTER_ENTITY,2023,990,true,528507,564493,127805,0,127805,PROPUBLICA_API
310905748,LAMBDA ALPHA OF CHI OMEGA HOUSE CORPORATION INCORPORATED,HOUSE_CORPORATION,2023,990,true,517150,444217,673206,170738,502468,PROPUBLICA_API
610444977,DELTA TAU DELTA FRATERNITY,LOCAL_CHAPTER_ENTITY,2023,990,true,294748,371676,23761,5638,18123,PROPUBLICA_API
861948737,LAMBDA CHI ALPHA FRATERNITY INC,LOCAL_CHAPTER_ENTITY,2023,990,true,347639,330413,58064,0,58064,PROPUBLICA_API
832840421,ALPHA SIGMA PHI FRANTERNITY INC,UNKNOWN,2023,990EZ,true,179749,174675,15991,0,15991,PROPUBLICA_API
510164540,UPSILON KAPPA OF PHI GAMMA DELTA HOUSE CORP,HOUSE_CORPORATION,2023,990,true,88064,89251,607743,165015,442728,PROPUBLICA_API
616033534,DELTA TAU DELTA HOUSE CORP OF KY,HOUSE_CORPORATION,2023,990,true,234085,174736,2776649,429302,2347347,PROPUBLICA_API
274575400,ZETA RHO CHAPTER OF THETA CHI FRATERNITY,LOCAL_CHAPTER_ENTITY,2023,990EZ,true,108984,123908,20360,0,20360,PROPUBLICA_API
611269807,DELTA SIGMA PHI FRATERNITY INC,LOCAL_CHAPTER_ENTITY,2023,990,true,237731,232738,5764,0,5764,PROPUBLICA_API
610447633,SIGMA CHI FRATERNITY,LOCAL_CHAPTER_ENTITY,2023,990,true,225923,232858,22568,0,22568,PROPUBLICA_API
611207339,PHI GAMMA DELTA FRATERNITY,LOCAL_CHAPTER_ENTITY,2023,990,true,246453,247584,44545,0,44545,PROPUBLICA_API
620495178,TENNESSEE KAPPA CHAPTER OF SIGMA ALPHA EPSILON,LOCAL_CHAPTER_ENTITY,2023,990,true,853030,779041,125526,0,125526,PROPUBLICA_API
556028175,ALPHA GAMMA DELTA FRATERNITY,LOCAL_CHAPTER_ENTITY,2023,990,true,748783,804440,737197,91810,645387,PROPUBLICA_API
526036185,PHI GAMMA DELTA EDUCATIONAL FOUNDATION,EDUCATIONAL_FOUNDATION,2023,990,true,3880356,2677299,26268904,358469,25910435,PROPUBLICA_API
237359145,SIGMA PI FRATERNITY HOUSING CORP,HOUSE_CORPORATION,2023,990,true,85865,98009,628005,466766,161239,PROPUBLICA_API
721023591,DELTA CHI HOUSE CORPORATION,HOUSE_CORPORATION,2023,990,true,427790,356332,610637,401724,208913,PROPUBLICA_API
616042959,KAPPA ALPHA ORDER,UNKNOWN,2023,990EZ,true,78461,75300,4759,0,4759,PROPUBLICA_API
726027982,PI KAPPA ALPHA FRATERNITY,LOCAL_CHAPTER_ENTITY,2023,990,true,761285,722067,2439550,1155265,1284285,PROPUBLICA_API
720603683,DELTA KAPPA OF ZETA TAU ALPHA HOUSE CORPORATION,HOUSE_CORPORATION,2023,990,true,404248,374779,947887,0,947887,PROPUBLICA_API
726021413,CHI OMEGA FRATERNITY,LOCAL_CHAPTER_ENTITY,2023,990,true,895564,1205775,8082054,6816144,1265910,PROPUBLICA_API
720961914,DELTA CHI FRATERNITY,LOCAL_CHAPTER_ENTITY,2023,990,true,276750,224436,74691,0,74691,PROPUBLICA_API
720873120,ALPHA GAMMA RHO FRATERNITY,LOCAL_CHAPTER_ENTITY,2023,990,true,394195,336731,518811,0,518811,PROPUBLICA_API
726040902,LOUISIANA BETA OF PI BETA PHI HOUSE ASSOCIATION,HOUSE_CORPORATION,2023,990,true,713100,802446,1028887,9796,1019091,PROPUBLICA_API
521345266,BETA BETA ZETA CHAPTER ZETA PHI BETA SORORITY INCORPORATED,LOCAL_CHAPTER_ENTITY,2023,990EZ,true,35015,21943,78399,0,78399,PROPUBLICA_API
576025458,KAPPA DELTA SORORITY,LOCAL_CHAPTER_ENTITY,2023,990,true,460681,410552,352705,1662,351043,PROPUBLICA_API
922730634,GAMMA IOTA CHAPTER OF SIGMA CHI FRATERNITY,LOCAL_CHAPTER_ENTITY,2023,990,true,263204,252728,17448,0,17448,PROPUBLICA_API
720482627,PI KAPPA ALPHA FATERNITY,UNKNOWN,2023,990EZ,true,144100,142600,4466,0,4466,PROPUBLICA_API
237069145,DELTA OMEGA HOUSE CORPORATION OF DELTA DELTA DELTA FRATERNITY,HOUSE_CORPORATION,2023,990,true,709067,306505,2637035,13626,2623409,PROPUBLICA_API
813514137,OMEGA CHAPTER OF ALPHA DELTA PI HOUSE CORPORATION,HOUSE_CORPORATION,2023,990,true,777733,559556,1095517,0,1095517,PROPUBLICA_API
720416943,KAPPA ALPHA ORDER,UNKNOWN,2023,990,true,852717,848575,26356,0,26356,PROPUBLICA_API
726027219,DELTA KAPPA HOUSE CORP KAPPA ALPHA THETA,HOUSE_CORPORATION,2023,990,true,222066,233356,1068640,396184,672456,PROPUBLICA_API
640868872,DELTA OMEGA CHAPTER HOUSE CORPORATION OF KAPPA DELTA,HOUSE_CORPORATION,2023,990,true,1216074,1332178,3902613,2535187,1367426,PROPUBLICA_API
852032822,SIGMA PHI EPSILON FRATERNITY INC,LOCAL_CHAPTER_ENTITY,2023,990,true,89453,92132,5180,0,5180,PROPUBLICA_API
861831306,LAMBDA ALPHA CHAPTER OF OMEGA PSI PHI FRATERNITY INC,LOCAL_CHAPTER_ENTITY,2023,990EZ,true,113386,93423,75827,0,75827,PROPUBLICA_API
726027878,KAPPA DELTA SORORITY,LOCAL_CHAPTER_ENTITY,2023,990,true,517683,501503,440462,0,440462,PROPUBLICA_API
640120597,KAPPA ALPHA ORDER,UNKNOWN,2023,990,true,606950,591652,23498,0,23498,PROPUBLICA_API
640390595,LAMBDA CHI ALPHA FRATERNITY INC,LOCAL_CHAPTER_ENTITY,2023,990,true,625099,754311,6273,13170,-6897,PROPUBLICA_API
340435674,MISSISSIPPI STATE UNIVERSITY DELTA CHI BUILDING CORPORATION,HOUSE_CORPORATION,2023,990,true,287560,341925,963836,786261,177575,PROPUBLICA_API
430661687,ALPHA EPSILON PI FRATERNITY,LOCAL_CHAPTER_ENTITY,2023,990EZ,true,116758,103109,15917,0,15917,PROPUBLICA_API
436065825,SOCIETY OF BETA SIGMA PSI,UNKNOWN,2023,990,true,245552,240799,17974,80165,-62191,PROPUBLICA_API
721523824,PHI MU FRATERNITY,LOCAL_CHAPTER_ENTITY,2023,990,true,966419,767075,2755244,1338362,1416882,PROPUBLICA_API
640310946,SIGMA ALPHA EPSILON FRATERNITY,LOCAL_CHAPTER_ENTITY,2023,990,true,955974,954403,194780,78498,116282,PROPUBLICA_API
646022216,PHI KAPPA TAU HOUSE CORP,HOUSE_CORPORATION,2023,990EZ,true,158553,143781,273756,0,273756,PROPUBLICA_API
436075111,SIGMA ALPHA EPSILON CLUB OF COLUMBIA MISSOURI,UNKNOWN,2023,990,true,323982,381723,3980681,2607027,1373654,PROPUBLICA_API
463509823,BETA BETA ALUMNI OF THE DELTA SIGMA PHI FRATERNITY,ALUMNI_CORPORATION,2023,990,true,254434,279274,2595613,1360772,1234841,PROPUBLICA_API
436059582,GAMMA PHI BETA SORORITY INC,LOCAL_CHAPTER_ENTITY,2023,990,true,1224781,1189574,8245106,6105088,2140018,PROPUBLICA_API
436050433,ALPHA PHI HOUSE CORPORATION BOARD- UNIVERSITY OF MISSOURI,HOUSE_CORPORATION,2023,990,true,2465373,1421646,15035182,11242150,3793032,PROPUBLICA_API
430456430,PHI DELTA THETA FRATERNITY,LOCAL_CHAPTER_ENTITY,2023,990,true,1168076,1018273,586258,435036,151222,PROPUBLICA_API
430282880,GAMMA PHI BETA SORORITY INC,LOCAL_CHAPTER_ENTITY,2023,990EZ,true,199270,252893,171993,0,171993,PROPUBLICA_API
431098570,KAPPA DELTA SORORITY,LOCAL_CHAPTER_ENTITY,2023,990,true,424021,407954,232507,387,232120,PROPUBLICA_API
510245814,ALPHA GAMMA CHAPTER OF ALPHA DELTA PI HOUSE CORP,HOUSE_CORPORATION,2023,990,true,1100952,1348457,2390367,2879938,-489571,PROPUBLICA_API
430214640,CHI OMEGA FRATERNITY,LOCAL_CHAPTER_ENTITY,2023,990,true,281220,243453,160494,84569,75925,PROPUBLICA_API
436031386,DELTA XI BLDG CORP OF DELTA DELTA DELTA,UNKNOWN,2023,990,true,837840,454040,4440099,2495982,1944117,PROPUBLICA_API
237180149,PHI DELTA THETA CLUB OF COLUMBIA MISSOURI,UNKNOWN,2023,990,true,409254,249425,3233715,2982606,251109,PROPUBLICA_API
436052949,RHO ALPHA OF CHI OMEGA INC,PROPERTY_HOLDING_ENTITY,2023,990,true,946718,1016694,4257420,1739993,2517427,PROPUBLICA_API
430156640,ALPHA GAMMA RHO FRATERNITY,LOCAL_CHAPTER_ENTITY,2023,990,true,402224,406679,70584,21000,49584,PROPUBLICA_API
436052133,ALPHA GAMMA RHO BUILDING ASSOCIATION,HOUSE_CORPORATION,2023,990,true,374275,402259,2104476,392702,1711774,PROPUBLICA_API
900767327,KAPPA SIGMA FRATERNITY,LOCAL_CHAPTER_ENTITY,2023,990,true,428642,432001,27748,0,27748,PROPUBLICA_API
436061869,ALPHA CHI OMEGA HOUSE CORP FOR ALPHA NU CHAPTER,HOUSE_CORPORATION,2023,990,true,347420,234287,3519707,472586,3047121,PROPUBLICA_API
436052199,BETA THETA PI FRATERNITY,LOCAL_CHAPTER_ENTITY,2023,990,true,1441935,1391574,148285,151935,-3650,PROPUBLICA_API
736100261,SIGMA CHI FRATERNITY,LOCAL_CHAPTER_ENTITY,2023,990,true,921025,699130,2017437,941564,1075873,PROPUBLICA_API
431080165,KAPPA KAPPA GAMMA HOUSE CORP OF COLUMBIA,HOUSE_CORPORATION,2023,990,true,1365230,1316040,7590485,4825902,2764583,PROPUBLICA_API
730580030,DELTA TAU DELTA FRATERNITY,LOCAL_CHAPTER_ENTITY,2023,990,true,212734,265488,4634,0,4634,PROPUBLICA_API
300407306,BETA KAPPA OF SIGMA CHI WHITE CROSS FOUNDATION,EDUCATIONAL_FOUNDATION,2023,990PF,true,7683,5207,260748,1,260747,PROPUBLICA_API
431469466,DELTA CHI FRATERNITY,LOCAL_CHAPTER_ENTITY,2023,990,true,276880,276880,22,0,22,PROPUBLICA_API
237432859,SIGMA NU FRATERNITY,LOCAL_CHAPTER_ENTITY,2023,990,true,1037325,1004870,113884,10830,103054,PROPUBLICA_API
900353708,THETA CHI FRATERNITY UNIVERSITY OF MISSOURI IOTA MU CHAPTER,LOCAL_CHAPTER_ENTITY,2023,990,true,696704,669542,90374,0,90374,PROPUBLICA_API
430519030,SIGMA NU HOUSE CORPORATION,HOUSE_CORPORATION,2023,990,true,249910,386217,5761755,2300000,3461755,PROPUBLICA_API
730583070,LAMBDA CHI ALPHA FRATERNITY INC,LOCAL_CHAPTER_ENTITY,2023,990,true,832545,818890,37696,0,37696,PROPUBLICA_API
464496506,RHO CHAPTER SIGMA NU EDUCATIONAL FOUNDATION,EDUCATIONAL_FOUNDATION,2023,990,true,18800,0,31013,0,31013,PROPUBLICA_API
237330439,BETA THETA PI CLUB OF COLUMBIA MISSOURI,UNKNOWN,2023,990,true,556693,174532,16144927,995500,15149427,PROPUBLICA_API
446013887,DELTA TAU DELTA ASSOCIATION OF COLUNBIA MO,UNKNOWN,2023,990,true,619150,558172,7567790,4878004,2689786,PROPUBLICA_API
730181175,CHI OMEGA FRATERNITY,LOCAL_CHAPTER_ENTITY,2023,990,true,413549,410851,82754,31027,51727,PROPUBLICA_API
430240451,DELTA TAU DELTA FRATERNITY,LOCAL_CHAPTER_ENTITY,2023,990,true,1154571,1198232,393337,100106,293231,PROPUBLICA_API
730589378,TRUSTEES OF OKLAHOMA ALPHA CHAPTER OF PI BETA PHI FRATERNITY INC,LOCAL_CHAPTER_ENTITY,2023,990,true,517382,619161,1577458,946,1576512,PROPUBLICA_API
311128130,PHI KAPPA PSI FRATERNITY,LOCAL_CHAPTER_ENTITY,2023,990EZ,true,37137,37336,3187,0,3187,PROPUBLICA_API
730582839,BETA THETA PI FRATERNITY,LOCAL_CHAPTER_ENTITY,2023,990,true,778643,1066734,74184,39164,35020,PROPUBLICA_API
730589443,PHI GAMMA DELTA FRATERNITY,LOCAL_CHAPTER_ENTITY,2023,990,true,741748,765950,4743,0,4743,PROPUBLICA_API
731440348,ALPHA PHI LUCY FINNERTY EDUCATIONAL FUND,UNKNOWN,2023,990PF,true,25845,52235,450915,1,450914,PROPUBLICA_API
640307103,PHI MU FRATERNITY,LOCAL_CHAPTER_ENTITY,2023,990,true,1091941,1840007,7683443,3431938,4251505,PROPUBLICA_API
730579972,GAMMA PHI BETA SORORITY INC,LOCAL_CHAPTER_ENTITY,2023,990,true,1147961,1340470,5220397,3363528,1856869,PROPUBLICA_API
736103379,BETA THETA PI CORPORATION OF OKLA,UNKNOWN,2023,990,true,1117251,1199048,7907119,587948,7319171,PROPUBLICA_API
646027408,MISSISSIPPI BETA OF PI BETA PHI HOUSE ASSOCIATION INC,HOUSE_CORPORATION,2023,990,true,1077944,755932,16172407,10422974,5749433,PROPUBLICA_API
510178981,GAMMA PHI BETA SORORITY INC,LOCAL_CHAPTER_ENTITY,2023,990,true,322635,274670,200862,0,200862,PROPUBLICA_API
640330884,KAPPA DELTA SORORITY,LOCAL_CHAPTER_ENTITY,2023,990,true,771116,649708,668372,0,668372,PROPUBLICA_API
731233879,BUILDING ASSOCIATION OF THE EPSILON ALPHA CHAPT CHI OMEGA FRATERNITY,HOUSE_CORPORATION,2023,990,true,1347639,1042605,7383138,36642,7346496,PROPUBLICA_API
730583442,KAPPA ALPHA ORDER,UNKNOWN,2023,990EZ,true,54054,45080,8974,0,8974,PROPUBLICA_API
640315255,SIGMA CHI FRATERNITY ETA CHAPTER,LOCAL_CHAPTER_ENTITY,2023,990,true,1903538,2138368,7170815,6658515,512300,PROPUBLICA_API
640717329,DELTA DELTA DELTA NATIONAL HOUSE CORPORATION,HOUSE_CORPORATION,2023,990,true,1065965,1104325,9155976,4844950,4311026,PROPUBLICA_API
640304773,SIGMA NU FRATERNITY,LOCAL_CHAPTER_ENTITY,2023,990,true,1865780,1961638,103122,0,103122,PROPUBLICA_API
832574778,EPSILON XI CHAPTER OF SIGMA NU FRATERNITY CHARITY BOWL INC,LOCAL_CHAPTER_ENTITY,2023,990PF,true,251613,418887,35272,1,35271,PROPUBLICA_API
882444294,HOUSE CORPORATION OF EPSILON XI CHAPTER OF SIGMA NU,HOUSE_CORPORATION,2023,990,true,388891,496523,7051957,3932733,3119224,PROPUBLICA_API
237229883,MISSISSIPPI ALPHA CHAPTER HOUSE CORPORATION OF PHI DELTA THETA FRA,HOUSE_CORPORATION,2023,990,true,267865,346324,1904475,899566,1004909,PROPUBLICA_API
852949016,DELTA TAU DELTA FRATERNITY,LOCAL_CHAPTER_ENTITY,2023,990,true,320568,313709,11948,0,11948,PROPUBLICA_API
570811123,ETA GAMMA CHAPTER OF CHI OMEGA FRATERNITY HOUSING CORPORATION,HOUSE_CORPORATION,2023,990,true,1058809,713135,7656704,23499,7633205,PROPUBLICA_API
237160987,TAU OF CHI OMEGA FRATERNITY HOUSE CORPORATION,HOUSE_CORPORATION,2023,990,true,3171399,1800848,20801456,12206901,8594555,PROPUBLICA_API
640307108,CHI OMEGA FRATERNITY,LOCAL_CHAPTER_ENTITY,2023,990,true,579401,650996,97719,0,97719,PROPUBLICA_API
237432869,MISSISSIPPI GAMMA HOUSE ASSN OF SIGMA ALPHA EPSILON,HOUSE_CORPORATION,2023,990,true,13533,4536,932497,178305,754192,PROPUBLICA_API
640315254,SIGMA ALPHA EPSILON FRATERNITY,LOCAL_CHAPTER_ENTITY,2023,990,true,859296,733259,693255,761411,-68156,PROPUBLICA_API
640412138,ALPHA TAU OMEGA FRATERNITY,LOCAL_CHAPTER_ENTITY,2023,990,true,1112442,1179703,97969,3606,94363,PROPUBLICA_API
582279145,RHO CHAPTER KAPPA ALPHA HOUSING CORPORATION,HOUSE_CORPORATION,2023,990,true,247828,228046,857530,0,857530,PROPUBLICA_API
640308935,PHI DELTA THETA FRATERNITY,LOCAL_CHAPTER_ENTITY,2023,990,true,1450901,1626513,1069030,260273,808757,PROPUBLICA_API
576033523,KAPPA ALPHA ORDER,UNKNOWN,2023,990,true,401359,385100,18623,0,18623,PROPUBLICA_API
237128453,LAMBDA CHI ALPHA FRATERNITY INC,LOCAL_CHAPTER_ENTITY,2023,990,true,0,0,740,0,740,PROPUBLICA_API
576034943,KAPPA SIGMA FRATERNITY,LOCAL_CHAPTER_ENTITY,2023,990,true,143158,139290,4668,0,4668,PROPUBLICA_API
237219356,KAPPA KAPPA GAMMA FRATERNITY INC,LOCAL_CHAPTER_ENTITY,2023,990,true,2550594,1466877,15336967,8759843,6577124,PROPUBLICA_API
208655786,GAMMA CHI CHAPTER OF THE ALPHA EPSILON PI CHAPTER,LOCAL_CHAPTER_ENTITY,2023,990,true,363733,370976,9240,0,9240,PROPUBLICA_API
237145973,SIGMA ALPHA EPSILON SOUTH CAROLINA DELTA CHAPTER,LOCAL_CHAPTER_ENTITY,2023,990,true,408619,419049,31199,6583,24616,PROPUBLICA_API
383878997,ALPHA GAMMA DELTA FRATERNITY,LOCAL_CHAPTER_ENTITY,2023,990,true,614367,561513,352357,125215,227142,PROPUBLICA_API
570742538,CHI OMEGA FRATERNITY,LOCAL_CHAPTER_ENTITY,2023,990,true,380219,429702,79741,0,79741,PROPUBLICA_API
741132046,KAPPA ALPHA ORDER,UNKNOWN,2023,990,true,1200337,1182384,163790,0,163790,PROPUBLICA_API
464828091,LAMBDA THETA HOUSE CORPORATION OF PHI MU FRATERNITY,HOUSE_CORPORATION,2023,990,true,986776,940467,3247544,1999965,1247579,PROPUBLICA_API
201554454,GAMMA PHI BETA SORORITY INC,LOCAL_CHAPTER_ENTITY,2023,990,true,322457,297897,198800,0,198800,PROPUBLICA_API
824644973,PHI DELTA THETA FRATERNITY,LOCAL_CHAPTER_ENTITY,2023,990,true,270155,271570,8027,0,8027,PROPUBLICA_API
626111214,KAPPA SIGMA FRATERNITY,PROPERTY_HOLDING_ENTITY,2023,990,true,145775,136267,594003,0,594003,PROPUBLICA_API
626075139,EPSILON ETA CHAPTER OF SIGMA NU FRATERNITY,LOCAL_CHAPTER_ENTITY,2023,990,true,577996,595236,13065,0,13065,PROPUBLICA_API
742188211,SIGMA PHI EPSILON EDUCATION FOUNDATION OF TEXAS ALPHA,EDUCATIONAL_FOUNDATION,2023,990EZ,true,99142,120026,419958,675973,-256015,PROPUBLICA_API
621414737,BETA SIGMA OF SIGMA CHI HOUSE CORPORATION,HOUSE_CORPORATION,2023,990,true,192534,143370,1296346,693821,602525,PROPUBLICA_API
626042374,DELTA SIGMA HOUSE CORPORATION OF DELTA DELTA DELTA,HOUSE_CORPORATION,2023,990,true,588393,346644,4512096,2743359,1768737,PROPUBLICA_API
741130614,SIGMA PHI EPSILON FRATERNITY INC,LOCAL_CHAPTER_ENTITY,2023,990,true,1341057,1378811,143327,0,143327,PROPUBLICA_API
626047671,KAPPA DELTA SORORITY,LOCAL_CHAPTER_ENTITY,2023,990,true,753260,688014,443516,73315,370201,PROPUBLICA_API
621386377,PI CHAPTER CHI OMEGA FRATERNITY HOUSE CORP,HOUSE_CORPORATION,2023,990,true,750390,589249,798237,7015,791222,PROPUBLICA_API
626047975,CHI OMEGA FRATERNITY,LOCAL_CHAPTER_ENTITY,2023,990,true,275052,286470,31007,0,31007,PROPUBLICA_API
740898333,SIGMA ALPHA MU FRATERNITY,LOCAL_CHAPTER_ENTITY,2023,990,true,679952,549151,369700,0,369700,PROPUBLICA_API
626045032,ALPHA DELTA PI HOUSE CORP ALPHA KAPPA,HOUSE_CORPORATION,2023,990,true,1253748,1076226,1963376,32171,1931205,PROPUBLICA_API
742831564,ZETA BETA TAU FRATERNITY,LOCAL_CHAPTER_ENTITY,2023,990,true,1744325,1754997,252926,66643,186283,PROPUBLICA_API
746047117,BUILDING CORPORATION OF DELTA CHAPTER OF ALPHA DELTA PI,HOUSE_CORPORATION,2023,990,true,1029511,910183,1509993,312823,1197170,PROPUBLICA_API
746084213,CHI OMEGA FRATERNITY IOTA CHAPTER UNIV OF TX AT AUSTIN,LOCAL_CHAPTER_ENTITY,2023,990,true,396171,418181,16556,0,16556,PROPUBLICA_API
743004321,TEXAS DELTA CHI HOUSING CORP,HOUSE_CORPORATION,2023,990,true,2185,6305,494510,0,494510,PROPUBLICA_API
741116912,SIGMA CHI FRATERNITY,LOCAL_CHAPTER_ENTITY,2023,990,true,1026249,998049,164746,48250,116496,PROPUBLICA_API
741130611,SIGMA ALPHA EPSILON FRATERNITY,LOCAL_CHAPTER_ENTITY,2023,990,true,1687855,1736442,603542,326323,277219,PROPUBLICA_API
741120034,PI KAPPA ALPHA FRATERNITY,LOCAL_CHAPTER_ENTITY,2023,990,true,1238254,1272234,204278,184431,19847,PROPUBLICA_API
740555581,CHI OMEGA FRATERNITY,LOCAL_CHAPTER_ENTITY,2023,990,true,1124989,1021857,2426991,72625,2354366,PROPUBLICA_API
510165062,CHI OMEGA FRATERNITY,LOCAL_CHAPTER_ENTITY,2023,990,true,621903,654244,220808,0,220808,PROPUBLICA_API
741932980,XI KAPPA OF CHI OMEGA HOUSE CORP,HOUSE_CORPORATION,2023,990,true,722390,738962,2324148,45647,2278501,PROPUBLICA_API
741493205,KAPPA CHAPTER OF ZETA TAU ALPHA HOUSE CORPORATION,HOUSE_CORPORATION,2023,990,true,90970,90774,2737679,0,2737679,PROPUBLICA_API
746060984,TEXAS ALPHA HOUSE CORPORATION OF PI BETA PHI,HOUSE_CORPORATION,2023,990,true,999019,844105,4577015,0,4577015,PROPUBLICA_API
740481786,ALPHA EPSILON PHI SORORITY OMEGA CHAPTER,LOCAL_CHAPTER_ENTITY,2023,990,true,361426,441029,303492,2712,300780,PROPUBLICA_API
510207538,SIGMA CHI FRATERNITY,LOCAL_CHAPTER_ENTITY,2023,990,true,819345,833021,71214,0,71214,PROPUBLICA_API
742155975,SIGMA EPSILON OF KAPPA DELTA HOUSE CORP,HOUSE_CORPORATION,2023,990,true,1140881,1084632,2658215,945286,1712929,PROPUBLICA_API
834409140,LAMBDA CHI ALPHA FRATERNITY INC,LOCAL_CHAPTER_ENTITY,2023,990EZ,true,64094,51495,25692,0,25692,PROPUBLICA_API
134264657,GAMMA PHI BETA SORORITY INC,LOCAL_CHAPTER_ENTITY,2023,990,true,311642,330421,151386,0,151386,PROPUBLICA_API
732350514,TEXAS ETA CHAPTER OF PI BETA PHI HOUSE CORPORATION,HOUSE_CORPORATION,2023,990,true,379509,432095,1089264,254764,834500,PROPUBLICA_API
741219941,BETA XI OF KAPPA KAPPA GAMMA HOUSE ASSOCIATION,HOUSE_CORPORATION,2023,990,true,1695587,1243900,4049912,44435,4005477,PROPUBLICA_API
742205939,KAPPA DELTA SORORITY,LOCAL_CHAPTER_ENTITY,2023,990,true,381262,359650,233439,87896,145543,PROPUBLICA_API
742930349,ETA ALPHA HOUSE CORPORATION OF KAPPA DELTA SORORITY,HOUSE_CORPORATION,2023,990,true,241201,282005,1127437,629512,497925,PROPUBLICA_API
741116922,DELTA TAU DELTA FRATERNITY,LOCAL_CHAPTER_ENTITY,2023,990,true,1313356,1242734,400301,863,399438,PROPUBLICA_API
810575553,PHI GAMMA DELTA FRATERNITY,LOCAL_CHAPTER_ENTITY,2023,990,true,728533,683526,54616,0,54616,PROPUBLICA_API
742205743,KAPPA ALPHA ORDER,UNKNOWN,2023,990,true,400409,409033,19010,0,19010,PROPUBLICA_API
746082351,DELTA TAU DELTA BUILDING ASSN,PROPERTY_HOLDING_ENTITY,2023,990,true,3573502,49232,7008663,669000,6339663,PROPUBLICA_API
900652699,FIFTH DISTRICT OF OMEGA PSI PHI FRATERNITY INC,LOCAL_CHAPTER_ENTITY,2023,990EZ,true,93826,89585,191313,0,191313,PROPUBLICA_API
621218011,ALPHA DELTA PI HOUSE CORPORATION,HOUSE_CORPORATION,2023,990,true,116559,125420,598751,332,598419,PROPUBLICA_API
621793998,KAPPA DELTA SORORITY,LOCAL_CHAPTER_ENTITY,2023,990,true,545422,510731,96826,69879,26947,PROPUBLICA_API
626074044,CHI OMEGA FRATERNITY,LOCAL_CHAPTER_ENTITY,2023,990EZ,true,165056,168916,238708,0,238708,PROPUBLICA_API
742244833,DELTA TAU DELTA FRATERNITY,LOCAL_CHAPTER_ENTITY,2023,990,true,423775,424788,28148,0,28148,PROPUBLICA_API
362426170,GAMMA PHI BETA SORORITY INC,NATIONAL_PARENT,2023,990,true,15322944,13432218,36801936,15463001,21338935,PROPUBLICA_API
237279516,NASHVILLE ALUMNI CHAPTER KAPPA ALPHA PSI FRATERNITY INC,ALUMNI_CORPORATION,2023,990EZ,true,115853,108371,74084,0,74084,PROPUBLICA_API
620671306,KAPPA ALPHA ORDER,UNKNOWN,2023,990,true,221773,224350,86,0,86,PROPUBLICA_API
263623864,KAPPA SIGMA FRATERNITY,LOCAL_CHAPTER_ENTITY,2023,990,true,178733,184899,3555,0,3555,PROPUBLICA_API
473151737,PI KAPPA ALPHA FRATERNITY,LOCAL_CHAPTER_ENTITY,2023,990EZ,true,72586,68817,6649,0,6649,PROPUBLICA_API
621771326,PHI BETA SIGMA FRATERNITY-ETA BETA SIGMA CHAPTER INCORPORATED,LOCAL_CHAPTER_ENTITY,2023,990,true,63814,33385,68930,0,68930,PROPUBLICA_API
010158948,SIGMA KAPPA SORORITY,NATIONAL_PARENT,2023,990,true,4989324,5345917,11890337,6127118,5763219,PROPUBLICA_API
621466616,BETA TAU HOUSE CORPORATION OF KAPPA DELTA SORORITY,HOUSE_CORPORATION,2023,990EZ,true,103070,89769,285323,10852,274471,PROPUBLICA_API
626047662,KAPPA DELTA SORORITY,LOCAL_CHAPTER_ENTITY,2023,990EZ,true,191068,171701,201363,0,201363,PROPUBLICA_API
381543609,SIGMA ALPHA IOTA FRATERNITY,NATIONAL_PARENT,2023,990,true,974858,1013793,948164,127531,820633,PROPUBLICA_API
430765719,THETA TAU,NATIONAL_PARENT,2023,990,true,1000639,1010473,3869054,15379,3853675,PROPUBLICA_API
310406470,PHI DELTA THETA FRATERNITY,NATIONAL_PARENT,2023,990,true,6642836,6441081,6956145,1366384,5589761,PROPUBLICA_API
356020472,SIGMA GAMMA RHO SORORITY INC,NATIONAL_PARENT,2023,990,true,13810784,14676025,5801135,4995240,805895,PROPUBLICA_API
310851686,CHI OMEGA FRATERNITY,NATIONAL_PARENT,2023,990,true,9326761,25219251,8372048,1503624,6868424,PROPUBLICA_API
350141875,ALPHA CHI OMEGA FRATERNITY INC,NATIONAL_PARENT,2023,990,true,14721901,15897771,27766470,17951953,9814517,PROPUBLICA_API
361996950,ZETA TAU ALPHA INTL FRATERNITY & FRATERNITY HOUSING CORPORATION,NATIONAL_PARENT,2023,990,true,8374719,10057415,36753113,13449328,23303785,PROPUBLICA_API
221281800,SIGMA PI FRATERNITY INTERNATIONAL,NATIONAL_PARENT,2023,990,true,3247538,4404602,2773566,173335,2600231,PROPUBLICA_API
221550561,ALPHA GAMMA DELTA FRATERNITY,NATIONAL_PARENT,2023,990,true,4374047,5118555,11704156,7476350,4227806,PROPUBLICA_API
131306360,SIGMA ALPHA MU FRATERNITY INC,NATIONAL_PARENT,2023,990,true,1830393,2158081,7985659,3927195,4058464,PROPUBLICA_API
362362161,PHI KAPPA PSI FRATERNITY,NATIONAL_PARENT,2023,990,true,3789770,3558112,3856663,1322403,2534260,PROPUBLICA_API
210577978,THETA CHI FRATERNITY INC,NATIONAL_PARENT,2023,990,true,5802095,6651701,1868008,1046790,821218,PROPUBLICA_API
382900287,PHI SIGMA RHO NATIONAL SORORITY,NATIONAL_PARENT,2023,990,true,606354,573393,552349,4873,547476,PROPUBLICA_API
314164901,DELTA GAMMA FRATERNITY,NATIONAL_PARENT,2023,990,true,6798067,7007656,19676752,1853098,17823654,PROPUBLICA_API
620533776,PHI MU FRATERNITY,NATIONAL_PARENT,2023,990,true,7308750,6433972,31031034,10603689,20427345,PROPUBLICA_API
350459180,LAMBDA CHI ALPHA FRATERNITY INC,NATIONAL_PARENT,2023,990,true,7757361,9318779,6329265,6105805,223460,PROPUBLICA_API
350267650,DELTA TAU DELTA FRATERNITY,NATIONAL_PARENT,2023,990,true,5981883,5618963,13862842,1636510,12226332,PROPUBLICA_API
530125862,PHI GAMMA DELTA FRATERNITY,NATIONAL_PARENT,2023,990,true,6882567,7250137,16972198,283891,16688307,PROPUBLICA_API
131496630,ZETA PSI FRATERNITY OF NORTH AMERICA,NATIONAL_PARENT,2023,990,true,1103861,1284162,681595,851565,-169970,PROPUBLICA_API
730593444,KAPPA KAPPA PSI FRATERNITY,NATIONAL_PARENT,2023,990,true,0,0,1821222,331339,1489883,PROPUBLICA_API
362077508,ALPHA PHI INTERNATIONAL FRATERNITY INC,NATIONAL_PARENT,2023,990,true,10833525,8309530,60036467,30684605,29351862,PROPUBLICA_API
361773950,SIGMA ALPHA EPSILON FRATERNITY,NATIONAL_PARENT,2023,990,true,8059440,7868762,14236601,3966752,10269849,PROPUBLICA_API
580191430,CHI PHI FRATERNITY INC,NATIONAL_PARENT,2023,990,true,1726829,1550584,2016767,226135,1790632,PROPUBLICA_API
430769468,ALPHA EPSILON PI FRATERNITY INC,NATIONAL_PARENT,2023,990,true,4685200,4269285,4595688,593080,4002608,PROPUBLICA_API
570340150,PI KAPPA PHI FRATERNITY,NATIONAL_PARENT,2023,990,true,5392809,5402788,8187054,4548751,3638303,PROPUBLICA_API
440500006,KAPPA DELTA SORORITY INC,NATIONAL_PARENT,2023,990,true,9863121,8577388,74447105,10046515,64400590,PROPUBLICA_API
580310956,KAPPA ALPHA ORDER,NATIONAL_PARENT,2023,990,true,4724636,4818996,4568222,3315696,1252526,PROPUBLICA_API
362152330,ALPHA KAPPA ALPHA SORORITY INC,NATIONAL_PARENT,2023,990,true,45276043,47246171,78704412,25926573,52777839,PROPUBLICA_API
130604310,DELTA KAPPA EPSILON FRATERNITY,NATIONAL_PARENT,2023,990,true,1575740,1428396,1691763,243043,1448720,PROPUBLICA_API
370464584,PI BETA PHI FRATERNITY,NATIONAL_PARENT,2023,990,true,9556072,8964046,47809375,4630878,43178497,PROPUBLICA_API
131496610,ZETA BETA TAU FRATERNITY,NATIONAL_PARENT,2023,990,true,2944254,2608316,2736822,1252880,1483942,PROPUBLICA_API
310406478,PHI KAPPA TAU FRATERNITY,NATIONAL_PARENT,2023,990,true,1891353,2050531,4195963,1337387,2858576,PROPUBLICA_API
311353726,DELTA ZETA NATIONAL HOUSING CORPORATION,NATIONAL_PARENT,2023,990,true,26809001,20532278,96230431,29613757,66616674,PROPUBLICA_API
314359813,ALPHA SIGMA PHI FRATERNITY INC,NATIONAL_PARENT,2023,990,true,4339126,5668023,3009489,350189,2659300,PROPUBLICA_API
361305568,KAPPA ALPHA THETA FRATERNITY,NATIONAL_PARENT,2023,990,true,8145905,7622433,35939184,20356979,15582205,PROPUBLICA_API
310531047,BETA THETA PI FRATERNITY,NATIONAL_PARENT,2023,990,true,6378113,7611188,6605669,5491333,1114336,PROPUBLICA_API
314221880,KAPPA KAPPA GAMMA FRATERNITY INC,NATIONAL_PARENT,2023,990,true,7985122,7584941,18693957,6644074,12049883,PROPUBLICA_API
580638489,ALPHA DELTA PI SORORITY,NATIONAL_PARENT,2023,990,true,6464144,4988932,18574229,1900417,16673812,PROPUBLICA_API
230967790,PHI KAPPA SIGMA FRATERNITY GRAND CHAPTER,NATIONAL_PARENT,2023,990,true,1004912,715799,1503648,172902,1330746,PROPUBLICA_API
370152140,ALPHA TAU OMEGA FRATERNITY,NATIONAL_PARENT,2023,990,true,6383047,5611478,2983000,1535860,1447140,PROPUBLICA_API
362374316,DELTA DELTA DELTA,NATIONAL_PARENT,2023,990,true,9122429,10741658,14446908,5787498,8659410,PROPUBLICA_API
620458346,PI KAPPA ALPHA FRATERNITY,NATIONAL_PARENT,2023,990EZ,true,0,0,1,0,1,PROPUBLICA_API
620950113,ALPHA OMICRON PI FRATERNITY INC,NATIONAL_PARENT,2023,990,true,7459387,6338452,39739276,4492321,35246955,PROPUBLICA_API
361773960,SIGMA CHI FRATERNITY,NATIONAL_PARENT,2023,990,true,6258354,6354819,2876673,1885237,991436,PROPUBLICA_API
370152080,ALPHA GAMMA RHO FRATERNITY,NATIONAL_PARENT,2023,990,true,2202542,2441487,5336700,1654354,3682346,PROPUBLICA_API
300174261,TAU KAPPA EPSILON FRATERNITY INC,NATIONAL_PARENT,2023,990,true,5693324,5797020,6866705,3063238,3803467,PROPUBLICA_API
730654150,SIGMA SIGMA SIGMA INC,NATIONAL_PARENT,2023,990,true,4399940,3377361,12339297,4335848,8003449,PROPUBLICA_API
840405009,DELTA SIGMA PHI FRATERNITY INC NATIONAL HEADQUARTERS,NATIONAL_PARENT,2023,990,true,3767364,4353085,972505,2084532,-1112027,PROPUBLICA_API
420212285,DELTA CHI FRATERNITY,NATIONAL_PARENT,2023,990,true,4512794,8407611,10805747,2221386,8584361,PROPUBLICA_API
540628798,SIGMA NU FRATERNITY INC,NATIONAL_PARENT,2023,990,true,6291872,5989304,10968372,2625304,8343068,PROPUBLICA_API
223530740,LAMBDA THETA ALPHA,NATIONAL_PARENT,2023,990,true,517416,480375,1948997,6225,1942772,PROPUBLICA_API
386089059,CHI PSI FRATERNITY,NATIONAL_PARENT,2023,990,true,2385705,2131170,3917503,2129325,1788178,PROPUBLICA_API
362024274,SIGMA DELTA TAU SOCIETY,NATIONAL_PARENT,2023,990,true,2350314,2012679,5060994,549307,4511687,PROPUBLICA_API
231500981,THE GRAND CHAPTER OF PHI SIGMA KAPPA,NATIONAL_PARENT,2023,990,true,2415659,2354765,2300163,675977,1624186,PROPUBLICA_API
131368460,TAU EPSILON PHI FRATERNITY INC,NATIONAL_PARENT,2023,990,true,409155,492620,539300,22047,517253,PROPUBLICA_API
352103442,ALPHA XI DELTA NATIONAL HOUSING CORPORATION INC,NATIONAL_PARENT,2023,990,true,2870393,3398321,14410437,4124678,10285759,PROPUBLICA_API
350868356,PHI DELTA THETA FRATERNITY,LOCAL_CHAPTER_ENTITY,2022,990,true,254502,254069,31913,14750,17163,PROPUBLICA_API
592339079,PHI DELTA THETA FRATERNITY,LOCAL_CHAPTER_ENTITY,2022,990,true,200076,202949,72348,72110,238,PROPUBLICA_API
593282583,PHI DELTA THETA CHAPTER HOUSE ASSOCIATION INC,HOUSE_CORPORATION,2022,990,true,725618,604402,1589874,2004222,-414348,PROPUBLICA_API
630164075,PHI DELTA THETA FRATERNITY,LOCAL_CHAPTER_ENTITY,2022,990,true,270363,249862,22167,7634,14533,PROPUBLICA_API
630893932,PHI MU HOUSE CORPORATION,HOUSE_CORPORATION,2022,990,true,3616804,2511505,18579547,3662021,14917526,PROPUBLICA_API
640723232,KAPPA ALPHA CHAPTER OF PHI MU FRATERNITY HOUSE CORPORATION,HOUSE_CORPORATION,2022,990,true,1672609,1285099,8783569,3998479,4785090,PROPUBLICA_API
596135388,CHI OMEGA HOUSING CORPORATION,HOUSE_CORPORATION,2022,990,true,1069818,800848,3761577,81027,3680550,PROPUBLICA_API
636091968,THE NU BETA CHAPTER OF THE CHI OMEGA HOUSE ASSOCIATION INC,HOUSE_CORPORATION,2022,990,true,3157089,2354202,17018424,7633786,9384638,PROPUBLICA_API
636050290,CHI OMEGA FRATERNITY,LOCAL_CHAPTER_ENTITY,2022,990,true,603872,547030,507063,224000,283063,PROPUBLICA_API
640392826,CHI OMEGA FRATERNITY,LOCAL_CHAPTER_ENTITY,2022,990,true,253167,238384,236409,0,236409,PROPUBLICA_API
264170711,UNIVERSITY OF ALABAMA CHAPTER OF SIGMA PI FRATERNITY HOUSING,LOCAL_CHAPTER_ENTITY,2022,990,true,686957,816606,2825359,2502452,322907,PROPUBLICA_API
371866424,SIGMA PI MISSISSIPPI HOUSE CORPORATION,HOUSE_CORPORATION,2022,990,true,682249,719781,648688,597811,50877,PROPUBLICA_API
636103404,PHI GAMMA DELTA FRATERNITY,LOCAL_CHAPTER_ENTITY,2022,990,true,353161,346828,3585278,167469,3417809,PROPUBLICA_API
560548249,PHI GAMMA DELTA FRATERNITY,LOCAL_CHAPTER_ENTITY,2022,990,true,635849,657214,51656,0,51656,PROPUBLICA_API
630164080,PHI GAMMA DELTA FRATERNITY,LOCAL_CHAPTER_ENTITY,2022,990,true,1451216,1605990,768965,818740,-49775,PROPUBLICA_API
420467540,PHI KAPPA PSI FRATERNITY,LOCAL_CHAPTER_ENTITY,2022,990,true,559653,570663,34003,0,34003,PROPUBLICA_API
936036290,PHI KAPPA PSI FRATERNITY,LOCAL_CHAPTER_ENTITY,2022,990,true,515140,508411,82846,0,82846,PROPUBLICA_API
630289653,THETA CHI FRATERNITY INC,LOCAL_CHAPTER_ENTITY,2022,990,true,399591,669578,75013,4711,70302,PROPUBLICA_API
237109085,ALPHA PHI ZETA HOUSE CORPORATION OF LAMBDA CHI ALPHA FRATERNITY,HOUSE_CORPORATION,2022,990,true,301339,302886,3569272,2357874,1211398,PROPUBLICA_API
380293927,SIGMA KAPPA CORPORATION,UNKNOWN,2022,990,true,551081,606115,1721598,2315,1719283,PROPUBLICA_API
630458038,PHI KAPPA PSI FRATERNITY ALABAMA ALPHA CHAPTER,LOCAL_CHAPTER_ENTITY,2022,990,true,1442558,1356845,823404,0,823404,PROPUBLICA_API
237235595,ALPHA GAMMA DELTA FRATERNITY,LOCAL_CHAPTER_ENTITY,2022,990,true,1064171,839982,12056779,4945504,7111275,PROPUBLICA_API
320257409,BETA MU HOUSE CORP OF ALPHA PHI INTERNATIONAL FRATERNITY INC,HOUSE_CORPORATION,2022,990,true,2971245,2520826,16037750,9130601,6907149,PROPUBLICA_API
941367157,ALPHA PHI BUILDING CORPORATION,HOUSE_CORPORATION,2022,990,true,1165677,929405,2874772,26184,2848588,PROPUBLICA_API
630007510,ALPHA GAMMA DELTA FRATERNITY,LOCAL_CHAPTER_ENTITY,2022,990,true,3643915,3604104,2561270,1493,2559777,PROPUBLICA_API
451298367,UNIVERSITY OF ALABAMA CHAPTER OF THETA CHI HOUSING CORPORATION,HOUSE_CORPORATION,2022,990,true,1019075,1191053,6817890,4837683,1980207,PROPUBLICA_API
630056965,DELTA KAPPA EPSILON COUNCIL,UNKNOWN,2022,990,true,1413101,1428944,196304,121275,75029,PROPUBLICA_API
621370853,GAMMA PHI BETA SORORITY,LOCAL_CHAPTER_ENTITY,2022,990,true,434866,562401,154861,0,154861,PROPUBLICA_API
631004292,GAMMA PHI BETA SORORITY INC,LOCAL_CHAPTER_ENTITY,2022,990,true,2843203,2263489,14181628,9887808,4293820,PROPUBLICA_API
630818055,ALABAMA BETA OF PI BETA PHI HOUSE ASSOCIATION INCORPORATED,HOUSE_CORPORATION,2022,990,true,2809750,2819838,16056470,13717761,2338709,PROPUBLICA_API
630980702,KAPPA DELTA SORORITY,LOCAL_CHAPTER_ENTITY,2022,990,true,3727448,2642367,18755685,6666067,12089618,PROPUBLICA_API
630733120,ZETA BETA TAU FRATERNITY,LOCAL_CHAPTER_ENTITY,2022,990,true,502788,491908,4753030,2561083,2191947,PROPUBLICA_API
237114590,EPSILON CHI ZETA HOUSE CORPORATION OF LAMBDA CHI ALPHA FRATERNITY,HOUSE_CORPORATION,2022,990,true,149945,79788,2746099,2310593,435506,PROPUBLICA_API
630120537,LAMBDA CHI ALPHA FRATERNITY INC,LOCAL_CHAPTER_ENTITY,2022,990,true,1074667,1094841,61735,102072,-40337,PROPUBLICA_API
630115520,KAPPA DELTA SORORITY,LOCAL_CHAPTER_ENTITY,2022,990,true,739897,651528,792024,220454,571570,PROPUBLICA_API
630233975,ZETA BETA TAU FRATERNITY,LOCAL_CHAPTER_ENTITY,2022,990,true,1007543,1024586,88653,39999,48654,PROPUBLICA_API
566062593,DELTA KAPPA EPSILON COUNCIL,UNKNOWN,2022,990,true,590274,616897,61063,22540,38523,PROPUBLICA_API
630188870,SIGMA ALPHA EPSILON FRATERNITY,LOCAL_CHAPTER_ENTITY,2022,990,true,406859,412125,225418,198167,27251,PROPUBLICA_API
636049922,HOUSE BOARD OF GAMMA PI OF KAPPA KAPPA GAMMA,UNKNOWN,2022,990,true,3697163,3465867,20813023,10829294,9983729,PROPUBLICA_API
631030493,PSI OF DELTA KAPPA EPSILON HOUSE CORPORATION OF UNIVERSITY ALABAMA,HOUSE_CORPORATION,2022,990,true,616779,580012,4670812,34839,4635973,PROPUBLICA_API
593078421,KAPPA ALPHA HOUSING ASSOCIATION OF FLORIDA INC,UNKNOWN,2022,990,true,5015,6732,701789,504700,197089,PROPUBLICA_API
380293670,ALPHA DELTA PHI PENINSULAR CHAPTER,PROPERTY_HOLDING_ENTITY,2022,990EZ,true,90363,86257,4810,0,4810,PROPUBLICA_API
630040605,TAU CHAPTER OF CHI PHI,LOCAL_CHAPTER_ENTITY,2022,990,true,984397,960955,133302,17151,116151,PROPUBLICA_API
580596934,PI KAPPA PHI FRATERNITY,LOCAL_CHAPTER_ENTITY,2022,990,true,534912,588358,96907,41783,55124,PROPUBLICA_API
630164600,PI KAPPA PHI FRATERNITY,LOCAL_CHAPTER_ENTITY,2022,990,true,1425372,1444478,801957,803328,-1371,PROPUBLICA_API
630020370,KAPPA SIGMA FRATERNITY,LOCAL_CHAPTER_ENTITY,2022,990,true,1024065,1044429,115013,97441,17572,PROPUBLICA_API
630289642,KAPPA ALPHA ORDER,UNKNOWN,2022,990,true,1960962,1990032,295809,17541,278268,PROPUBLICA_API
581648136,IOTA ALUMNI OF PI KAPPA PHI INC,ALUMNI_CORPORATION,2022,990,true,134048,111003,847172,37038,810134,PROPUBLICA_API
430349090,THE ALPHA KAPPA CHAPTER OF THE KAPPA ALPHA FRATERNITY,LOCAL_CHAPTER_ENTITY,2022,990,true,125811,216928,639091,17343,621748,PROPUBLICA_API
590641930,GAMMA IOTA CHAPTER OF ALPHA DELTA PI HOUSE CORPORATION,HOUSE_CORPORATION,2022,990,true,1786741,1461202,11247295,8686230,2561065,PROPUBLICA_API
386068594,ALPHA DELTA PHI INTERNATIONAL INC,UNKNOWN,2022,990,true,342033,274332,2907777,1236797,1670980,PROPUBLICA_API
630057000,DELTA TAU DELTA FRATERNITY,LOCAL_CHAPTER_ENTITY,2022,990,true,1096465,1025517,203813,29750,174063,PROPUBLICA_API
351780304,PI KAPPA PHI INC,UNKNOWN,2022,990,true,900443,825239,1692176,375520,1316656,PROPUBLICA_API
630007530,ALPHA TAU OMEGA FRATERNITY,LOCAL_CHAPTER_ENTITY,2022,990,true,1919638,1873716,8402547,3329925,5072622,PROPUBLICA_API
581793975,ZETA IOTA CHAPTER OF ALPHA DELTA PI HOUSE CORPORATION,HOUSE_CORPORATION,2022,990,true,95529,122692,775522,1804,773718,PROPUBLICA_API
630164580,PI KAPPA ALPHA FRATERNITY,LOCAL_CHAPTER_ENTITY,2022,990,true,1909149,1861169,204799,16474,188325,PROPUBLICA_API
474051390,DELTA SIGMA CHAPTER OF ALPHA DELTA PI HOUSE CORPORATION,HOUSE_CORPORATION,2022,990,true,1890296,1435713,1984824,7853,1976971,PROPUBLICA_API
630457980,BETA THETA PI FRATERNITY,LOCAL_CHAPTER_ENTITY,2022,990,true,1468696,1372750,1136972,759827,377145,PROPUBLICA_API
630056950,DELTA CHI FRATERNITY,LOCAL_CHAPTER_ENTITY,2022,990,true,1232017,1126476,162324,42404,119920,PROPUBLICA_API
630164090,PHI KAPPA SIGMA FRATERNITY,LOCAL_CHAPTER_ENTITY,2022,990,true,148249,156427,95273,0,95273,PROPUBLICA_API
546038429,PSI CHAPTER OF SIGMA CHI HOUSE CORP,HOUSE_CORPORATION,2022,990,true,1120,23750,2186109,745973,1440136,PROPUBLICA_API
630188910,SIGMA DELTA TAU SOCIETY,UNKNOWN,2022,990EZ,true,143512,176823,116290,54300,61990,PROPUBLICA_API
710245516,SIGMA CHI FRATERNITY,LOCAL_CHAPTER_ENTITY,2022,990,true,1174741,995876,608864,15210,593654,PROPUBLICA_API
716061509,CHI OMEGA FRATERNITY,LOCAL_CHAPTER_ENTITY,2022,990,true,297562,277653,155089,3416,151673,PROPUBLICA_API
812277045,SIGMA PHI EPSILON FRATERNITY INC,LOCAL_CHAPTER_ENTITY,2022,990,true,1056923,1022599,26791,0,26791,PROPUBLICA_API
710230717,PHI DELTA THETA FRATERNITY,LOCAL_CHAPTER_ENTITY,2022,990,true,652574,596732,217412,0,217412,PROPUBLICA_API
631006177,GAMMA ALPHA OF PI KAPPA ALPHA HOUSE CORPORATIONS,UNKNOWN,2022,990,true,551529,619877,4892296,3125970,1766326,PROPUBLICA_API
630289650,SIGMA CHI FRATERNITY,LOCAL_CHAPTER_ENTITY,2022,990,true,366398,366742,83548,0,83548,PROPUBLICA_API
462071035,ALABAMA BETA CHAPTER OF THE SIGMA PHI EPSILON FRATERNITY,LOCAL_CHAPTER_ENTITY,2022,990,true,1277413,1330512,70354,0,70354,PROPUBLICA_API
630188930,SIGMA NU FRATERNITY,LOCAL_CHAPTER_ENTITY,2022,990,true,1091458,1102017,84647,0,84647,PROPUBLICA_API
272795242,DELTA CHI-UNIVERSITY OF ALABAMA CHAPTER HOUSE CORPORATION,HOUSE_CORPORATION,2022,990,true,276346,337869,4260683,3401698,858985,PROPUBLICA_API
590626226,SIGMA CHI FRATERNITY,LOCAL_CHAPTER_ENTITY,2022,990,true,973138,715518,540188,123181,417007,PROPUBLICA_API
630188940,SIGMA NU FRATERNITY,LOCAL_CHAPTER_ENTITY,2022,990,true,1332123,1305468,788387,767863,20524,PROPUBLICA_API
716057345,DELTA DELTA DELTA FRATERNITY DELTA IOTA HOUSE CORP,HOUSE_CORPORATION,2022,990,true,1026959,1465074,15167917,11828481,3339436,PROPUBLICA_API
710237930,KAPPA SIGMA FRATERNITY,LOCAL_CHAPTER_ENTITY,2022,990,true,255826,285185,23172,0,23172,PROPUBLICA_API
710296927,ALPHA DELTA PI SORORITY,LOCAL_CHAPTER_ENTITY,2022,990,true,1701415,1327955,11947638,8601983,3345655,PROPUBLICA_API
472160158,KAPPA ALPHA ORDER,UNKNOWN,2022,990,true,854005,864080,53686,0,53686,PROPUBLICA_API
710673722,KAPPA DELTA SORORITY,LOCAL_CHAPTER_ENTITY,2022,990,true,427467,392810,61665,8155,53510,PROPUBLICA_API
237114376,ARKANSAS PI BETA PHI HOUSE ASSOC,UNKNOWN,2022,990,true,1131784,1264994,10207229,8044216,2163013,PROPUBLICA_API
710243898,SIGMA ALPHA EPSILON FRATERNITY,LOCAL_CHAPTER_ENTITY,2022,990,true,874343,666340,387971,20582,367389,PROPUBLICA_API
636066478,GAMMA PHI BETA SORORITY INC,LOCAL_CHAPTER_ENTITY,2022,990,true,587901,621726,122111,0,122111,PROPUBLICA_API
237153933,SIGMA NU BUILDING BETA THETA CHAPTER,PROPERTY_HOLDING_ENTITY,2022,990,true,23324,0,921031,328980,592051,PROPUBLICA_API
636056644,PHI GAMMA DELTA FRATERNITY,LOCAL_CHAPTER_ENTITY,2022,990,true,1572605,1657825,51939,0,51939,PROPUBLICA_API
636050289,CHI OMEGA FRATERNITY,LOCAL_CHAPTER_ENTITY,2022,990,true,474597,416472,263747,97808,165939,PROPUBLICA_API
636050218,ALPHA GAMMA DELTA FRATERNITY,LOCAL_CHAPTER_ENTITY,2022,990,true,449952,571168,252202,0,252202,PROPUBLICA_API
593024291,SIGMA CHI FOUNDATION AT AUBURN UNIVERSITY INC,EDUCATIONAL_FOUNDATION,2022,990,true,47094,26140,431284,0,431284,PROPUBLICA_API
822367768,ALPHA UPSILON CHAPTER OF PHI GAMMA DELTA FRATERNITY HOUSE CORPO,LOCAL_CHAPTER_ENTITY,2022,990,true,450000,410110,5965622,3852032,2113590,PROPUBLICA_API
237226508,TAU KAPPA EPSILON FRATERNITY INC,LOCAL_CHAPTER_ENTITY,2022,990,true,437478,518970,760363,479907,280456,PROPUBLICA_API
636061057,PI KAPPA ALPHA FRATERNITY,PROPERTY_HOLDING_ENTITY,2022,990,true,14607,2363,958319,501859,456460,PROPUBLICA_API
202472978,ALPHA TAU OMEGA FRATERNITY,LOCAL_CHAPTER_ENTITY,2022,990,true,1186296,1130513,65726,0,65726,PROPUBLICA_API
630289644,LAMBDA CHI ALPHA FRATERNITY INC,LOCAL_CHAPTER_ENTITY,2022,990,true,1003083,1153929,212200,0,212200,PROPUBLICA_API
630454765,KAPPA ALPHA ORDER,UNKNOWN,2022,990,true,1100802,1162615,67245,0,67245,PROPUBLICA_API
630838676,CHI PHI FRATERNITY INC,LOCAL_CHAPTER_ENTITY,2022,990EZ,true,128912,125761,6468,0,6468,PROPUBLICA_API
630962722,DELTA CHI FRATERNITY,LOCAL_CHAPTER_ENTITY,2022,990,true,380642,330581,142000,1203,140797,PROPUBLICA_API
630837474,AUBURN DELTA CHI ALUMNI CONTROL BOARD INC,PROPERTY_HOLDING_ENTITY,2022,990,true,58972,22912,726839,94299,632540,PROPUBLICA_API
630164590,PI KAPPA PHI FRATERNITY,LOCAL_CHAPTER_ENTITY,2022,990,true,825884,658680,313137,0,313137,PROPUBLICA_API
630289649,SIGMA CHI FRATERNITY,LOCAL_CHAPTER_ENTITY,2022,990,true,786455,849443,58694,11000,47694,PROPUBLICA_API
264795406,PHI THETA CHAPTER HOUSE CORPORATION OF DELTA DELTA DELTA FRATERNITY,HOUSE_CORPORATION,2022,990EZ,true,103348,43158,196803,0,196803,PROPUBLICA_API
200293448,DELTA TAU DELTA FRATERNITY,LOCAL_CHAPTER_ENTITY,2022,990,true,279224,273197,50975,0,50975,PROPUBLICA_API
237091513,ALABAMA GAMMA OF PI BETA PHI HOUSE ASSOCIATION INCORPORATED,HOUSE_CORPORATION,2022,990EZ,true,66450,8655,228827,0,228827,PROPUBLICA_API
630164582,PI KAPPA ALPHA FRATERNITY,LOCAL_CHAPTER_ENTITY,2022,990,true,809593,859566,60532,0,60532,PROPUBLICA_API
590639987,SIGMA ALPHA EPSILON FRATERNITY,LOCAL_CHAPTER_ENTITY,2022,990,true,355482,430934,210519,71,210448,PROPUBLICA_API
591755953,SIGMA ALPHA EPSILON FRATERNITY,LOCAL_CHAPTER_ENTITY,2022,990,true,115529,118130,534028,0,534028,PROPUBLICA_API
590682455,ALPHA EPSILON PHI SORORITY,LOCAL_CHAPTER_ENTITY,2022,990,true,1171578,891977,1930200,74589,1855611,PROPUBLICA_API
590638774,KAPPA DELTA SORORITY,LOCAL_CHAPTER_ENTITY,2022,990,true,329096,315733,108941,0,108941,PROPUBLICA_API
636053862,KAPPA DELTA SORORITY,LOCAL_CHAPTER_ENTITY,2022,990,true,614327,574782,344494,0,344494,PROPUBLICA_API
237044651,DELTA ZETA OF DELTA TAU INC,PROPERTY_HOLDING_ENTITY,2022,990,true,107259,77200,755727,308802,446925,PROPUBLICA_API
364817535,GAMMA PHI BETA SORORITY INC,LOCAL_CHAPTER_ENTITY,2022,990,true,374087,402685,251065,0,251065,PROPUBLICA_API
596153391,CHI OMEGA FRATERNITY,LOCAL_CHAPTER_ENTITY,2022,990,true,289357,264926,70179,0,70179,PROPUBLICA_API
590627917,BETA THETA PI FRATERNITY,LOCAL_CHAPTER_ENTITY,2022,990,true,366099,356914,10380,0,10380,PROPUBLICA_API
593350147,DELTA TAU DELTA FRATERNITY,LOCAL_CHAPTER_ENTITY,2022,990,true,765462,752756,170792,3676,167116,PROPUBLICA_API
591515489,THETA CHI FRATERNITY INC,LOCAL_CHAPTER_ENTITY,2022,990,true,1627535,1556357,3378260,1847743,1530517,PROPUBLICA_API
203675713,CHI PHI FRATERNITY,LOCAL_CHAPTER_ENTITY,2022,990,true,462525,444892,36570,-2157,38727,PROPUBLICA_API
436049304,KAPPA ALPHA ORDER,UNKNOWN,2022,990EZ,true,90499,141805,31429,0,31429,PROPUBLICA_API
590657429,ALPHA EPSILON PI FRATERNITY,LOCAL_CHAPTER_ENTITY,2022,990,true,913572,882726,52399,0,52399,PROPUBLICA_API
596141908,FLORIDA ALPHA ALUMNI OF SIGMA PHI EPSILON INC,ALUMNI_CORPORATION,2022,990,true,516263,529568,3795919,1635775,2160144,PROPUBLICA_API
590628020,KAPPA ALPHA ORDER,UNKNOWN,2022,990,true,548674,533316,58135,0,58135,PROPUBLICA_API
592643047,FLORIDA DELTA OF PI BETA PHI HOUSE CORPORATION,HOUSE_CORPORATION,2022,990,true,448776,249308,1873892,444452,1429440,PROPUBLICA_API
871533047,ALPHA GAMMA RHO FRATERNITY,LOCAL_CHAPTER_ENTITY,2022,990,true,450835,418902,32933,1000,31933,PROPUBLICA_API
596203032,PHI MU FRATERNITY,PROPERTY_HOLDING_ENTITY,2022,990,true,1188401,916053,5220285,2215001,3005284,PROPUBLICA_API
581657154,GAMMA PHI BETA SORORITY INC,LOCAL_CHAPTER_ENTITY,2022,990,true,1103748,1096453,190092,0,190092,PROPUBLICA_API
454843177,ALPHA ALPHA DELTA OF CHI PSI ADVISORY BOARD INCORPORATED,UNKNOWN,2022,990EZ,true,43346,30526,17732,37566,-19834,PROPUBLICA_API
580585704,ALPHA GAMMA DELTA FRATERNITY,LOCAL_CHAPTER_ENTITY,2022,990,true,1394894,1441042,135188,0,135188,PROPUBLICA_API
596139328,BETA PI OF KAPPA DELTA HOUSE CORP,HOUSE_CORPORATION,2022,990,true,1064240,934470,2425191,283573,2141618,PROPUBLICA_API
581909461,SIGMA PHI HOUSE CORPORATION OF KAPPA DELTA SORORITY A VIRGINIA,HOUSE_CORPORATION,2022,990,true,768415,706609,1059796,0,1059796,PROPUBLICA_API
581490431,GAMMA PHI BETA SORORITY INC,LOCAL_CHAPTER_ENTITY,2022,990,true,742648,772230,1188963,450520,738443,PROPUBLICA_API
580679938,SIGMA PI FRATERNITY INTERNATIONAL INC,NATIONAL_PARENT,2022,990,true,395009,399507,148662,0,148662,PROPUBLICA_API
586067925,KAPPA DELTA SORORITY,LOCAL_CHAPTER_ENTITY,2022,990,true,454975,346870,235872,10038,225834,PROPUBLICA_API
581025461,PHI GAMMA DELTA FRATERNITY,LOCAL_CHAPTER_ENTITY,2022,990,true,859483,919172,120087,100,119987,PROPUBLICA_API
911981486,GEORGIA DELTA OF SIGMA PHI EPSILON INC,UNKNOWN,2022,990,true,478510,472442,161275,0,161275,PROPUBLICA_API
580590521,PI KAPPA ALPHA FRATERNITY,LOCAL_CHAPTER_ENTITY,2022,990,true,459249,488360,38267,0,38267,PROPUBLICA_API
272615266,PHI KAPPA TAU FRATERNITY,LOCAL_CHAPTER_ENTITY,2022,990,true,199142,219499,25960,0,25960,PROPUBLICA_API
580592772,ALPHA GAMMA RHO FRATERNITY,LOCAL_CHAPTER_ENTITY,2022,990,true,580707,516245,721791,0,721791,PROPUBLICA_API
586035098,ALPHA GAMMA RHO FRATERNITY,LOCAL_CHAPTER_ENTITY,2022,990,true,131098,84118,1407469,129242,1278227,PROPUBLICA_API
580587177,THETA CHI FRATERNITY INC,LOCAL_CHAPTER_ENTITY,2022,990,true,262849,243595,74257,0,74257,PROPUBLICA_API
310909146,PHI KAPPA PSI-GEORGIA ALPHA CHAPTER,LOCAL_CHAPTER_ENTITY,2022,990EZ,true,44277,48626,1861,0,1861,PROPUBLICA_API
581847110,DELTA BETA ALUMNI OF THETA CHI INC,ALUMNI_CORPORATION,2022,990EZ,true,169893,94851,278724,538168,-259444,PROPUBLICA_API
580301953,KAPPA ALPHA ORDER,UNKNOWN,2022,990,true,653842,641619,112545,3500,109045,PROPUBLICA_API
580591246,TAU EPSILON PHI FRATERNITY,LOCAL_CHAPTER_ENTITY,2022,990,true,598342,757357,485272,267416,217856,PROPUBLICA_API
580560996,ALPHA EPSILON PI FRATERNITY,LOCAL_CHAPTER_ENTITY,2022,990,true,481376,473159,434919,117076,317843,PROPUBLICA_API
581743710,PHI MU FRATERNITY,LOCAL_CHAPTER_ENTITY,2022,990,true,1057427,854666,3127704,577460,2550244,PROPUBLICA_API
581937914,SIGMA ALPHA EPSILON FRATERNITY,LOCAL_CHAPTER_ENTITY,2022,990,true,260307,223194,1391986,146476,1245510,PROPUBLICA_API
510234811,CHI OMEGA HOUSE CORPORATION MU BETA CHAPTER,HOUSE_CORPORATION,2022,990,true,697483,615352,2201252,1255900,945352,PROPUBLICA_API
580574987,PI KAPPA PHI FRATERNITY,LOCAL_CHAPTER_ENTITY,2022,990,true,451169,435547,33454,0,33454,PROPUBLICA_API
580574873,CHI OMEGA FRATERNITY,LOCAL_CHAPTER_ENTITY,2022,990,true,1224460,1265264,176705,610,176095,PROPUBLICA_API
616034813,EPSILON OMEGA OF KAPPA DELTA HOUSE,PROPERTY_HOLDING_ENTITY,2022,990,true,362923,385876,743261,23456,719805,PROPUBLICA_API
580581459,SIGMA ALPHA EPSILON FRATERNITY,LOCAL_CHAPTER_ENTITY,2022,990,true,744708,741345,74366,0,74366,PROPUBLICA_API
580581268,DELTA TAU DELTA FRATERNITY,LOCAL_CHAPTER_ENTITY,2022,990,true,165220,193894,37898,0,37898,PROPUBLICA_API
616026148,CHI OMEGA FRATERNITY,LOCAL_CHAPTER_ENTITY,2022,990EZ,true,65046,62542,24541,0,24541,PROPUBLICA_API
616042960,KAPPA ALPHA ORDER,UNKNOWN,2022,990,true,191176,189592,4858,0,4858,PROPUBLICA_API
610469791,KAPPA DELTA SORORITY,LOCAL_CHAPTER_ENTITY,2022,990,true,282376,200366,161892,0,161892,PROPUBLICA_API
842992938,DELTA TAU DELTA FRATERNITY,LOCAL_CHAPTER_ENTITY,2022,990EZ,true,163991,186924,10447,0,10447,PROPUBLICA_API
610446350,CHI OMEGA FRATERNITY,LOCAL_CHAPTER_ENTITY,2022,990,true,327302,296369,163790,0,163790,PROPUBLICA_API
310905748,LAMBDA ALPHA OF CHI OMEGA HOUSE CORPORATION INCORPORATED,HOUSE_CORPORATION,2022,990,true,473150,403687,661855,232320,429535,PROPUBLICA_API
610444977,DELTA TAU DELTA FRATERNITY,LOCAL_CHAPTER_ENTITY,2022,990,true,341078,331152,116350,21299,95051,PROPUBLICA_API
861948737,LAMBDA CHI ALPHA FRATERNITY INC,LOCAL_CHAPTER_ENTITY,2022,990EZ,true,156444,132058,40838,0,40838,PROPUBLICA_API
610448235,SIGMA NU FRATERNITY,LOCAL_CHAPTER_ENTITY,2022,990,true,326518,338288,9330,0,9330,PROPUBLICA_API
510164540,UPSILON KAPPA OF PHI GAMMA DELTA HOUSE CORP,HOUSE_CORPORATION,2022,990,true,71108,193995,539283,95368,443915,PROPUBLICA_API
616033534,DELTA TAU DELTA HOUSE CORP OF KY,HOUSE_CORPORATION,2022,990,true,189745,136909,2744968,456970,2287998,PROPUBLICA_API
611269807,DELTA SIGMA PHI FRATERNITY INC,LOCAL_CHAPTER_ENTITY,2022,990EZ,true,137569,138186,771,0,771,PROPUBLICA_API
610447633,SIGMA CHI FRATERNITY,LOCAL_CHAPTER_ENTITY,2022,990,true,289860,287881,29503,0,29503,PROPUBLICA_API
611207339,PHI GAMMA DELTA FRATERNITY,LOCAL_CHAPTER_ENTITY,2022,990EZ,true,132589,118000,45676,0,45676,PROPUBLICA_API
832840421,ALPHA SIGMA PHI FRANTERNITY INC,UNKNOWN,2022,990EZ,true,80349,70946,10917,0,10917,PROPUBLICA_API
620495178,TENNESSEE KAPPA CHAPTER OF SIGMA ALPHA EPSILON,LOCAL_CHAPTER_ENTITY,2022,990,true,971393,953964,51537,0,51537,PROPUBLICA_API
526036185,PHI GAMMA DELTA EDUCATIONAL FOUNDATION,EDUCATIONAL_FOUNDATION,2022,990,true,3021786,2212154,23695128,335921,23359207,PROPUBLICA_API
237359145,SIGMA PI FRATERNITY HOUSING CORP,HOUSE_CORPORATION,2022,990,true,72478,99485,650156,476773,173383,PROPUBLICA_API
721023591,DELTA CHI HOUSE CORPORATION,HOUSE_CORPORATION,2022,990,true,302614,291307,553832,416377,137455,PROPUBLICA_API
616042959,KAPPA ALPHA ORDER,UNKNOWN,2022,990EZ,true,67340,67730,1598,0,1598,PROPUBLICA_API
726027982,PI KAPPA ALPHA FRATERNITY,LOCAL_CHAPTER_ENTITY,2022,990,true,726120,731244,2035354,1212393,822961,PROPUBLICA_API
720603683,DELTA KAPPA OF ZETA TAU ALPHA HOUSE CORPORATION,HOUSE_CORPORATION,2022,990,true,280677,279839,918418,0,918418,PROPUBLICA_API
726021413,CHI OMEGA FRATERNITY,LOCAL_CHAPTER_ENTITY,2022,990,true,1510789,1511333,1575304,1500,1573804,PROPUBLICA_API
556028175,ALPHA GAMMA DELTA FRATERNITY,LOCAL_CHAPTER_ENTITY,2022,990,true,745691,789733,786356,50731,735625,PROPUBLICA_API
720961914,DELTA CHI FRATERNITY,LOCAL_CHAPTER_ENTITY,2022,990,true,202119,188737,22377,0,22377,PROPUBLICA_API
720873120,ALPHA GAMMA RHO FRATERNITY,LOCAL_CHAPTER_ENTITY,2022,990,true,318511,382699,461347,0,461347,PROPUBLICA_API
726040902,LOUISIANA BETA OF PI BETA PHI HOUSE ASSOCIATION,HOUSE_CORPORATION,2022,990,true,808038,728897,1185504,41981,1143523,PROPUBLICA_API
576025458,KAPPA DELTA SORORITY,LOCAL_CHAPTER_ENTITY,2022,990,true,466704,400792,302564,1650,300914,PROPUBLICA_API
720482627,PI KAPPA ALPHA FATERNITY,UNKNOWN,2022,990EZ,true,116054,118500,2966,0,2966,PROPUBLICA_API
237069145,DELTA OMEGA HOUSE CORPORATION OF DELTA DELTA DELTA FRATERNITY,HOUSE_CORPORATION,2022,990,true,295777,336129,2234347,13500,2220847,PROPUBLICA_API
813514137,OMEGA CHAPTER OF ALPHA DELTA PI HOUSE CORPORATION,HOUSE_CORPORATION,2022,990,true,848263,518676,947709,70369,877340,PROPUBLICA_API
720416943,KAPPA ALPHA ORDER,UNKNOWN,2022,990,true,681495,727992,22214,0,22214,PROPUBLICA_API
726027219,DELTA KAPPA HOUSE CORP KAPPA ALPHA THETA,HOUSE_CORPORATION,2022,990,true,275773,216234,1176835,425927,750908,PROPUBLICA_API
640868872,DELTA OMEGA CHAPTER HOUSE CORPORATION OF KAPPA DELTA,HOUSE_CORPORATION,2022,990,true,1267106,1193137,4121468,2637938,1483530,PROPUBLICA_API
852032822,SIGMA PHI EPSILON FRATERNITY INC,LOCAL_CHAPTER_ENTITY,2022,990,true,54794,59580,7859,0,7859,PROPUBLICA_API
726027878,KAPPA DELTA SORORITY,LOCAL_CHAPTER_ENTITY,2022,990,true,494121,485479,424282,0,424282,PROPUBLICA_API
640120597,KAPPA ALPHA ORDER,UNKNOWN,2022,990,true,549402,549825,8200,0,8200,PROPUBLICA_API
640390595,LAMBDA CHI ALPHA FRATERNITY INC,LOCAL_CHAPTER_ENTITY,2022,990,true,742134,697205,135485,13170,122315,PROPUBLICA_API
340435674,MISSISSIPPI STATE UNIVERSITY DELTA CHI BUILDING CORPORATION,HOUSE_CORPORATION,2022,990,true,248005,260254,1025773,796767,229006,PROPUBLICA_API
436065825,SOCIETY OF BETA SIGMA PSI,UNKNOWN,2022,990,true,185617,233332,16701,83645,-66944,PROPUBLICA_API
475663599,EDUCATIONAL FOUNDATION OF THE ALPHA KAPPA CHAPTER OF THE KAPPA ALPHA,EDUCATIONAL_FOUNDATION,2022,990EZ,true,0,616,109901,0,109901,PROPUBLICA_API
640310946,SIGMA ALPHA EPSILON FRATERNITY,LOCAL_CHAPTER_ENTITY,2022,990,true,933905,926885,168936,54225,114711,PROPUBLICA_API
646022216,PHI KAPPA TAU HOUSE CORP,HOUSE_CORPORATION,2022,990EZ,true,154204,146316,258984,0,258984,PROPUBLICA_API
436075111,SIGMA ALPHA EPSILON CLUB OF COLUMBIA MISSOURI,UNKNOWN,2022,990,true,345695,423928,4194193,2762798,1431395,PROPUBLICA_API
463509823,BETA BETA ALUMNI OF THE DELTA SIGMA PHI FRATERNITY,ALUMNI_CORPORATION,2022,990,true,174135,285263,2658766,1399085,1259681,PROPUBLICA_API
436059582,GAMMA PHI BETA SORORITY INC,LOCAL_CHAPTER_ENTITY,2022,990,true,1231521,1176891,8155847,6051288,2104559,PROPUBLICA_API
721523824,PHI MU FRATERNITY,LOCAL_CHAPTER_ENTITY,2022,990,true,782136,699447,2689272,1471734,1217538,PROPUBLICA_API
436050433,ALPHA PHI HOUSE CORPORATION BOARD- UNIVERSITY OF MISSOURI,HOUSE_CORPORATION,2022,990,true,507945,562920,10297374,7548069,2749305,PROPUBLICA_API
430456430,PHI DELTA THETA FRATERNITY,LOCAL_CHAPTER_ENTITY,2022,990,true,1060090,1171631,51420,50001,1419,PROPUBLICA_API
430282880,GAMMA PHI BETA SORORITY INC,LOCAL_CHAPTER_ENTITY,2022,990,true,212244,181761,225616,0,225616,PROPUBLICA_API
431098570,KAPPA DELTA SORORITY,LOCAL_CHAPTER_ENTITY,2022,990,true,432017,515500,216155,102,216053,PROPUBLICA_API
510245814,ALPHA GAMMA CHAPTER OF ALPHA DELTA PI HOUSE CORP,HOUSE_CORPORATION,2022,990,true,1160762,1285197,2718322,2960388,-242066,PROPUBLICA_API
430214640,CHI OMEGA FRATERNITY,LOCAL_CHAPTER_ENTITY,2022,990,true,218200,250251,87168,49010,38158,PROPUBLICA_API
436031386,DELTA XI BLDG CORP OF DELTA DELTA DELTA,UNKNOWN,2022,990,true,568525,483275,4166781,2606464,1560317,PROPUBLICA_API
237180149,PHI DELTA THETA CLUB OF COLUMBIA MISSOURI,UNKNOWN,2022,990,true,340564,261773,3185969,3094689,91280,PROPUBLICA_API
436052949,RHO ALPHA OF CHI OMEGA INC,PROPERTY_HOLDING_ENTITY,2022,990,true,974449,940746,4495657,1938043,2557614,PROPUBLICA_API
430156640,ALPHA GAMMA RHO FRATERNITY,LOCAL_CHAPTER_ENTITY,2022,990,true,627223,632325,86439,32400,54039,PROPUBLICA_API
436052133,ALPHA GAMMA RHO BUILDING ASSOCIATION,HOUSE_CORPORATION,2022,990,true,451421,372143,1750958,11200,1739758,PROPUBLICA_API
900767327,KAPPA SIGMA FRATERNITY,LOCAL_CHAPTER_ENTITY,2022,990EZ,true,190188,207373,30345,0,30345,PROPUBLICA_API
436061869,ALPHA CHI OMEGA HOUSE CORP FOR ALPHA NU CHAPTER,HOUSE_CORPORATION,2022,990,true,334795,271798,3484535,550547,2933988,PROPUBLICA_API
436052199,BETA THETA PI FRATERNITY,LOCAL_CHAPTER_ENTITY,2022,990,true,1401653,1411024,104874,158885,-54011,PROPUBLICA_API
736100261,SIGMA CHI FRATERNITY,LOCAL_CHAPTER_ENTITY,2022,990,true,789659,626193,1721748,867770,853978,PROPUBLICA_API
431080165,KAPPA KAPPA GAMMA HOUSE CORP OF COLUMBIA,HOUSE_CORPORATION,2022,990,true,1288070,1262934,7802118,5086725,2715393,PROPUBLICA_API
730580030,DELTA TAU DELTA FRATERNITY,LOCAL_CHAPTER_ENTITY,2022,990,true,210578,189773,57388,0,57388,PROPUBLICA_API
431469466,DELTA CHI FRATERNITY,LOCAL_CHAPTER_ENTITY,2022,990,true,274544,274544,22,0,22,PROPUBLICA_API
237432859,SIGMA NU FRATERNITY,LOCAL_CHAPTER_ENTITY,2022,990,true,928964,1008056,73002,2403,70599,PROPUBLICA_API
900353708,THETA CHI FRATERNITY UNIVERSITY OF MISSOURI IOTA MU CHAPTER,LOCAL_CHAPTER_ENTITY,2022,990,true,730564,677576,63212,0,63212,PROPUBLICA_API
430519030,SIGMA NU HOUSE CORPORATION,HOUSE_CORPORATION,2022,990,true,319761,398246,5998062,2400000,3598062,PROPUBLICA_API
730583070,LAMBDA CHI ALPHA FRATERNITY INC,LOCAL_CHAPTER_ENTITY,2022,990,true,880030,896933,24041,0,24041,PROPUBLICA_API
464496506,RHO CHAPTER SIGMA NU EDUCATIONAL FOUNDATION,EDUCATIONAL_FOUNDATION,2022,990,true,10400,36000,12213,0,12213,PROPUBLICA_API
237330439,BETA THETA PI CLUB OF COLUMBIA MISSOURI,UNKNOWN,2022,990,true,536825,190556,16003578,1236312,14767267,PROPUBLICA_API
446013887,DELTA TAU DELTA ASSOCIATION OF COLUNBIA MO,UNKNOWN,2022,990,true,548946,555334,7742356,5113548,2628808,PROPUBLICA_API
430240451,DELTA TAU DELTA FRATERNITY,LOCAL_CHAPTER_ENTITY,2022,990,true,1076729,1205810,436748,99856,336892,PROPUBLICA_API
730589378,TRUSTEES OF OKLAHOMA ALPHA CHAPTER OF PI BETA PHI FRATERNITY INC,LOCAL_CHAPTER_ENTITY,2022,990,true,547208,555184,1658899,1233,1657666,PROPUBLICA_API
300407306,BETA KAPPA OF SIGMA CHI WHITE CROSS FOUNDATION,EDUCATIONAL_FOUNDATION,2022,990PF,true,8396,19345,258272,1,258271,PROPUBLICA_API
311128130,PHI KAPPA PSI FRATERNITY,LOCAL_CHAPTER_ENTITY,2022,990EZ,true,103231,113389,3386,0,3386,PROPUBLICA_API
730582839,BETA THETA PI FRATERNITY,LOCAL_CHAPTER_ENTITY,2022,990,true,868193,829909,380230,57119,323111,PROPUBLICA_API
730181175,CHI OMEGA FRATERNITY,LOCAL_CHAPTER_ENTITY,2022,990,true,391396,367493,75162,26133,49029,PROPUBLICA_API
730589443,PHI GAMMA DELTA FRATERNITY,LOCAL_CHAPTER_ENTITY,2022,990,true,913394,891823,28945,0,28945,PROPUBLICA_API
731440348,ALPHA PHI LUCY FINNERTY EDUCATIONAL FUND,UNKNOWN,2022,990PF,true,26419,51404,477585,1,477584,PROPUBLICA_API
640307103,PHI MU FRATERNITY,LOCAL_CHAPTER_ENTITY,2022,990,true,2672031,1635762,5509347,475307,5034040,PROPUBLICA_API
736103379,BETA THETA PI CORPORATION OF OKLA,UNKNOWN,2022,990,true,1581574,1149136,8002297,601329,7400968,PROPUBLICA_API
646027408,MISSISSIPPI BETA OF PI BETA PHI HOUSE ASSOCIATION INC,HOUSE_CORPORATION,2022,990,true,885818,417645,13771875,8344454,5427421,PROPUBLICA_API
510178981,GAMMA PHI BETA SORORITY INC,LOCAL_CHAPTER_ENTITY,2022,990,true,308104,296067,152897,0,152897,PROPUBLICA_API
640330884,KAPPA DELTA SORORITY,LOCAL_CHAPTER_ENTITY,2022,990,true,472142,477648,392813,0,392813,PROPUBLICA_API
731233879,BUILDING ASSOCIATION OF THE EPSILON ALPHA CHAPT CHI OMEGA FRATERNITY,HOUSE_CORPORATION,2022,990,true,1501676,1120289,7519484,478022,7041462,PROPUBLICA_API
640315255,SIGMA CHI FRATERNITY ETA CHAPTER,LOCAL_CHAPTER_ENTITY,2022,990,true,1275007,1399037,7268249,6521119,747130,PROPUBLICA_API
640717329,DELTA DELTA DELTA NATIONAL HOUSE CORPORATION,HOUSE_CORPORATION,2022,990,true,1081879,722986,9396832,5047446,4349386,PROPUBLICA_API
640304773,SIGMA NU FRATERNITY,LOCAL_CHAPTER_ENTITY,2022,990,true,1536144,1332916,3609575,38653,3570922,PROPUBLICA_API
730579972,GAMMA PHI BETA SORORITY INC,LOCAL_CHAPTER_ENTITY,2022,990,true,1095742,994505,4682544,2633286,2049258,PROPUBLICA_API
832574778,EPSILON XI CHAPTER OF SIGMA NU FRATERNITY CHARITY BOWL INC,LOCAL_CHAPTER_ENTITY,2022,990PF,true,268016,76070,202546,1,202545,PROPUBLICA_API
882444294,HOUSE CORPORATION OF EPSILON XI CHAPTER OF SIGMA NU,HOUSE_CORPORATION,2022,990,true,67728,212814,7342116,4115260,3226856,PROPUBLICA_API
237229883,MISSISSIPPI ALPHA CHAPTER HOUSE CORPORATION OF PHI DELTA THETA FRA,HOUSE_CORPORATION,2022,990,true,174927,160309,1618856,535488,1083368,PROPUBLICA_API
570811123,ETA GAMMA CHAPTER OF CHI OMEGA FRATERNITY HOUSING CORPORATION,HOUSE_CORPORATION,2022,990,true,1018381,721448,6528288,0,6528288,PROPUBLICA_API
576029840,SIGMA NU FRATERNITY,LOCAL_CHAPTER_ENTITY,2022,990,true,310133,334257,8731,0,8731,PROPUBLICA_API
237160987,TAU OF CHI OMEGA FRATERNITY HOUSE CORPORATION,HOUSE_CORPORATION,2022,990,true,2845452,1188309,9898411,2674407,7224004,PROPUBLICA_API
640307108,CHI OMEGA FRATERNITY,LOCAL_CHAPTER_ENTITY,2022,990,true,534632,474336,169314,0,169314,PROPUBLICA_API
237432869,MISSISSIPPI GAMMA HOUSE ASSN OF SIGMA ALPHA EPSILON,HOUSE_CORPORATION,2022,990,true,38449,7573,879016,126017,752999,PROPUBLICA_API
640315254,SIGMA ALPHA EPSILON FRATERNITY,LOCAL_CHAPTER_ENTITY,2022,990,true,487963,639023,373938,568131,-194193,PROPUBLICA_API
640412138,ALPHA TAU OMEGA FRATERNITY,LOCAL_CHAPTER_ENTITY,2022,990,true,1156168,1093210,164702,3078,161624,PROPUBLICA_API
582279145,RHO CHAPTER KAPPA ALPHA HOUSING CORPORATION,HOUSE_CORPORATION,2022,990,true,522471,519951,883932,53852,830080,PROPUBLICA_API
640308935,PHI DELTA THETA FRATERNITY,LOCAL_CHAPTER_ENTITY,2022,990,true,1153856,1301132,1271059,286690,984369,PROPUBLICA_API
576025618,SC ALPHA CHAPTER OF SIGMA PHI EPSILON FRATERNITY,LOCAL_CHAPTER_ENTITY,2022,990,true,346885,358154,2368,0,2368,PROPUBLICA_API
576033523,KAPPA ALPHA ORDER,UNKNOWN,2022,990,true,374555,399638,2364,0,2364,PROPUBLICA_API
237128453,LAMBDA CHI ALPHA FRATERNITY INC,LOCAL_CHAPTER_ENTITY,2022,990,true,0,0,740,0,740,PROPUBLICA_API
576034943,KAPPA SIGMA FRATERNITY,LOCAL_CHAPTER_ENTITY,2022,990,true,363793,385903,800,0,800,PROPUBLICA_API
208655786,GAMMA CHI CHAPTER OF THE ALPHA EPSILON PI CHAPTER,LOCAL_CHAPTER_ENTITY,2022,990,true,262099,261455,16483,0,16483,PROPUBLICA_API
237145973,SIGMA ALPHA EPSILON SOUTH CAROLINA DELTA CHAPTER,LOCAL_CHAPTER_ENTITY,2022,990,true,404543,488568,41629,6583,35046,PROPUBLICA_API
383878997,ALPHA GAMMA DELTA FRATERNITY,LOCAL_CHAPTER_ENTITY,2022,990,true,241344,247658,301469,127181,174288,PROPUBLICA_API
570742538,CHI OMEGA FRATERNITY,LOCAL_CHAPTER_ENTITY,2022,990,true,322132,362886,129224,0,129224,PROPUBLICA_API
741132046,KAPPA ALPHA ORDER,UNKNOWN,2022,990,true,1096414,1042826,145837,0,145837,PROPUBLICA_API
464828091,LAMBDA THETA HOUSE CORPORATION OF PHI MU FRATERNITY,HOUSE_CORPORATION,2022,990,true,921032,896754,3305067,2103797,1201270,PROPUBLICA_API
201554454,GAMMA PHI BETA SORORITY INC,LOCAL_CHAPTER_ENTITY,2022,990,true,298170,304621,174240,0,174240,PROPUBLICA_API
824644973,PHI DELTA THETA FRATERNITY,LOCAL_CHAPTER_ENTITY,2022,990,true,298152,293664,9442,0,9442,PROPUBLICA_API
626111214,KAPPA SIGMA FRATERNITY,PROPERTY_HOLDING_ENTITY,2022,990,true,134956,87701,584495,0,584495,PROPUBLICA_API
626075139,EPSILON ETA CHAPTER OF SIGMA NU FRATERNITY,LOCAL_CHAPTER_ENTITY,2022,990,true,448076,442638,30305,0,30305,PROPUBLICA_API
742188211,SIGMA PHI EPSILON EDUCATION FOUNDATION OF TEXAS ALPHA,EDUCATIONAL_FOUNDATION,2022,990EZ,true,45088,172459,381213,616344,-235131,PROPUBLICA_API
741130608,PHI GAMMA DELTA FRATERNITY,LOCAL_CHAPTER_ENTITY,2022,990,true,2462242,2308644,1068356,340620,727736,PROPUBLICA_API
621414737,BETA SIGMA OF SIGMA CHI HOUSE CORPORATION,HOUSE_CORPORATION,2022,990,true,223860,122830,1356720,784029,572691,PROPUBLICA_API
626042374,DELTA SIGMA HOUSE CORPORATION OF DELTA DELTA DELTA,HOUSE_CORPORATION,2022,990,true,400767,354026,4368131,2841143,1526988,PROPUBLICA_API
371916316,PHI GAMMA DELTA FRATERNITY,LOCAL_CHAPTER_ENTITY,2022,990,true,407202,418704,38886,0,38886,PROPUBLICA_API
741130614,SIGMA PHI EPSILON FRATERNITY INC,LOCAL_CHAPTER_ENTITY,2022,990,true,1301708,1319838,181081,0,181081,PROPUBLICA_API
626047671,KAPPA DELTA SORORITY,LOCAL_CHAPTER_ENTITY,2022,990,true,704810,563610,378770,73815,304955,PROPUBLICA_API
621386377,PI CHAPTER CHI OMEGA FRATERNITY HOUSE CORP,HOUSE_CORPORATION,2022,990,true,634920,491020,634581,4500,630081,PROPUBLICA_API
626047975,CHI OMEGA FRATERNITY,LOCAL_CHAPTER_ENTITY,2022,990,true,295638,318216,42425,0,42425,PROPUBLICA_API
740898333,SIGMA ALPHA MU FRATERNITY,LOCAL_CHAPTER_ENTITY,2022,990,true,1132741,1067471,206780,0,206780,PROPUBLICA_API
237150072,PHI DELTA THETA FRATERNITY TENNESSEE GAMMA CHAPTER,LOCAL_CHAPTER_ENTITY,2022,990EZ,true,189267,169387,37634,0,37634,PROPUBLICA_API
626045032,ALPHA DELTA PI HOUSE CORP ALPHA KAPPA,HOUSE_CORPORATION,2022,990,true,839713,754832,1754346,0,1754346,PROPUBLICA_API
742831564,ZETA BETA TAU FRATERNITY,LOCAL_CHAPTER_ENTITY,2022,990,true,1671786,1939832,286134,89179,196955,PROPUBLICA_API
746047117,BUILDING CORPORATION OF DELTA CHAPTER OF ALPHA DELTA PI,HOUSE_CORPORATION,2022,990,true,872606,813574,1405920,328078,1077842,PROPUBLICA_API
746084213,CHI OMEGA FRATERNITY IOTA CHAPTER UNIV OF TX AT AUSTIN,LOCAL_CHAPTER_ENTITY,2022,990,true,412150,455447,38566,0,38566,PROPUBLICA_API
743004321,TEXAS DELTA CHI HOUSING CORP,HOUSE_CORPORATION,2022,990,true,33692,5384,450658,0,450658,PROPUBLICA_API
741116912,SIGMA CHI FRATERNITY,LOCAL_CHAPTER_ENTITY,2022,990,true,855054,798745,136546,48250,88296,PROPUBLICA_API
741130611,SIGMA ALPHA EPSILON FRATERNITY,LOCAL_CHAPTER_ENTITY,2022,990,true,1682670,1718378,657671,331865,325806,PROPUBLICA_API
741120034,PI KAPPA ALPHA FRATERNITY,LOCAL_CHAPTER_ENTITY,2022,990,true,1045382,1013515,211734,157907,53827,PROPUBLICA_API
740555581,CHI OMEGA FRATERNITY,LOCAL_CHAPTER_ENTITY,2022,990,true,1202394,1019719,2340750,73599,2267151,PROPUBLICA_API
510165062,CHI OMEGA FRATERNITY,LOCAL_CHAPTER_ENTITY,2022,990,true,581954,491289,253149,0,253149,PROPUBLICA_API
741493205,KAPPA CHAPTER OF ZETA TAU ALPHA HOUSE CORPORATION,HOUSE_CORPORATION,2022,990,true,165112,88794,2737483,0,2737483,PROPUBLICA_API
746060984,TEXAS ALPHA HOUSE CORPORATION OF PI BETA PHI,HOUSE_CORPORATION,2022,990,true,1201753,622488,4464392,1363,4463029,PROPUBLICA_API
740481786,ALPHA EPSILON PHI SORORITY OMEGA CHAPTER,LOCAL_CHAPTER_ENTITY,2022,990,true,351654,329911,442403,62020,380383,PROPUBLICA_API
510207538,SIGMA CHI FRATERNITY,LOCAL_CHAPTER_ENTITY,2022,990,true,972471,938434,84890,0,84890,PROPUBLICA_API
812525354,ALPHA SIGMA PHI FRATERNITY INC,LOCAL_CHAPTER_ENTITY,2022,990EZ,true,55523,59157,5286,0,5286,PROPUBLICA_API
742155975,SIGMA EPSILON OF KAPPA DELTA HOUSE CORP,HOUSE_CORPORATION,2022,990,true,1129466,796522,2806685,1150005,1656680,PROPUBLICA_API
741932980,XI KAPPA OF CHI OMEGA HOUSE CORP,HOUSE_CORPORATION,2022,990,true,745567,594184,2316036,28895,2287141,PROPUBLICA_API
834409140,LAMBDA CHI ALPHA FRATERNITY INC,LOCAL_CHAPTER_ENTITY,2022,990EZ,true,51816,41774,13093,0,13093,PROPUBLICA_API
134264657,GAMMA PHI BETA SORORITY INC,LOCAL_CHAPTER_ENTITY,2022,990,true,300431,299974,170165,0,170165,PROPUBLICA_API
732350514,TEXAS ETA CHAPTER OF PI BETA PHI HOUSE CORPORATION,HOUSE_CORPORATION,2022,990,true,343336,311706,1166188,279102,887086,PROPUBLICA_API
742205939,KAPPA DELTA SORORITY,LOCAL_CHAPTER_ENTITY,2022,990,true,419213,371559,163302,39371,123931,PROPUBLICA_API
742930349,ETA ALPHA HOUSE CORPORATION OF KAPPA DELTA SORORITY,HOUSE_CORPORATION,2022,990,true,830410,717924,1221336,682607,538729,PROPUBLICA_API
741116922,DELTA TAU DELTA FRATERNITY,LOCAL_CHAPTER_ENTITY,2022,990,true,1211023,1206606,329679,863,328816,PROPUBLICA_API
810575553,PHI GAMMA DELTA FRATERNITY,LOCAL_CHAPTER_ENTITY,2022,990,true,642567,662960,9609,0,9609,PROPUBLICA_API
742205743,KAPPA ALPHA ORDER,UNKNOWN,2022,990,true,317210,354826,27634,0,27634,PROPUBLICA_API
746082351,DELTA TAU DELTA BUILDING ASSN,PROPERTY_HOLDING_ENTITY,2022,990,true,499236,30946,2994410,129594,2864816,PROPUBLICA_API
273674898,PI KAPPA ALPHA FRATERNITY,LOCAL_CHAPTER_ENTITY,2022,990,true,555937,545668,12841,0,12841,PROPUBLICA_API
530209696,OMEGA PSI PHI FRATERNITY,NATIONAL_PARENT,2022,990,true,14895796,9895558,17720990,1151714,16569276,PROPUBLICA_API
900652699,FIFTH DISTRICT OF OMEGA PSI PHI FRATERNITY INC,LOCAL_CHAPTER_ENTITY,2022,990EZ,true,89460,106909,187072,0,187072,PROPUBLICA_API
621218011,ALPHA DELTA PI HOUSE CORPORATION,HOUSE_CORPORATION,2022,990,true,104807,104569,611985,4705,607280,PROPUBLICA_API
621793998,KAPPA DELTA SORORITY,LOCAL_CHAPTER_ENTITY,2022,990,true,616764,652354,96240,80206,16034,PROPUBLICA_API
626074044,CHI OMEGA FRATERNITY,LOCAL_CHAPTER_ENTITY,2022,990EZ,true,164338,173664,242568,0,242568,PROPUBLICA_API
742244833,DELTA TAU DELTA FRATERNITY,LOCAL_CHAPTER_ENTITY,2022,990,true,360746,366382,29161,0,29161,PROPUBLICA_API
530261012,ZETA PHI BETA SORORITY INC,NATIONAL_PARENT,2022,990,true,7208754,6749052,25467405,5042416,20424989,PROPUBLICA_API
362426170,GAMMA PHI BETA SORORITY INC,NATIONAL_PARENT,2022,990,true,12603697,11471431,31209730,11882661,19327069,PROPUBLICA_API
237279516,NASHVILLE ALUMNI CHAPTER KAPPA ALPHA PSI FRATERNITY INC,ALUMNI_CORPORATION,2022,990EZ,true,91930,73398,66602,0,66602,PROPUBLICA_API
620671306,KAPPA ALPHA ORDER,UNKNOWN,2022,990EZ,true,180043,184999,2663,0,2663,PROPUBLICA_API
263623864,KAPPA SIGMA FRATERNITY,LOCAL_CHAPTER_ENTITY,2022,990,true,162462,156408,9721,0,9721,PROPUBLICA_API
473151737,PI KAPPA ALPHA FRATERNITY,LOCAL_CHAPTER_ENTITY,2022,990EZ,true,64040,56160,57314,3431,53883,PROPUBLICA_API
010158948,SIGMA KAPPA SORORITY,NATIONAL_PARENT,2022,990,true,4440817,4170290,12933828,6669222,6264606,PROPUBLICA_API
815056843,TAMU BETA THETA PI MOMS CLUB,UNKNOWN,2022,990EZ,true,57438,56560,2407,0,2407,PROPUBLICA_API
621466616,BETA TAU HOUSE CORPORATION OF KAPPA DELTA SORORITY,HOUSE_CORPORATION,2022,990EZ,true,89061,78493,272022,10852,261170,PROPUBLICA_API
621771326,PHI BETA SIGMA FRATERNITY-ETA BETA SIGMA CHAPTER INCORPORATED,LOCAL_CHAPTER_ENTITY,2022,990,true,44113,51735,38501,0,38501,PROPUBLICA_API
621781729,ZETA PHI BETA SORORITY INC PI ZETA CHAPTER,LOCAL_CHAPTER_ENTITY,2022,990EZ,true,18731,19258,59784,0,59784,PROPUBLICA_API
626047662,KAPPA DELTA SORORITY,LOCAL_CHAPTER_ENTITY,2022,990EZ,true,140293,142535,182480,0,182480,PROPUBLICA_API
381543609,SIGMA ALPHA IOTA FRATERNITY,NATIONAL_PARENT,2022,990,true,603942,827890,1195504,366461,829043,PROPUBLICA_API
430765719,THETA TAU,NATIONAL_PARENT,2022,990,true,1113924,883395,3869927,8000,3861927,PROPUBLICA_API
310406470,PHI DELTA THETA FRATERNITY,NATIONAL_PARENT,2022,990,true,5560379,5154074,6590375,1142559,5447816,PROPUBLICA_API
356020472,SIGMA GAMMA RHO SORORITY INC,NATIONAL_PARENT,2022,990,true,8732728,8361541,12325123,10997782,1327341,PROPUBLICA_API
310851686,CHI OMEGA FRATERNITY,NATIONAL_PARENT,2022,990,true,9626899,7351792,23658110,336136,23321974,PROPUBLICA_API
350141875,ALPHA CHI OMEGA FRATERNITY INC,NATIONAL_PARENT,2022,990,true,16507869,14683753,29119055,18517293,10601762,PROPUBLICA_API
361996950,ZETA TAU ALPHA INTL FRATERNITY & FRATERNITY HOUSING CORPORATION,NATIONAL_PARENT,2022,990,true,10920261,10362459,36616628,13527461,23089167,PROPUBLICA_API
221281800,SIGMA PI FRATERNITY INTERNATIONAL,NATIONAL_PARENT,2022,990,true,3002787,2561576,4010997,350957,3660040,PROPUBLICA_API
221550561,ALPHA GAMMA DELTA FRATERNITY,NATIONAL_PARENT,2022,990,true,5499858,5656056,13038202,8098833,4939369,PROPUBLICA_API
131306360,SIGMA ALPHA MU FRATERNITY INC,NATIONAL_PARENT,2022,990,true,2188027,1941361,8680089,3791183,4888906,PROPUBLICA_API
362362161,PHI KAPPA PSI FRATERNITY,NATIONAL_PARENT,2022,990,true,3577760,3220135,3086235,811409,2274826,PROPUBLICA_API
210577978,THETA CHI FRATERNITY INC,NATIONAL_PARENT,2022,990,true,5783656,9661080,2675472,1004825,1670647,PROPUBLICA_API
382900287,PHI SIGMA RHO NATIONAL SORORITY,NATIONAL_PARENT,2022,990,true,495563,561249,514515,0,514515,PROPUBLICA_API
314164901,DELTA GAMMA FRATERNITY,NATIONAL_PARENT,2022,990,true,7575219,6192118,19466376,1873572,17592804,PROPUBLICA_API
620533776,PHI MU FRATERNITY,NATIONAL_PARENT,2022,990,true,5230581,4224764,29222626,10293017,18929609,PROPUBLICA_API
350459180,LAMBDA CHI ALPHA FRATERNITY INC,NATIONAL_PARENT,2022,990,true,7162533,9895761,5400944,3497907,1903037,PROPUBLICA_API
350267650,DELTA TAU DELTA FRATERNITY,NATIONAL_PARENT,2022,990,true,5543080,4942658,13800462,1943441,11857021,PROPUBLICA_API
530125862,PHI GAMMA DELTA FRATERNITY,NATIONAL_PARENT,2022,990,true,5950769,5335152,16891307,424958,16466349,PROPUBLICA_API
131496630,ZETA PSI FRATERNITY OF NORTH AMERICA,NATIONAL_PARENT,2022,990,true,844211,1087211,650645,624147,26498,PROPUBLICA_API
730593444,KAPPA KAPPA PSI FRATERNITY,NATIONAL_PARENT,2022,990,true,821244,1029484,1821222,331339,1489883,PROPUBLICA_API
362077508,ALPHA PHI INTERNATIONAL FRATERNITY INC,NATIONAL_PARENT,2022,990,true,12398073,8680894,56554412,30159811,26394601,PROPUBLICA_API
430689936,SIGMA TAU GAMMA FRATERNITY,NATIONAL_PARENT,2022,990,true,3953336,3791340,5058507,3816331,1242176,PROPUBLICA_API
361773950,SIGMA ALPHA EPSILON FRATERNITY,NATIONAL_PARENT,2022,990,true,7199867,6351692,12822677,3238764,9583913,PROPUBLICA_API
131714532,KAPPA SIGMA FRATERNITY,NATIONAL_PARENT,2022,990,true,5863607,5483274,7857250,989095,6868155,PROPUBLICA_API
580191430,CHI PHI FRATERNITY INC,NATIONAL_PARENT,2022,990,true,1581919,1357759,1837605,215311,1622294,PROPUBLICA_API
430769468,ALPHA EPSILON PI FRATERNITY INC,NATIONAL_PARENT,2022,990,true,4570626,3623918,3914099,305436,3608663,PROPUBLICA_API
570340150,PI KAPPA PHI FRATERNITY,NATIONAL_PARENT,2022,990,true,6117819,5963293,8562340,4914058,3648282,PROPUBLICA_API
440500006,KAPPA DELTA SORORITY INC,NATIONAL_PARENT,2022,990,true,8590699,6430254,70333068,8415884,61917184,PROPUBLICA_API
580310956,KAPPA ALPHA ORDER,NATIONAL_PARENT,2022,990,true,5326752,4984446,4493264,3146635,1346629,PROPUBLICA_API
362152330,ALPHA KAPPA ALPHA SORORITY INC,NATIONAL_PARENT,2022,990,true,51536928,53169601,75647473,24880818,50766655,PROPUBLICA_API
130604310,DELTA KAPPA EPSILON FRATERNITY,NATIONAL_PARENT,2022,990,true,1776461,1402329,1555873,254497,1301376,PROPUBLICA_API
370464584,PI BETA PHI FRATERNITY,NATIONAL_PARENT,2022,990,true,9219516,7041467,45635121,4577191,41057930,PROPUBLICA_API
131496610,ZETA BETA TAU FRATERNITY,NATIONAL_PARENT,2022,990,true,2454706,2546181,1606323,458319,1148004,PROPUBLICA_API
311353726,DELTA ZETA NATIONAL HOUSING CORPORATION,NATIONAL_PARENT,2022,990,true,22719151,19603103,87996446,28235431,59761015,PROPUBLICA_API
314359813,ALPHA SIGMA PHI FRATERNITY INC,NATIONAL_PARENT,2022,990,true,4239555,3935986,4486738,537391,3949347,PROPUBLICA_API
361305568,KAPPA ALPHA THETA FRATERNITY,NATIONAL_PARENT,2022,990,true,8037771,6039713,35578476,21221530,14356946,PROPUBLICA_API
310531047,BETA THETA PI FRATERNITY,NATIONAL_PARENT,2022,990,true,6268729,6349131,10733585,3762708,6970877,PROPUBLICA_API
314221880,KAPPA KAPPA GAMMA FRATERNITY INC,NATIONAL_PARENT,2022,990,true,7778696,7236693,12888537,2120254,10768283,PROPUBLICA_API
580638489,ALPHA DELTA PI SORORITY,NATIONAL_PARENT,2022,990,true,7828626,5276465,18010902,2898089,15112813,PROPUBLICA_API
310406478,PHI KAPPA TAU FRATERNITY,NATIONAL_PARENT,2022,990,true,1862133,1933689,4347554,1329333,3018221,PROPUBLICA_API
370152140,ALPHA TAU OMEGA FRATERNITY,NATIONAL_PARENT,2022,990,true,6148609,5499819,3234261,1841071,1393190,PROPUBLICA_API
362374316,DELTA DELTA DELTA,NATIONAL_PARENT,2022,990,true,9451933,11297608,12604452,3030618,9573834,PROPUBLICA_API
620458346,PI KAPPA ALPHA FRATERNITY,NATIONAL_PARENT,2022,990EZ,true,0,0,1,0,1,PROPUBLICA_API
530215218,DELTA SIGMA THETA SORORITY INC,NATIONAL_PARENT,2022,990,true,31051194,25156563,57143857,24790550,32353307,PROPUBLICA_API
361773960,SIGMA CHI FRATERNITY,NATIONAL_PARENT,2022,990,true,6615292,5657831,14445620,1828052,12617568,PROPUBLICA_API
370152080,ALPHA GAMMA RHO FRATERNITY,NATIONAL_PARENT,2022,990,true,1935536,2336670,5273875,1392286,3881589,PROPUBLICA_API
230967790,PHI KAPPA SIGMA FRATERNITY GRAND CHAPTER,NATIONAL_PARENT,2022,990,true,800168,930485,1196871,181533,1015338,PROPUBLICA_API
300174261,TAU KAPPA EPSILON FRATERNITY INC,NATIONAL_PARENT,2022,990,true,5058540,4728724,5851438,1838095,4013343,PROPUBLICA_API
730654150,SIGMA SIGMA SIGMA INC,NATIONAL_PARENT,2022,990,true,3411916,2898540,10477407,3537807,6939600,PROPUBLICA_API
620950113,ALPHA OMICRON PI FRATERNITY INC,NATIONAL_PARENT,2022,990,true,5824656,5372782,36571341,4289424,32281917,PROPUBLICA_API
840405009,DELTA SIGMA PHI FRATERNITY INC NATIONAL HEADQUARTERS,NATIONAL_PARENT,2022,990,true,4245160,5310185,984432,1275361,-290929,PROPUBLICA_API
420212285,DELTA CHI FRATERNITY,NATIONAL_PARENT,2022,990,true,3329113,2405003,12748729,514295,12234434,PROPUBLICA_API
540628798,SIGMA NU FRATERNITY INC,NATIONAL_PARENT,2022,990,true,6498156,5864519,9926388,2073747,7852641,PROPUBLICA_API
431971836,DELTA PHI EPSILON SORORITY INC,NATIONAL_PARENT,2022,990,true,2232843,2579930,2808095,1988366,819729,PROPUBLICA_API
223530740,LAMBDA THETA ALPHA,NATIONAL_PARENT,2022,990,true,531794,472917,1907722,1991,1905731,PROPUBLICA_API
562163357,THETA NU XI MULTICULTURAL SORORITY INCORPORATED,NATIONAL_PARENT,2022,990EZ,true,164379,152496,363481,0,363481,PROPUBLICA_API
386089059,CHI PSI FRATERNITY,NATIONAL_PARENT,2022,990,true,1614364,1718281,3526602,1991417,1535185,PROPUBLICA_API
362024274,SIGMA DELTA TAU SOCIETY,NATIONAL_PARENT,2022,990,true,2027551,2404100,4699167,598941,4100226,PROPUBLICA_API
231500981,THE GRAND CHAPTER OF PHI SIGMA KAPPA,NATIONAL_PARENT,2022,990,true,2252578,2043283,1767112,197107,1570005,PROPUBLICA_API
131368460,TAU EPSILON PHI FRATERNITY INC,NATIONAL_PARENT,2022,990,true,364350,466511,588866,1924,586942,PROPUBLICA_API
352103442,ALPHA XI DELTA NATIONAL HOUSING CORPORATION INC,NATIONAL_PARENT,2022,990,true,5534855,2641059,15118086,4304399,10813687,PROPUBLICA_API
042200265,PHI KAPPA THETA FRATERNITY,NATIONAL_PARENT,2022,990,true,770851,937558,240852,299818,-58966,PROPUBLICA_API
350868356,PHI DELTA THETA FRATERNITY,LOCAL_CHAPTER_ENTITY,2021,990,true,201479,216548,20845,4115,16730,PROPUBLICA_API
592339079,PHI DELTA THETA FRATERNITY,LOCAL_CHAPTER_ENTITY,2021,990,true,335277,307474,52239,49128,3111,PROPUBLICA_API
593282583,PHI DELTA THETA CHAPTER HOUSE ASSOCIATION INC,HOUSE_CORPORATION,2021,990,true,457671,449522,1405078,1940642,-535564,PROPUBLICA_API
630164075,PHI DELTA THETA FRATERNITY,LOCAL_CHAPTER_ENTITY,2021,990EZ,true,129159,149257,3051,9019,-5968,PROPUBLICA_API
631053272,PHI DELTA THETA FRATERNITY,LOCAL_CHAPTER_ENTITY,2021,990,true,1282468,1307780,5889800,4104410,1785390,PROPUBLICA_API
630893932,PHI MU HOUSE CORPORATION,HOUSE_CORPORATION,2021,990,true,3048803,1859124,18700636,4863799,13836837,PROPUBLICA_API
640723232,KAPPA ALPHA CHAPTER OF PHI MU FRATERNITY HOUSE CORPORATION,HOUSE_CORPORATION,2021,990,true,1659895,1205355,8407602,3977565,4430037,PROPUBLICA_API
596135388,CHI OMEGA HOUSING CORPORATION,HOUSE_CORPORATION,2021,990,true,894535,786713,3505038,35398,3469640,PROPUBLICA_API
636091968,THE NU BETA CHAPTER OF THE CHI OMEGA HOUSE ASSOCIATION INC,HOUSE_CORPORATION,2021,990,true,3183819,2308536,15427368,6845617,8581751,PROPUBLICA_API
636050290,CHI OMEGA FRATERNITY,LOCAL_CHAPTER_ENTITY,2021,990,true,524000,377444,226221,0,226221,PROPUBLICA_API
640392826,CHI OMEGA FRATERNITY,LOCAL_CHAPTER_ENTITY,2021,990,true,259455,223471,221626,0,221626,PROPUBLICA_API
264170711,UNIVERSITY OF ALABAMA CHAPTER OF SIGMA PI FRATERNITY HOUSING,LOCAL_CHAPTER_ENTITY,2021,990,true,639829,698770,2981117,2528561,452556,PROPUBLICA_API
371866424,SIGMA PI MISSISSIPPI HOUSE CORPORATION,HOUSE_CORPORATION,2021,990,true,465877,599162,477002,388593,88409,PROPUBLICA_API
636103404,PHI GAMMA DELTA FRATERNITY,LOCAL_CHAPTER_ENTITY,2021,990,true,408286,135546,3439878,0,3439878,PROPUBLICA_API
560548249,PHI GAMMA DELTA FRATERNITY,LOCAL_CHAPTER_ENTITY,2021,990,true,484622,458215,73021,0,73021,PROPUBLICA_API
630164080,PHI GAMMA DELTA FRATERNITY,LOCAL_CHAPTER_ENTITY,2021,990,true,1379131,1332136,132690,27691,104999,PROPUBLICA_API
420467540,PHI KAPPA PSI FRATERNITY,LOCAL_CHAPTER_ENTITY,2021,990,true,453881,438184,45013,0,45013,PROPUBLICA_API
936036290,PHI KAPPA PSI FRATERNITY,LOCAL_CHAPTER_ENTITY,2021,990,true,339434,362622,76117,0,76117,PROPUBLICA_API
630289653,THETA CHI FRATERNITY INC,LOCAL_CHAPTER_ENTITY,2021,990,true,1103097,881588,342200,1911,340289,PROPUBLICA_API
237109085,ALPHA PHI ZETA HOUSE CORPORATION OF LAMBDA CHI ALPHA FRATERNITY,HOUSE_CORPORATION,2021,990,true,315334,297753,3680757,2464469,1216288,PROPUBLICA_API
380293927,SIGMA KAPPA CORPORATION,UNKNOWN,2021,990,true,238378,402577,1786842,12525,1774317,PROPUBLICA_API
320257409,BETA MU HOUSE CORP OF ALPHA PHI INTERNATIONAL FRATERNITY INC,HOUSE_CORPORATION,2021,990,true,2938142,2243183,15783927,9327197,6456730,PROPUBLICA_API
941367157,ALPHA PHI BUILDING CORPORATION,HOUSE_CORPORATION,2021,990,true,455942,672559,2634703,22387,2612316,PROPUBLICA_API
630007510,ALPHA GAMMA DELTA FRATERNITY,LOCAL_CHAPTER_ENTITY,2021,990,true,2911792,2885183,2519966,0,2519966,PROPUBLICA_API
451298367,UNIVERSITY OF ALABAMA CHAPTER OF THETA CHI HOUSING CORPORATION,HOUSE_CORPORATION,2021,990,true,25106,214193,6704905,4552720,2152185,PROPUBLICA_API
630056965,DELTA KAPPA EPSILON COUNCIL,UNKNOWN,2021,990,true,1509079,1452703,891182,800310,90872,PROPUBLICA_API
621370853,GAMMA PHI BETA SORORITY,LOCAL_CHAPTER_ENTITY,2021,990,true,421515,330301,282396,0,282396,PROPUBLICA_API
631004292,GAMMA PHI BETA SORORITY INC,LOCAL_CHAPTER_ENTITY,2021,990,true,2044605,2341761,14042301,10150912,3891389,PROPUBLICA_API
630818055,ALABAMA BETA OF PI BETA PHI HOUSE ASSOCIATION INCORPORATED,HOUSE_CORPORATION,2021,990,true,2691404,2796949,16350321,14001524,2348797,PROPUBLICA_API
630980702,KAPPA DELTA SORORITY,LOCAL_CHAPTER_ENTITY,2021,990,true,3357016,2608916,18544101,7539564,11004537,PROPUBLICA_API
630733120,ZETA BETA TAU FRATERNITY,LOCAL_CHAPTER_ENTITY,2021,990,true,833952,662351,5108263,2792964,2315299,PROPUBLICA_API
630120537,LAMBDA CHI ALPHA FRATERNITY INC,LOCAL_CHAPTER_ENTITY,2021,990,true,976848,932624,47380,67543,-20163,PROPUBLICA_API
630115520,KAPPA DELTA SORORITY,LOCAL_CHAPTER_ENTITY,2021,990,true,669247,522679,693741,210540,483201,PROPUBLICA_API
237114590,EPSILON CHI ZETA HOUSE CORPORATION OF LAMBDA CHI ALPHA FRATERNITY,HOUSE_CORPORATION,2021,990,true,246733,167198,2915942,2550593,365349,PROPUBLICA_API
630233975,ZETA BETA TAU FRATERNITY,LOCAL_CHAPTER_ENTITY,2021,990,true,924027,963221,96829,31132,65697,PROPUBLICA_API
566062593,DELTA KAPPA EPSILON COUNCIL,UNKNOWN,2021,990,true,440750,512761,88186,23040,65146,PROPUBLICA_API
630188870,SIGMA ALPHA EPSILON FRATERNITY,LOCAL_CHAPTER_ENTITY,2021,990,true,361655,368943,37292,4775,32517,PROPUBLICA_API
636049922,HOUSE BOARD OF GAMMA PI OF KAPPA KAPPA GAMMA,UNKNOWN,2021,990,true,3314934,2770364,18947796,9195363,9752433,PROPUBLICA_API
631030493,PSI OF DELTA KAPPA EPSILON HOUSE CORPORATION OF UNIVERSITY ALABAMA,HOUSE_CORPORATION,2021,990,true,602904,416958,5043019,371644,4671375,PROPUBLICA_API
593078421,KAPPA ALPHA HOUSING ASSOCIATION OF FLORIDA INC,UNKNOWN,2021,990EZ,true,130364,138750,203506,4700,198806,PROPUBLICA_API
741132044,KAPPA SIGMA FRATERNITY,LOCAL_CHAPTER_ENTITY,2021,990,true,353495,410517,13439,0,13439,PROPUBLICA_API
630040605,TAU CHAPTER OF CHI PHI,LOCAL_CHAPTER_ENTITY,2021,990,true,912663,828117,107158,14449,92709,PROPUBLICA_API
580596934,PI KAPPA PHI FRATERNITY,LOCAL_CHAPTER_ENTITY,2021,990,true,571322,598181,118446,9876,108570,PROPUBLICA_API
630164600,PI KAPPA PHI FRATERNITY,LOCAL_CHAPTER_ENTITY,2021,990,true,1330449,1185928,681650,679754,1896,PROPUBLICA_API
630020370,KAPPA SIGMA FRATERNITY,LOCAL_CHAPTER_ENTITY,2021,990,true,726878,751194,76588,38652,37936,PROPUBLICA_API
630289642,KAPPA ALPHA ORDER,UNKNOWN,2021,990,true,1763688,1566723,325359,18021,307338,PROPUBLICA_API
581648136,IOTA ALUMNI OF PI KAPPA PHI INC,ALUMNI_CORPORATION,2021,990,true,152035,93755,862722,75633,787089,PROPUBLICA_API
430349090,THE ALPHA KAPPA CHAPTER OF THE KAPPA ALPHA FRATERNITY,LOCAL_CHAPTER_ENTITY,2021,990,true,-5897,67046,734744,21879,712865,PROPUBLICA_API
590641930,GAMMA IOTA CHAPTER OF ALPHA DELTA PI HOUSE CORPORATION,HOUSE_CORPORATION,2021,990,true,1632239,1397002,10908699,8672730,2235969,PROPUBLICA_API
386068594,ALPHA DELTA PHI INTERNATIONAL INC,UNKNOWN,2021,990,true,323877,269968,2916045,1312766,1603279,PROPUBLICA_API
351780304,PI KAPPA PHI INC,UNKNOWN,2021,990,true,554319,642297,1628060,386608,1241452,PROPUBLICA_API
630007530,ALPHA TAU OMEGA FRATERNITY,LOCAL_CHAPTER_ENTITY,2021,990,true,1484299,1707640,8463995,3437295,5026700,PROPUBLICA_API
581793975,ZETA IOTA CHAPTER OF ALPHA DELTA PI HOUSE CORPORATION,HOUSE_CORPORATION,2021,990,true,144188,106388,801147,266,800881,PROPUBLICA_API
630164580,PI KAPPA ALPHA FRATERNITY,LOCAL_CHAPTER_ENTITY,2021,990,true,1167019,1156275,185593,45248,140345,PROPUBLICA_API
474051390,DELTA SIGMA CHAPTER OF ALPHA DELTA PI HOUSE CORPORATION,HOUSE_CORPORATION,2021,990,true,1680797,1356440,1547847,25459,1522388,PROPUBLICA_API
630457980,BETA THETA PI FRATERNITY,LOCAL_CHAPTER_ENTITY,2021,990,true,1253377,1222491,333330,52131,281199,PROPUBLICA_API
630056950,DELTA CHI FRATERNITY,LOCAL_CHAPTER_ENTITY,2021,990,true,1080498,957830,590709,576330,14379,PROPUBLICA_API
630164090,PHI KAPPA SIGMA FRATERNITY,LOCAL_CHAPTER_ENTITY,2021,990,true,125997,146876,103451,0,103451,PROPUBLICA_API
546038429,PSI CHAPTER OF SIGMA CHI HOUSE CORP,HOUSE_CORPORATION,2021,990,true,-4103,18880,2296662,833896,1462766,PROPUBLICA_API
630188910,SIGMA DELTA TAU SOCIETY,UNKNOWN,2021,990EZ,true,162189,126876,95301,0,95301,PROPUBLICA_API
710245516,SIGMA CHI FRATERNITY,LOCAL_CHAPTER_ENTITY,2021,990,true,975548,855735,425671,10882,414789,PROPUBLICA_API
716061509,CHI OMEGA FRATERNITY,LOCAL_CHAPTER_ENTITY,2021,990,true,256519,303086,131764,0,131764,PROPUBLICA_API
812277045,SIGMA PHI EPSILON FRATERNITY INC,LOCAL_CHAPTER_ENTITY,2021,990,true,761377,777226,8917,0,8917,PROPUBLICA_API
710230717,PHI DELTA THETA FRATERNITY,LOCAL_CHAPTER_ENTITY,2021,990,true,416493,538933,161570,0,161570,PROPUBLICA_API
631006177,GAMMA ALPHA OF PI KAPPA ALPHA HOUSE CORPORATIONS,UNKNOWN,2021,990,true,150492,268816,4861282,3026608,1834674,PROPUBLICA_API
630289650,SIGMA CHI FRATERNITY,LOCAL_CHAPTER_ENTITY,2021,990,true,241026,237599,83892,0,83892,PROPUBLICA_API
462071035,ALABAMA BETA CHAPTER OF THE SIGMA PHI EPSILON FRATERNITY,LOCAL_CHAPTER_ENTITY,2021,990,true,963473,852289,123614,161,123453,PROPUBLICA_API
630188930,SIGMA NU FRATERNITY,LOCAL_CHAPTER_ENTITY,2021,990,true,934941,933707,99302,4096,95206,PROPUBLICA_API
272795242,DELTA CHI-UNIVERSITY OF ALABAMA CHAPTER HOUSE CORPORATION,HOUSE_CORPORATION,2021,990,true,418465,555514,4374656,3454148,920508,PROPUBLICA_API
590626226,SIGMA CHI FRATERNITY,LOCAL_CHAPTER_ENTITY,2021,990,true,555986,892176,453532,294145,159387,PROPUBLICA_API
630188940,SIGMA NU FRATERNITY,LOCAL_CHAPTER_ENTITY,2021,990,true,1203283,1303993,644782,650913,-6131,PROPUBLICA_API
716057345,DELTA DELTA DELTA FRATERNITY DELTA IOTA HOUSE CORP,HOUSE_CORPORATION,2021,990,true,1714935,1533289,15926703,12149152,3777551,PROPUBLICA_API
710237930,KAPPA SIGMA FRATERNITY,LOCAL_CHAPTER_ENTITY,2021,990EZ,true,127979,159158,52531,0,52531,PROPUBLICA_API
710296927,ALPHA DELTA PI SORORITY,LOCAL_CHAPTER_ENTITY,2021,990,true,1265725,1031614,12093091,9120896,2972195,PROPUBLICA_API
472160158,KAPPA ALPHA ORDER,UNKNOWN,2021,990,true,337358,430255,63761,0,63761,PROPUBLICA_API
710673722,KAPPA DELTA SORORITY,LOCAL_CHAPTER_ENTITY,2021,990,true,1756733,1833233,30948,12095,18853,PROPUBLICA_API
237114376,ARKANSAS PI BETA PHI HOUSE ASSOC,UNKNOWN,2021,990,true,972024,1233763,10510796,8246942,2263854,PROPUBLICA_API
636066478,GAMMA PHI BETA SORORITY INC,LOCAL_CHAPTER_ENTITY,2021,990,true,399957,328578,155936,0,155936,PROPUBLICA_API
237153933,SIGMA NU BUILDING BETA THETA CHAPTER,PROPERTY_HOLDING_ENTITY,2021,990,true,58942,0,972556,403829,568727,PROPUBLICA_API
636056644,PHI GAMMA DELTA FRATERNITY,LOCAL_CHAPTER_ENTITY,2021,990,true,913561,1147403,137295,0,137295,PROPUBLICA_API
636050289,CHI OMEGA FRATERNITY,LOCAL_CHAPTER_ENTITY,2021,990,true,312192,296880,185535,77721,107814,PROPUBLICA_API
636050218,ALPHA GAMMA DELTA FRATERNITY,LOCAL_CHAPTER_ENTITY,2021,990,true,448311,408562,373418,0,373418,PROPUBLICA_API
822367768,ALPHA UPSILON CHAPTER OF PHI GAMMA DELTA FRATERNITY HOUSE CORPO,LOCAL_CHAPTER_ENTITY,2021,990,true,486029,519329,6062372,3988672,2073700,PROPUBLICA_API
237226508,TAU KAPPA EPSILON FRATERNITY INC,LOCAL_CHAPTER_ENTITY,2021,990,true,370415,319685,870859,508911,361948,PROPUBLICA_API
593024291,SIGMA CHI FOUNDATION AT AUBURN UNIVERSITY INC,EDUCATIONAL_FOUNDATION,2021,990,true,58964,12335,410330,0,410330,PROPUBLICA_API
636061057,PI KAPPA ALPHA FRATERNITY,PROPERTY_HOLDING_ENTITY,2021,990,true,5719,1675,979030,534814,444216,PROPUBLICA_API
202472978,ALPHA TAU OMEGA FRATERNITY,LOCAL_CHAPTER_ENTITY,2021,990,true,0,0,9943,0,9943,PROPUBLICA_API
630289644,LAMBDA CHI ALPHA FRATERNITY INC,LOCAL_CHAPTER_ENTITY,2021,990,true,1045366,940063,363046,0,363046,PROPUBLICA_API
630454765,KAPPA ALPHA ORDER,UNKNOWN,2021,990,true,1084584,1021350,129058,0,129058,PROPUBLICA_API
630838676,CHI PHI FRATERNITY INC,LOCAL_CHAPTER_ENTITY,2021,990EZ,true,90020,130475,3317,0,3317,PROPUBLICA_API
630962722,DELTA CHI FRATERNITY,LOCAL_CHAPTER_ENTITY,2021,990,true,267469,261805,91939,1203,90736,PROPUBLICA_API
630837474,AUBURN DELTA CHI ALUMNI CONTROL BOARD INC,PROPERTY_HOLDING_ENTITY,2021,990,true,59286,20056,710615,114135,596480,PROPUBLICA_API
630164590,PI KAPPA PHI FRATERNITY,LOCAL_CHAPTER_ENTITY,2021,990,true,551125,454141,145933,0,145933,PROPUBLICA_API
630289649,SIGMA CHI FRATERNITY,LOCAL_CHAPTER_ENTITY,2021,990,true,443134,387613,121682,11000,110682,PROPUBLICA_API
264795406,PHI THETA CHAPTER HOUSE CORPORATION OF DELTA DELTA DELTA FRATERNITY,HOUSE_CORPORATION,2021,990EZ,true,45189,15943,136613,0,136613,PROPUBLICA_API
237091513,ALABAMA GAMMA OF PI BETA PHI HOUSE ASSOCIATION INCORPORATED,HOUSE_CORPORATION,2021,990EZ,true,40000,118802,171032,0,171032,PROPUBLICA_API
591755953,SIGMA ALPHA EPSILON FRATERNITY,LOCAL_CHAPTER_ENTITY,2021,990,true,119450,88145,536629,0,536629,PROPUBLICA_API
630164582,PI KAPPA ALPHA FRATERNITY,LOCAL_CHAPTER_ENTITY,2021,990,true,671054,629900,110505,0,110505,PROPUBLICA_API
590682455,ALPHA EPSILON PHI SORORITY,LOCAL_CHAPTER_ENTITY,2021,990,true,833732,838426,1599944,23934,1576010,PROPUBLICA_API
590638774,KAPPA DELTA SORORITY,LOCAL_CHAPTER_ENTITY,2021,990EZ,true,178333,149929,95088,0,95088,PROPUBLICA_API
636053862,KAPPA DELTA SORORITY,LOCAL_CHAPTER_ENTITY,2021,990,true,307603,325042,346430,39143,307287,PROPUBLICA_API
237044651,DELTA ZETA OF DELTA TAU INC,PROPERTY_HOLDING_ENTITY,2021,990,true,154860,83334,762063,345197,416866,PROPUBLICA_API
364817535,GAMMA PHI BETA SORORITY INC,LOCAL_CHAPTER_ENTITY,2021,990,true,364415,143824,464103,0,464103,PROPUBLICA_API
596153391,CHI OMEGA FRATERNITY,LOCAL_CHAPTER_ENTITY,2021,990,true,143028,174588,45748,0,45748,PROPUBLICA_API
590627917,BETA THETA PI FRATERNITY,LOCAL_CHAPTER_ENTITY,2021,990,true,182701,189530,1195,0,1195,PROPUBLICA_API
593350147,DELTA TAU DELTA FRATERNITY,LOCAL_CHAPTER_ENTITY,2021,990,true,681749,591269,158047,3637,154410,PROPUBLICA_API
591515489,THETA CHI FRATERNITY INC,LOCAL_CHAPTER_ENTITY,2021,990,true,1413077,1295756,3392354,1933015,1459339,PROPUBLICA_API
800830267,PI KAPPA PHI FRATERNITY,LOCAL_CHAPTER_ENTITY,2021,990,true,235397,235397,0,0,0,PROPUBLICA_API
590657429,ALPHA EPSILON PI FRATERNITY,LOCAL_CHAPTER_ENTITY,2021,990,true,282352,362062,21553,0,21553,PROPUBLICA_API
596141908,FLORIDA ALPHA ALUMNI OF SIGMA PHI EPSILON INC,ALUMNI_CORPORATION,2021,990,true,420936,506886,3799974,1626525,2173449,PROPUBLICA_API
453670908,PI KAPPA ALPHA FRATERNITY,LOCAL_CHAPTER_ENTITY,2021,990,true,275086,280989,2472,0,2472,PROPUBLICA_API
590628020,KAPPA ALPHA ORDER,UNKNOWN,2021,990,true,612434,590126,42777,0,42777,PROPUBLICA_API
596203032,PHI MU FRATERNITY,PROPERTY_HOLDING_ENTITY,2021,990,true,984218,877745,5028921,2300358,2728563,PROPUBLICA_API
581657154,GAMMA PHI BETA SORORITY INC,LOCAL_CHAPTER_ENTITY,2021,990,true,739996,747353,182797,0,182797,PROPUBLICA_API
592643047,FLORIDA DELTA OF PI BETA PHI HOUSE CORPORATION,HOUSE_CORPORATION,2021,990,true,363484,240184,1724487,494515,1229972,PROPUBLICA_API
454843177,ALPHA ALPHA DELTA OF CHI PSI ADVISORY BOARD INCORPORATED,UNKNOWN,2021,990EZ,true,60254,78335,4912,37556,-32644,PROPUBLICA_API
580585704,ALPHA GAMMA DELTA FRATERNITY,LOCAL_CHAPTER_ENTITY,2021,990,true,1129265,1239775,181336,0,181336,PROPUBLICA_API
596139328,BETA PI OF KAPPA DELTA HOUSE CORP,HOUSE_CORPORATION,2021,990,true,907802,830882,2251396,239548,2011848,PROPUBLICA_API
581909461,SIGMA PHI HOUSE CORPORATION OF KAPPA DELTA SORORITY A VIRGINIA,HOUSE_CORPORATION,2021,990,true,707807,634689,1017397,19407,997990,PROPUBLICA_API
581490431,GAMMA PHI BETA SORORITY INC,LOCAL_CHAPTER_ENTITY,2021,990,true,555365,548842,1236251,468226,768025,PROPUBLICA_API
580679938,SIGMA PI FRATERNITY INTERNATIONAL INC,NATIONAL_PARENT,2021,990,true,413788,328825,153160,0,153160,PROPUBLICA_API
586067925,KAPPA DELTA SORORITY,LOCAL_CHAPTER_ENTITY,2021,990,true,282202,240958,132652,14923,117729,PROPUBLICA_API
581025461,PHI GAMMA DELTA FRATERNITY,LOCAL_CHAPTER_ENTITY,2021,990,true,709379,718668,182884,3208,179676,PROPUBLICA_API
911981486,GEORGIA DELTA OF SIGMA PHI EPSILON INC,UNKNOWN,2021,990,true,466269,519900,155207,0,155207,PROPUBLICA_API
580590521,PI KAPPA ALPHA FRATERNITY,LOCAL_CHAPTER_ENTITY,2021,990,true,212956,325307,67378,0,67378,PROPUBLICA_API
272615266,PHI KAPPA TAU FRATERNITY,LOCAL_CHAPTER_ENTITY,2021,990,true,205201,188684,44442,0,44442,PROPUBLICA_API
580592772,ALPHA GAMMA RHO FRATERNITY,LOCAL_CHAPTER_ENTITY,2021,990,true,670789,427454,657329,0,657329,PROPUBLICA_API
586035098,ALPHA GAMMA RHO FRATERNITY,LOCAL_CHAPTER_ENTITY,2021,990,true,142254,89618,1433936,202689,1231247,PROPUBLICA_API
580587177,THETA CHI FRATERNITY INC,LOCAL_CHAPTER_ENTITY,2021,990,true,147375,102039,75003,20000,55003,PROPUBLICA_API
310909146,PHI KAPPA PSI-GEORGIA ALPHA CHAPTER,LOCAL_CHAPTER_ENTITY,2021,990EZ,true,64678,81770,6210,0,6210,PROPUBLICA_API
581847110,DELTA BETA ALUMNI OF THETA CHI INC,ALUMNI_CORPORATION,2021,990EZ,true,12730,166383,257151,591637,-334486,PROPUBLICA_API
580301953,KAPPA ALPHA ORDER,UNKNOWN,2021,990,true,609924,655531,100322,3500,96822,PROPUBLICA_API
580596852,LAMBDA CHI ALPHA FRATERNITY INC,LOCAL_CHAPTER_ENTITY,2021,990EZ,true,91967,141160,1,0,1,PROPUBLICA_API
580591246,TAU EPSILON PHI FRATERNITY,LOCAL_CHAPTER_ENTITY,2021,990,true,549904,467873,577664,200793,376871,PROPUBLICA_API
580560996,ALPHA EPSILON PI FRATERNITY,LOCAL_CHAPTER_ENTITY,2021,990,true,264595,333161,432020,122396,309624,PROPUBLICA_API
581743710,PHI MU FRATERNITY,LOCAL_CHAPTER_ENTITY,2021,990,true,701336,649090,2587361,239875,2347486,PROPUBLICA_API
581937914,SIGMA ALPHA EPSILON FRATERNITY,LOCAL_CHAPTER_ENTITY,2021,990,true,228863,222934,1366309,157912,1208397,PROPUBLICA_API
510234811,CHI OMEGA HOUSE CORPORATION MU BETA CHAPTER,HOUSE_CORPORATION,2021,990,true,679124,558207,1448527,585306,863221,PROPUBLICA_API
580574987,PI KAPPA PHI FRATERNITY,LOCAL_CHAPTER_ENTITY,2021,990,true,471821,476521,17832,0,17832,PROPUBLICA_API
580574873,CHI OMEGA FRATERNITY,LOCAL_CHAPTER_ENTITY,2021,990,true,1160943,1072108,217509,610,216899,PROPUBLICA_API
616034813,EPSILON OMEGA OF KAPPA DELTA HOUSE,PROPERTY_HOLDING_ENTITY,2021,990,true,308414,338808,811388,68630,742758,PROPUBLICA_API
580581459,SIGMA ALPHA EPSILON FRATERNITY,LOCAL_CHAPTER_ENTITY,2021,990,true,353952,454305,71003,0,71003,PROPUBLICA_API
580581268,DELTA TAU DELTA FRATERNITY,LOCAL_CHAPTER_ENTITY,2021,990,true,175094,163073,54551,0,54551,PROPUBLICA_API
616026148,CHI OMEGA FRATERNITY,LOCAL_CHAPTER_ENTITY,2021,990EZ,true,43036,38935,22037,0,22037,PROPUBLICA_API
616042960,KAPPA ALPHA ORDER,UNKNOWN,2021,990,true,195056,203971,3274,0,3274,PROPUBLICA_API
610469791,KAPPA DELTA SORORITY,LOCAL_CHAPTER_ENTITY,2021,990,true,271689,233498,79882,0,79882,PROPUBLICA_API
842992938,DELTA TAU DELTA FRATERNITY,LOCAL_CHAPTER_ENTITY,2021,990EZ,true,97804,101003,33380,0,33380,PROPUBLICA_API
620256693,KAPPA SIGMA FRATERNITY,LOCAL_CHAPTER_ENTITY,2021,990,true,237061,244565,2794,0,2794,PROPUBLICA_API
610446350,CHI OMEGA FRATERNITY,LOCAL_CHAPTER_ENTITY,2021,990,true,336386,378383,132857,0,132857,PROPUBLICA_API
352581363,PI KAPPA ALPHA FRATERNITY,LOCAL_CHAPTER_ENTITY,2021,990EZ,true,150569,144518,39985,1403,38582,PROPUBLICA_API
310905748,LAMBDA ALPHA OF CHI OMEGA HOUSE CORPORATION INCORPORATED,HOUSE_CORPORATION,2021,990,true,350150,344691,653554,293482,360072,PROPUBLICA_API
610444977,DELTA TAU DELTA FRATERNITY,LOCAL_CHAPTER_ENTITY,2021,990,true,240692,264555,85281,156,85125,PROPUBLICA_API
610448235,SIGMA NU FRATERNITY,LOCAL_CHAPTER_ENTITY,2021,990,true,318323,333088,21100,0,21100,PROPUBLICA_API
510164540,UPSILON KAPPA OF PHI GAMMA DELTA HOUSE CORP,HOUSE_CORPORATION,2021,990,true,112074,87979,581840,15039,566801,PROPUBLICA_API
616033534,DELTA TAU DELTA HOUSE CORP OF KY,HOUSE_CORPORATION,2021,990,true,284834,233373,2719910,484748,2235162,PROPUBLICA_API
611269807,DELTA SIGMA PHI FRATERNITY INC,LOCAL_CHAPTER_ENTITY,2021,990EZ,true,58485,72807,1389,0,1389,PROPUBLICA_API
610447633,SIGMA CHI FRATERNITY,LOCAL_CHAPTER_ENTITY,2021,990EZ,true,112887,99757,27524,0,27524,PROPUBLICA_API
611207339,PHI GAMMA DELTA FRATERNITY,LOCAL_CHAPTER_ENTITY,2021,990EZ,true,154010,163029,31087,0,31087,PROPUBLICA_API
620495178,TENNESSEE KAPPA CHAPTER OF SIGMA ALPHA EPSILON,LOCAL_CHAPTER_ENTITY,2021,990,true,377955,373932,56432,0,56432,PROPUBLICA_API
526036185,PHI GAMMA DELTA EDUCATIONAL FOUNDATION,EDUCATIONAL_FOUNDATION,2021,990,true,4153506,2174282,28007260,286496,27720764,PROPUBLICA_API
237359145,SIGMA PI FRATERNITY HOUSING CORP,HOUSE_CORPORATION,2021,990,true,45187,105353,682145,434345,247800,PROPUBLICA_API
721023591,DELTA CHI HOUSE CORPORATION,HOUSE_CORPORATION,2021,990,true,277484,220174,559286,433138,126148,PROPUBLICA_API
720603683,DELTA KAPPA OF ZETA TAU ALPHA HOUSE CORPORATION,HOUSE_CORPORATION,2021,990,true,320094,224220,957347,39767,917580,PROPUBLICA_API
726021413,CHI OMEGA FRATERNITY,LOCAL_CHAPTER_ENTITY,2021,990,true,1091178,899809,1579308,1483,1577825,PROPUBLICA_API
556028175,ALPHA GAMMA DELTA FRATERNITY,LOCAL_CHAPTER_ENTITY,2021,990,true,633151,597843,779667,0,779667,PROPUBLICA_API
720961914,DELTA CHI FRATERNITY,LOCAL_CHAPTER_ENTITY,2021,990,true,143609,232792,8995,0,8995,PROPUBLICA_API
720873120,ALPHA GAMMA RHO FRATERNITY,LOCAL_CHAPTER_ENTITY,2021,990,true,341454,321547,525535,0,525535,PROPUBLICA_API
726040902,LOUISIANA BETA OF PI BETA PHI HOUSE ASSOCIATION,HOUSE_CORPORATION,2021,990,true,740690,591628,1077096,12714,1064382,PROPUBLICA_API
576025458,KAPPA DELTA SORORITY,LOCAL_CHAPTER_ENTITY,2021,990,true,253108,177644,236402,1400,235002,PROPUBLICA_API
726027982,PI KAPPA ALPHA FRATERNITY,LOCAL_CHAPTER_ENTITY,2021,990,true,529067,566717,1805456,0,1805456,PROPUBLICA_API
720482627,PI KAPPA ALPHA FATERNITY,UNKNOWN,2021,990EZ,true,87000,85643,5412,0,5412,PROPUBLICA_API
237069145,DELTA OMEGA HOUSE CORPORATION OF DELTA DELTA DELTA FRATERNITY,HOUSE_CORPORATION,2021,990,true,310984,255867,2274699,13500,2261199,PROPUBLICA_API
813514137,OMEGA CHAPTER OF ALPHA DELTA PI HOUSE CORPORATION,HOUSE_CORPORATION,2021,990,true,744877,449268,709291,161538,547753,PROPUBLICA_API
720416943,KAPPA ALPHA ORDER,UNKNOWN,2021,990,true,536554,601494,68711,0,68711,PROPUBLICA_API
726027219,DELTA KAPPA HOUSE CORP KAPPA ALPHA THETA,HOUSE_CORPORATION,2021,990,true,233719,204051,1146286,454917,691369,PROPUBLICA_API
640868872,DELTA OMEGA CHAPTER HOUSE CORPORATION OF KAPPA DELTA,HOUSE_CORPORATION,2021,990,true,1426593,1170518,4134063,2724512,1409551,PROPUBLICA_API
852032822,SIGMA PHI EPSILON FRATERNITY INC,LOCAL_CHAPTER_ENTITY,2021,990,true,26298,13653,12645,0,12645,PROPUBLICA_API
861831306,LAMBDA ALPHA CHAPTER OF OMEGA PSI PHI FRATERNITY INC,LOCAL_CHAPTER_ENTITY,2021,990EZ,true,79160,14535,70132,0,70132,PROPUBLICA_API
726027878,KAPPA DELTA SORORITY,LOCAL_CHAPTER_ENTITY,2021,990,true,313583,213995,415177,0,415177,PROPUBLICA_API
640120597,KAPPA ALPHA ORDER,UNKNOWN,2021,990,true,444765,479459,8623,0,8623,PROPUBLICA_API
640390595,LAMBDA CHI ALPHA FRATERNITY INC,LOCAL_CHAPTER_ENTITY,2021,990,true,594809,556194,92516,15130,77386,PROPUBLICA_API
340435674,MISSISSIPPI STATE UNIVERSITY DELTA CHI BUILDING CORPORATION,HOUSE_CORPORATION,2021,990,true,123412,125426,677710,427405,250305,PROPUBLICA_API
436065825,SOCIETY OF BETA SIGMA PSI,UNKNOWN,2021,990,true,206196,210996,74626,93855,-19229,PROPUBLICA_API
475663599,EDUCATIONAL FOUNDATION OF THE ALPHA KAPPA CHAPTER OF THE KAPPA ALPHA,EDUCATIONAL_FOUNDATION,2021,990EZ,true,0,1250,110517,0,110517,PROPUBLICA_API
640310946,SIGMA ALPHA EPSILON FRATERNITY,LOCAL_CHAPTER_ENTITY,2021,990,true,319530,294606,124329,21350,102979,PROPUBLICA_API
646022216,PHI KAPPA TAU HOUSE CORP,HOUSE_CORPORATION,2021,990EZ,true,181485,137360,251096,0,251096,PROPUBLICA_API
436075111,SIGMA ALPHA EPSILON CLUB OF COLUMBIA MISSOURI,UNKNOWN,2021,990,true,376673,451543,4418524,2908896,1509628,PROPUBLICA_API
463509823,BETA BETA ALUMNI OF THE DELTA SIGMA PHI FRATERNITY,ALUMNI_CORPORATION,2021,990,true,510195,587376,2693905,1323096,1370809,PROPUBLICA_API
436059582,GAMMA PHI BETA SORORITY INC,LOCAL_CHAPTER_ENTITY,2021,990,true,1003478,1194833,8231574,6179489,2052085,PROPUBLICA_API
721523824,PHI MU FRATERNITY,LOCAL_CHAPTER_ENTITY,2021,990,true,796160,794216,2750729,1615880,1134849,PROPUBLICA_API
436050433,ALPHA PHI HOUSE CORPORATION BOARD- UNIVERSITY OF MISSOURI,HOUSE_CORPORATION,2021,990,true,948796,708405,3994517,1190237,2804280,PROPUBLICA_API
430456430,PHI DELTA THETA FRATERNITY,LOCAL_CHAPTER_ENTITY,2021,990,true,859654,800313,112960,0,112960,PROPUBLICA_API
430282880,GAMMA PHI BETA SORORITY INC,LOCAL_CHAPTER_ENTITY,2021,990EZ,true,127607,120400,195133,0,195133,PROPUBLICA_API
431098570,KAPPA DELTA SORORITY,LOCAL_CHAPTER_ENTITY,2021,990,true,205876,140652,299536,0,299536,PROPUBLICA_API
510245814,ALPHA GAMMA CHAPTER OF ALPHA DELTA PI HOUSE CORP,HOUSE_CORPORATION,2021,990,true,1138566,1277212,3242431,3360062,-117631,PROPUBLICA_API
430214640,CHI OMEGA FRATERNITY,LOCAL_CHAPTER_ENTITY,2021,990,true,146522,133841,107761,37552,70209,PROPUBLICA_API
436031386,DELTA XI BLDG CORP OF DELTA DELTA DELTA,UNKNOWN,2021,990,true,539402,570600,4098376,2623309,1475067,PROPUBLICA_API
237180149,PHI DELTA THETA CLUB OF COLUMBIA MISSOURI,UNKNOWN,2021,990,true,340560,357918,3215771,3203282,12489,PROPUBLICA_API
436052949,RHO ALPHA OF CHI OMEGA INC,PROPERTY_HOLDING_ENTITY,2021,990,true,803262,929173,4849710,2123057,2726653,PROPUBLICA_API
430156640,ALPHA GAMMA RHO FRATERNITY,LOCAL_CHAPTER_ENTITY,2021,990,true,600899,588032,105541,46400,59141,PROPUBLICA_API
436052133,ALPHA GAMMA RHO BUILDING ASSOCIATION,HOUSE_CORPORATION,2021,990,true,442579,361463,1753847,93367,1660480,PROPUBLICA_API
900767327,KAPPA SIGMA FRATERNITY,LOCAL_CHAPTER_ENTITY,2021,990,true,294668,288829,47530,0,47530,PROPUBLICA_API
436061869,ALPHA CHI OMEGA HOUSE CORP FOR ALPHA NU CHAPTER,HOUSE_CORPORATION,2021,990,true,286752,257480,3500913,629922,2870991,PROPUBLICA_API
436052199,BETA THETA PI FRATERNITY,LOCAL_CHAPTER_ENTITY,2021,990,true,1239104,1370512,141014,185654,-44640,PROPUBLICA_API
736100261,SIGMA CHI FRATERNITY,LOCAL_CHAPTER_ENTITY,2021,990,true,572045,599559,1627553,937341,690212,PROPUBLICA_API
431080165,KAPPA KAPPA GAMMA HOUSE CORP OF COLUMBIA,HOUSE_CORPORATION,2021,990,true,1231283,1261830,8034319,5344062,2690257,PROPUBLICA_API
730580030,DELTA TAU DELTA FRATERNITY,LOCAL_CHAPTER_ENTITY,2021,990,true,203528,218590,36583,0,36583,PROPUBLICA_API
237432859,SIGMA NU FRATERNITY,LOCAL_CHAPTER_ENTITY,2021,990,true,865939,894625,153973,4282,149691,PROPUBLICA_API
900353708,THETA CHI FRATERNITY UNIVERSITY OF MISSOURI IOTA MU CHAPTER,LOCAL_CHAPTER_ENTITY,2021,990,true,322132,397926,10224,0,10224,PROPUBLICA_API
430519030,SIGMA NU HOUSE CORPORATION,HOUSE_CORPORATION,2021,990,true,1524112,407306,6376547,2700000,3676547,PROPUBLICA_API
464496506,RHO CHAPTER SIGMA NU EDUCATIONAL FOUNDATION,EDUCATIONAL_FOUNDATION,2021,990,true,47000,29000,37813,0,37813,PROPUBLICA_API
237330439,BETA THETA PI CLUB OF COLUMBIA MISSOURI,UNKNOWN,2021,990,true,619200,177052,16020998,1600000,14420998,PROPUBLICA_API
475168633,ALPHA SIGMA PHI FRATERNITY INC,LOCAL_CHAPTER_ENTITY,2021,990EZ,true,96115,65442,71048,0,71048,PROPUBLICA_API
320535538,PI KAPPA ALPHA FRATERNITY,LOCAL_CHAPTER_ENTITY,2021,990,true,807519,794948,69431,2631,66800,PROPUBLICA_API
446013887,DELTA TAU DELTA ASSOCIATION OF COLUNBIA MO,UNKNOWN,2021,990,true,591585,524891,7877592,5242396,2635196,PROPUBLICA_API
730583070,LAMBDA CHI ALPHA FRATERNITY INC,LOCAL_CHAPTER_ENTITY,2021,990,true,525174,674465,40783,0,40783,PROPUBLICA_API
430240451,DELTA TAU DELTA FRATERNITY,LOCAL_CHAPTER_ENTITY,2021,990,true,1056102,989706,531491,77230,454261,PROPUBLICA_API
730589378,TRUSTEES OF OKLAHOMA ALPHA CHAPTER OF PI BETA PHI FRATERNITY INC,LOCAL_CHAPTER_ENTITY,2021,990,true,476994,496163,1667863,2221,1665642,PROPUBLICA_API
300407306,BETA KAPPA OF SIGMA CHI WHITE CROSS FOUNDATION,EDUCATIONAL_FOUNDATION,2021,990PF,true,8267,31723,269221,1,269220,PROPUBLICA_API
311128130,PHI KAPPA PSI FRATERNITY,LOCAL_CHAPTER_ENTITY,2021,990EZ,true,107104,151904,13544,0,13544,PROPUBLICA_API
730582839,BETA THETA PI FRATERNITY,LOCAL_CHAPTER_ENTITY,2021,990,true,912561,957330,336235,51408,284827,PROPUBLICA_API
730181175,CHI OMEGA FRATERNITY,LOCAL_CHAPTER_ENTITY,2021,990,true,330265,369894,47324,22198,25126,PROPUBLICA_API
730589443,PHI GAMMA DELTA FRATERNITY,LOCAL_CHAPTER_ENTITY,2021,990,true,784708,801501,13217,0,13217,PROPUBLICA_API
731440348,ALPHA PHI LUCY FINNERTY EDUCATIONAL FUND,UNKNOWN,2021,990PF,true,22885,51623,504029,1,504028,PROPUBLICA_API
640307103,PHI MU FRATERNITY,LOCAL_CHAPTER_ENTITY,2021,990,true,1320820,1108607,4585237,587142,3998095,PROPUBLICA_API
736103379,BETA THETA PI CORPORATION OF OKLA,UNKNOWN,2021,990,true,1215535,1097314,8254146,1285616,6968530,PROPUBLICA_API
646027408,MISSISSIPPI BETA OF PI BETA PHI HOUSE ASSOCIATION INC,HOUSE_CORPORATION,2021,990,true,879769,366294,6832237,1872989,4959248,PROPUBLICA_API
510178981,GAMMA PHI BETA SORORITY INC,LOCAL_CHAPTER_ENTITY,2021,990,true,890005,950607,140860,0,140860,PROPUBLICA_API
640330884,KAPPA DELTA SORORITY,LOCAL_CHAPTER_ENTITY,2021,990,true,426562,307161,47791,0,47791,PROPUBLICA_API
731233879,BUILDING ASSOCIATION OF THE EPSILON ALPHA CHAPT CHI OMEGA FRATERNITY,HOUSE_CORPORATION,2021,990,true,1411195,1066414,7545232,885157,6660075,PROPUBLICA_API
640315255,SIGMA CHI FRATERNITY ETA CHAPTER,LOCAL_CHAPTER_ENTITY,2021,990,true,1092671,822418,3489875,2618715,871160,PROPUBLICA_API
640717329,DELTA DELTA DELTA NATIONAL HOUSE CORPORATION,HOUSE_CORPORATION,2021,990,true,684841,752542,9446373,5455880,3990493,PROPUBLICA_API
640304773,SIGMA NU FRATERNITY,LOCAL_CHAPTER_ENTITY,2021,990,true,1473658,1079197,3367694,0,3367694,PROPUBLICA_API
730579972,GAMMA PHI BETA SORORITY INC,LOCAL_CHAPTER_ENTITY,2021,990,true,979634,1063714,1971563,23542,1948021,PROPUBLICA_API
832574778,EPSILON XI CHAPTER OF SIGMA NU FRATERNITY CHARITY BOWL INC,LOCAL_CHAPTER_ENTITY,2021,990PF,true,125375,197450,10600,1,10599,PROPUBLICA_API
237229883,MISSISSIPPI ALPHA CHAPTER HOUSE CORPORATION OF PHI DELTA THETA FRA,HOUSE_CORPORATION,2021,990,true,156574,150198,1769085,700335,1068750,PROPUBLICA_API
570811123,ETA GAMMA CHAPTER OF CHI OMEGA FRATERNITY HOUSING CORPORATION,HOUSE_CORPORATION,2021,990,true,1137608,821986,6231355,0,6231355,PROPUBLICA_API
576029840,SIGMA NU FRATERNITY,LOCAL_CHAPTER_ENTITY,2021,990EZ,true,167580,134725,32855,0,32855,PROPUBLICA_API
237160987,TAU OF CHI OMEGA FRATERNITY HOUSE CORPORATION,HOUSE_CORPORATION,2021,990,true,1403283,1024987,5820284,253423,5566861,PROPUBLICA_API
640307108,CHI OMEGA FRATERNITY,LOCAL_CHAPTER_ENTITY,2021,990,true,272795,291382,109018,0,109018,PROPUBLICA_API
237432869,MISSISSIPPI GAMMA HOUSE ASSN OF SIGMA ALPHA EPSILON,HOUSE_CORPORATION,2021,990,true,36041,12590,971990,298664,673326,PROPUBLICA_API
640315254,SIGMA ALPHA EPSILON FRATERNITY,LOCAL_CHAPTER_ENTITY,2021,990EZ,true,142135,245037,170972,214105,-43133,PROPUBLICA_API
640412138,ALPHA TAU OMEGA FRATERNITY,LOCAL_CHAPTER_ENTITY,2021,990,true,706886,735284,102083,3417,98666,PROPUBLICA_API
582279145,RHO CHAPTER KAPPA ALPHA HOUSING CORPORATION,HOUSE_CORPORATION,2021,990,true,445629,332128,917782,82282,835500,PROPUBLICA_API
640308935,PHI DELTA THETA FRATERNITY,LOCAL_CHAPTER_ENTITY,2021,990,true,1012231,934594,1271566,139921,1131645,PROPUBLICA_API
576025618,SC ALPHA CHAPTER OF SIGMA PHI EPSILON FRATERNITY,LOCAL_CHAPTER_ENTITY,2021,990EZ,true,158458,172228,48849,5431,43418,PROPUBLICA_API
576033523,KAPPA ALPHA ORDER,UNKNOWN,2021,990,true,211750,232554,27447,0,27447,PROPUBLICA_API
237128453,LAMBDA CHI ALPHA FRATERNITY INC,LOCAL_CHAPTER_ENTITY,2021,990,true,0,0,740,0,740,PROPUBLICA_API
237219356,KAPPA KAPPA GAMMA FRATERNITY INC,LOCAL_CHAPTER_ENTITY,2021,990,true,2034426,1319866,14773235,10190636,4582599,PROPUBLICA_API
237145973,SIGMA ALPHA EPSILON SOUTH CAROLINA DELTA CHAPTER,LOCAL_CHAPTER_ENTITY,2021,990,true,183448,170524,125654,6583,119071,PROPUBLICA_API
383878997,ALPHA GAMMA DELTA FRATERNITY,LOCAL_CHAPTER_ENTITY,2021,990,true,234056,343234,212656,0,212656,PROPUBLICA_API
570742538,CHI OMEGA FRATERNITY,LOCAL_CHAPTER_ENTITY,2021,990,true,254200,219984,169978,0,169978,PROPUBLICA_API
741132046,KAPPA ALPHA ORDER,UNKNOWN,2021,990,true,836642,937441,92249,0,92249,PROPUBLICA_API
464828091,LAMBDA THETA HOUSE CORPORATION OF PHI MU FRATERNITY,HOUSE_CORPORATION,2021,990,true,1000507,830891,3399537,2222545,1176992,PROPUBLICA_API
201554454,GAMMA PHI BETA SORORITY INC,LOCAL_CHAPTER_ENTITY,2021,990,true,276852,211850,180691,0,180691,PROPUBLICA_API
576027420,PI KAPPA ALPHA FRATERNITY,LOCAL_CHAPTER_ENTITY,2021,990,true,232794,265788,90258,4060,86198,PROPUBLICA_API
626111214,KAPPA SIGMA FRATERNITY,PROPERTY_HOLDING_ENTITY,2021,990,true,135953,205993,537240,0,537240,PROPUBLICA_API
626075139,EPSILON ETA CHAPTER OF SIGMA NU FRATERNITY,LOCAL_CHAPTER_ENTITY,2021,990,true,318993,326249,24867,0,24867,PROPUBLICA_API
742188211,SIGMA PHI EPSILON EDUCATION FOUNDATION OF TEXAS ALPHA,EDUCATIONAL_FOUNDATION,2021,990EZ,true,50634,78474,426532,534292,-107760,PROPUBLICA_API
741130608,PHI GAMMA DELTA FRATERNITY,LOCAL_CHAPTER_ENTITY,2021,990,true,2288684,2165607,1382605,808467,574138,PROPUBLICA_API
621414737,BETA SIGMA OF SIGMA CHI HOUSE CORPORATION,HOUSE_CORPORATION,2021,990,true,238633,132254,1405724,934179,471545,PROPUBLICA_API
626042374,DELTA SIGMA HOUSE CORPORATION OF DELTA DELTA DELTA,HOUSE_CORPORATION,2021,990,true,426871,364513,4422904,2942657,1480247,PROPUBLICA_API
371916316,PHI GAMMA DELTA FRATERNITY,LOCAL_CHAPTER_ENTITY,2021,990,true,236039,215650,50388,0,50388,PROPUBLICA_API
741130614,SIGMA PHI EPSILON FRATERNITY INC,LOCAL_CHAPTER_ENTITY,2021,990,true,1110777,1194079,199211,0,199211,PROPUBLICA_API
626047671,KAPPA DELTA SORORITY,LOCAL_CHAPTER_ENTITY,2021,990,true,424816,390537,237401,73815,163586,PROPUBLICA_API
621386377,PI CHAPTER CHI OMEGA FRATERNITY HOUSE CORP,HOUSE_CORPORATION,2021,990,true,420836,433411,489965,3784,486181,PROPUBLICA_API
626047975,CHI OMEGA FRATERNITY,LOCAL_CHAPTER_ENTITY,2021,990EZ,true,170035,183695,65003,0,65003,PROPUBLICA_API
237150072,PHI DELTA THETA FRATERNITY TENNESSEE GAMMA CHAPTER,LOCAL_CHAPTER_ENTITY,2021,990EZ,true,119487,110730,17754,0,17754,PROPUBLICA_API
626045032,ALPHA DELTA PI HOUSE CORP ALPHA KAPPA,HOUSE_CORPORATION,2021,990,true,675053,713822,1760651,91186,1669465,PROPUBLICA_API
741116912,SIGMA CHI FRATERNITY,LOCAL_CHAPTER_ENTITY,2021,990,true,378325,374770,31987,0,31987,PROPUBLICA_API
742831564,ZETA BETA TAU FRATERNITY,LOCAL_CHAPTER_ENTITY,2021,990,true,1404251,1470965,485070,20069,465001,PROPUBLICA_API
746047117,BUILDING CORPORATION OF DELTA CHAPTER OF ALPHA DELTA PI,HOUSE_CORPORATION,2021,990,true,944684,782646,1377036,358226,1018810,PROPUBLICA_API
746084213,CHI OMEGA FRATERNITY IOTA CHAPTER UNIV OF TX AT AUSTIN,LOCAL_CHAPTER_ENTITY,2021,990,true,292291,265064,81863,0,81863,PROPUBLICA_API
743004321,TEXAS DELTA CHI HOUSING CORP,HOUSE_CORPORATION,2021,990,true,41746,5629,489649,0,489649,PROPUBLICA_API
741130611,SIGMA ALPHA EPSILON FRATERNITY,LOCAL_CHAPTER_ENTITY,2021,990,true,1319713,1317201,676452,314938,361514,PROPUBLICA_API
740555581,CHI OMEGA FRATERNITY,LOCAL_CHAPTER_ENTITY,2021,990,true,939147,1031172,2213163,100888,2112275,PROPUBLICA_API
510165062,CHI OMEGA FRATERNITY,LOCAL_CHAPTER_ENTITY,2021,990,true,342250,426988,185680,23196,162484,PROPUBLICA_API
741493205,KAPPA CHAPTER OF ZETA TAU ALPHA HOUSE CORPORATION,HOUSE_CORPORATION,2021,990,true,138584,87645,2661165,0,2661165,PROPUBLICA_API
746060984,TEXAS ALPHA HOUSE CORPORATION OF PI BETA PHI,HOUSE_CORPORATION,2021,990,true,630619,589477,3883153,4851,3878302,PROPUBLICA_API
740481786,ALPHA EPSILON PHI SORORITY OMEGA CHAPTER,LOCAL_CHAPTER_ENTITY,2021,990,true,288130,215839,373768,15127,358641,PROPUBLICA_API
510207538,SIGMA CHI FRATERNITY,LOCAL_CHAPTER_ENTITY,2021,990,true,515445,519547,50853,0,50853,PROPUBLICA_API
742155975,SIGMA EPSILON OF KAPPA DELTA HOUSE CORP,HOUSE_CORPORATION,2021,990,true,1039990,678854,2686800,1363064,1323736,PROPUBLICA_API
741932980,XI KAPPA OF CHI OMEGA HOUSE CORP,HOUSE_CORPORATION,2021,990,true,627758,573290,2046832,26185,2020647,PROPUBLICA_API
834409140,LAMBDA CHI ALPHA FRATERNITY INC,LOCAL_CHAPTER_ENTITY,2021,990EZ,true,56124,46297,13083,0,13083,PROPUBLICA_API
134264657,GAMMA PHI BETA SORORITY INC,LOCAL_CHAPTER_ENTITY,2021,990,true,258504,200303,169708,0,169708,PROPUBLICA_API
732350514,TEXAS ETA CHAPTER OF PI BETA PHI HOUSE CORPORATION,HOUSE_CORPORATION,2021,990,true,228657,322788,1149826,294370,855456,PROPUBLICA_API
741219941,BETA XI OF KAPPA KAPPA GAMMA HOUSE ASSOCIATION,HOUSE_CORPORATION,2021,990,true,1403573,1120465,4502596,1498982,3003614,PROPUBLICA_API
742205939,KAPPA DELTA SORORITY,LOCAL_CHAPTER_ENTITY,2021,990,true,257099,260711,125841,49564,76277,PROPUBLICA_API
742930349,ETA ALPHA HOUSE CORPORATION OF KAPPA DELTA SORORITY,HOUSE_CORPORATION,2021,990,true,805648,666028,1202604,776361,426243,PROPUBLICA_API
810575553,PHI GAMMA DELTA FRATERNITY,LOCAL_CHAPTER_ENTITY,2021,990,true,321629,370279,30003,0,30003,PROPUBLICA_API
742205743,KAPPA ALPHA ORDER,UNKNOWN,2021,990,true,353800,377668,62459,0,62459,PROPUBLICA_API
273674898,PI KAPPA ALPHA FRATERNITY,LOCAL_CHAPTER_ENTITY,2021,990,true,341676,342127,2572,0,2572,PROPUBLICA_API
530209696,OMEGA PSI PHI FRATERNITY,NATIONAL_PARENT,2021,990,true,10814723,6348146,14117221,805015,13312206,PROPUBLICA_API
741116922,DELTA TAU DELTA FRATERNITY,LOCAL_CHAPTER_ENTITY,2021,990,true,988062,1030520,327045,2646,324399,PROPUBLICA_API
621218011,ALPHA DELTA PI HOUSE CORPORATION,HOUSE_CORPORATION,2021,990,true,88060,92655,609354,2312,607042,PROPUBLICA_API
746082351,DELTA TAU DELTA BUILDING ASSN,PROPERTY_HOLDING_ENTITY,2021,990,true,713770,60702,2526120,129594,2396526,PROPUBLICA_API
621793998,KAPPA DELTA SORORITY,LOCAL_CHAPTER_ENTITY,2021,990,true,422579,351311,93212,41588,51624,PROPUBLICA_API
626074044,CHI OMEGA FRATERNITY,LOCAL_CHAPTER_ENTITY,2021,990EZ,true,27566,67010,251894,0,251894,PROPUBLICA_API
742244833,DELTA TAU DELTA FRATERNITY,LOCAL_CHAPTER_ENTITY,2021,990,true,342516,348562,34797,0,34797,PROPUBLICA_API
530261012,ZETA PHI BETA SORORITY INC,NATIONAL_PARENT,2021,990,true,7582963,5173424,20915125,1254273,19660852,PROPUBLICA_API
362426170,GAMMA PHI BETA SORORITY INC,NATIONAL_PARENT,2021,990,true,12580713,9180690,30119252,10725843,19393409,PROPUBLICA_API
237279516,NASHVILLE ALUMNI CHAPTER KAPPA ALPHA PSI FRATERNITY INC,ALUMNI_CORPORATION,2021,990EZ,true,48741,9228,39513,0,39513,PROPUBLICA_API
473151737,PI KAPPA ALPHA FRATERNITY,LOCAL_CHAPTER_ENTITY,2021,990EZ,true,48606,29204,46002,0,46002,PROPUBLICA_API
010158948,SIGMA KAPPA SORORITY,NATIONAL_PARENT,2021,990,true,4492742,3230908,12855783,6422504,6433279,PROPUBLICA_API
815056843,TAMU BETA THETA PI MOMS CLUB,UNKNOWN,2021,990EZ,true,48185,78966,1529,0,1529,PROPUBLICA_API
621466616,BETA TAU HOUSE CORPORATION OF KAPPA DELTA SORORITY,HOUSE_CORPORATION,2021,990EZ,true,9447,68508,255954,5352,250602,PROPUBLICA_API
621771326,PHI BETA SIGMA FRATERNITY-ETA BETA SIGMA CHAPTER INCORPORATED,LOCAL_CHAPTER_ENTITY,2021,990,true,76050,62492,45822,0,45822,PROPUBLICA_API
621781729,ZETA PHI BETA SORORITY INC PI ZETA CHAPTER,LOCAL_CHAPTER_ENTITY,2021,990EZ,true,27237,17271,60200,0,60200,PROPUBLICA_API
626047662,KAPPA DELTA SORORITY,LOCAL_CHAPTER_ENTITY,2021,990EZ,true,58660,53973,184724,0,184724,PROPUBLICA_API
381543609,SIGMA ALPHA IOTA FRATERNITY,NATIONAL_PARENT,2021,990,true,565424,722302,1327375,172728,1154647,PROPUBLICA_API
430765719,THETA TAU,NATIONAL_PARENT,2021,990,true,942429,688282,3702198,14393,3687805,PROPUBLICA_API
310406470,PHI DELTA THETA FRATERNITY,NATIONAL_PARENT,2021,990,true,4412028,3627446,6761726,1301564,5460162,PROPUBLICA_API
310851686,CHI OMEGA FRATERNITY,NATIONAL_PARENT,2021,990,true,8118821,5279766,23405079,921136,22483943,PROPUBLICA_API
350141875,ALPHA CHI OMEGA FRATERNITY INC,NATIONAL_PARENT,2021,990,true,13329196,12556626,26899041,17914122,8984919,PROPUBLICA_API
361996950,ZETA TAU ALPHA INTL FRATERNITY & FRATERNITY HOUSING CORPORATION,NATIONAL_PARENT,2021,990,true,10659852,7811887,39911070,12018292,27892778,PROPUBLICA_API
221281800,SIGMA PI FRATERNITY INTERNATIONAL,NATIONAL_PARENT,2021,990,true,2792860,2381011,3588432,324520,3263912,PROPUBLICA_API
221550561,ALPHA GAMMA DELTA FRATERNITY,NATIONAL_PARENT,2021,990,true,5358447,4497210,14017560,7738430,6279130,PROPUBLICA_API
131306360,SIGMA ALPHA MU FRATERNITY INC,NATIONAL_PARENT,2021,990,true,2477421,2184427,8869460,3609145,5260315,PROPUBLICA_API
362362161,PHI KAPPA PSI FRATERNITY,NATIONAL_PARENT,2021,990,true,1978142,2551586,1977593,476541,1501052,PROPUBLICA_API
210577978,THETA CHI FRATERNITY INC,NATIONAL_PARENT,2021,990,true,3961142,4508192,7978485,2425050,5553435,PROPUBLICA_API
382900287,PHI SIGMA RHO NATIONAL SORORITY,NATIONAL_PARENT,2021,990,true,423331,432566,580201,0,580201,PROPUBLICA_API
314164901,DELTA GAMMA FRATERNITY,NATIONAL_PARENT,2021,990,true,6513268,4353470,18010557,943237,17067320,PROPUBLICA_API
620533776,PHI MU FRATERNITY,NATIONAL_PARENT,2021,990,true,6223059,3050330,29811184,10516321,19294863,PROPUBLICA_API
350459180,LAMBDA CHI ALPHA FRATERNITY INC,NATIONAL_PARENT,2021,990,true,6798372,6463370,7623862,3085791,4538071,PROPUBLICA_API
350267650,DELTA TAU DELTA FRATERNITY,NATIONAL_PARENT,2021,990,true,4556192,4844337,14513907,2103744,12410163,PROPUBLICA_API
530125862,PHI GAMMA DELTA FRATERNITY,NATIONAL_PARENT,2021,990,true,4851750,4760537,17901999,63141,17838858,PROPUBLICA_API
131496630,ZETA PSI FRATERNITY OF NORTH AMERICA,NATIONAL_PARENT,2021,990,true,859417,889383,567186,256862,310324,PROPUBLICA_API
730593444,KAPPA KAPPA PSI FRATERNITY,NATIONAL_PARENT,2021,990,true,1077862,708048,2157742,381721,1776021,PROPUBLICA_API
362077508,ALPHA PHI INTERNATIONAL FRATERNITY INC,NATIONAL_PARENT,2021,990,true,8792323,6928191,51722997,28122254,23600743,PROPUBLICA_API
430689936,SIGMA TAU GAMMA FRATERNITY,NATIONAL_PARENT,2021,990,true,4200972,3959585,5269847,4116387,1153460,PROPUBLICA_API
361773950,SIGMA ALPHA EPSILON FRATERNITY,NATIONAL_PARENT,2021,990,true,5964943,5109114,12660934,2985103,9675831,PROPUBLICA_API
580191430,CHI PHI FRATERNITY INC,NATIONAL_PARENT,2021,990,true,1353690,1157720,1700100,220302,1479798,PROPUBLICA_API
430769468,ALPHA EPSILON PI FRATERNITY INC,NATIONAL_PARENT,2021,990,true,16627619,14902753,3360862,540020,2820842,PROPUBLICA_API
570340150,PI KAPPA PHI FRATERNITY,NATIONAL_PARENT,2021,990,true,5049018,5441957,8164146,4670390,3493756,PROPUBLICA_API
440500006,KAPPA DELTA SORORITY INC,NATIONAL_PARENT,2021,990,true,8907974,5072066,73203784,7137430,66066354,PROPUBLICA_API
580310956,KAPPA ALPHA ORDER,NATIONAL_PARENT,2021,990,true,4144809,3888962,4686105,3406557,1279548,PROPUBLICA_API
362152330,ALPHA KAPPA ALPHA SORORITY INC,NATIONAL_PARENT,2021,990,true,32008594,26368008,69493289,19617830,49875459,PROPUBLICA_API
130604310,DELTA KAPPA EPSILON FRATERNITY,NATIONAL_PARENT,2021,990,true,1399945,1542008,1260781,272273,988508,PROPUBLICA_API
370464584,PI BETA PHI FRATERNITY,NATIONAL_PARENT,2021,990,true,8037988,5678621,49850196,4391250,45458946,PROPUBLICA_API
311353726,DELTA ZETA NATIONAL HOUSING CORPORATION,NATIONAL_PARENT,2021,990,true,14864356,18038516,85414389,29677653,55736736,PROPUBLICA_API
314359813,ALPHA SIGMA PHI FRATERNITY INC,NATIONAL_PARENT,2021,990,true,3578190,3241474,4417023,500082,3916941,PROPUBLICA_API
361305568,KAPPA ALPHA THETA FRATERNITY,NATIONAL_PARENT,2021,990,true,6231540,6620461,36703318,22954681,13748637,PROPUBLICA_API
310531047,BETA THETA PI FRATERNITY,NATIONAL_PARENT,2021,990,true,4935313,4626794,10511977,3087371,7424606,PROPUBLICA_API
314221880,KAPPA KAPPA GAMMA FRATERNITY INC,NATIONAL_PARENT,2021,990,true,7022790,5738853,13768290,1867247,11901043,PROPUBLICA_API
580638489,ALPHA DELTA PI SORORITY,NATIONAL_PARENT,2021,990,true,5173067,3447549,14886621,2090814,12795807,PROPUBLICA_API
310406478,PHI KAPPA TAU FRATERNITY,NATIONAL_PARENT,2021,990,true,1428402,1339606,4344718,1175791,3168927,PROPUBLICA_API
370152140,ALPHA TAU OMEGA FRATERNITY,NATIONAL_PARENT,2021,990,true,5875141,4744056,3377708,1891224,1486484,PROPUBLICA_API
362374316,DELTA DELTA DELTA,NATIONAL_PARENT,2021,990,true,12423380,9033047,15299454,3292552,12006902,PROPUBLICA_API
620458346,PI KAPPA ALPHA FRATERNITY,NATIONAL_PARENT,2021,990EZ,true,0,0,1,0,1,PROPUBLICA_API
530215218,DELTA SIGMA THETA SORORITY INC,NATIONAL_PARENT,2021,990,true,17762087,15613501,54155945,24090367,30065578,PROPUBLICA_API
361773960,SIGMA CHI FRATERNITY,NATIONAL_PARENT,2021,990,true,5433402,5250356,15309047,2023399,13285648,PROPUBLICA_API
370152080,ALPHA GAMMA RHO FRATERNITY,NATIONAL_PARENT,2021,990,true,2096286,2229093,6754024,1677656,5076368,PROPUBLICA_API
230967790,PHI KAPPA SIGMA FRATERNITY GRAND CHAPTER,NATIONAL_PARENT,2021,990,true,672429,769437,1429454,193781,1235673,PROPUBLICA_API
300174261,TAU KAPPA EPSILON FRATERNITY INC,NATIONAL_PARENT,2021,990,true,4214488,4985539,6073760,1902022,4171738,PROPUBLICA_API
730654150,SIGMA SIGMA SIGMA INC,NATIONAL_PARENT,2021,990,true,3198114,2464869,10505705,3733664,6772041,PROPUBLICA_API
620950113,ALPHA OMICRON PI FRATERNITY INC,NATIONAL_PARENT,2021,990,true,7259741,4855263,36308552,4040400,32268152,PROPUBLICA_API
840405009,DELTA SIGMA PHI FRATERNITY INC NATIONAL HEADQUARTERS,NATIONAL_PARENT,2021,990,true,3358349,3548633,2436004,1154590,1281414,PROPUBLICA_API
420212285,DELTA CHI FRATERNITY,NATIONAL_PARENT,2021,990,true,4180621,2516842,13269476,897690,12371786,PROPUBLICA_API
540628798,SIGMA NU FRATERNITY INC,NATIONAL_PARENT,2021,990,true,5465107,5346242,9755185,1830755,7924430,PROPUBLICA_API
540379370,SIGMA PHI EPSILON FRATERNITY INC,NATIONAL_PARENT,2021,990,true,7894444,7973017,70284165,47495636,22788529,PROPUBLICA_API
431971836,DELTA PHI EPSILON SORORITY INC,NATIONAL_PARENT,2021,990,true,2233543,2038073,2908015,1658236,1249779,PROPUBLICA_API
223530740,LAMBDA THETA ALPHA,NATIONAL_PARENT,2021,990,true,421051,365124,1847962,1110,1846852,PROPUBLICA_API
562163357,THETA NU XI MULTICULTURAL SORORITY INCORPORATED,NATIONAL_PARENT,2021,990EZ,true,65482,70210,351598,0,351598,PROPUBLICA_API
386089059,CHI PSI FRATERNITY,NATIONAL_PARENT,2021,990,true,1508418,1379088,4012394,2342862,1669532,PROPUBLICA_API
231500981,THE GRAND CHAPTER OF PHI SIGMA KAPPA,NATIONAL_PARENT,2021,990,true,1907074,1627237,1615009,198636,1416373,PROPUBLICA_API
131368460,TAU EPSILON PHI FRATERNITY INC,NATIONAL_PARENT,2021,990,true,251983,422547,774419,57706,716713,PROPUBLICA_API
362024274,SIGMA DELTA TAU SOCIETY,NATIONAL_PARENT,2021,990,true,2079644,2038925,6061750,902656,5159094,PROPUBLICA_API
352103442,ALPHA XI DELTA NATIONAL HOUSING CORPORATION INC,NATIONAL_PARENT,2021,990,true,2245488,2418397,12387552,4467660,7919892,PROPUBLICA_API
042200265,PHI KAPPA THETA FRATERNITY,NATIONAL_PARENT,2021,990,true,614964,551175,411197,287868,123329,PROPUBLICA_API
350868356,PHI DELTA THETA FRATERNITY,LOCAL_CHAPTER_ENTITY,2020,990,true,231744,194454,40212,8413,31799,PROPUBLICA_API
592339079,PHI DELTA THETA FRATERNITY,LOCAL_CHAPTER_ENTITY,2020,990,true,879953,859742,319266,343958,-24692,PROPUBLICA_API
593282583,PHI DELTA THETA CHAPTER HOUSE ASSOCIATION INC,HOUSE_CORPORATION,2020,990,true,380312,356017,1069995,1613708,-543713,PROPUBLICA_API
630164075,PHI DELTA THETA FRATERNITY,LOCAL_CHAPTER_ENTITY,2020,990,true,231858,205854,14130,0,14130,PROPUBLICA_API
631053272,PHI DELTA THETA FRATERNITY,LOCAL_CHAPTER_ENTITY,2020,990,true,774688,1026565,6053337,4242635,1810702,PROPUBLICA_API
630893932,PHI MU HOUSE CORPORATION,HOUSE_CORPORATION,2020,990,true,3762853,2945467,17932023,5284865,12647158,PROPUBLICA_API
640723232,KAPPA ALPHA CHAPTER OF PHI MU FRATERNITY HOUSE CORPORATION,HOUSE_CORPORATION,2020,990,true,1387841,1165813,8472018,4530882,3941136,PROPUBLICA_API
596135388,CHI OMEGA HOUSING CORPORATION,HOUSE_CORPORATION,2020,990,true,1030702,782228,3552284,233896,3318388,PROPUBLICA_API
636091968,THE NU BETA CHAPTER OF THE CHI OMEGA HOUSE ASSOCIATION INC,HOUSE_CORPORATION,2020,990,true,3422007,2420101,14802860,7096392,7706468,PROPUBLICA_API
636050290,CHI OMEGA FRATERNITY,LOCAL_CHAPTER_ENTITY,2020,990,true,550583,1042861,79665,0,79665,PROPUBLICA_API
640392826,CHI OMEGA FRATERNITY,LOCAL_CHAPTER_ENTITY,2020,990,true,313539,288999,185642,0,185642,PROPUBLICA_API
264170711,UNIVERSITY OF ALABAMA CHAPTER OF SIGMA PI FRATERNITY HOUSING,LOCAL_CHAPTER_ENTITY,2020,990,true,750494,661283,3080538,2569041,511497,PROPUBLICA_API
371866424,SIGMA PI MISSISSIPPI HOUSE CORPORATION,HOUSE_CORPORATION,2020,990,true,493430,614157,587830,366136,221694,PROPUBLICA_API
636103404,PHI GAMMA DELTA FRATERNITY,LOCAL_CHAPTER_ENTITY,2020,990,true,258467,170997,3160721,0,3160721,PROPUBLICA_API
560548249,PHI GAMMA DELTA FRATERNITY,LOCAL_CHAPTER_ENTITY,2020,990,true,323891,340880,46614,0,46614,PROPUBLICA_API
630164080,PHI GAMMA DELTA FRATERNITY,LOCAL_CHAPTER_ENTITY,2020,990,true,1250791,1213875,98540,40536,58004,PROPUBLICA_API
586074021,PHI KAPPA THETA FRATERNITY,LOCAL_CHAPTER_ENTITY,2020,990EZ,true,117109,111742,28073,16837,11236,PROPUBLICA_API
420467540,PHI KAPPA PSI FRATERNITY,LOCAL_CHAPTER_ENTITY,2020,990,true,442926,457761,29316,0,29316,PROPUBLICA_API
936036290,PHI KAPPA PSI FRATERNITY,LOCAL_CHAPTER_ENTITY,2020,990,true,414087,411199,99305,0,99305,PROPUBLICA_API
630289653,THETA CHI FRATERNITY INC,LOCAL_CHAPTER_ENTITY,2020,990,true,1249567,1196342,170973,52193,118780,PROPUBLICA_API
237109085,ALPHA PHI ZETA HOUSE CORPORATION OF LAMBDA CHI ALPHA FRATERNITY,HOUSE_CORPORATION,2020,990,true,313166,307576,3763254,2567082,1196172,PROPUBLICA_API
380293927,SIGMA KAPPA CORPORATION,UNKNOWN,2020,990,true,540373,502314,1942545,4029,1938516,PROPUBLICA_API
237235595,ALPHA GAMMA DELTA FRATERNITY,LOCAL_CHAPTER_ENTITY,2020,990,true,1233852,739333,12083076,5652444,6430632,PROPUBLICA_API
320257409,BETA MU HOUSE CORP OF ALPHA PHI INTERNATIONAL FRATERNITY INC,HOUSE_CORPORATION,2020,990,true,3792956,3191769,15300534,9540763,5759771,PROPUBLICA_API
941367157,ALPHA PHI BUILDING CORPORATION,HOUSE_CORPORATION,2020,990,true,913666,794383,2851505,22572,2828933,PROPUBLICA_API
630007510,ALPHA GAMMA DELTA FRATERNITY,LOCAL_CHAPTER_ENTITY,2020,990,true,3211733,2142659,2493357,0,2493357,PROPUBLICA_API
451298367,UNIVERSITY OF ALABAMA CHAPTER OF THETA CHI HOUSING CORPORATION,HOUSE_CORPORATION,2020,990,true,310675,421473,6893992,4552720,2341272,PROPUBLICA_API
630056965,DELTA KAPPA EPSILON COUNCIL,UNKNOWN,2020,990,true,1440267,1533805,202067,167571,34496,PROPUBLICA_API
621370853,GAMMA PHI BETA SORORITY,LOCAL_CHAPTER_ENTITY,2020,990,true,411296,346532,191182,0,191182,PROPUBLICA_API
631004292,GAMMA PHI BETA SORORITY INC,LOCAL_CHAPTER_ENTITY,2020,990,true,1915589,2186098,14686564,10498019,4188545,PROPUBLICA_API
630818055,ALABAMA BETA OF PI BETA PHI HOUSE ASSOCIATION INCORPORATED,HOUSE_CORPORATION,2020,990,true,2652242,2673506,16696962,14242620,2454342,PROPUBLICA_API
630980702,KAPPA DELTA SORORITY,LOCAL_CHAPTER_ENTITY,2020,990,true,3962278,3344805,17998619,7742182,10256437,PROPUBLICA_API
630733120,ZETA BETA TAU FRATERNITY,LOCAL_CHAPTER_ENTITY,2020,990,true,435212,385856,4842685,2766927,2075758,PROPUBLICA_API
630120537,LAMBDA CHI ALPHA FRATERNITY INC,LOCAL_CHAPTER_ENTITY,2020,990,true,913347,1026243,-5698,58689,-64387,PROPUBLICA_API
630115520,KAPPA DELTA SORORITY,LOCAL_CHAPTER_ENTITY,2020,990,true,616392,591417,544737,208104,336633,PROPUBLICA_API
237114590,EPSILON CHI ZETA HOUSE CORPORATION OF LAMBDA CHI ALPHA FRATERNITY,HOUSE_CORPORATION,2020,990,true,218436,259275,3008429,2707950,300479,PROPUBLICA_API
630233975,ZETA BETA TAU FRATERNITY,LOCAL_CHAPTER_ENTITY,2020,990,true,1041356,1003216,126056,21165,104891,PROPUBLICA_API
566062593,DELTA KAPPA EPSILON COUNCIL,UNKNOWN,2020,990,true,597243,491230,166722,29565,137157,PROPUBLICA_API
630188870,SIGMA ALPHA EPSILON FRATERNITY,LOCAL_CHAPTER_ENTITY,2020,990,true,469580,376942,64910,25105,39805,PROPUBLICA_API
636049922,HOUSE BOARD OF GAMMA PI OF KAPPA KAPPA GAMMA,UNKNOWN,2020,990,true,3545317,3143091,18542288,9334425,9207863,PROPUBLICA_API
631030493,PSI OF DELTA KAPPA EPSILON HOUSE CORPORATION OF UNIVERSITY ALABAMA,HOUSE_CORPORATION,2020,990,true,868369,584167,5004194,518765,4485429,PROPUBLICA_API
593078421,KAPPA ALPHA HOUSING ASSOCIATION OF FLORIDA INC,UNKNOWN,2020,990EZ,true,123700,116162,212283,5091,207192,PROPUBLICA_API
741132044,KAPPA SIGMA FRATERNITY,LOCAL_CHAPTER_ENTITY,2020,990,true,502079,513571,70461,0,70461,PROPUBLICA_API
630040605,TAU CHAPTER OF CHI PHI,LOCAL_CHAPTER_ENTITY,2020,990,true,761462,784869,31132,22969,8163,PROPUBLICA_API
580596934,PI KAPPA PHI FRATERNITY,LOCAL_CHAPTER_ENTITY,2020,990,true,548919,543628,383914,248485,135429,PROPUBLICA_API
630164600,PI KAPPA PHI FRATERNITY,LOCAL_CHAPTER_ENTITY,2020,990,true,1043623,1188138,717175,859800,-142625,PROPUBLICA_API
630020370,KAPPA SIGMA FRATERNITY,LOCAL_CHAPTER_ENTITY,2020,990,true,975670,985044,142312,80060,62252,PROPUBLICA_API
630289642,KAPPA ALPHA ORDER,UNKNOWN,2020,990,true,1747747,1640337,248590,138217,110373,PROPUBLICA_API
581648136,IOTA ALUMNI OF PI KAPPA PHI INC,ALUMNI_CORPORATION,2020,990,true,92010,146483,843674,114865,728809,PROPUBLICA_API
430349090,THE ALPHA KAPPA CHAPTER OF THE KAPPA ALPHA FRATERNITY,LOCAL_CHAPTER_ENTITY,2020,990,true,67841,71821,827925,21933,805992,PROPUBLICA_API
590641930,GAMMA IOTA CHAPTER OF ALPHA DELTA PI HOUSE CORPORATION,HOUSE_CORPORATION,2020,990,true,853226,481431,7348881,5348149,2000732,PROPUBLICA_API
386068594,ALPHA DELTA PHI INTERNATIONAL INC,UNKNOWN,2020,990,true,425497,304791,3015659,1466289,1549370,PROPUBLICA_API
630057000,DELTA TAU DELTA FRATERNITY,LOCAL_CHAPTER_ENTITY,2020,990,true,785901,748407,164776,29803,134973,PROPUBLICA_API
351780304,PI KAPPA PHI INC,UNKNOWN,2020,990,true,796837,762837,1835016,505586,1329430,PROPUBLICA_API
630007530,ALPHA TAU OMEGA FRATERNITY,LOCAL_CHAPTER_ENTITY,2020,990,true,1510322,1530815,8758259,3508218,5250041,PROPUBLICA_API
581793975,ZETA IOTA CHAPTER OF ALPHA DELTA PI HOUSE CORPORATION,HOUSE_CORPORATION,2020,990,true,130508,71724,778975,15894,763081,PROPUBLICA_API
474051390,DELTA SIGMA CHAPTER OF ALPHA DELTA PI HOUSE CORPORATION,HOUSE_CORPORATION,2020,990,true,1560164,1373509,121534,1731,119803,PROPUBLICA_API
630457980,BETA THETA PI FRATERNITY,LOCAL_CHAPTER_ENTITY,2020,990,true,1296760,1243684,314159,63846,250313,PROPUBLICA_API
630056950,DELTA CHI FRATERNITY,LOCAL_CHAPTER_ENTITY,2020,990,true,907559,994155,24229,132518,-108289,PROPUBLICA_API
630164090,PHI KAPPA SIGMA FRATERNITY,LOCAL_CHAPTER_ENTITY,2020,990,true,130825,327312,124330,0,124330,PROPUBLICA_API
546038429,PSI CHAPTER OF SIGMA CHI HOUSE CORP,HOUSE_CORPORATION,2020,990,true,102101,15707,1504272,18523,1485749,PROPUBLICA_API
630188910,SIGMA DELTA TAU SOCIETY,UNKNOWN,2020,990,true,219929,250055,59988,0,59988,PROPUBLICA_API
716061509,CHI OMEGA FRATERNITY,LOCAL_CHAPTER_ENTITY,2020,990,true,329244,330323,178331,0,178331,PROPUBLICA_API
812277045,SIGMA PHI EPSILON FRATERNITY INC,LOCAL_CHAPTER_ENTITY,2020,990,true,883336,911585,44666,19900,24766,PROPUBLICA_API
710230717,PHI DELTA THETA FRATERNITY,LOCAL_CHAPTER_ENTITY,2020,990,true,600771,562883,284010,0,284010,PROPUBLICA_API
630164580,PI KAPPA ALPHA FRATERNITY,LOCAL_CHAPTER_ENTITY,2020,990,true,1262418,1257171,154743,25142,129601,PROPUBLICA_API
631006177,GAMMA ALPHA OF PI KAPPA ALPHA HOUSE CORPORATIONS,UNKNOWN,2020,990,true,310557,368937,4973964,3020966,1952998,PROPUBLICA_API
630289650,SIGMA CHI FRATERNITY,LOCAL_CHAPTER_ENTITY,2020,990,true,233358,210373,80465,0,80465,PROPUBLICA_API
462071035,ALABAMA BETA CHAPTER OF THE SIGMA PHI EPSILON FRATERNITY,LOCAL_CHAPTER_ENTITY,2020,990,true,812264,802445,12430,545,11885,PROPUBLICA_API
630188930,SIGMA NU FRATERNITY,LOCAL_CHAPTER_ENTITY,2020,990,true,867998,852798,95515,1543,93972,PROPUBLICA_API
272795242,DELTA CHI-UNIVERSITY OF ALABAMA CHAPTER HOUSE CORPORATION,HOUSE_CORPORATION,2020,990,true,986324,1001262,4433624,3376067,1057557,PROPUBLICA_API
590626226,SIGMA CHI FRATERNITY,LOCAL_CHAPTER_ENTITY,2020,990,true,612779,543776,489460,1215,488245,PROPUBLICA_API
630188940,SIGMA NU FRATERNITY,LOCAL_CHAPTER_ENTITY,2020,990,true,1195614,1173000,176911,82332,94579,PROPUBLICA_API
716057345,DELTA DELTA DELTA FRATERNITY DELTA IOTA HOUSE CORP,HOUSE_CORPORATION,2020,990,true,804853,1526402,17411655,13815750,3595905,PROPUBLICA_API
710237930,KAPPA SIGMA FRATERNITY,LOCAL_CHAPTER_ENTITY,2020,990,true,257354,225794,83710,0,83710,PROPUBLICA_API
710296927,ALPHA DELTA PI SORORITY,LOCAL_CHAPTER_ENTITY,2020,990,true,639335,328339,10075521,7337437,2738084,PROPUBLICA_API
472160158,KAPPA ALPHA ORDER,UNKNOWN,2020,990,true,684549,610650,156658,0,156658,PROPUBLICA_API
710673722,KAPPA DELTA SORORITY,LOCAL_CHAPTER_ENTITY,2020,990,true,1641250,1634110,96126,773,95353,PROPUBLICA_API
237114376,ARKANSAS PI BETA PHI HOUSE ASSOC,UNKNOWN,2020,990,true,824476,1159440,10870930,8345337,2525593,PROPUBLICA_API
636066478,GAMMA PHI BETA SORORITY INC,LOCAL_CHAPTER_ENTITY,2020,990,true,391889,433912,83731,0,83731,PROPUBLICA_API
237153933,SIGMA NU BUILDING BETA THETA CHAPTER,PROPERTY_HOLDING_ENTITY,2020,990,true,51011,0,983446,473661,509785,PROPUBLICA_API
636056644,PHI GAMMA DELTA FRATERNITY,LOCAL_CHAPTER_ENTITY,2020,990,true,1008169,690514,371137,0,371137,PROPUBLICA_API
636050289,CHI OMEGA FRATERNITY,LOCAL_CHAPTER_ENTITY,2020,990,true,340378,352755,189178,96676,92502,PROPUBLICA_API
636050218,ALPHA GAMMA DELTA FRATERNITY,LOCAL_CHAPTER_ENTITY,2020,990,true,532107,506946,333669,0,333669,PROPUBLICA_API
822367768,ALPHA UPSILON CHAPTER OF PHI GAMMA DELTA FRATERNITY HOUSE CORPO,LOCAL_CHAPTER_ENTITY,2020,990,true,511160,68357,3171533,1064533,2107000,PROPUBLICA_API
237226508,TAU KAPPA EPSILON FRATERNITY INC,LOCAL_CHAPTER_ENTITY,2020,990,true,329636,291743,843390,532172,311218,PROPUBLICA_API
471944189,ALPHA SIGMA PHI FRATERNITY INC,LOCAL_CHAPTER_ENTITY,2020,990N,false,,,,,,PROPUBLICA_API
593024291,SIGMA CHI FOUNDATION AT AUBURN UNIVERSITY INC,EDUCATIONAL_FOUNDATION,2020,990,true,45785,1289,363701,0,363701,PROPUBLICA_API
636061057,PI KAPPA ALPHA FRATERNITY,PROPERTY_HOLDING_ENTITY,2020,990,true,8525,1650,1006314,566142,440172,PROPUBLICA_API
202472978,ALPHA TAU OMEGA FRATERNITY,LOCAL_CHAPTER_ENTITY,2020,990,true,699959,704853,9943,0,9943,PROPUBLICA_API
630289644,LAMBDA CHI ALPHA FRATERNITY INC,LOCAL_CHAPTER_ENTITY,2020,990,true,1110110,982407,257743,0,257743,PROPUBLICA_API
630454765,KAPPA ALPHA ORDER,UNKNOWN,2020,990,true,892868,944261,65824,0,65824,PROPUBLICA_API
630838676,CHI PHI FRATERNITY INC,LOCAL_CHAPTER_ENTITY,2020,990EZ,true,141815,126177,43772,0,43772,PROPUBLICA_API
630164590,PI KAPPA PHI FRATERNITY,LOCAL_CHAPTER_ENTITY,2020,990,true,418394,429443,48949,0,48949,PROPUBLICA_API
630289649,SIGMA CHI FRATERNITY,LOCAL_CHAPTER_ENTITY,2020,990,true,345919,320947,66161,11000,55161,PROPUBLICA_API
630837474,AUBURN DELTA CHI ALUMNI CONTROL BOARD INC,PROPERTY_HOLDING_ENTITY,2020,990,true,65189,26217,686400,129047,557353,PROPUBLICA_API
264795406,PHI THETA CHAPTER HOUSE CORPORATION OF DELTA DELTA DELTA FRATERNITY,HOUSE_CORPORATION,2020,990EZ,true,39557,37187,107367,0,107367,PROPUBLICA_API
237091513,ALABAMA GAMMA OF PI BETA PHI HOUSE ASSOCIATION INCORPORATED,HOUSE_CORPORATION,2020,990EZ,true,40487,26256,249834,0,249834,PROPUBLICA_API
590639987,SIGMA ALPHA EPSILON FRATERNITY,LOCAL_CHAPTER_ENTITY,2020,990,true,644891,607008,165906,845,165061,PROPUBLICA_API
591755953,SIGMA ALPHA EPSILON FRATERNITY,LOCAL_CHAPTER_ENTITY,2020,990,true,90017,64870,505324,0,505324,PROPUBLICA_API
630164582,PI KAPPA ALPHA FRATERNITY,LOCAL_CHAPTER_ENTITY,2020,990,true,604363,576792,69351,0,69351,PROPUBLICA_API
590682455,ALPHA EPSILON PHI SORORITY,LOCAL_CHAPTER_ENTITY,2020,990,true,912204,795451,1656767,76063,1580704,PROPUBLICA_API
590638774,KAPPA DELTA SORORITY,LOCAL_CHAPTER_ENTITY,2020,990,true,264358,241660,207687,0,207687,PROPUBLICA_API
636053862,KAPPA DELTA SORORITY,LOCAL_CHAPTER_ENTITY,2020,990,true,431569,377817,389841,45352,344489,PROPUBLICA_API
237044651,DELTA ZETA OF DELTA TAU INC,PROPERTY_HOLDING_ENTITY,2020,990,true,155860,79333,724773,379433,345340,PROPUBLICA_API
364817535,GAMMA PHI BETA SORORITY INC,LOCAL_CHAPTER_ENTITY,2020,990,true,327137,264188,243512,0,243512,PROPUBLICA_API
596153391,CHI OMEGA FRATERNITY,LOCAL_CHAPTER_ENTITY,2020,990,true,269341,251194,77308,0,77308,PROPUBLICA_API
590627917,BETA THETA PI FRATERNITY,LOCAL_CHAPTER_ENTITY,2020,990,true,319991,320081,8024,0,8024,PROPUBLICA_API
593350147,DELTA TAU DELTA FRATERNITY,LOCAL_CHAPTER_ENTITY,2020,990,true,670998,621604,64344,414,63930,PROPUBLICA_API
582412093,CHI PSI FRATERNITY,LOCAL_CHAPTER_ENTITY,2020,990EZ,true,135743,140180,11992,0,11992,PROPUBLICA_API
591515489,THETA CHI FRATERNITY INC,LOCAL_CHAPTER_ENTITY,2020,990,true,1532085,1422476,3308379,1966362,1342017,PROPUBLICA_API
203675713,CHI PHI FRATERNITY,LOCAL_CHAPTER_ENTITY,2020,990,true,510403,551235,48769,468,48301,PROPUBLICA_API
273189738,SIGMA CHI FRATERNITY AT UNIVERSITY OF FLORIDA INC,LOCAL_CHAPTER_ENTITY,2020,990N,false,,,,,,PROPUBLICA_API
436049304,KAPPA ALPHA ORDER,UNKNOWN,2020,990,true,4,3369,60896,0,60896,PROPUBLICA_API
590657429,ALPHA EPSILON PI FRATERNITY,LOCAL_CHAPTER_ENTITY,2020,990,true,667789,619754,101263,0,101263,PROPUBLICA_API
596141908,FLORIDA ALPHA ALUMNI OF SIGMA PHI EPSILON INC,ALUMNI_CORPORATION,2020,990,true,510988,508366,3899271,1639872,2259399,PROPUBLICA_API
453670908,PI KAPPA ALPHA FRATERNITY,LOCAL_CHAPTER_ENTITY,2020,990,true,364619,357333,8375,0,8375,PROPUBLICA_API
590628020,KAPPA ALPHA ORDER,UNKNOWN,2020,990,true,472889,466104,20469,0,20469,PROPUBLICA_API
596203032,PHI MU FRATERNITY,PROPERTY_HOLDING_ENTITY,2020,990,true,1315436,1041130,5304598,2682508,2622090,PROPUBLICA_API
581657154,GAMMA PHI BETA SORORITY INC,LOCAL_CHAPTER_ENTITY,2020,990,true,243980,243181,190154,0,190154,PROPUBLICA_API
592643047,FLORIDA DELTA OF PI BETA PHI HOUSE CORPORATION,HOUSE_CORPORATION,2020,990,true,393361,293387,1628296,521624,1106672,PROPUBLICA_API
454843177,ALPHA ALPHA DELTA OF CHI PSI ADVISORY BOARD INCORPORATED,UNKNOWN,2020,990EZ,true,34102,38132,22993,37556,-14563,PROPUBLICA_API
580585704,ALPHA GAMMA DELTA FRATERNITY,LOCAL_CHAPTER_ENTITY,2020,990,true,1193620,1085771,291846,0,291846,PROPUBLICA_API
596139328,BETA PI OF KAPPA DELTA HOUSE CORP,HOUSE_CORPORATION,2020,990,true,815116,892496,2180213,245285,1934928,PROPUBLICA_API
581909461,SIGMA PHI HOUSE CORPORATION OF KAPPA DELTA SORORITY A VIRGINIA,HOUSE_CORPORATION,2020,990,true,679154,652354,972792,47920,924872,PROPUBLICA_API
581490431,GAMMA PHI BETA SORORITY INC,LOCAL_CHAPTER_ENTITY,2020,990,true,616759,496227,1274404,512902,761502,PROPUBLICA_API
580679938,SIGMA PI FRATERNITY INTERNATIONAL INC,NATIONAL_PARENT,2020,990,true,304759,306209,68197,0,68197,PROPUBLICA_API
581025461,PHI GAMMA DELTA FRATERNITY,LOCAL_CHAPTER_ENTITY,2020,990,true,788878,716136,190318,1353,188965,PROPUBLICA_API
580582498,MU CHAPTER OF SIGMA NU FRATERNITY,LOCAL_CHAPTER_ENTITY,2020,990EZ,true,136369,147583,17717,0,17717,PROPUBLICA_API
911981486,GEORGIA DELTA OF SIGMA PHI EPSILON INC,UNKNOWN,2020,990,true,346060,326959,208868,0,208868,PROPUBLICA_API
580590521,PI KAPPA ALPHA FRATERNITY,LOCAL_CHAPTER_ENTITY,2020,990,true,292306,219461,179729,0,179729,PROPUBLICA_API
580592772,ALPHA GAMMA RHO FRATERNITY,LOCAL_CHAPTER_ENTITY,2020,990,true,451578,332072,413994,0,413994,PROPUBLICA_API
586035098,ALPHA GAMMA RHO FRATERNITY,LOCAL_CHAPTER_ENTITY,2020,990,true,115500,75603,1428611,250000,1178611,PROPUBLICA_API
580587177,THETA CHI FRATERNITY INC,LOCAL_CHAPTER_ENTITY,2020,990EZ,true,12166,85298,9667,0,9667,PROPUBLICA_API
310909146,PHI KAPPA PSI-GEORGIA ALPHA CHAPTER,LOCAL_CHAPTER_ENTITY,2020,990EZ,true,93661,80188,23302,0,23302,PROPUBLICA_API
581847110,DELTA BETA ALUMNI OF THETA CHI INC,ALUMNI_CORPORATION,2020,990EZ,true,176662,256499,455556,636390,-180834,PROPUBLICA_API
580301953,KAPPA ALPHA ORDER,UNKNOWN,2020,990,true,541268,463684,145929,3500,142429,PROPUBLICA_API
580596852,LAMBDA CHI ALPHA FRATERNITY INC,LOCAL_CHAPTER_ENTITY,2020,990,true,382288,428249,49193,0,49193,PROPUBLICA_API
580591246,TAU EPSILON PHI FRATERNITY,LOCAL_CHAPTER_ENTITY,2020,990,true,479875,526334,502044,207205,294839,PROPUBLICA_API
580560996,ALPHA EPSILON PI FRATERNITY,LOCAL_CHAPTER_ENTITY,2020,990,true,409212,373601,500586,122396,378190,PROPUBLICA_API
580574897,SIGMA CHI FRATERNITY,LOCAL_CHAPTER_ENTITY,2020,990,true,713256,713355,2500,0,2500,PROPUBLICA_API
581743710,PHI MU FRATERNITY,LOCAL_CHAPTER_ENTITY,2020,990,true,718121,657975,2348447,53206,2295241,PROPUBLICA_API
581937914,SIGMA ALPHA EPSILON FRATERNITY,LOCAL_CHAPTER_ENTITY,2020,990,true,206096,242172,1403080,200612,1202468,PROPUBLICA_API
580574987,PI KAPPA PHI FRATERNITY,LOCAL_CHAPTER_ENTITY,2020,990,true,331791,337162,22532,0,22532,PROPUBLICA_API
580574873,CHI OMEGA FRATERNITY,LOCAL_CHAPTER_ENTITY,2020,990,true,945983,935761,128674,610,128064,PROPUBLICA_API
616034813,EPSILON OMEGA OF KAPPA DELTA HOUSE,PROPERTY_HOLDING_ENTITY,2020,990,true,378940,327136,874641,101489,773152,PROPUBLICA_API
580581459,SIGMA ALPHA EPSILON FRATERNITY,LOCAL_CHAPTER_ENTITY,2020,990,true,722782,622561,175883,4527,171356,PROPUBLICA_API
580581268,DELTA TAU DELTA FRATERNITY,LOCAL_CHAPTER_ENTITY,2020,990,true,217266,176220,42530,0,42530,PROPUBLICA_API
510234811,CHI OMEGA HOUSE CORPORATION MU BETA CHAPTER,HOUSE_CORPORATION,2020,990,true,519137,641891,1280317,538013,742304,PROPUBLICA_API
616026148,CHI OMEGA FRATERNITY,LOCAL_CHAPTER_ENTITY,2020,990EZ,true,49458,42946,17936,0,17936,PROPUBLICA_API
616042960,KAPPA ALPHA ORDER,UNKNOWN,2020,990,true,212642,233750,12189,0,12189,PROPUBLICA_API
610469791,KAPPA DELTA SORORITY,LOCAL_CHAPTER_ENTITY,2020,990,true,238641,232113,41691,0,41691,PROPUBLICA_API
620256693,KAPPA SIGMA FRATERNITY,LOCAL_CHAPTER_ENTITY,2020,990,true,352224,365612,10298,0,10298,PROPUBLICA_API
610446350,CHI OMEGA FRATERNITY,LOCAL_CHAPTER_ENTITY,2020,990,true,464685,402831,174854,0,174854,PROPUBLICA_API
352581363,PI KAPPA ALPHA FRATERNITY,LOCAL_CHAPTER_ENTITY,2020,990EZ,true,129831,111400,36473,3942,32531,PROPUBLICA_API
310905748,LAMBDA ALPHA OF CHI OMEGA HOUSE CORPORATION INCORPORATED,HOUSE_CORPORATION,2020,990,true,397297,365654,707193,352580,354613,PROPUBLICA_API
610444977,DELTA TAU DELTA FRATERNITY,LOCAL_CHAPTER_ENTITY,2020,990,true,285583,195615,108988,0,108988,PROPUBLICA_API
610448235,SIGMA NU FRATERNITY,LOCAL_CHAPTER_ENTITY,2020,990,true,332417,353666,35865,0,35865,PROPUBLICA_API
616033534,DELTA TAU DELTA HOUSE CORP OF KY,HOUSE_CORPORATION,2020,990,true,102167,126580,2693502,509801,2183701,PROPUBLICA_API
611269807,DELTA SIGMA PHI FRATERNITY INC,LOCAL_CHAPTER_ENTITY,2020,990EZ,true,170792,157590,15710,0,15710,PROPUBLICA_API
610447633,SIGMA CHI FRATERNITY,LOCAL_CHAPTER_ENTITY,2020,990EZ,true,118660,107171,14394,0,14394,PROPUBLICA_API
611207339,PHI GAMMA DELTA FRATERNITY,LOCAL_CHAPTER_ENTITY,2020,990EZ,true,105826,74197,40106,0,40106,PROPUBLICA_API
510164540,UPSILON KAPPA OF PHI GAMMA DELTA HOUSE CORP,HOUSE_CORPORATION,2020,990,true,78719,52877,557745,15039,542706,PROPUBLICA_API
620495178,TENNESSEE KAPPA CHAPTER OF SIGMA ALPHA EPSILON,LOCAL_CHAPTER_ENTITY,2020,990,true,446630,478658,52409,0,52409,PROPUBLICA_API
526036185,PHI GAMMA DELTA EDUCATIONAL FOUNDATION,EDUCATIONAL_FOUNDATION,2020,990,true,2559162,1874068,21590521,307557,21282964,PROPUBLICA_API
237359145,SIGMA PI FRATERNITY HOUSING CORP,HOUSE_CORPORATION,2020,990,true,105360,84736,711272,455675,255597,PROPUBLICA_API
721023591,DELTA CHI HOUSE CORPORATION,HOUSE_CORPORATION,2020,990,true,223593,176750,515215,446377,68838,PROPUBLICA_API
616042959,KAPPA ALPHA ORDER,UNKNOWN,2020,990EZ,true,50212,44494,6996,0,6996,PROPUBLICA_API
611120060,SIGMA PI FRATERNITY INTERNATIONAL INC,NATIONAL_PARENT,2020,990N,false,,,,,,PROPUBLICA_API
720603683,DELTA KAPPA OF ZETA TAU ALPHA HOUSE CORPORATION,HOUSE_CORPORATION,2020,990,true,287873,221550,903171,80073,823098,PROPUBLICA_API
726021413,CHI OMEGA FRATERNITY,LOCAL_CHAPTER_ENTITY,2020,990,true,751430,793150,1377039,1477,1375562,PROPUBLICA_API
556028175,ALPHA GAMMA DELTA FRATERNITY,LOCAL_CHAPTER_ENTITY,2020,990,true,444401,366027,744359,0,744359,PROPUBLICA_API
720961914,DELTA CHI FRATERNITY,LOCAL_CHAPTER_ENTITY,2020,990,true,180466,109090,98178,0,98178,PROPUBLICA_API
720873120,ALPHA GAMMA RHO FRATERNITY,LOCAL_CHAPTER_ENTITY,2020,990,true,345187,254438,505628,0,505628,PROPUBLICA_API
726040902,LOUISIANA BETA OF PI BETA PHI HOUSE ASSOCIATION,HOUSE_CORPORATION,2020,990,true,645825,642717,958146,42826,915320,PROPUBLICA_API
576025458,KAPPA DELTA SORORITY,LOCAL_CHAPTER_ENTITY,2020,990,true,361811,315740,455428,1400,454028,PROPUBLICA_API
726027982,PI KAPPA ALPHA FRATERNITY,LOCAL_CHAPTER_ENTITY,2020,990,true,372983,345133,793106,0,793106,PROPUBLICA_API
720482627,PI KAPPA ALPHA FATERNITY,UNKNOWN,2020,990EZ,true,24000,28165,4055,0,4055,PROPUBLICA_API
237069145,DELTA OMEGA HOUSE CORPORATION OF DELTA DELTA DELTA FRATERNITY,HOUSE_CORPORATION,2020,990,true,325752,293093,2219582,13500,2206082,PROPUBLICA_API
726034315,SIGMA GAMMA RHO SORORITY INC,LOCAL_CHAPTER_ENTITY,2020,990EZ,true,56941,57777,154889,0,154889,PROPUBLICA_API
813514137,OMEGA CHAPTER OF ALPHA DELTA PI HOUSE CORPORATION,HOUSE_CORPORATION,2020,990,true,689021,603009,468467,216323,252144,PROPUBLICA_API
720416943,KAPPA ALPHA ORDER,UNKNOWN,2020,990,true,570234,456973,133651,0,133651,PROPUBLICA_API
726027219,DELTA KAPPA HOUSE CORP KAPPA ALPHA THETA,HOUSE_CORPORATION,2020,990,true,160702,223262,1135906,474205,661701,PROPUBLICA_API
640868872,DELTA OMEGA CHAPTER HOUSE CORPORATION OF KAPPA DELTA,HOUSE_CORPORATION,2020,990,true,872295,1513440,4011185,2857959,1153226,PROPUBLICA_API
726027878,KAPPA DELTA SORORITY,LOCAL_CHAPTER_ENTITY,2020,990,true,393154,394295,316251,25625,290626,PROPUBLICA_API
640120597,KAPPA ALPHA ORDER,UNKNOWN,2020,990,true,592167,559156,43317,0,43317,PROPUBLICA_API
640390595,LAMBDA CHI ALPHA FRATERNITY INC,LOCAL_CHAPTER_ENTITY,2020,990EZ,true,112220,15119,125559,15130,110429,PROPUBLICA_API
340435674,MISSISSIPPI STATE UNIVERSITY DELTA CHI BUILDING CORPORATION,HOUSE_CORPORATION,2020,990,true,87246,84494,699850,451389,248461,PROPUBLICA_API
430661687,ALPHA EPSILON PI FRATERNITY,LOCAL_CHAPTER_ENTITY,2020,990,true,364389,356076,22317,0,22317,PROPUBLICA_API
436065825,SOCIETY OF BETA SIGMA PSI,UNKNOWN,2020,990,true,289232,252058,48719,63148,-14429,PROPUBLICA_API
475663599,EDUCATIONAL FOUNDATION OF THE ALPHA KAPPA CHAPTER OF THE KAPPA ALPHA,EDUCATIONAL_FOUNDATION,2020,990EZ,true,0,1736,111767,0,111767,PROPUBLICA_API
640310946,SIGMA ALPHA EPSILON FRATERNITY,LOCAL_CHAPTER_ENTITY,2020,990,true,694670,638035,81024,7000,74024,PROPUBLICA_API
646022216,PHI KAPPA TAU HOUSE CORP,HOUSE_CORPORATION,2020,990EZ,true,151610,130644,206971,0,206971,PROPUBLICA_API
436075111,SIGMA ALPHA EPSILON CLUB OF COLUMBIA MISSOURI,UNKNOWN,2020,990,true,391341,453476,4628041,3043543,1584498,PROPUBLICA_API
463509823,BETA BETA ALUMNI OF THE DELTA SIGMA PHI FRATERNITY,ALUMNI_CORPORATION,2020,990,true,709884,691148,2952500,1510615,1441885,PROPUBLICA_API
436059582,GAMMA PHI BETA SORORITY INC,LOCAL_CHAPTER_ENTITY,2020,990,true,1514957,1013814,8460515,6224035,2236480,PROPUBLICA_API
721523824,PHI MU FRATERNITY,LOCAL_CHAPTER_ENTITY,2020,990,true,815693,828793,2862646,1729741,1132905,PROPUBLICA_API
436050433,ALPHA PHI HOUSE CORPORATION BOARD- UNIVERSITY OF MISSOURI,HOUSE_CORPORATION,2020,990,true,852887,660393,3278489,714600,2563889,PROPUBLICA_API
430456430,PHI DELTA THETA FRATERNITY,LOCAL_CHAPTER_ENTITY,2020,990,true,843204,796606,78619,25000,53619,PROPUBLICA_API
430282880,GAMMA PHI BETA SORORITY INC,LOCAL_CHAPTER_ENTITY,2020,990,true,212590,185323,187926,184,187742,PROPUBLICA_API
431098570,KAPPA DELTA SORORITY,LOCAL_CHAPTER_ENTITY,2020,990,true,334360,327744,234312,0,234312,PROPUBLICA_API
510245814,ALPHA GAMMA CHAPTER OF ALPHA DELTA PI HOUSE CORP,HOUSE_CORPORATION,2020,990,true,1021292,1294120,3586122,3565107,21015,PROPUBLICA_API
430214640,CHI OMEGA FRATERNITY,LOCAL_CHAPTER_ENTITY,2020,990,true,254554,220970,101736,44208,57528,PROPUBLICA_API
436031386,DELTA XI BLDG CORP OF DELTA DELTA DELTA,UNKNOWN,2020,990,true,435397,481120,3929383,2423118,1506265,PROPUBLICA_API
237180149,PHI DELTA THETA CLUB OF COLUMBIA MISSOURI,UNKNOWN,2020,990,true,279500,276174,3330935,3301088,29847,PROPUBLICA_API
436052949,RHO ALPHA OF CHI OMEGA INC,PROPERTY_HOLDING_ENTITY,2020,990,true,803464,942368,4970468,2301434,2669034,PROPUBLICA_API
430156640,ALPHA GAMMA RHO FRATERNITY,LOCAL_CHAPTER_ENTITY,2020,990,true,601960,604010,86474,40200,46274,PROPUBLICA_API
436052133,ALPHA GAMMA RHO BUILDING ASSOCIATION,HOUSE_CORPORATION,2020,990,true,407837,353754,1779716,200352,1579364,PROPUBLICA_API
900767327,KAPPA SIGMA FRATERNITY,LOCAL_CHAPTER_ENTITY,2020,990,true,315700,274109,41691,0,41691,PROPUBLICA_API
436052199,BETA THETA PI FRATERNITY,LOCAL_CHAPTER_ENTITY,2020,990,true,1512101,1485750,267096,180347,86749,PROPUBLICA_API
736100261,SIGMA CHI FRATERNITY,LOCAL_CHAPTER_ENTITY,2020,990,true,629644,532291,1374910,656884,718026,PROPUBLICA_API
431080165,KAPPA KAPPA GAMMA HOUSE CORP OF COLUMBIA,HOUSE_CORPORATION,2020,990,true,1120045,1428707,8277172,5559704,2717468,PROPUBLICA_API
730580030,DELTA TAU DELTA FRATERNITY,LOCAL_CHAPTER_ENTITY,2020,990,true,651245,643000,51645,0,51645,PROPUBLICA_API
436061869,ALPHA CHI OMEGA HOUSE CORP FOR ALPHA NU CHAPTER,HOUSE_CORPORATION,2020,990,true,361895,265923,3537608,695889,2841719,PROPUBLICA_API
237432859,SIGMA NU FRATERNITY,LOCAL_CHAPTER_ENTITY,2020,990,true,933965,570239,215910,59819,156091,PROPUBLICA_API
900353708,THETA CHI FRATERNITY UNIVERSITY OF MISSOURI IOTA MU CHAPTER,LOCAL_CHAPTER_ENTITY,2020,990EZ,true,190235,189523,86108,0,86108,PROPUBLICA_API
430519030,SIGMA NU HOUSE CORPORATION,HOUSE_CORPORATION,2020,990,true,1132729,457294,6825206,4245000,2580206,PROPUBLICA_API
475168633,ALPHA SIGMA PHI FRATERNITY INC,LOCAL_CHAPTER_ENTITY,2020,990N,false,,,,,,PROPUBLICA_API
464496506,RHO CHAPTER SIGMA NU EDUCATIONAL FOUNDATION,EDUCATIONAL_FOUNDATION,2020,990,true,98717,155024,19813,0,19813,PROPUBLICA_API
237330439,BETA THETA PI CLUB OF COLUMBIA MISSOURI,UNKNOWN,2020,990,true,807200,184383,15939450,1960600,13978850,PROPUBLICA_API
320535538,PI KAPPA ALPHA FRATERNITY,LOCAL_CHAPTER_ENTITY,2020,990,true,254532,468225,54289,60,54229,PROPUBLICA_API
446013887,DELTA TAU DELTA ASSOCIATION OF COLUNBIA MO,UNKNOWN,2020,990,true,759390,588135,8024919,5456417,2568502,PROPUBLICA_API
730583070,LAMBDA CHI ALPHA FRATERNITY INC,LOCAL_CHAPTER_ENTITY,2020,990,true,577924,530300,189847,0,189847,PROPUBLICA_API
430240451,DELTA TAU DELTA FRATERNITY,LOCAL_CHAPTER_ENTITY,2020,990,true,793799,925205,416617,64906,351711,PROPUBLICA_API
730589378,TRUSTEES OF OKLAHOMA ALPHA CHAPTER OF PI BETA PHI FRATERNITY INC,LOCAL_CHAPTER_ENTITY,2020,990,true,465364,426299,1685787,976,1684811,PROPUBLICA_API
300407306,BETA KAPPA OF SIGMA CHI WHITE CROSS FOUNDATION,EDUCATIONAL_FOUNDATION,2020,990PF,true,24512,30058,292677,1,292676,PROPUBLICA_API
311128130,PHI KAPPA PSI FRATERNITY,LOCAL_CHAPTER_ENTITY,2020,990EZ,true,108434,101814,58344,0,58344,PROPUBLICA_API
730582839,BETA THETA PI FRATERNITY,LOCAL_CHAPTER_ENTITY,2020,990,true,845622,744789,370876,41280,329596,PROPUBLICA_API
730181175,CHI OMEGA FRATERNITY,LOCAL_CHAPTER_ENTITY,2020,990,true,407089,385349,82451,17696,64755,PROPUBLICA_API
730589443,PHI GAMMA DELTA FRATERNITY,LOCAL_CHAPTER_ENTITY,2020,990,true,604683,591609,30010,0,30010,PROPUBLICA_API
731440348,ALPHA PHI LUCY FINNERTY EDUCATIONAL FUND,UNKNOWN,2020,990PF,true,22004,48799,533047,1,533046,PROPUBLICA_API
640307103,PHI MU FRATERNITY,LOCAL_CHAPTER_ENTITY,2020,990,true,322901,1012196,4076362,290480,3785882,PROPUBLICA_API
736103379,BETA THETA PI CORPORATION OF OKLA,UNKNOWN,2020,990,true,624947,998883,8796568,1946259,6850309,PROPUBLICA_API
646027408,MISSISSIPPI BETA OF PI BETA PHI HOUSE ASSOCIATION INC,HOUSE_CORPORATION,2020,990,true,755926,410057,5026145,580372,4445773,PROPUBLICA_API
510178981,GAMMA PHI BETA SORORITY INC,LOCAL_CHAPTER_ENTITY,2020,990,true,282933,243412,201462,0,201462,PROPUBLICA_API
640330884,KAPPA DELTA SORORITY,LOCAL_CHAPTER_ENTITY,2020,990,true,310383,334156,12147,0,12147,PROPUBLICA_API
731233879,BUILDING ASSOCIATION OF THE EPSILON ALPHA CHAPT CHI OMEGA FRATERNITY,HOUSE_CORPORATION,2020,990,true,1304998,1074991,7603202,1287908,6315294,PROPUBLICA_API
640315255,SIGMA CHI FRATERNITY ETA CHAPTER,LOCAL_CHAPTER_ENTITY,2020,990,true,1154940,1123493,658364,57457,600907,PROPUBLICA_API
640717329,DELTA DELTA DELTA NATIONAL HOUSE CORPORATION,HOUSE_CORPORATION,2020,990,true,737525,762297,9730514,5672320,4058194,PROPUBLICA_API
640304773,SIGMA NU FRATERNITY,LOCAL_CHAPTER_ENTITY,2020,990,true,1585601,1304628,2973233,0,2973233,PROPUBLICA_API
730579972,GAMMA PHI BETA SORORITY INC,LOCAL_CHAPTER_ENTITY,2020,990,true,671329,876278,2069647,37546,2032101,PROPUBLICA_API
832574778,EPSILON XI CHAPTER OF SIGMA NU FRATERNITY CHARITY BOWL INC,LOCAL_CHAPTER_ENTITY,2020,990PF,true,136429,53754,82675,1,82674,PROPUBLICA_API
237229883,MISSISSIPPI ALPHA CHAPTER HOUSE CORPORATION OF PHI DELTA THETA FRA,HOUSE_CORPORATION,2020,990,true,181363,131264,1669357,606983,1062374,PROPUBLICA_API
570811123,ETA GAMMA CHAPTER OF CHI OMEGA FRATERNITY HOUSING CORPORATION,HOUSE_CORPORATION,2020,990,true,1048044,613107,5915733,0,5915733,PROPUBLICA_API
237160987,TAU OF CHI OMEGA FRATERNITY HOUSE CORPORATION,HOUSE_CORPORATION,2020,990,true,1384981,1290148,5190989,2424,5188565,PROPUBLICA_API
640307108,CHI OMEGA FRATERNITY,LOCAL_CHAPTER_ENTITY,2020,990,true,345582,351082,127605,0,127605,PROPUBLICA_API
237432869,MISSISSIPPI GAMMA HOUSE ASSN OF SIGMA ALPHA EPSILON,HOUSE_CORPORATION,2020,990,true,12509,2268,742047,0,742047,PROPUBLICA_API
640315254,SIGMA ALPHA EPSILON FRATERNITY,LOCAL_CHAPTER_ENTITY,2020,990EZ,true,113927,101531,110693,50924,59769,PROPUBLICA_API
640412138,ALPHA TAU OMEGA FRATERNITY,LOCAL_CHAPTER_ENTITY,2020,990,true,929972,858731,128560,1496,127064,PROPUBLICA_API
582279145,RHO CHAPTER KAPPA ALPHA HOUSING CORPORATION,HOUSE_CORPORATION,2020,990,true,334074,289990,828888,109089,719799,PROPUBLICA_API
576033531,PI KAPPA PHI FRATERNITY,LOCAL_CHAPTER_ENTITY,2020,990,true,317668,289942,90057,44910,45147,PROPUBLICA_API
640308935,PHI DELTA THETA FRATERNITY,LOCAL_CHAPTER_ENTITY,2020,990,true,1032418,949133,1259577,205569,1054008,PROPUBLICA_API
576033523,KAPPA ALPHA ORDER,UNKNOWN,2020,990,true,249939,224294,48251,0,48251,PROPUBLICA_API
237128453,LAMBDA CHI ALPHA FRATERNITY INC,LOCAL_CHAPTER_ENTITY,2020,990,true,75565,78996,740,0,740,PROPUBLICA_API
237219356,KAPPA KAPPA GAMMA FRATERNITY INC,LOCAL_CHAPTER_ENTITY,2020,990,true,1515608,1059387,11263715,7395676,3868039,PROPUBLICA_API
237145973,SIGMA ALPHA EPSILON SOUTH CAROLINA DELTA CHAPTER,LOCAL_CHAPTER_ENTITY,2020,990,true,231596,144781,106147,0,106147,PROPUBLICA_API
383878997,ALPHA GAMMA DELTA FRATERNITY,LOCAL_CHAPTER_ENTITY,2020,990,true,448838,332126,321834,0,321834,PROPUBLICA_API
570742538,CHI OMEGA FRATERNITY,LOCAL_CHAPTER_ENTITY,2020,990,true,299407,258934,135762,0,135762,PROPUBLICA_API
741132046,KAPPA ALPHA ORDER,UNKNOWN,2020,990,true,848897,729924,193048,0,193048,PROPUBLICA_API
464828091,LAMBDA THETA HOUSE CORPORATION OF PHI MU FRATERNITY,HOUSE_CORPORATION,2020,990,true,795587,760791,3423437,2416061,1007376,PROPUBLICA_API
201554454,GAMMA PHI BETA SORORITY INC,LOCAL_CHAPTER_ENTITY,2020,990,true,269903,256650,115689,0,115689,PROPUBLICA_API
576027420,PI KAPPA ALPHA FRATERNITY,LOCAL_CHAPTER_ENTITY,2020,990,true,376169,355973,119192,0,119192,PROPUBLICA_API
626111214,KAPPA SIGMA FRATERNITY,PROPERTY_HOLDING_ENTITY,2020,990,true,149175,108373,607280,0,607280,PROPUBLICA_API
626075139,EPSILON ETA CHAPTER OF SIGMA NU FRATERNITY,LOCAL_CHAPTER_ENTITY,2020,990EZ,true,198510,194545,32123,0,32123,PROPUBLICA_API
742188211,SIGMA PHI EPSILON EDUCATION FOUNDATION OF TEXAS ALPHA,EDUCATIONAL_FOUNDATION,2020,990EZ,true,60374,112558,410384,490304,-79920,PROPUBLICA_API
621414737,BETA SIGMA OF SIGMA CHI HOUSE CORPORATION,HOUSE_CORPORATION,2020,990,true,134290,114167,1398330,1033164,365166,PROPUBLICA_API
626042374,DELTA SIGMA HOUSE CORPORATION OF DELTA DELTA DELTA,HOUSE_CORPORATION,2020,990,true,403368,394402,4609939,3030706,1579233,PROPUBLICA_API
741130614,SIGMA PHI EPSILON FRATERNITY INC,LOCAL_CHAPTER_ENTITY,2020,990,true,1247327,1163292,289413,6900,282513,PROPUBLICA_API
626047671,KAPPA DELTA SORORITY,LOCAL_CHAPTER_ENTITY,2020,990,true,383045,342053,284268,73814,210454,PROPUBLICA_API
621386377,PI CHAPTER CHI OMEGA FRATERNITY HOUSE CORP,HOUSE_CORPORATION,2020,990,true,451175,384094,502270,3514,498756,PROPUBLICA_API
741130608,PHI GAMMA DELTA FRATERNITY,LOCAL_CHAPTER_ENTITY,2020,990,true,2099202,2056631,1074918,623857,451061,PROPUBLICA_API
626047975,CHI OMEGA FRATERNITY,LOCAL_CHAPTER_ENTITY,2020,990EZ,true,188797,173718,78661,0,78661,PROPUBLICA_API
740898333,SIGMA ALPHA MU FRATERNITY,LOCAL_CHAPTER_ENTITY,2020,990,true,942213,943261,2437,32404,-29967,PROPUBLICA_API
626045032,ALPHA DELTA PI HOUSE CORP ALPHA KAPPA,HOUSE_CORPORATION,2020,990,true,905104,749408,1715784,7550,1708234,PROPUBLICA_API
741130603,ALPHA EPSILON PI FRATERNITY,LOCAL_CHAPTER_ENTITY,2020,990EZ,true,175942,182039,8462,0,8462,PROPUBLICA_API
746084912,SIGMA GAMMA RHO SORORITY INC,LOCAL_CHAPTER_ENTITY,2020,990EZ,true,0,0,1,0,1,PROPUBLICA_API
741116912,SIGMA CHI FRATERNITY,LOCAL_CHAPTER_ENTITY,2020,990,true,291678,328465,28432,0,28432,PROPUBLICA_API
742831564,ZETA BETA TAU FRATERNITY,LOCAL_CHAPTER_ENTITY,2020,990,true,1613989,1421613,533284,1569,531715,PROPUBLICA_API
746047117,BUILDING CORPORATION OF DELTA CHAPTER OF ALPHA DELTA PI,HOUSE_CORPORATION,2020,990,true,893919,780250,1227294,370522,856772,PROPUBLICA_API
746084213,CHI OMEGA FRATERNITY IOTA CHAPTER UNIV OF TX AT AUSTIN,LOCAL_CHAPTER_ENTITY,2020,990,true,349511,320214,54636,0,54636,PROPUBLICA_API
743004321,TEXAS DELTA CHI HOUSING CORP,HOUSE_CORPORATION,2020,990,true,16328,5870,455089,0,455089,PROPUBLICA_API
741130611,SIGMA ALPHA EPSILON FRATERNITY,LOCAL_CHAPTER_ENTITY,2020,990,true,1400568,1442259,666789,348201,318588,PROPUBLICA_API
740555581,CHI OMEGA FRATERNITY,LOCAL_CHAPTER_ENTITY,2020,990,true,983938,1039709,2460179,249440,2210739,PROPUBLICA_API
510165062,CHI OMEGA FRATERNITY,LOCAL_CHAPTER_ENTITY,2020,990,true,583830,469158,257804,19182,238622,PROPUBLICA_API
741493205,KAPPA CHAPTER OF ZETA TAU ALPHA HOUSE CORPORATION,HOUSE_CORPORATION,2020,990,true,220806,88214,2610226,0,2610226,PROPUBLICA_API
746060984,TEXAS ALPHA HOUSE CORPORATION OF PI BETA PHI,HOUSE_CORPORATION,2020,990,true,957033,625501,3840296,3136,3837160,PROPUBLICA_API
740481786,ALPHA EPSILON PHI SORORITY OMEGA CHAPTER,LOCAL_CHAPTER_ENTITY,2020,990,true,288396,252350,425609,139258,286351,PROPUBLICA_API
510207538,SIGMA CHI FRATERNITY,LOCAL_CHAPTER_ENTITY,2020,990,true,644549,632776,54955,0,54955,PROPUBLICA_API
742155975,SIGMA EPSILON OF KAPPA DELTA HOUSE CORP,HOUSE_CORPORATION,2020,990,true,998972,744724,2800901,1838301,962600,PROPUBLICA_API
741932980,XI KAPPA OF CHI OMEGA HOUSE CORP,HOUSE_CORPORATION,2020,990,true,637441,527220,2038422,72243,1966179,PROPUBLICA_API
134264657,GAMMA PHI BETA SORORITY INC,LOCAL_CHAPTER_ENTITY,2020,990,true,358147,276668,111507,0,111507,PROPUBLICA_API
732350514,TEXAS ETA CHAPTER OF PI BETA PHI HOUSE CORPORATION,HOUSE_CORPORATION,2020,990,true,288222,289183,1266037,316450,949587,PROPUBLICA_API
741219941,BETA XI OF KAPPA KAPPA GAMMA HOUSE ASSOCIATION,HOUSE_CORPORATION,2020,990,true,1753572,1141695,4410520,1690014,2720506,PROPUBLICA_API
742205939,KAPPA DELTA SORORITY,LOCAL_CHAPTER_ENTITY,2020,990,true,352701,305499,298276,218387,79889,PROPUBLICA_API
742930349,ETA ALPHA HOUSE CORPORATION OF KAPPA DELTA SORORITY,HOUSE_CORPORATION,2020,990,true,677020,602578,1144636,858013,286623,PROPUBLICA_API
810575553,PHI GAMMA DELTA FRATERNITY,LOCAL_CHAPTER_ENTITY,2020,990,true,289516,302695,78652,0,78652,PROPUBLICA_API
742205743,KAPPA ALPHA ORDER,UNKNOWN,2020,990,true,444841,385360,86327,0,86327,PROPUBLICA_API
273674898,PI KAPPA ALPHA FRATERNITY,LOCAL_CHAPTER_ENTITY,2020,990,true,336635,336166,3023,0,3023,PROPUBLICA_API
530209696,OMEGA PSI PHI FRATERNITY,NATIONAL_PARENT,2020,990,true,8150669,6222047,10119312,1545504,8573808,PROPUBLICA_API
741116922,DELTA TAU DELTA FRATERNITY,LOCAL_CHAPTER_ENTITY,2020,990,true,1117325,947926,369899,3042,366857,PROPUBLICA_API
621218011,ALPHA DELTA PI HOUSE CORPORATION,HOUSE_CORPORATION,2020,990,true,169147,165306,618645,3850,614795,PROPUBLICA_API
746082351,DELTA TAU DELTA BUILDING ASSN,PROPERTY_HOLDING_ENTITY,2020,990,true,632449,112976,1873052,129594,1743458,PROPUBLICA_API
621793998,KAPPA DELTA SORORITY,LOCAL_CHAPTER_ENTITY,2020,990,true,345502,380139,8441,28085,-19644,PROPUBLICA_API
626074044,CHI OMEGA FRATERNITY,LOCAL_CHAPTER_ENTITY,2020,990EZ,true,120139,90290,291338,0,291338,PROPUBLICA_API
742244833,DELTA TAU DELTA FRATERNITY,LOCAL_CHAPTER_ENTITY,2020,990,true,332905,302464,40843,0,40843,PROPUBLICA_API
530261012,ZETA PHI BETA SORORITY INC,NATIONAL_PARENT,2020,990,true,10045011,9264325,23408981,6157668,17251313,PROPUBLICA_API
362426170,GAMMA PHI BETA SORORITY INC,NATIONAL_PARENT,2020,990,true,12928946,12750785,29612046,12770449,16841597,PROPUBLICA_API
237279516,NASHVILLE ALUMNI CHAPTER KAPPA ALPHA PSI FRATERNITY INC,ALUMNI_CORPORATION,2020,990EZ,true,50354,37207,39368,0,39368,PROPUBLICA_API
620671306,KAPPA ALPHA ORDER,UNKNOWN,2020,990EZ,true,98917,77241,24195,0,24195,PROPUBLICA_API
263623864,KAPPA SIGMA FRATERNITY,LOCAL_CHAPTER_ENTITY,2020,990,true,112755,105417,11177,0,11177,PROPUBLICA_API
473151737,PI KAPPA ALPHA FRATERNITY,LOCAL_CHAPTER_ENTITY,2020,990EZ,true,73353,97043,26976,376,26600,PROPUBLICA_API
010158948,SIGMA KAPPA SORORITY,NATIONAL_PARENT,2020,990,true,4241876,4690574,11106619,6461542,4645077,PROPUBLICA_API
621466616,BETA TAU HOUSE CORPORATION OF KAPPA DELTA SORORITY,HOUSE_CORPORATION,2020,990EZ,true,107975,91278,315015,5352,309663,PROPUBLICA_API
621771326,PHI BETA SIGMA FRATERNITY-ETA BETA SIGMA CHAPTER INCORPORATED,LOCAL_CHAPTER_ENTITY,2020,990,true,48463,32288,32264,0,32264,PROPUBLICA_API
626047662,KAPPA DELTA SORORITY,LOCAL_CHAPTER_ENTITY,2020,990,true,195837,181768,183816,0,183816,PROPUBLICA_API
381543609,SIGMA ALPHA IOTA FRATERNITY,NATIONAL_PARENT,2020,990,true,707859,746334,1346766,118499,1228267,PROPUBLICA_API
430765719,THETA TAU,NATIONAL_PARENT,2020,990,true,1260794,899122,3136214,2122,3134092,PROPUBLICA_API
310406470,PHI DELTA THETA FRATERNITY,NATIONAL_PARENT,2020,990,true,5442583,5246141,5537553,1267980,4269573,PROPUBLICA_API
356020472,SIGMA GAMMA RHO SORORITY INC,NATIONAL_PARENT,2020,990,true,3183800,4411867,5964830,5341017,623813,PROPUBLICA_API
310851686,CHI OMEGA FRATERNITY,NATIONAL_PARENT,2020,990,true,7363697,6866382,17818580,722286,17096294,PROPUBLICA_API
350141875,ALPHA CHI OMEGA FRATERNITY INC,NATIONAL_PARENT,2020,990,true,15122656,13467394,26839816,18730050,8109766,PROPUBLICA_API
361996950,ZETA TAU ALPHA INTL FRATERNITY & FRATERNITY HOUSING CORPORATION,NATIONAL_PARENT,2020,990,true,9280352,8840222,36073479,13173412,22900067,PROPUBLICA_API
221281800,SIGMA PI FRATERNITY INTERNATIONAL,NATIONAL_PARENT,2020,990,true,2468605,2227677,3141090,295964,2845126,PROPUBLICA_API
221550561,ALPHA GAMMA DELTA FRATERNITY,NATIONAL_PARENT,2020,990,true,5239024,6043317,12002653,7873804,4128849,PROPUBLICA_API
131306360,SIGMA ALPHA MU FRATERNITY INC,NATIONAL_PARENT,2020,990,true,1583017,2103723,7337165,3152825,4184340,PROPUBLICA_API
362362161,PHI KAPPA PSI FRATERNITY,NATIONAL_PARENT,2020,990,true,4069037,3536070,2264614,566012,1698602,PROPUBLICA_API
210577978,THETA CHI FRATERNITY INC,NATIONAL_PARENT,2020,990,true,4920273,4691032,8100718,2404829,5695889,PROPUBLICA_API
382900287,PHI SIGMA RHO NATIONAL SORORITY,NATIONAL_PARENT,2020,990,true,355305,289350,589104,-332,589436,PROPUBLICA_API
314164901,DELTA GAMMA FRATERNITY,NATIONAL_PARENT,2020,990,true,6324839,5785067,15134791,906501,14228290,PROPUBLICA_API
620533776,PHI MU FRATERNITY,NATIONAL_PARENT,2020,990,true,5908861,5293220,23040281,8440189,14600092,PROPUBLICA_API
350459180,LAMBDA CHI ALPHA FRATERNITY INC,NATIONAL_PARENT,2020,990,true,5969909,6337189,5804314,1673769,4130545,PROPUBLICA_API
350267650,DELTA TAU DELTA FRATERNITY,NATIONAL_PARENT,2020,990,true,4895523,4941056,13435277,1532350,11902927,PROPUBLICA_API
530125862,PHI GAMMA DELTA FRATERNITY,NATIONAL_PARENT,2020,990,true,5325452,4973460,14973505,73999,14899506,PROPUBLICA_API
730593444,KAPPA KAPPA PSI FRATERNITY,NATIONAL_PARENT,2020,990N,false,,,,,,PROPUBLICA_API
131496630,ZETA PSI FRATERNITY OF NORTH AMERICA,NATIONAL_PARENT,2020,990,true,1025845,1073265,471969,164242,307727,PROPUBLICA_API
730593444,KAPPA KAPPA PSI FRATERNITY,NATIONAL_PARENT,2020,990,true,900856,809366,1630742,309847,1320895,PROPUBLICA_API
362077508,ALPHA PHI INTERNATIONAL FRATERNITY INC,NATIONAL_PARENT,2020,990,true,7460045,6339431,22750556,1734919,21015637,PROPUBLICA_API
430689936,SIGMA TAU GAMMA FRATERNITY,NATIONAL_PARENT,2020,990,true,4177403,4356459,5167388,4360368,807020,PROPUBLICA_API
361773950,SIGMA ALPHA EPSILON FRATERNITY,NATIONAL_PARENT,2020,990,true,6406615,6253899,11146002,3465166,7680836,PROPUBLICA_API
131714532,KAPPA SIGMA FRATERNITY,NATIONAL_PARENT,2020,990,true,5855650,6605136,7538884,1990908,5547976,PROPUBLICA_API
580191430,CHI PHI FRATERNITY INC,NATIONAL_PARENT,2020,990,true,1710972,1702385,1295502,100290,1195212,PROPUBLICA_API
430769468,ALPHA EPSILON PI FRATERNITY INC,NATIONAL_PARENT,2020,990,true,4792226,4883980,1212596,130603,1081993,PROPUBLICA_API
570340150,PI KAPPA PHI FRATERNITY,NATIONAL_PARENT,2020,990,true,5436341,5642681,8024947,4138251,3886696,PROPUBLICA_API
440500006,KAPPA DELTA SORORITY INC,NATIONAL_PARENT,2020,990,true,8144896,5515612,61200111,6839006,54361105,PROPUBLICA_API
580310956,KAPPA ALPHA ORDER,NATIONAL_PARENT,2020,990,true,4507646,4206516,2874624,1971491,903133,PROPUBLICA_API
362152330,ALPHA KAPPA ALPHA SORORITY INC,NATIONAL_PARENT,2020,990,true,22865578,19373473,50053085,11831685,38221400,PROPUBLICA_API
130604310,DELTA KAPPA EPSILON FRATERNITY,NATIONAL_PARENT,2020,990,true,1494609,1313385,1596146,459364,1136782,PROPUBLICA_API
370464584,PI BETA PHI FRATERNITY,NATIONAL_PARENT,2020,990,true,8758615,7206134,42682229,4657604,38024625,PROPUBLICA_API
131496610,ZETA BETA TAU FRATERNITY,NATIONAL_PARENT,2020,990,true,2708009,2375803,1102486,60224,1042262,PROPUBLICA_API
311353726,DELTA ZETA NATIONAL HOUSING CORPORATION,NATIONAL_PARENT,2020,990,true,19207412,18352704,88424371,30053145,58371226,PROPUBLICA_API
314359813,ALPHA SIGMA PHI FRATERNITY INC,NATIONAL_PARENT,2020,990,true,3912573,3632779,4142642,721855,3420787,PROPUBLICA_API
361305568,KAPPA ALPHA THETA FRATERNITY,NATIONAL_PARENT,2020,990,true,7652111,7079628,38787236,23720802,15066434,PROPUBLICA_API
310531047,BETA THETA PI FRATERNITY,NATIONAL_PARENT,2020,990,true,6752176,5932910,8557807,2535999,6021808,PROPUBLICA_API
314221880,KAPPA KAPPA GAMMA FRATERNITY INC,NATIONAL_PARENT,2020,990,true,7794621,7495824,10820686,1339842,9480844,PROPUBLICA_API
580638489,ALPHA DELTA PI SORORITY,NATIONAL_PARENT,2020,990,true,5754873,4900796,12914869,1967411,10947458,PROPUBLICA_API
310406478,PHI KAPPA TAU FRATERNITY,NATIONAL_PARENT,2020,990,true,2418797,2345336,4136807,1090178,3046629,PROPUBLICA_API
370152140,ALPHA TAU OMEGA FRATERNITY,NATIONAL_PARENT,2020,990,true,5175201,4290475,3943316,2691796,1251520,PROPUBLICA_API
362374316,DELTA DELTA DELTA,NATIONAL_PARENT,2020,990,true,8887231,8850358,13397589,2895934,10501655,PROPUBLICA_API
530215218,DELTA SIGMA THETA SORORITY INC,NATIONAL_PARENT,2020,990,true,26202608,20412775,46069737,22221680,23848057,PROPUBLICA_API
361773960,SIGMA CHI FRATERNITY,NATIONAL_PARENT,2020,990,true,5330084,5014210,12504396,1518423,10985973,PROPUBLICA_API
370152080,ALPHA GAMMA RHO FRATERNITY,NATIONAL_PARENT,2020,990,true,1756836,1961626,6090455,1575734,4514721,PROPUBLICA_API
230967790,PHI KAPPA SIGMA FRATERNITY GRAND CHAPTER,NATIONAL_PARENT,2020,990,true,884774,931404,1419369,200951,1218418,PROPUBLICA_API
300174261,TAU KAPPA EPSILON FRATERNITY INC,NATIONAL_PARENT,2020,990,true,5558579,6009865,5941686,1554012,4387674,PROPUBLICA_API
730654150,SIGMA SIGMA SIGMA INC,NATIONAL_PARENT,2020,990,true,3117819,3221940,9371411,3567846,5803565,PROPUBLICA_API
620950113,ALPHA OMICRON PI FRATERNITY INC,NATIONAL_PARENT,2020,990,true,6723771,4996388,33433903,4140720,29293183,PROPUBLICA_API
840405009,DELTA SIGMA PHI FRATERNITY INC NATIONAL HEADQUARTERS,NATIONAL_PARENT,2020,990,true,4249505,4244361,2028615,833601,1195014,PROPUBLICA_API
420212285,DELTA CHI FRATERNITY,NATIONAL_PARENT,2020,990,true,3625593,5920886,11042585,564130,10478455,PROPUBLICA_API
540628798,SIGMA NU FRATERNITY INC,NATIONAL_PARENT,2020,990,true,5791966,5678188,9071687,1763354,7308333,PROPUBLICA_API
431971836,DELTA PHI EPSILON SORORITY INC,NATIONAL_PARENT,2020,990,true,2489467,2776513,2851887,1876605,975282,PROPUBLICA_API
223530740,LAMBDA THETA ALPHA,NATIONAL_PARENT,2020,990,true,393101,277263,1791008,83,1790925,PROPUBLICA_API
562163357,THETA NU XI MULTICULTURAL SORORITY INCORPORATED,NATIONAL_PARENT,2020,990,true,97279,68256,356326,0,356326,PROPUBLICA_API
386089059,CHI PSI FRATERNITY,NATIONAL_PARENT,2020,990,true,1364525,1427904,3592793,2071712,1521081,PROPUBLICA_API
231500981,THE GRAND CHAPTER OF PHI SIGMA KAPPA,NATIONAL_PARENT,2020,990,true,2332720,2357839,1316801,208222,1108579,PROPUBLICA_API
131368460,TAU EPSILON PHI FRATERNITY INC,NATIONAL_PARENT,2020,990,true,313507,386637,887527,250,887277,PROPUBLICA_API
362024274,SIGMA DELTA TAU SOCIETY,NATIONAL_PARENT,2020,990,true,2192704,2082666,4827209,563988,4263221,PROPUBLICA_API
352103442,ALPHA XI DELTA NATIONAL HOUSING CORPORATION INC,NATIONAL_PARENT,2020,990,true,6867536,2161895,12747869,4655068,8092801,PROPUBLICA_API
042200265,PHI KAPPA THETA FRATERNITY,NATIONAL_PARENT,2020,990,true,826404,878967,366532,328688,37844,PROPUBLICA_API
350868356,PHI DELTA THETA FRATERNITY,LOCAL_CHAPTER_ENTITY,2019,990,true,231057,249328,8526,14017,-5491,PROPUBLICA_API
592339079,PHI DELTA THETA FRATERNITY,LOCAL_CHAPTER_ENTITY,2019,990,true,882585,916737,382690,427593,-44903,PROPUBLICA_API
593282583,PHI DELTA THETA CHAPTER HOUSE ASSOCIATION INC,HOUSE_CORPORATION,2019,990,true,355186,403375,905219,1473227,-568008,PROPUBLICA_API
631053272,PHI DELTA THETA FRATERNITY,LOCAL_CHAPTER_ENTITY,2019,990,true,1188790,1347914,6439217,4376638,2062579,PROPUBLICA_API
630893932,PHI MU HOUSE CORPORATION,HOUSE_CORPORATION,2019,990,true,3694560,2478146,20284531,8456331,11828200,PROPUBLICA_API
640723232,KAPPA ALPHA CHAPTER OF PHI MU FRATERNITY HOUSE CORPORATION,HOUSE_CORPORATION,2019,990,true,1465522,1221107,9622220,5905859,3716361,PROPUBLICA_API
596135388,CHI OMEGA HOUSING CORPORATION,HOUSE_CORPORATION,2019,990,true,1004081,869063,3727823,657909,3069914,PROPUBLICA_API
636091968,THE NU BETA CHAPTER OF THE CHI OMEGA HOUSE ASSOCIATION INC,HOUSE_CORPORATION,2019,990,true,3281587,2703727,15822921,9118359,6704562,PROPUBLICA_API
640392826,CHI OMEGA FRATERNITY,LOCAL_CHAPTER_ENTITY,2019,990,true,338630,310430,161102,0,161102,PROPUBLICA_API
264170711,UNIVERSITY OF ALABAMA CHAPTER OF SIGMA PI FRATERNITY HOUSING,LOCAL_CHAPTER_ENTITY,2019,990,true,840694,753692,3118629,2696343,422286,PROPUBLICA_API
371866424,SIGMA PI MISSISSIPPI HOUSE CORPORATION,HOUSE_CORPORATION,2019,990,true,680404,617652,427641,85220,342421,PROPUBLICA_API
636103404,PHI GAMMA DELTA FRATERNITY,LOCAL_CHAPTER_ENTITY,2019,990,true,388260,190862,3144140,59326,3084814,PROPUBLICA_API
560548249,PHI GAMMA DELTA FRATERNITY,LOCAL_CHAPTER_ENTITY,2019,990,true,337329,324216,63603,0,63603,PROPUBLICA_API
630164080,PHI GAMMA DELTA FRATERNITY,LOCAL_CHAPTER_ENTITY,2019,990,true,1439395,1449412,83016,61928,21088,PROPUBLICA_API
420467540,PHI KAPPA PSI FRATERNITY,LOCAL_CHAPTER_ENTITY,2019,990,true,466072,435342,44151,0,44151,PROPUBLICA_API
936036290,PHI KAPPA PSI FRATERNITY,LOCAL_CHAPTER_ENTITY,2019,990,true,510196,514589,96417,0,96417,PROPUBLICA_API
630289653,THETA CHI FRATERNITY INC,LOCAL_CHAPTER_ENTITY,2019,990,true,1275153,1290097,139964,74409,65555,PROPUBLICA_API
237109085,ALPHA PHI ZETA HOUSE CORPORATION OF LAMBDA CHI ALPHA FRATERNITY,HOUSE_CORPORATION,2019,990,true,339567,302398,3849663,2659081,1190582,PROPUBLICA_API
380293927,SIGMA KAPPA CORPORATION,UNKNOWN,2019,990,true,571621,464980,1896001,4137,1891864,PROPUBLICA_API
320257409,BETA MU HOUSE CORP OF ALPHA PHI INTERNATIONAL FRATERNITY INC,HOUSE_CORPORATION,2019,990,true,3893362,3414380,14896318,9737734,5158584,PROPUBLICA_API
941367157,ALPHA PHI BUILDING CORPORATION,HOUSE_CORPORATION,2019,990,true,923236,757188,2729997,20347,2709650,PROPUBLICA_API
630007510,ALPHA GAMMA DELTA FRATERNITY,LOCAL_CHAPTER_ENTITY,2019,990,true,3477245,3042864,1424283,0,1424283,PROPUBLICA_API
451298367,UNIVERSITY OF ALABAMA CHAPTER OF THETA CHI HOUSING CORPORATION,HOUSE_CORPORATION,2019,990,true,379392,475503,7078156,4626086,2452070,PROPUBLICA_API
237235595,ALPHA GAMMA DELTA FRATERNITY,LOCAL_CHAPTER_ENTITY,2019,990,true,1192598,808422,9752277,3816169,5936108,PROPUBLICA_API
630056965,DELTA KAPPA EPSILON COUNCIL,UNKNOWN,2019,990,true,1606295,1588343,970696,842662,128034,PROPUBLICA_API
631004292,GAMMA PHI BETA SORORITY INC,LOCAL_CHAPTER_ENTITY,2019,990,true,2313047,2574519,15196884,10737830,4459054,PROPUBLICA_API
630818055,ALABAMA BETA OF PI BETA PHI HOUSE ASSOCIATION INCORPORATED,HOUSE_CORPORATION,2019,990,true,2771977,2683352,17568891,15093285,2475606,PROPUBLICA_API
630980702,KAPPA DELTA SORORITY,LOCAL_CHAPTER_ENTITY,2019,990,true,3212826,2334470,18740240,9101276,9638964,PROPUBLICA_API
630733120,ZETA BETA TAU FRATERNITY,LOCAL_CHAPTER_ENTITY,2019,990,true,578340,524651,4916459,2878347,2038112,PROPUBLICA_API
630120537,LAMBDA CHI ALPHA FRATERNITY INC,LOCAL_CHAPTER_ENTITY,2019,990,true,1089594,1099789,566573,518064,48509,PROPUBLICA_API
630115520,KAPPA DELTA SORORITY,LOCAL_CHAPTER_ENTITY,2019,990,true,677425,696057,535034,223376,311658,PROPUBLICA_API
237114590,EPSILON CHI ZETA HOUSE CORPORATION OF LAMBDA CHI ALPHA FRATERNITY,HOUSE_CORPORATION,2019,990,true,93513,253578,3100317,2758999,341318,PROPUBLICA_API
630233975,ZETA BETA TAU FRATERNITY,LOCAL_CHAPTER_ENTITY,2019,990,true,1125650,1069198,99831,33080,66751,PROPUBLICA_API
621370853,GAMMA PHI BETA SORORITY,LOCAL_CHAPTER_ENTITY,2019,990,true,504724,496252,218365,91947,126418,PROPUBLICA_API
630188870,SIGMA ALPHA EPSILON FRATERNITY,LOCAL_CHAPTER_ENTITY,2019,990,true,357353,370579,152598,205431,-52833,PROPUBLICA_API
636049922,HOUSE BOARD OF GAMMA PI OF KAPPA KAPPA GAMMA,UNKNOWN,2019,990,true,3419681,2674581,18272649,9467012,8805637,PROPUBLICA_API
631030493,PSI OF DELTA KAPPA EPSILON HOUSE CORPORATION OF UNIVERSITY ALABAMA,HOUSE_CORPORATION,2019,990,true,842190,608349,5029914,828687,4201227,PROPUBLICA_API
566062593,DELTA KAPPA EPSILON COUNCIL,UNKNOWN,2019,990,true,590220,604454,68490,37346,31144,PROPUBLICA_API
593078421,KAPPA ALPHA HOUSING ASSOCIATION OF FLORIDA INC,UNKNOWN,2019,990EZ,true,128700,137618,204553,4899,199654,PROPUBLICA_API
741132044,KAPPA SIGMA FRATERNITY,LOCAL_CHAPTER_ENTITY,2019,990,true,542280,486843,81953,0,81953,PROPUBLICA_API
380293670,ALPHA DELTA PHI PENINSULAR CHAPTER,PROPERTY_HOLDING_ENTITY,2019,990EZ,true,49020,50177,7700,0,7700,PROPUBLICA_API
630040605,TAU CHAPTER OF CHI PHI,LOCAL_CHAPTER_ENTITY,2019,990,true,831266,832181,478322,446752,31570,PROPUBLICA_API
580596934,PI KAPPA PHI FRATERNITY,LOCAL_CHAPTER_ENTITY,2019,990,true,670299,650195,468241,338103,130138,PROPUBLICA_API
630164600,PI KAPPA PHI FRATERNITY,LOCAL_CHAPTER_ENTITY,2019,990,true,1175399,1206079,645897,644007,1890,PROPUBLICA_API
630289642,KAPPA ALPHA ORDER,UNKNOWN,2019,990,true,1695804,1555638,146285,143322,2963,PROPUBLICA_API
581648136,IOTA ALUMNI OF PI KAPPA PHI INC,ALUMNI_CORPORATION,2019,990,true,142506,93286,942412,159130,783282,PROPUBLICA_API
430349090,THE ALPHA KAPPA CHAPTER OF THE KAPPA ALPHA FRATERNITY,LOCAL_CHAPTER_ENTITY,2019,990,true,-2950,129065,834480,24508,809972,PROPUBLICA_API
590641930,GAMMA IOTA CHAPTER OF ALPHA DELTA PI HOUSE CORPORATION,HOUSE_CORPORATION,2019,990,true,645163,749286,1639543,10606,1628937,PROPUBLICA_API
630020370,KAPPA SIGMA FRATERNITY,LOCAL_CHAPTER_ENTITY,2019,990,true,1110843,1045670,153017,81391,71626,PROPUBLICA_API
386068594,ALPHA DELTA PHI INTERNATIONAL INC,UNKNOWN,2019,990,true,967752,190588,3071773,1643109,1428664,PROPUBLICA_API
630057000,DELTA TAU DELTA FRATERNITY,LOCAL_CHAPTER_ENTITY,2019,990,true,801664,787310,123997,26508,97489,PROPUBLICA_API
351780304,PI KAPPA PHI INC,UNKNOWN,2019,990,true,838729,785850,1818964,523534,1295430,PROPUBLICA_API
630007530,ALPHA TAU OMEGA FRATERNITY,LOCAL_CHAPTER_ENTITY,2019,990,true,1644408,1579655,8833275,3562741,5270534,PROPUBLICA_API
581793975,ZETA IOTA CHAPTER OF ALPHA DELTA PI HOUSE CORPORATION,HOUSE_CORPORATION,2019,990,true,143641,80965,707555,3258,704297,PROPUBLICA_API
474051390,DELTA SIGMA CHAPTER OF ALPHA DELTA PI HOUSE CORPORATION,HOUSE_CORPORATION,2019,990,true,1617997,1321723,1019285,7909,1011376,PROPUBLICA_API
630457980,BETA THETA PI FRATERNITY,LOCAL_CHAPTER_ENTITY,2019,990,true,1416547,1372300,968358,771121,197237,PROPUBLICA_API
630056950,DELTA CHI FRATERNITY,LOCAL_CHAPTER_ENTITY,2019,990,true,966096,1038352,420724,442417,-21693,PROPUBLICA_API
630164090,PHI KAPPA SIGMA FRATERNITY,LOCAL_CHAPTER_ENTITY,2019,990,true,303544,235700,320817,0,320817,PROPUBLICA_API
546038429,PSI CHAPTER OF SIGMA CHI HOUSE CORP,HOUSE_CORPORATION,2019,990,true,296113,26602,1530945,131590,1399355,PROPUBLICA_API
630188910,SIGMA DELTA TAU SOCIETY,UNKNOWN,2019,990,true,247722,244854,90114,0,90114,PROPUBLICA_API
710245516,SIGMA CHI FRATERNITY,LOCAL_CHAPTER_ENTITY,2019,990,true,1156530,1164564,175976,9070,166906,PROPUBLICA_API
716061509,CHI OMEGA FRATERNITY,LOCAL_CHAPTER_ENTITY,2019,990,true,374021,373526,179410,0,179410,PROPUBLICA_API
812277045,SIGMA PHI EPSILON FRATERNITY INC,LOCAL_CHAPTER_ENTITY,2019,990,true,806849,802892,61115,8100,53015,PROPUBLICA_API
710230717,PHI DELTA THETA FRATERNITY,LOCAL_CHAPTER_ENTITY,2019,990,true,648928,628004,246122,0,246122,PROPUBLICA_API
630164580,PI KAPPA ALPHA FRATERNITY,LOCAL_CHAPTER_ENTITY,2019,990,true,1420305,1330393,171387,47033,124354,PROPUBLICA_API
631006177,GAMMA ALPHA OF PI KAPPA ALPHA HOUSE CORPORATIONS,UNKNOWN,2019,990,true,354091,391174,5113020,3101642,2011378,PROPUBLICA_API
630289650,SIGMA CHI FRATERNITY,LOCAL_CHAPTER_ENTITY,2019,990,true,301051,251058,57480,0,57480,PROPUBLICA_API
462071035,ALABAMA BETA CHAPTER OF THE SIGMA PHI EPSILON FRATERNITY,LOCAL_CHAPTER_ENTITY,2019,990,true,840972,882698,2266,200,2066,PROPUBLICA_API
630188930,SIGMA NU FRATERNITY,LOCAL_CHAPTER_ENTITY,2019,990,true,887303,899892,79938,1166,78772,PROPUBLICA_API
272795242,DELTA CHI-UNIVERSITY OF ALABAMA CHAPTER HOUSE CORPORATION,HOUSE_CORPORATION,2019,990,true,292505,353206,4497250,3424755,1072495,PROPUBLICA_API
590626226,SIGMA CHI FRATERNITY,LOCAL_CHAPTER_ENTITY,2019,990,true,589099,563065,428788,9546,419242,PROPUBLICA_API
716057345,DELTA DELTA DELTA FRATERNITY DELTA IOTA HOUSE CORP,HOUSE_CORPORATION,2019,990,true,1467878,1555544,18287082,13969628,4317454,PROPUBLICA_API
710237930,KAPPA SIGMA FRATERNITY,LOCAL_CHAPTER_ENTITY,2019,990,true,433656,424333,52150,0,52150,PROPUBLICA_API
710296927,ALPHA DELTA PI SORORITY,LOCAL_CHAPTER_ENTITY,2019,990,true,1021890,619720,2575068,147980,2427088,PROPUBLICA_API
472160158,KAPPA ALPHA ORDER,UNKNOWN,2019,990,true,725457,719766,82759,0,82759,PROPUBLICA_API
710673722,KAPPA DELTA SORORITY,LOCAL_CHAPTER_ENTITY,2019,990,true,1109640,1088097,88213,0,88213,PROPUBLICA_API
237114376,ARKANSAS PI BETA PHI HOUSE ASSOC,UNKNOWN,2019,990,true,1060021,1149585,11537350,8676793,2860557,PROPUBLICA_API
710243898,SIGMA ALPHA EPSILON FRATERNITY,LOCAL_CHAPTER_ENTITY,2019,990,true,600800,609539,185782,11419,174363,PROPUBLICA_API
636066478,GAMMA PHI BETA SORORITY INC,LOCAL_CHAPTER_ENTITY,2019,990,true,510395,475518,125754,0,125754,PROPUBLICA_API
237153933,SIGMA NU BUILDING BETA THETA CHAPTER,PROPERTY_HOLDING_ENTITY,2019,990,true,27526,0,982077,523303,458774,PROPUBLICA_API
636056644,PHI GAMMA DELTA FRATERNITY,LOCAL_CHAPTER_ENTITY,2019,990,true,784985,866786,56372,2890,53482,PROPUBLICA_API
636050289,CHI OMEGA FRATERNITY,LOCAL_CHAPTER_ENTITY,2019,990,true,378562,396943,182388,77509,104879,PROPUBLICA_API
636050218,ALPHA GAMMA DELTA FRATERNITY,LOCAL_CHAPTER_ENTITY,2019,990,true,593796,560925,308508,0,308508,PROPUBLICA_API
822367768,ALPHA UPSILON CHAPTER OF PHI GAMMA DELTA FRATERNITY HOUSE CORPO,LOCAL_CHAPTER_ENTITY,2019,990,true,195635,53893,1556197,0,1556197,PROPUBLICA_API
237226508,TAU KAPPA EPSILON FRATERNITY INC,LOCAL_CHAPTER_ENTITY,2019,990,true,337621,314442,794740,521415,273325,PROPUBLICA_API
593024291,SIGMA CHI FOUNDATION AT AUBURN UNIVERSITY INC,EDUCATIONAL_FOUNDATION,2019,990,true,197996,281702,319205,0,319205,PROPUBLICA_API
636061057,PI KAPPA ALPHA FRATERNITY,PROPERTY_HOLDING_ENTITY,2019,990,true,-22016,1625,1031367,598070,433297,PROPUBLICA_API
463871332,ZETA PSI CHAPTER OF ALPHA SIGMA PHI FRATERNITY INC,LOCAL_CHAPTER_ENTITY,2019,990N,false,,,,,,PROPUBLICA_API
202472978,ALPHA TAU OMEGA FRATERNITY,LOCAL_CHAPTER_ENTITY,2019,990,true,831458,818898,14837,0,14837,PROPUBLICA_API
630289644,LAMBDA CHI ALPHA FRATERNITY INC,LOCAL_CHAPTER_ENTITY,2019,990,true,1057462,1096052,130040,0,130040,PROPUBLICA_API
630454765,KAPPA ALPHA ORDER,UNKNOWN,2019,990,true,1094170,1121425,117217,0,117217,PROPUBLICA_API
471944189,ALPHA SIGMA PHI FRATERNITY INC,LOCAL_CHAPTER_ENTITY,2019,990EZ,true,101029,34729,266,0,266,PROPUBLICA_API
630838676,CHI PHI FRATERNITY INC,LOCAL_CHAPTER_ENTITY,2019,990EZ,true,110201,100551,28134,0,28134,PROPUBLICA_API
630164590,PI KAPPA PHI FRATERNITY,LOCAL_CHAPTER_ENTITY,2019,990,true,665782,655196,59998,0,59998,PROPUBLICA_API
630837474,AUBURN DELTA CHI ALUMNI CONTROL BOARD INC,PROPERTY_HOLDING_ENTITY,2019,990,true,89750,38425,661337,142956,518381,PROPUBLICA_API
264795406,PHI THETA CHAPTER HOUSE CORPORATION OF DELTA DELTA DELTA FRATERNITY,HOUSE_CORPORATION,2019,990EZ,true,53409,41433,104997,0,104997,PROPUBLICA_API
237091513,ALABAMA GAMMA OF PI BETA PHI HOUSE ASSOCIATION INCORPORATED,HOUSE_CORPORATION,2019,990EZ,true,40000,18962,235603,0,235603,PROPUBLICA_API
590639987,SIGMA ALPHA EPSILON FRATERNITY,LOCAL_CHAPTER_ENTITY,2019,990,true,638012,612856,136795,9617,127178,PROPUBLICA_API
591755953,SIGMA ALPHA EPSILON FRATERNITY,LOCAL_CHAPTER_ENTITY,2019,990EZ,true,91065,85240,480177,0,480177,PROPUBLICA_API
590682455,ALPHA EPSILON PHI SORORITY,LOCAL_CHAPTER_ENTITY,2019,990,true,1165768,824161,1503809,39858,1463951,PROPUBLICA_API
590638774,KAPPA DELTA SORORITY,LOCAL_CHAPTER_ENTITY,2019,990,true,214383,227212,184989,0,184989,PROPUBLICA_API
636053862,KAPPA DELTA SORORITY,LOCAL_CHAPTER_ENTITY,2019,990,true,422472,465899,326717,35980,290737,PROPUBLICA_API
237044651,DELTA ZETA OF DELTA TAU INC,PROPERTY_HOLDING_ENTITY,2019,990,true,111120,112134,680452,411639,268813,PROPUBLICA_API
364817535,GAMMA PHI BETA SORORITY INC,LOCAL_CHAPTER_ENTITY,2019,990,true,365797,323623,180563,0,180563,PROPUBLICA_API
596153391,CHI OMEGA FRATERNITY,LOCAL_CHAPTER_ENTITY,2019,990,true,314014,299566,59161,0,59161,PROPUBLICA_API
590627917,BETA THETA PI FRATERNITY,LOCAL_CHAPTER_ENTITY,2019,990,true,269396,262334,8114,0,8114,PROPUBLICA_API
593350147,DELTA TAU DELTA FRATERNITY,LOCAL_CHAPTER_ENTITY,2019,990,true,586651,647671,21407,6868,14538,PROPUBLICA_API
582412093,CHI PSI FRATERNITY,LOCAL_CHAPTER_ENTITY,2019,990EZ,true,129752,126316,16429,0,16429,PROPUBLICA_API
591515489,THETA CHI FRATERNITY INC,LOCAL_CHAPTER_ENTITY,2019,990,true,1616755,1695993,3564279,2331870,1232408,PROPUBLICA_API
436049304,KAPPA ALPHA ORDER,UNKNOWN,2019,990,true,1436,15591,64261,0,64261,PROPUBLICA_API
590657429,ALPHA EPSILON PI FRATERNITY,LOCAL_CHAPTER_ENTITY,2019,990,true,691770,666247,53228,0,53228,PROPUBLICA_API
596141908,FLORIDA ALPHA ALUMNI OF SIGMA PHI EPSILON INC,ALUMNI_CORPORATION,2019,990,true,445368,555162,3990128,1733351,2256777,PROPUBLICA_API
453670908,PI KAPPA ALPHA FRATERNITY,LOCAL_CHAPTER_ENTITY,2019,990,true,398101,398453,1089,0,1089,PROPUBLICA_API
590628020,KAPPA ALPHA ORDER,UNKNOWN,2019,990,true,490774,488073,13606,0,13606,PROPUBLICA_API
596203032,PHI MU FRATERNITY,PROPERTY_HOLDING_ENTITY,2019,990,true,1113815,945698,4377073,2029289,2347784,PROPUBLICA_API
581657154,GAMMA PHI BETA SORORITY INC,LOCAL_CHAPTER_ENTITY,2019,990,true,377078,328634,189355,0,189355,PROPUBLICA_API
592643047,FLORIDA DELTA OF PI BETA PHI HOUSE CORPORATION,HOUSE_CORPORATION,2019,990,true,377996,286085,1566534,559836,1006698,PROPUBLICA_API
580585704,ALPHA GAMMA DELTA FRATERNITY,LOCAL_CHAPTER_ENTITY,2019,990,true,1353226,1351808,183997,0,183997,PROPUBLICA_API
596139328,BETA PI OF KAPPA DELTA HOUSE CORP,HOUSE_CORPORATION,2019,990,true,993009,1011303,2285675,273367,2012308,PROPUBLICA_API
581909461,SIGMA PHI HOUSE CORPORATION OF KAPPA DELTA SORORITY A VIRGINIA,HOUSE_CORPORATION,2019,990,true,691703,681871,946421,48529,897892,PROPUBLICA_API
581490431,GAMMA PHI BETA SORORITY INC,LOCAL_CHAPTER_ENTITY,2019,990,true,520258,541534,1198889,557919,640970,PROPUBLICA_API
580679938,SIGMA PI FRATERNITY INTERNATIONAL INC,NATIONAL_PARENT,2019,990,true,341871,316305,69647,0,69647,PROPUBLICA_API
586067925,KAPPA DELTA SORORITY,LOCAL_CHAPTER_ENTITY,2019,990,true,348569,312749,65868,0,65868,PROPUBLICA_API
581025461,PHI GAMMA DELTA FRATERNITY,LOCAL_CHAPTER_ENTITY,2019,990,true,790607,830290,116223,0,116223,PROPUBLICA_API
580582498,MU CHAPTER OF SIGMA NU FRATERNITY,LOCAL_CHAPTER_ENTITY,2019,990,true,420037,421432,28931,0,28931,PROPUBLICA_API
911981486,GEORGIA DELTA OF SIGMA PHI EPSILON INC,UNKNOWN,2019,990,true,539873,468543,194481,0,194481,PROPUBLICA_API
580590521,PI KAPPA ALPHA FRATERNITY,LOCAL_CHAPTER_ENTITY,2019,990,true,397722,319649,106884,0,106884,PROPUBLICA_API
580592772,ALPHA GAMMA RHO FRATERNITY,LOCAL_CHAPTER_ENTITY,2019,990,true,455047,349094,294922,0,294922,PROPUBLICA_API
586035098,ALPHA GAMMA RHO FRATERNITY,LOCAL_CHAPTER_ENTITY,2019,990,true,117992,82755,1388714,250000,1138714,PROPUBLICA_API
580587177,THETA CHI FRATERNITY INC,LOCAL_CHAPTER_ENTITY,2019,990,true,353678,360949,83093,294,82799,PROPUBLICA_API
310909146,PHI KAPPA PSI-GEORGIA ALPHA CHAPTER,LOCAL_CHAPTER_ENTITY,2019,990EZ,true,109430,113807,2198,0,2198,PROPUBLICA_API
581847110,DELTA BETA ALUMNI OF THETA CHI INC,ALUMNI_CORPORATION,2019,990EZ,true,69500,68180,283973,384970,-100997,PROPUBLICA_API
580301953,KAPPA ALPHA ORDER,UNKNOWN,2019,990,true,542477,548553,109053,44208,64845,PROPUBLICA_API
580596852,LAMBDA CHI ALPHA FRATERNITY INC,LOCAL_CHAPTER_ENTITY,2019,990,true,527835,542338,95154,0,95154,PROPUBLICA_API
580591246,TAU EPSILON PHI FRATERNITY,LOCAL_CHAPTER_ENTITY,2019,990,true,614396,594393,536483,195185,341298,PROPUBLICA_API
580560996,ALPHA EPSILON PI FRATERNITY,LOCAL_CHAPTER_ENTITY,2019,990,true,525000,536167,459655,117076,342579,PROPUBLICA_API
580574897,SIGMA CHI FRATERNITY,LOCAL_CHAPTER_ENTITY,2019,990,true,700191,706245,2599,0,2599,PROPUBLICA_API
581743710,PHI MU FRATERNITY,LOCAL_CHAPTER_ENTITY,2019,990,true,712361,728871,2341600,106504,2235096,PROPUBLICA_API
581937914,SIGMA ALPHA EPSILON FRATERNITY,LOCAL_CHAPTER_ENTITY,2019,990,true,204430,224365,1467444,228534,1238910,PROPUBLICA_API
580574987,PI KAPPA PHI FRATERNITY,LOCAL_CHAPTER_ENTITY,2019,990,true,281277,256658,27903,0,27903,PROPUBLICA_API
580574873,CHI OMEGA FRATERNITY,LOCAL_CHAPTER_ENTITY,2019,990,true,1070631,1138786,118452,610,117842,PROPUBLICA_API
616034813,EPSILON OMEGA OF KAPPA DELTA HOUSE,PROPERTY_HOLDING_ENTITY,2019,990,true,420825,342649,859190,137842,721348,PROPUBLICA_API
580581459,SIGMA ALPHA EPSILON FRATERNITY,LOCAL_CHAPTER_ENTITY,2019,990,true,675694,779504,107933,15588,92345,PROPUBLICA_API
580581268,DELTA TAU DELTA FRATERNITY,LOCAL_CHAPTER_ENTITY,2019,990,true,228629,237145,1484,0,1484,PROPUBLICA_API
510234811,CHI OMEGA HOUSE CORPORATION MU BETA CHAPTER,HOUSE_CORPORATION,2019,990,true,572977,515453,1365292,500234,865058,PROPUBLICA_API
616026148,CHI OMEGA FRATERNITY,LOCAL_CHAPTER_ENTITY,2019,990EZ,true,64247,62201,18220,5728,12492,PROPUBLICA_API
616042960,KAPPA ALPHA ORDER,UNKNOWN,2019,990,true,181864,198144,31338,0,31338,PROPUBLICA_API
610469791,KAPPA DELTA SORORITY,LOCAL_CHAPTER_ENTITY,2019,990,true,186394,225913,35163,0,35163,PROPUBLICA_API
610446350,CHI OMEGA FRATERNITY,LOCAL_CHAPTER_ENTITY,2019,990,true,320430,295332,113000,0,113000,PROPUBLICA_API
352581363,PI KAPPA ALPHA FRATERNITY,LOCAL_CHAPTER_ENTITY,2019,990EZ,true,140158,139389,6137,0,6137,PROPUBLICA_API
310905748,LAMBDA ALPHA OF CHI OMEGA HOUSE CORPORATION INCORPORATED,HOUSE_CORPORATION,2019,990,true,452725,372830,728579,405609,322970,PROPUBLICA_API
610444977,DELTA TAU DELTA FRATERNITY,LOCAL_CHAPTER_ENTITY,2019,990,true,280517,289565,4760,0,4760,PROPUBLICA_API
610448235,SIGMA NU FRATERNITY,LOCAL_CHAPTER_ENTITY,2019,990,true,398538,373215,57114,0,57114,PROPUBLICA_API
616033534,DELTA TAU DELTA HOUSE CORP OF KY,HOUSE_CORPORATION,2019,990,true,210770,190626,2728290,520176,2208114,PROPUBLICA_API
611269807,DELTA SIGMA PHI FRATERNITY INC,LOCAL_CHAPTER_ENTITY,2019,990EZ,true,182128,206690,2508,0,2508,PROPUBLICA_API
610447633,SIGMA CHI FRATERNITY,LOCAL_CHAPTER_ENTITY,2019,990EZ,true,105759,109123,2905,0,2905,PROPUBLICA_API
611207339,PHI GAMMA DELTA FRATERNITY,LOCAL_CHAPTER_ENTITY,2019,990EZ,true,107844,99485,8477,0,8477,PROPUBLICA_API
510164540,UPSILON KAPPA OF PHI GAMMA DELTA HOUSE CORP,HOUSE_CORPORATION,2019,990,true,59690,55713,531903,15039,516864,PROPUBLICA_API
526036185,PHI GAMMA DELTA EDUCATIONAL FOUNDATION,EDUCATIONAL_FOUNDATION,2019,990,true,4461047,2080518,20516558,343157,20173401,PROPUBLICA_API
237359145,SIGMA PI FRATERNITY HOUSING CORP,HOUSE_CORPORATION,2019,990,true,85978,83299,746586,511613,234973,PROPUBLICA_API
721023591,DELTA CHI HOUSE CORPORATION,HOUSE_CORPORATION,2019,990,true,156010,166366,480215,458221,21994,PROPUBLICA_API
720603683,DELTA KAPPA OF ZETA TAU ALPHA HOUSE CORPORATION,HOUSE_CORPORATION,2019,990,true,290413,271450,874190,117415,756775,PROPUBLICA_API
726021413,CHI OMEGA FRATERNITY,LOCAL_CHAPTER_ENTITY,2019,990,true,815604,797910,1419598,2316,1417282,PROPUBLICA_API
556028175,ALPHA GAMMA DELTA FRATERNITY,LOCAL_CHAPTER_ENTITY,2019,990,true,425169,365010,667236,0,667236,PROPUBLICA_API
720873120,ALPHA GAMMA RHO FRATERNITY,LOCAL_CHAPTER_ENTITY,2019,990,true,317697,322311,414879,0,414879,PROPUBLICA_API
726040902,LOUISIANA BETA OF PI BETA PHI HOUSE ASSOCIATION,HOUSE_CORPORATION,2019,990,true,556905,623447,975207,62995,912212,PROPUBLICA_API
576025458,KAPPA DELTA SORORITY,LOCAL_CHAPTER_ENTITY,2019,990,true,461367,410994,409357,1400,407957,PROPUBLICA_API
726027982,PI KAPPA ALPHA FRATERNITY,LOCAL_CHAPTER_ENTITY,2019,990EZ,true,146442,158622,340256,0,340256,PROPUBLICA_API
720482627,PI KAPPA ALPHA FATERNITY,UNKNOWN,2019,990EZ,true,182146,179413,8220,0,8220,PROPUBLICA_API
620256693,KAPPA SIGMA FRATERNITY,LOCAL_CHAPTER_ENTITY,2019,990,true,359258,375577,0,0,0,PROPUBLICA_API
237069145,DELTA OMEGA HOUSE CORPORATION OF DELTA DELTA DELTA FRATERNITY,HOUSE_CORPORATION,2019,990,true,329613,292433,2186923,13500,2173423,PROPUBLICA_API
726034315,SIGMA GAMMA RHO SORORITY INC,LOCAL_CHAPTER_ENTITY,2019,990EZ,true,39525,42382,155725,0,155725,PROPUBLICA_API
813514137,OMEGA CHAPTER OF ALPHA DELTA PI HOUSE CORPORATION,HOUSE_CORPORATION,2019,990,true,720427,629242,447244,281112,166132,PROPUBLICA_API
720416943,KAPPA ALPHA ORDER,UNKNOWN,2019,990,true,479489,468848,20390,0,20390,PROPUBLICA_API
726027219,DELTA KAPPA HOUSE CORP KAPPA ALPHA THETA,HOUSE_CORPORATION,2019,990,true,195804,183285,1219300,495039,724261,PROPUBLICA_API
640868872,DELTA OMEGA CHAPTER HOUSE CORPORATION OF KAPPA DELTA,HOUSE_CORPORATION,2019,990,true,1089005,1551082,4679711,2955881,1723830,PROPUBLICA_API
726027878,KAPPA DELTA SORORITY,LOCAL_CHAPTER_ENTITY,2019,990,true,428509,395086,316267,24500,291767,PROPUBLICA_API
640120597,KAPPA ALPHA ORDER,UNKNOWN,2019,990,true,604388,635280,10306,0,10306,PROPUBLICA_API
640390595,LAMBDA CHI ALPHA FRATERNITY INC,LOCAL_CHAPTER_ENTITY,2019,990,true,754705,746526,28458,15130,13328,PROPUBLICA_API
340435674,MISSISSIPPI STATE UNIVERSITY DELTA CHI BUILDING CORPORATION,HOUSE_CORPORATION,2019,990,true,71894,97707,697886,457136,240750,PROPUBLICA_API
430661687,ALPHA EPSILON PI FRATERNITY,LOCAL_CHAPTER_ENTITY,2019,990,true,367799,366237,14004,0,14004,PROPUBLICA_API
475663599,EDUCATIONAL FOUNDATION OF THE ALPHA KAPPA CHAPTER OF THE KAPPA ALPHA,EDUCATIONAL_FOUNDATION,2019,990EZ,true,5000,3449,113503,0,113503,PROPUBLICA_API
640310946,SIGMA ALPHA EPSILON FRATERNITY,LOCAL_CHAPTER_ENTITY,2019,990,true,689182,729240,92269,74880,17389,PROPUBLICA_API
646022216,PHI KAPPA TAU HOUSE CORP,HOUSE_CORPORATION,2019,990,true,215499,147765,186004,0,186004,PROPUBLICA_API
463509823,BETA BETA ALUMNI OF THE DELTA SIGMA PHI FRATERNITY,ALUMNI_CORPORATION,2019,990,true,673733,721010,2967437,1547537,1419900,PROPUBLICA_API
721523824,PHI MU FRATERNITY,LOCAL_CHAPTER_ENTITY,2019,990,true,873413,831216,2997718,1851713,1146005,PROPUBLICA_API
436050433,ALPHA PHI HOUSE CORPORATION BOARD- UNIVERSITY OF MISSOURI,HOUSE_CORPORATION,2019,990,true,843215,652331,2428295,56900,2371395,PROPUBLICA_API
430282880,GAMMA PHI BETA SORORITY INC,LOCAL_CHAPTER_ENTITY,2019,990,true,218125,222098,166674,6199,160475,PROPUBLICA_API
431098570,KAPPA DELTA SORORITY,LOCAL_CHAPTER_ENTITY,2019,990,true,381799,344968,227696,0,227696,PROPUBLICA_API
436059582,GAMMA PHI BETA SORORITY INC,LOCAL_CHAPTER_ENTITY,2019,990,true,528128,428957,5062074,3326737,1735337,PROPUBLICA_API
510245814,ALPHA GAMMA CHAPTER OF ALPHA DELTA PI HOUSE CORP,HOUSE_CORPORATION,2019,990,true,1113466,1287575,3962713,3668870,293843,PROPUBLICA_API
430214640,CHI OMEGA FRATERNITY,LOCAL_CHAPTER_ENTITY,2019,990,true,235400,307776,84018,60074,23944,PROPUBLICA_API
430456430,PHI DELTA THETA FRATERNITY,LOCAL_CHAPTER_ENTITY,2019,990,true,709045,739030,32021,25000,7021,PROPUBLICA_API
436031386,DELTA XI BLDG CORP OF DELTA DELTA DELTA,UNKNOWN,2019,990,true,391794,282619,4070581,2518593,1551988,PROPUBLICA_API
237180149,PHI DELTA THETA CLUB OF COLUMBIA MISSOURI,UNKNOWN,2019,990,true,272183,243691,3361829,3335308,26521,PROPUBLICA_API
436052949,RHO ALPHA OF CHI OMEGA INC,PROPERTY_HOLDING_ENTITY,2019,990,true,879975,954045,5269000,2457750,2811250,PROPUBLICA_API
430156640,ALPHA GAMMA RHO FRATERNITY,LOCAL_CHAPTER_ENTITY,2019,990,true,556272,577320,89924,41600,48324,PROPUBLICA_API
436052133,ALPHA GAMMA RHO BUILDING ASSOCIATION,HOUSE_CORPORATION,2019,990,true,416228,368679,1807428,282147,1525281,PROPUBLICA_API
436052199,BETA THETA PI FRATERNITY,LOCAL_CHAPTER_ENTITY,2019,990,true,1499970,1503063,234346,173949,60397,PROPUBLICA_API
736100261,SIGMA CHI FRATERNITY,LOCAL_CHAPTER_ENTITY,2019,990,true,639641,630735,1671753,1051080,620673,PROPUBLICA_API
431080165,KAPPA KAPPA GAMMA HOUSE CORP OF COLUMBIA,HOUSE_CORPORATION,2019,990,true,1483843,1360194,8793315,5766370,3026945,PROPUBLICA_API
436061869,ALPHA CHI OMEGA HOUSE CORP FOR ALPHA NU CHAPTER,HOUSE_CORPORATION,2019,990,true,315690,278385,3508356,762609,2745747,PROPUBLICA_API
431469466,DELTA CHI FRATERNITY,LOCAL_CHAPTER_ENTITY,2019,990,true,369860,361119,29033,0,29033,PROPUBLICA_API
237432859,SIGMA NU FRATERNITY,LOCAL_CHAPTER_ENTITY,2019,990,true,630002,662192,42744,66586,-23842,PROPUBLICA_API
900353708,THETA CHI FRATERNITY UNIVERSITY OF MISSOURI IOTA MU CHAPTER,LOCAL_CHAPTER_ENTITY,2019,990EZ,true,189569,186349,85306,0,85306,PROPUBLICA_API
430519030,SIGMA NU HOUSE CORPORATION,HOUSE_CORPORATION,2019,990,true,882062,438076,6682526,4770255,1912271,PROPUBLICA_API
464496506,RHO CHAPTER SIGMA NU EDUCATIONAL FOUNDATION,EDUCATIONAL_FOUNDATION,2019,990,true,839340,875000,76120,0,76120,PROPUBLICA_API
237330439,BETA THETA PI CLUB OF COLUMBIA MISSOURI,UNKNOWN,2019,990,true,755196,207892,15936533,2580500,13356033,PROPUBLICA_API
475168633,ALPHA SIGMA PHI FRATERNITY INC,LOCAL_CHAPTER_ENTITY,2019,990EZ,true,67712,76558,378,0,378,PROPUBLICA_API
320535538,PI KAPPA ALPHA FRATERNITY,LOCAL_CHAPTER_ENTITY,2019,990,true,584854,340728,267922,0,267922,PROPUBLICA_API
446013887,DELTA TAU DELTA ASSOCIATION OF COLUNBIA MO,UNKNOWN,2019,990,true,1405947,607371,6652781,4255534,2397247,PROPUBLICA_API
730583070,LAMBDA CHI ALPHA FRATERNITY INC,LOCAL_CHAPTER_ENTITY,2019,990,true,826333,688661,142222,0,142222,PROPUBLICA_API
430240451,DELTA TAU DELTA FRATERNITY,LOCAL_CHAPTER_ENTITY,2019,990,true,1129185,1150585,530873,76856,454017,PROPUBLICA_API
300407306,BETA KAPPA OF SIGMA CHI WHITE CROSS FOUNDATION,EDUCATIONAL_FOUNDATION,2019,990PF,true,10161,12408,298223,0,298223,PROPUBLICA_API
311128130,PHI KAPPA PSI FRATERNITY,LOCAL_CHAPTER_ENTITY,2019,990EZ,true,188509,138763,51724,0,51724,PROPUBLICA_API
730582839,BETA THETA PI FRATERNITY,LOCAL_CHAPTER_ENTITY,2019,990,true,721343,669468,249167,20404,228763,PROPUBLICA_API
730589443,PHI GAMMA DELTA FRATERNITY,LOCAL_CHAPTER_ENTITY,2019,990,true,689675,712151,16936,0,16936,PROPUBLICA_API
731440348,ALPHA PHI LUCY FINNERTY EDUCATIONAL FUND,UNKNOWN,2019,990PF,true,22232,41373,560654,0,560654,PROPUBLICA_API
730589378,TRUSTEES OF OKLAHOMA ALPHA CHAPTER OF PI BETA PHI FRATERNITY INC,LOCAL_CHAPTER_ENTITY,2019,990,true,518750,452340,1646486,740,1645746,PROPUBLICA_API
640307103,PHI MU FRATERNITY,LOCAL_CHAPTER_ENTITY,2019,990,true,1348226,1233034,4859250,384073,4475177,PROPUBLICA_API
736103379,BETA THETA PI CORPORATION OF OKLA,UNKNOWN,2019,990,true,1377228,1145962,9225654,2001409,7224245,PROPUBLICA_API
646027408,MISSISSIPPI BETA OF PI BETA PHI HOUSE ASSOCIATION INC,HOUSE_CORPORATION,2019,990,true,725920,344362,4754396,654492,4099904,PROPUBLICA_API
510178981,GAMMA PHI BETA SORORITY INC,LOCAL_CHAPTER_ENTITY,2019,990,true,283145,248131,182722,20781,161941,PROPUBLICA_API
640330884,KAPPA DELTA SORORITY,LOCAL_CHAPTER_ENTITY,2019,990,true,314340,364476,35920,0,35920,PROPUBLICA_API
731233879,BUILDING ASSOCIATION OF THE EPSILON ALPHA CHAPT CHI OMEGA FRATERNITY,HOUSE_CORPORATION,2019,990,true,1561519,1186909,7760840,1675553,6085287,PROPUBLICA_API
730583442,KAPPA ALPHA ORDER,UNKNOWN,2019,990,true,114971,114908,243,0,243,PROPUBLICA_API
640315255,SIGMA CHI FRATERNITY ETA CHAPTER,LOCAL_CHAPTER_ENTITY,2019,990,true,1213847,1205008,618125,5031,613094,PROPUBLICA_API
640717329,DELTA DELTA DELTA NATIONAL HOUSE CORPORATION,HOUSE_CORPORATION,2019,990,true,747861,896965,10159035,6076069,4082966,PROPUBLICA_API
640304773,SIGMA NU FRATERNITY,LOCAL_CHAPTER_ENTITY,2019,990,true,1787561,1301170,2692260,0,2692260,PROPUBLICA_API
730579972,GAMMA PHI BETA SORORITY INC,LOCAL_CHAPTER_ENTITY,2019,990,true,944517,870009,2331220,94170,2237050,PROPUBLICA_API
832574778,EPSILON XI CHAPTER OF SIGMA NU FRATERNITY CHARITY BOWL INC,LOCAL_CHAPTER_ENTITY,2019,990PF,true,1,0,1,0,1,PROPUBLICA_API
237229883,MISSISSIPPI ALPHA CHAPTER HOUSE CORPORATION OF PHI DELTA THETA FRA,HOUSE_CORPORATION,2019,990,true,63875,152437,1617380,605105,1012275,PROPUBLICA_API
570811123,ETA GAMMA CHAPTER OF CHI OMEGA FRATERNITY HOUSING CORPORATION,HOUSE_CORPORATION,2019,990,true,1079029,623477,5480796,0,5480796,PROPUBLICA_API
237160987,TAU OF CHI OMEGA FRATERNITY HOUSE CORPORATION,HOUSE_CORPORATION,2019,990,true,1582337,920370,5097740,4008,5093732,PROPUBLICA_API
237432869,MISSISSIPPI GAMMA HOUSE ASSN OF SIGMA ALPHA EPSILON,HOUSE_CORPORATION,2019,990,true,18472,13907,731806,0,731806,PROPUBLICA_API
640315254,SIGMA ALPHA EPSILON FRATERNITY,LOCAL_CHAPTER_ENTITY,2019,990EZ,true,423,76561,98297,50924,47373,PROPUBLICA_API
640412138,ALPHA TAU OMEGA FRATERNITY,LOCAL_CHAPTER_ENTITY,2019,990,true,1049404,1017493,64403,8580,55823,PROPUBLICA_API
582279145,RHO CHAPTER KAPPA ALPHA HOUSING CORPORATION,HOUSE_CORPORATION,2019,990,true,351461,388912,802119,132321,669798,PROPUBLICA_API
576033531,PI KAPPA PHI FRATERNITY,LOCAL_CHAPTER_ENTITY,2019,990,true,268466,331161,17421,0,17421,PROPUBLICA_API
640308935,PHI DELTA THETA FRATERNITY,LOCAL_CHAPTER_ENTITY,2019,990,true,1119235,1160640,1218279,247556,970723,PROPUBLICA_API
576033523,KAPPA ALPHA ORDER,UNKNOWN,2019,990,true,222280,223001,22606,0,22606,PROPUBLICA_API
237128453,LAMBDA CHI ALPHA FRATERNITY INC,LOCAL_CHAPTER_ENTITY,2019,990,true,204972,191774,4171,0,4171,PROPUBLICA_API
237219356,KAPPA KAPPA GAMMA FRATERNITY INC,LOCAL_CHAPTER_ENTITY,2019,990,true,1451664,1039863,3416076,4258,3411818,PROPUBLICA_API
237145973,SIGMA ALPHA EPSILON SOUTH CAROLINA DELTA CHAPTER,LOCAL_CHAPTER_ENTITY,2019,990,true,230047,229576,19332,0,19332,PROPUBLICA_API
383878997,ALPHA GAMMA DELTA FRATERNITY,LOCAL_CHAPTER_ENTITY,2019,990,true,523410,563051,205122,0,205122,PROPUBLICA_API
570742538,CHI OMEGA FRATERNITY,LOCAL_CHAPTER_ENTITY,2019,990,true,345084,334882,94599,0,94599,PROPUBLICA_API
741132046,KAPPA ALPHA ORDER,UNKNOWN,2019,990,true,931056,992685,74075,0,74075,PROPUBLICA_API
464828091,LAMBDA THETA HOUSE CORPORATION OF PHI MU FRATERNITY,HOUSE_CORPORATION,2019,990,true,1045261,898622,3467251,2494671,972580,PROPUBLICA_API
201554454,GAMMA PHI BETA SORORITY INC,LOCAL_CHAPTER_ENTITY,2019,990,true,272111,251843,88959,750,88209,PROPUBLICA_API
824644973,PHI DELTA THETA FRATERNITY,LOCAL_CHAPTER_ENTITY,2019,990EZ,true,194331,128561,65770,0,65770,PROPUBLICA_API
576027420,PI KAPPA ALPHA FRATERNITY,LOCAL_CHAPTER_ENTITY,2019,990,true,350482,252426,98996,0,98996,PROPUBLICA_API
626111214,KAPPA SIGMA FRATERNITY,PROPERTY_HOLDING_ENTITY,2019,990,true,163185,86358,566478,0,566478,PROPUBLICA_API
620495178,TENNESSEE KAPPA CHAPTER OF SIGMA ALPHA EPSILON,LOCAL_CHAPTER_ENTITY,2019,990,true,630991,572193,84437,0,84437,PROPUBLICA_API
626075139,EPSILON ETA CHAPTER OF SIGMA NU FRATERNITY,LOCAL_CHAPTER_ENTITY,2019,990EZ,true,159928,165729,2379,0,2379,PROPUBLICA_API
742188211,SIGMA PHI EPSILON EDUCATION FOUNDATION OF TEXAS ALPHA,EDUCATIONAL_FOUNDATION,2019,990EZ,true,84500,152891,399010,426746,-27736,PROPUBLICA_API
621414737,BETA SIGMA OF SIGMA CHI HOUSE CORPORATION,HOUSE_CORPORATION,2019,990,true,128224,63155,1477366,1132323,345043,PROPUBLICA_API
626042374,DELTA SIGMA HOUSE CORPORATION OF DELTA DELTA DELTA,HOUSE_CORPORATION,2019,990,true,229405,110533,641030,0,641030,PROPUBLICA_API
741130614,SIGMA PHI EPSILON FRATERNITY INC,LOCAL_CHAPTER_ENTITY,2019,990,true,1271105,1232032,198478,0,198478,PROPUBLICA_API
626047671,KAPPA DELTA SORORITY,LOCAL_CHAPTER_ENTITY,2019,990,true,381706,330406,239257,69795,169462,PROPUBLICA_API
621386377,PI CHAPTER CHI OMEGA FRATERNITY HOUSE CORP,HOUSE_CORPORATION,2019,990,true,434052,383745,435359,3684,431675,PROPUBLICA_API
626047975,CHI OMEGA FRATERNITY,LOCAL_CHAPTER_ENTITY,2019,990EZ,true,171348,155463,63584,0,63584,PROPUBLICA_API
740898333,SIGMA ALPHA MU FRATERNITY,LOCAL_CHAPTER_ENTITY,2019,990,true,1046106,1035673,8076,31254,-33611,PROPUBLICA_API
626045032,ALPHA DELTA PI HOUSE CORP ALPHA KAPPA,HOUSE_CORPORATION,2019,990,true,1072529,688546,1552538,0,1552538,PROPUBLICA_API
741130603,ALPHA EPSILON PI FRATERNITY,LOCAL_CHAPTER_ENTITY,2019,990EZ,true,127075,131558,14559,0,14559,PROPUBLICA_API
742657125,SIGMA GAMMA RHO SORORITY INC MU UPSILON CHAPTER,LOCAL_CHAPTER_ENTITY,2019,990EZ,true,0,0,1,0,1,PROPUBLICA_API
746084912,SIGMA GAMMA RHO SORORITY INC,LOCAL_CHAPTER_ENTITY,2019,990EZ,true,0,0,1,0,1,PROPUBLICA_API
742831564,ZETA BETA TAU FRATERNITY,LOCAL_CHAPTER_ENTITY,2019,990,true,1701782,1636907,389849,50510,339339,PROPUBLICA_API
746047117,BUILDING CORPORATION OF DELTA CHAPTER OF ALPHA DELTA PI,HOUSE_CORPORATION,2019,990,true,969805,900214,1114567,371464,743103,PROPUBLICA_API
746084213,CHI OMEGA FRATERNITY IOTA CHAPTER UNIV OF TX AT AUSTIN,LOCAL_CHAPTER_ENTITY,2019,990,true,278577,368475,25339,0,25339,PROPUBLICA_API
743004321,TEXAS DELTA CHI HOUSING CORP,HOUSE_CORPORATION,2019,990,true,10743,6986,425730,0,425730,PROPUBLICA_API
741130608,PHI GAMMA DELTA FRATERNITY,LOCAL_CHAPTER_ENTITY,2019,990,true,2181812,2189180,1116023,707533,408490,PROPUBLICA_API
741130611,SIGMA ALPHA EPSILON FRATERNITY,LOCAL_CHAPTER_ENTITY,2019,990,true,1440329,1694090,577201,216922,360279,PROPUBLICA_API
741120034,PI KAPPA ALPHA FRATERNITY,LOCAL_CHAPTER_ENTITY,2019,990,true,722656,722811,121458,156660,-35202,PROPUBLICA_API
740555581,CHI OMEGA FRATERNITY,LOCAL_CHAPTER_ENTITY,2019,990,true,1159910,1063547,2363526,78683,2284843,PROPUBLICA_API
741493205,KAPPA CHAPTER OF ZETA TAU ALPHA HOUSE CORPORATION,HOUSE_CORPORATION,2019,990,true,93045,84835,2518449,40815,2477634,PROPUBLICA_API
746060984,TEXAS ALPHA HOUSE CORPORATION OF PI BETA PHI,HOUSE_CORPORATION,2019,990,true,606974,614195,3505628,0,3505628,PROPUBLICA_API
741116912,SIGMA CHI FRATERNITY,LOCAL_CHAPTER_ENTITY,2019,990,true,745516,749080,67619,2400,65219,PROPUBLICA_API
740481786,ALPHA EPSILON PHI SORORITY OMEGA CHAPTER,LOCAL_CHAPTER_ENTITY,2019,990,true,311703,288036,465494,215189,250305,PROPUBLICA_API
510207538,SIGMA CHI FRATERNITY,LOCAL_CHAPTER_ENTITY,2019,990,true,794639,785228,43182,0,43182,PROPUBLICA_API
812525354,ALPHA SIGMA PHI FRATERNITY INC,LOCAL_CHAPTER_ENTITY,2019,990EZ,true,63337,74254,6439,0,6439,PROPUBLICA_API
742155975,SIGMA EPSILON OF KAPPA DELTA HOUSE CORP,HOUSE_CORPORATION,2019,990,true,1035614,837208,2858556,2150204,708352,PROPUBLICA_API
741932980,XI KAPPA OF CHI OMEGA HOUSE CORP,HOUSE_CORPORATION,2019,990,true,774120,569876,2045331,189377,1855954,PROPUBLICA_API
134264657,GAMMA PHI BETA SORORITY INC,LOCAL_CHAPTER_ENTITY,2019,990,true,315004,326917,81500,51472,30028,PROPUBLICA_API
732350514,TEXAS ETA CHAPTER OF PI BETA PHI HOUSE CORPORATION,HOUSE_CORPORATION,2019,990,true,348598,276249,1288289,337741,950548,PROPUBLICA_API
741219941,BETA XI OF KAPPA KAPPA GAMMA HOUSE ASSOCIATION,HOUSE_CORPORATION,2019,990,true,1744867,1109369,3999861,1891232,2108629,PROPUBLICA_API
742205939,KAPPA DELTA SORORITY,LOCAL_CHAPTER_ENTITY,2019,990,true,390270,440906,312130,279443,32687,PROPUBLICA_API
742930349,ETA ALPHA HOUSE CORPORATION OF KAPPA DELTA SORORITY,HOUSE_CORPORATION,2019,990,true,886610,661383,1127106,914906,212200,PROPUBLICA_API
810575553,PHI GAMMA DELTA FRATERNITY,LOCAL_CHAPTER_ENTITY,2019,990,true,465454,476925,91832,0,91832,PROPUBLICA_API
742205743,KAPPA ALPHA ORDER,UNKNOWN,2019,990,true,494996,532791,26846,0,26846,PROPUBLICA_API
530209696,OMEGA PSI PHI FRATERNITY,NATIONAL_PARENT,2019,990,true,7250851,6281297,8425179,1214676,7210503,PROPUBLICA_API
741116922,DELTA TAU DELTA FRATERNITY,LOCAL_CHAPTER_ENTITY,2019,990,true,1181170,1305075,1010259,812801,197458,PROPUBLICA_API
621218011,ALPHA DELTA PI HOUSE CORPORATION,HOUSE_CORPORATION,2019,990,true,188742,100602,613986,3032,610954,PROPUBLICA_API
746082351,DELTA TAU DELTA BUILDING ASSN,PROPERTY_HOLDING_ENTITY,2019,990,true,441526,126994,1374421,150824,1223597,PROPUBLICA_API
621793998,KAPPA DELTA SORORITY,LOCAL_CHAPTER_ENTITY,2019,990,true,293471,396907,28584,13591,14993,PROPUBLICA_API
626074044,CHI OMEGA FRATERNITY,LOCAL_CHAPTER_ENTITY,2019,990EZ,true,133007,123771,261489,0,261489,PROPUBLICA_API
742244833,DELTA TAU DELTA FRATERNITY,LOCAL_CHAPTER_ENTITY,2019,990,true,399093,424190,10402,0,10402,PROPUBLICA_API
530261012,ZETA PHI BETA SORORITY INC,NATIONAL_PARENT,2019,990,true,10276744,7919700,22866072,4371555,18494517,PROPUBLICA_API
362426170,GAMMA PHI BETA SORORITY INC,NATIONAL_PARENT,2019,990,true,14941407,12520367,30249801,13480872,16768929,PROPUBLICA_API
237279516,NASHVILLE ALUMNI CHAPTER KAPPA ALPHA PSI FRATERNITY INC,ALUMNI_CORPORATION,2019,990EZ,true,56834,59957,26221,0,26221,PROPUBLICA_API
521346179,ZETA PHI BETA SORORITY INC,LOCAL_CHAPTER_ENTITY,2019,990EZ,true,650,3630,2697,0,2697,PROPUBLICA_API
620671306,KAPPA ALPHA ORDER,UNKNOWN,2019,990EZ,true,96057,96421,2519,0,2519,PROPUBLICA_API
263623864,KAPPA SIGMA FRATERNITY,LOCAL_CHAPTER_ENTITY,2019,990,true,117967,105213,3839,0,3839,PROPUBLICA_API
473151737,PI KAPPA ALPHA FRATERNITY,LOCAL_CHAPTER_ENTITY,2019,990EZ,true,69412,23507,50290,0,50290,PROPUBLICA_API
010158948,SIGMA KAPPA SORORITY,NATIONAL_PARENT,2019,990,true,5841240,5834740,9970548,4878486,5092062,PROPUBLICA_API
621771326,PHI BETA SIGMA FRATERNITY-ETA BETA SIGMA CHAPTER INCORPORATED,LOCAL_CHAPTER_ENTITY,2019,990,true,15484,14972,29687,13598,16089,PROPUBLICA_API
626047662,KAPPA DELTA SORORITY,LOCAL_CHAPTER_ENTITY,2019,990,true,223874,192403,169747,0,169747,PROPUBLICA_API
381543609,SIGMA ALPHA IOTA FRATERNITY,NATIONAL_PARENT,2019,990,true,1084907,1033835,1336255,69513,1266742,PROPUBLICA_API
430765719,THETA TAU,NATIONAL_PARENT,2019,990,true,1460107,1251389,2474389,76220,2398169,PROPUBLICA_API
621466616,BETA TAU HOUSE CORPORATION OF KAPPA DELTA SORORITY,HOUSE_CORPORATION,2019,990EZ,true,117099,247944,297518,4552,292966,PROPUBLICA_API
310406470,PHI DELTA THETA FRATERNITY,NATIONAL_PARENT,2019,990,true,5022713,6037958,5669459,1458400,4211059,PROPUBLICA_API
356020472,SIGMA GAMMA RHO SORORITY INC,NATIONAL_PARENT,2019,990,true,4852517,4432323,6277251,1057046,5220205,PROPUBLICA_API
310851686,CHI OMEGA FRATERNITY,NATIONAL_PARENT,2019,990,true,8419809,7525166,18324282,580993,17743289,PROPUBLICA_API
350141875,ALPHA CHI OMEGA FRATERNITY INC,NATIONAL_PARENT,2019,990,true,15759297,14899534,24678296,18231964,6446332,PROPUBLICA_API
361996950,ZETA TAU ALPHA INTL FRATERNITY & FRATERNITY HOUSING CORPORATION,NATIONAL_PARENT,2019,990,true,10208364,8645722,32653155,12228344,20424811,PROPUBLICA_API
221281800,SIGMA PI FRATERNITY INTERNATIONAL,NATIONAL_PARENT,2019,990,true,2911547,2864435,2962623,359141,2603482,PROPUBLICA_API
221550561,ALPHA GAMMA DELTA FRATERNITY,NATIONAL_PARENT,2019,990,true,6355076,7223950,12372894,7777989,4594905,PROPUBLICA_API
131306360,SIGMA ALPHA MU FRATERNITY INC,NATIONAL_PARENT,2019,990,true,2079684,2426701,7316040,3100057,4215983,PROPUBLICA_API
210577978,THETA CHI FRATERNITY INC,NATIONAL_PARENT,2019,990,true,5698571,5199325,7884499,2372322,5512177,PROPUBLICA_API
314164901,DELTA GAMMA FRATERNITY,NATIONAL_PARENT,2019,990,true,6808455,6646776,14823049,1202210,13620839,PROPUBLICA_API
620533776,PHI MU FRATERNITY,NATIONAL_PARENT,2019,990,true,7375193,7466609,21115199,7098333,14016866,PROPUBLICA_API
350459180,LAMBDA CHI ALPHA FRATERNITY INC,NATIONAL_PARENT,2019,990,true,5922442,6713503,5732790,1226751,4506039,PROPUBLICA_API
350267650,DELTA TAU DELTA FRATERNITY,NATIONAL_PARENT,2019,990,true,4921673,5199784,13627198,1888101,11739097,PROPUBLICA_API
530125862,PHI GAMMA DELTA FRATERNITY,NATIONAL_PARENT,2019,990,true,5802080,6158335,14550474,117283,14433191,PROPUBLICA_API
131496630,ZETA PSI FRATERNITY OF NORTH AMERICA,NATIONAL_PARENT,2019,990,true,923188,986375,776301,446367,329934,PROPUBLICA_API
362077508,ALPHA PHI INTERNATIONAL FRATERNITY INC,NATIONAL_PARENT,2019,990,true,7686096,6224332,21653145,1865513,19787632,PROPUBLICA_API
430689936,SIGMA TAU GAMMA FRATERNITY,NATIONAL_PARENT,2019,990,true,4259301,4315861,4941049,4260810,680239,PROPUBLICA_API
361773950,SIGMA ALPHA EPSILON FRATERNITY,NATIONAL_PARENT,2019,990,true,7830416,7809898,11645916,4178266,7467650,PROPUBLICA_API
430769468,ALPHA EPSILON PI FRATERNITY INC,NATIONAL_PARENT,2019,990,true,5059113,6309684,1475059,304175,1170884,PROPUBLICA_API
570340150,PI KAPPA PHI FRATERNITY,NATIONAL_PARENT,2019,990,true,6407196,6612512,8501056,4407701,4093355,PROPUBLICA_API
580191430,CHI PHI FRATERNITY INC,NATIONAL_PARENT,2019,990,true,1855307,1864746,1403073,198738,1204335,PROPUBLICA_API
440500006,KAPPA DELTA SORORITY INC,NATIONAL_PARENT,2019,990,true,9462751,7130302,60062946,7289204,52773742,PROPUBLICA_API
580310956,KAPPA ALPHA ORDER,NATIONAL_PARENT,2019,990,true,4274769,4260067,7324298,2172078,5152220,PROPUBLICA_API
362152330,ALPHA KAPPA ALPHA SORORITY INC,NATIONAL_PARENT,2019,990,true,32033633,28401059,45507095,12099344,33407751,PROPUBLICA_API
130604310,DELTA KAPPA EPSILON FRATERNITY,NATIONAL_PARENT,2019,990,true,1622885,1717748,1235871,271630,964241,PROPUBLICA_API
370464584,PI BETA PHI FRATERNITY,NATIONAL_PARENT,2019,990,true,10274715,8686051,40644921,4057254,36587667,PROPUBLICA_API
131496610,ZETA BETA TAU FRATERNITY,NATIONAL_PARENT,2019,990,true,2686605,2739538,946889,259475,687414,PROPUBLICA_API
311353726,DELTA ZETA NATIONAL HOUSING CORPORATION,NATIONAL_PARENT,2019,990,true,24628746,19362214,86754789,28527592,58227197,PROPUBLICA_API
314359813,ALPHA SIGMA PHI FRATERNITY INC,NATIONAL_PARENT,2019,990,true,4211117,4021084,3925907,792385,3133522,PROPUBLICA_API
361305568,KAPPA ALPHA THETA FRATERNITY,NATIONAL_PARENT,2019,990,true,8075046,7447962,38611483,22683340,15928143,PROPUBLICA_API
310531047,BETA THETA PI FRATERNITY,NATIONAL_PARENT,2019,990,true,6858017,7758221,8068966,2674242,5394724,PROPUBLICA_API
314221880,KAPPA KAPPA GAMMA FRATERNITY INC,NATIONAL_PARENT,2019,990,true,8004869,8820419,11667884,2208535,9459349,PROPUBLICA_API
580638489,ALPHA DELTA PI SORORITY,NATIONAL_PARENT,2019,990,true,6238526,6305650,12278293,2209829,10068464,PROPUBLICA_API
310406478,PHI KAPPA TAU FRATERNITY,NATIONAL_PARENT,2019,990,true,2318750,2645335,3928060,946702,2981358,PROPUBLICA_API
370152140,ALPHA TAU OMEGA FRATERNITY,NATIONAL_PARENT,2019,990,true,5529764,5754727,8365697,1705277,6660420,PROPUBLICA_API
362374316,DELTA DELTA DELTA,NATIONAL_PARENT,2019,990,true,9178575,10753115,12751360,2248327,10503033,PROPUBLICA_API
530215218,DELTA SIGMA THETA SORORITY INC,NATIONAL_PARENT,2019,990,true,20677878,15778526,46610731,24478883,22131848,PROPUBLICA_API
361773960,SIGMA CHI FRATERNITY,NATIONAL_PARENT,2019,990,true,6167948,6163513,12503581,1799354,10704227,PROPUBLICA_API
370152080,ALPHA GAMMA RHO FRATERNITY,NATIONAL_PARENT,2019,990,true,2064706,2490765,6202638,1357382,4845256,PROPUBLICA_API
230967790,PHI KAPPA SIGMA FRATERNITY GRAND CHAPTER,NATIONAL_PARENT,2019,990,true,1128174,1171928,1301242,36194,1265048,PROPUBLICA_API
300174261,TAU KAPPA EPSILON FRATERNITY INC,NATIONAL_PARENT,2019,990,true,5088797,4932291,6763510,1851107,4912403,PROPUBLICA_API
620950113,ALPHA OMICRON PI FRATERNITY INC,NATIONAL_PARENT,2019,990,true,7815076,6106267,32494006,4843161,27650845,PROPUBLICA_API
840405009,DELTA SIGMA PHI FRATERNITY INC NATIONAL HEADQUARTERS,NATIONAL_PARENT,2019,990,true,3828804,3833832,2238626,1040263,1198363,PROPUBLICA_API
420212285,DELTA CHI FRATERNITY,NATIONAL_PARENT,2019,990,true,3506739,4130373,13003477,197573,12805904,PROPUBLICA_API
540628798,SIGMA NU FRATERNITY INC,NATIONAL_PARENT,2019,990,true,6387091,6179702,8825337,1660787,7164550,PROPUBLICA_API
730654150,SIGMA SIGMA SIGMA INC,NATIONAL_PARENT,2019,990,true,3773158,3597703,9269100,3406584,5862516,PROPUBLICA_API
431971836,DELTA PHI EPSILON SORORITY INC,NATIONAL_PARENT,2019,990,true,2537578,2737433,3018572,1737775,1280797,PROPUBLICA_API
223530740,LAMBDA THETA ALPHA,NATIONAL_PARENT,2019,990,true,643892,478957,1675084,0,1675084,PROPUBLICA_API
562163357,THETA NU XI MULTICULTURAL SORORITY INCORPORATED,NATIONAL_PARENT,2019,990,true,122961,110362,331958,4655,327303,PROPUBLICA_API
386089059,CHI PSI FRATERNITY,NATIONAL_PARENT,2019,990,true,1299764,1518999,3806724,2222264,1584460,PROPUBLICA_API
231500981,THE GRAND CHAPTER OF PHI SIGMA KAPPA,NATIONAL_PARENT,2019,990,true,2222796,2406090,1435941,298293,1137648,PROPUBLICA_API
131368460,TAU EPSILON PHI FRATERNITY INC,NATIONAL_PARENT,2019,990,true,330871,427847,947887,0,947887,PROPUBLICA_API
362024274,SIGMA DELTA TAU SOCIETY,NATIONAL_PARENT,2019,990,true,2136464,1984310,4811003,589582,4221421,PROPUBLICA_API
352103442,ALPHA XI DELTA NATIONAL HOUSING CORPORATION INC,NATIONAL_PARENT,2019,990,true,3198430,1946300,7034554,3644913,3389641,PROPUBLICA_API
042200265,PHI KAPPA THETA FRATERNITY,NATIONAL_PARENT,2019,990,true,989656,1076157,387519,296124,91395,PROPUBLICA_API
350868356,PHI DELTA THETA FRATERNITY,LOCAL_CHAPTER_ENTITY,2018,990,true,232012,222209,31895,19115,12780,PROPUBLICA_API
592339079,PHI DELTA THETA FRATERNITY,LOCAL_CHAPTER_ENTITY,2018,990,true,920669,968028,563530,579444,-15914,PROPUBLICA_API
593282583,PHI DELTA THETA CHAPTER HOUSE ASSOCIATION INC,HOUSE_CORPORATION,2018,990,true,420544,484629,872833,1392652,-519819,PROPUBLICA_API
630164075,PHI DELTA THETA FRATERNITY,LOCAL_CHAPTER_ENTITY,2018,990,true,253399,252689,9693,18995,-9302,PROPUBLICA_API
631053272,PHI DELTA THETA FRATERNITY,LOCAL_CHAPTER_ENTITY,2018,990,true,1251037,1373528,6767425,4545722,2221703,PROPUBLICA_API
630893932,PHI MU HOUSE CORPORATION,HOUSE_CORPORATION,2018,990,true,3388453,2320747,19215604,8604453,10611151,PROPUBLICA_API
640723232,KAPPA ALPHA CHAPTER OF PHI MU FRATERNITY HOUSE CORPORATION,HOUSE_CORPORATION,2018,990,true,1391048,1214175,9257964,5787245,3470719,PROPUBLICA_API
596135388,CHI OMEGA HOUSING CORPORATION,HOUSE_CORPORATION,2018,990,true,954276,910185,3635115,700219,2934896,PROPUBLICA_API
636091968,THE NU BETA CHAPTER OF THE CHI OMEGA HOUSE ASSOCIATION INC,HOUSE_CORPORATION,2018,990,true,3236517,2539728,15707285,9580583,6126702,PROPUBLICA_API
640392826,CHI OMEGA FRATERNITY,LOCAL_CHAPTER_ENTITY,2018,990,true,378550,355609,132902,0,132902,PROPUBLICA_API
264170711,UNIVERSITY OF ALABAMA CHAPTER OF SIGMA PI FRATERNITY HOUSING,LOCAL_CHAPTER_ENTITY,2018,990,true,786880,714539,3117698,2782414,335284,PROPUBLICA_API
371866424,SIGMA PI MISSISSIPPI HOUSE CORPORATION,HOUSE_CORPORATION,2018,990,true,654345,423356,303863,24194,279669,PROPUBLICA_API
636103404,PHI GAMMA DELTA FRATERNITY,LOCAL_CHAPTER_ENTITY,2018,990,true,325099,147281,3062765,176524,2886241,PROPUBLICA_API
560548249,PHI GAMMA DELTA FRATERNITY,LOCAL_CHAPTER_ENTITY,2018,990,true,311798,422146,50490,0,50490,PROPUBLICA_API
630164080,PHI GAMMA DELTA FRATERNITY,LOCAL_CHAPTER_ENTITY,2018,990,true,1427430,1403152,73774,42669,31105,PROPUBLICA_API
420467540,PHI KAPPA PSI FRATERNITY,LOCAL_CHAPTER_ENTITY,2018,990,true,508829,561439,13421,0,13421,PROPUBLICA_API
936036290,PHI KAPPA PSI FRATERNITY,LOCAL_CHAPTER_ENTITY,2018,990,true,505868,476437,100810,0,100810,PROPUBLICA_API
630289653,THETA CHI FRATERNITY INC,LOCAL_CHAPTER_ENTITY,2018,990,true,1120293,1254306,137029,56530,80499,PROPUBLICA_API
237109085,ALPHA PHI ZETA HOUSE CORPORATION OF LAMBDA CHI ALPHA FRATERNITY,HOUSE_CORPORATION,2018,990,true,345880,345199,3906415,2753002,1153413,PROPUBLICA_API
380293927,SIGMA KAPPA CORPORATION,UNKNOWN,2018,990,true,565675,422417,1800041,14818,1785223,PROPUBLICA_API
320257409,BETA MU HOUSE CORP OF ALPHA PHI INTERNATIONAL FRATERNITY INC,HOUSE_CORPORATION,2018,990,true,3502222,2931625,14621136,9941534,4679602,PROPUBLICA_API
941367157,ALPHA PHI BUILDING CORPORATION,HOUSE_CORPORATION,2018,990,true,906200,758412,2619187,75585,2543602,PROPUBLICA_API
630007510,ALPHA GAMMA DELTA FRATERNITY,LOCAL_CHAPTER_ENTITY,2018,990,true,3014727,2789097,1022690,32788,989902,PROPUBLICA_API
451298367,UNIVERSITY OF ALABAMA CHAPTER OF THETA CHI HOUSING CORPORATION,HOUSE_CORPORATION,2018,990,true,464526,612257,7225361,4716581,2508780,PROPUBLICA_API
472160158,KAPPA ALPHA ORDER,UNKNOWN,2018,990,true,653375,674678,77068,0,77068,PROPUBLICA_API
237235595,ALPHA GAMMA DELTA FRATERNITY,LOCAL_CHAPTER_ENTITY,2018,990,true,1233066,509301,9443733,3891801,5551932,PROPUBLICA_API
630056965,DELTA KAPPA EPSILON COUNCIL,UNKNOWN,2018,990,true,1569127,1509235,991117,881035,110082,PROPUBLICA_API
631004292,GAMMA PHI BETA SORORITY INC,LOCAL_CHAPTER_ENTITY,2018,990,true,2811330,2657806,15629508,10908982,4720526,PROPUBLICA_API
630818055,ALABAMA BETA OF PI BETA PHI HOUSE ASSOCIATION INCORPORATED,HOUSE_CORPORATION,2018,990,true,1547983,1379164,18014145,15627164,2386981,PROPUBLICA_API
630980702,KAPPA DELTA SORORITY,LOCAL_CHAPTER_ENTITY,2018,990,true,3959386,2984309,18557352,9796744,8760608,PROPUBLICA_API
630733120,ZETA BETA TAU FRATERNITY,LOCAL_CHAPTER_ENTITY,2018,990,true,642275,490172,4918311,2963453,1954858,PROPUBLICA_API
630120537,LAMBDA CHI ALPHA FRATERNITY INC,LOCAL_CHAPTER_ENTITY,2018,990,true,1099076,1081480,88332,29628,58704,PROPUBLICA_API
630115520,KAPPA DELTA SORORITY,LOCAL_CHAPTER_ENTITY,2018,990,true,706776,607678,550300,220010,330290,PROPUBLICA_API
237114590,EPSILON CHI ZETA HOUSE CORPORATION OF LAMBDA CHI ALPHA FRATERNITY,HOUSE_CORPORATION,2018,990,true,292566,75497,3305384,2804001,501383,PROPUBLICA_API
630233975,ZETA BETA TAU FRATERNITY,LOCAL_CHAPTER_ENTITY,2018,990,true,1144777,1138770,61701,51402,10299,PROPUBLICA_API
621370853,GAMMA PHI BETA SORORITY,LOCAL_CHAPTER_ENTITY,2018,990,true,574774,530000,235854,117907,117947,PROPUBLICA_API
630188870,SIGMA ALPHA EPSILON FRATERNITY,LOCAL_CHAPTER_ENTITY,2018,990,true,334343,354759,143935,183542,-39607,PROPUBLICA_API
636049922,HOUSE BOARD OF GAMMA PI OF KAPPA KAPPA GAMMA,UNKNOWN,2018,990,true,3259596,2316937,19628516,11567979,8060537,PROPUBLICA_API
631030493,PSI OF DELTA KAPPA EPSILON HOUSE CORPORATION OF UNIVERSITY ALABAMA,HOUSE_CORPORATION,2018,990,true,905357,602800,5088779,1121393,3967386,PROPUBLICA_API
566062593,DELTA KAPPA EPSILON COUNCIL,UNKNOWN,2018,990,true,651335,675328,72273,26895,45378,PROPUBLICA_API
593078421,KAPPA ALPHA HOUSING ASSOCIATION OF FLORIDA INC,UNKNOWN,2018,990EZ,true,113975,149956,213272,4700,208572,PROPUBLICA_API
741132044,KAPPA SIGMA FRATERNITY,LOCAL_CHAPTER_ENTITY,2018,990,true,481905,623212,26516,0,26516,PROPUBLICA_API
380293670,ALPHA DELTA PHI PENINSULAR CHAPTER,PROPERTY_HOLDING_ENTITY,2018,990EZ,true,13671,15511,8857,0,8857,PROPUBLICA_API
630040605,TAU CHAPTER OF CHI PHI,LOCAL_CHAPTER_ENTITY,2018,990,true,759515,747174,460816,428331,32485,PROPUBLICA_API
580596934,PI KAPPA PHI FRATERNITY,LOCAL_CHAPTER_ENTITY,2018,990,true,656823,598211,492084,382050,110034,PROPUBLICA_API
630164600,PI KAPPA PHI FRATERNITY,LOCAL_CHAPTER_ENTITY,2018,990,true,1202656,1281721,91240,98670,-7430,PROPUBLICA_API
630289642,KAPPA ALPHA ORDER,UNKNOWN,2018,990,true,1455590,1549942,59797,197000,-137203,PROPUBLICA_API
581648136,IOTA ALUMNI OF PI KAPPA PHI INC,ALUMNI_CORPORATION,2018,990,true,134814,98013,934192,200130,734062,PROPUBLICA_API
430349090,THE ALPHA KAPPA CHAPTER OF THE KAPPA ALPHA FRATERNITY,LOCAL_CHAPTER_ENTITY,2018,990,true,294895,105430,1812230,58277,1753953,PROPUBLICA_API
590641930,GAMMA IOTA CHAPTER OF ALPHA DELTA PI HOUSE CORPORATION,HOUSE_CORPORATION,2018,990,true,1102991,718139,1755656,22596,1733060,PROPUBLICA_API
630020370,KAPPA SIGMA FRATERNITY,LOCAL_CHAPTER_ENTITY,2018,990,true,1039061,1032821,112228,105775,6453,PROPUBLICA_API
630057000,DELTA TAU DELTA FRATERNITY,LOCAL_CHAPTER_ENTITY,2018,990,true,791690,736899,64401,20869,43532,PROPUBLICA_API
351780304,PI KAPPA PHI INC,UNKNOWN,2018,990,true,986661,848073,1838705,596154,1242551,PROPUBLICA_API
630007530,ALPHA TAU OMEGA FRATERNITY,LOCAL_CHAPTER_ENTITY,2018,990,true,1765487,1681844,9623621,4417840,5205781,PROPUBLICA_API
581793975,ZETA IOTA CHAPTER OF ALPHA DELTA PI HOUSE CORPORATION,HOUSE_CORPORATION,2018,990,true,156133,70886,648966,7345,641621,PROPUBLICA_API
630457980,BETA THETA PI FRATERNITY,LOCAL_CHAPTER_ENTITY,2018,990,true,1284224,1205082,839735,686745,152990,PROPUBLICA_API
630056950,DELTA CHI FRATERNITY,LOCAL_CHAPTER_ENTITY,2018,990,true,1117481,1140404,506610,456047,50563,PROPUBLICA_API
630164090,PHI KAPPA SIGMA FRATERNITY,LOCAL_CHAPTER_ENTITY,2018,990,true,184473,214767,252973,0,252973,PROPUBLICA_API
546038429,PSI CHAPTER OF SIGMA CHI HOUSE CORP,HOUSE_CORPORATION,2018,990,true,180408,28055,1318434,188590,1129844,PROPUBLICA_API
630188910,SIGMA DELTA TAU SOCIETY,UNKNOWN,2018,990,true,312244,292069,212494,125248,87246,PROPUBLICA_API
710245516,SIGMA CHI FRATERNITY,LOCAL_CHAPTER_ENTITY,2018,990,true,1228787,1251416,183248,8308,174940,PROPUBLICA_API
716061509,CHI OMEGA FRATERNITY,LOCAL_CHAPTER_ENTITY,2018,990,true,354166,340006,178915,0,178915,PROPUBLICA_API
812277045,SIGMA PHI EPSILON FRATERNITY INC,LOCAL_CHAPTER_ENTITY,2018,990,true,613260,605000,45925,0,45925,PROPUBLICA_API
710230717,PHI DELTA THETA FRATERNITY,LOCAL_CHAPTER_ENTITY,2018,990,true,597730,554108,225198,0,225198,PROPUBLICA_API
630164580,PI KAPPA ALPHA FRATERNITY,LOCAL_CHAPTER_ENTITY,2018,990,true,1125427,1102952,86290,86848,-558,PROPUBLICA_API
631006177,GAMMA ALPHA OF PI KAPPA ALPHA HOUSE CORPORATIONS,UNKNOWN,2018,990,true,249332,421538,5253754,3205293,2048461,PROPUBLICA_API
630289650,SIGMA CHI FRATERNITY,LOCAL_CHAPTER_ENTITY,2018,990,true,279552,274139,7487,0,7487,PROPUBLICA_API
462071035,ALABAMA BETA CHAPTER OF THE SIGMA PHI EPSILON FRATERNITY,LOCAL_CHAPTER_ENTITY,2018,990,true,826640,811774,70921,0,70921,PROPUBLICA_API
272795242,DELTA CHI-UNIVERSITY OF ALABAMA CHAPTER HOUSE CORPORATION,HOUSE_CORPORATION,2018,990,true,983389,953196,4619830,3486634,1133196,PROPUBLICA_API
590626226,SIGMA CHI FRATERNITY,LOCAL_CHAPTER_ENTITY,2018,990,true,532372,470335,410560,17352,393208,PROPUBLICA_API
630188940,SIGMA NU FRATERNITY,LOCAL_CHAPTER_ENTITY,2018,990,true,1285061,1265321,678495,640400,38095,PROPUBLICA_API
710237930,KAPPA SIGMA FRATERNITY,LOCAL_CHAPTER_ENTITY,2018,990EZ,true,152332,100953,128632,23629,105003,PROPUBLICA_API
710296927,ALPHA DELTA PI SORORITY,LOCAL_CHAPTER_ENTITY,2018,990,true,946516,611081,2030628,5710,2024918,PROPUBLICA_API
716057345,DELTA DELTA DELTA FRATERNITY DELTA IOTA HOUSE CORP,HOUSE_CORPORATION,2018,990,true,2171332,267117,13544205,9139085,4405120,PROPUBLICA_API
710673722,KAPPA DELTA SORORITY,LOCAL_CHAPTER_ENTITY,2018,990,true,626503,680316,67095,425,66670,PROPUBLICA_API
237114376,ARKANSAS PI BETA PHI HOUSE ASSOC,UNKNOWN,2018,990,true,617858,1062865,11955772,9005651,2950121,PROPUBLICA_API
710243898,SIGMA ALPHA EPSILON FRATERNITY,LOCAL_CHAPTER_ENTITY,2018,990,true,638845,551891,198095,14993,183102,PROPUBLICA_API
636066478,GAMMA PHI BETA SORORITY INC,LOCAL_CHAPTER_ENTITY,2018,990,true,486826,480213,90877,0,90877,PROPUBLICA_API
237153933,SIGMA NU BUILDING BETA THETA CHAPTER,PROPERTY_HOLDING_ENTITY,2018,990,true,7704,0,1017982,586734,431248,PROPUBLICA_API
630188930,SIGMA NU FRATERNITY,LOCAL_CHAPTER_ENTITY,2018,990,true,897594,851196,92209,848,91361,PROPUBLICA_API
636050289,CHI OMEGA FRATERNITY,LOCAL_CHAPTER_ENTITY,2018,990,true,366363,390189,187234,63974,123260,PROPUBLICA_API
636050218,ALPHA GAMMA DELTA FRATERNITY,LOCAL_CHAPTER_ENTITY,2018,990,true,569517,575456,275637,0,275637,PROPUBLICA_API
822367768,ALPHA UPSILON CHAPTER OF PHI GAMMA DELTA FRATERNITY HOUSE CORPO,LOCAL_CHAPTER_ENTITY,2018,990,true,176833,90216,1414455,0,1414455,PROPUBLICA_API
636056644,PHI GAMMA DELTA FRATERNITY,LOCAL_CHAPTER_ENTITY,2018,990,true,968613,914009,135283,0,135283,PROPUBLICA_API
636061057,PI KAPPA ALPHA FRATERNITY,PROPERTY_HOLDING_ENTITY,2018,990,true,12839,1894,1087500,630562,456938,PROPUBLICA_API
202472978,ALPHA TAU OMEGA FRATERNITY,LOCAL_CHAPTER_ENTITY,2018,990,true,776670,791471,2277,0,2277,PROPUBLICA_API
630289644,LAMBDA CHI ALPHA FRATERNITY INC,LOCAL_CHAPTER_ENTITY,2018,990,true,909622,891237,168630,0,168630,PROPUBLICA_API
630454765,KAPPA ALPHA ORDER,UNKNOWN,2018,990,true,1174063,1188606,144472,0,144472,PROPUBLICA_API
471944189,ALPHA SIGMA PHI FRATERNITY INC,LOCAL_CHAPTER_ENTITY,2018,990EZ,true,63000,65771,1299,0,1299,PROPUBLICA_API
631056750,ALPHA GAMMA RHO FRATERNITY,LOCAL_CHAPTER_ENTITY,2018,990EZ,true,66500,67580,220357,203008,17349,PROPUBLICA_API
630838676,CHI PHI FRATERNITY INC,LOCAL_CHAPTER_ENTITY,2018,990EZ,true,104837,88947,18484,0,18484,PROPUBLICA_API
593024291,SIGMA CHI FOUNDATION AT AUBURN UNIVERSITY INC,EDUCATIONAL_FOUNDATION,2018,990EZ,true,86704,12112,402911,0,402911,PROPUBLICA_API
630837474,AUBURN DELTA CHI ALUMNI CONTROL BOARD INC,PROPERTY_HOLDING_ENTITY,2018,990,true,85776,66643,630704,163648,467056,PROPUBLICA_API
264795406,PHI THETA CHAPTER HOUSE CORPORATION OF DELTA DELTA DELTA FRATERNITY,HOUSE_CORPORATION,2018,990EZ,true,86875,42110,93021,0,93021,PROPUBLICA_API
237091513,ALABAMA GAMMA OF PI BETA PHI HOUSE ASSOCIATION INCORPORATED,HOUSE_CORPORATION,2018,990EZ,true,48100,60160,214565,0,214565,PROPUBLICA_API
590639987,SIGMA ALPHA EPSILON FRATERNITY,LOCAL_CHAPTER_ENTITY,2018,990,true,649011,624852,104714,2693,102021,PROPUBLICA_API
591755953,SIGMA ALPHA EPSILON FRATERNITY,LOCAL_CHAPTER_ENTITY,2018,990EZ,true,120091,46632,474352,0,474352,PROPUBLICA_API
590682455,ALPHA EPSILON PHI SORORITY,LOCAL_CHAPTER_ENTITY,2018,990,true,1255252,803870,1188404,66060,1122344,PROPUBLICA_API
590638774,KAPPA DELTA SORORITY,LOCAL_CHAPTER_ENTITY,2018,990,true,228411,214630,197818,0,197818,PROPUBLICA_API
636053862,KAPPA DELTA SORORITY,LOCAL_CHAPTER_ENTITY,2018,990,true,393772,381061,366256,32092,334164,PROPUBLICA_API
630316135,THETA XI FRATERNITY,LOCAL_CHAPTER_ENTITY,2018,990EZ,true,0,0,8240,0,8240,PROPUBLICA_API
237044651,DELTA ZETA OF DELTA TAU INC,PROPERTY_HOLDING_ENTITY,2018,990,true,130955,82991,711336,441509,269827,PROPUBLICA_API
364817535,GAMMA PHI BETA SORORITY INC,LOCAL_CHAPTER_ENTITY,2018,990,true,416765,303192,138389,0,138389,PROPUBLICA_API
596153391,CHI OMEGA FRATERNITY,LOCAL_CHAPTER_ENTITY,2018,990,true,297411,278681,44713,0,44713,PROPUBLICA_API
590627917,BETA THETA PI FRATERNITY,LOCAL_CHAPTER_ENTITY,2018,990,true,277595,283142,1052,0,1052,PROPUBLICA_API
593350147,DELTA TAU DELTA FRATERNITY,LOCAL_CHAPTER_ENTITY,2018,990,true,626693,612994,77223,1665,75558,PROPUBLICA_API
582412093,CHI PSI FRATERNITY,LOCAL_CHAPTER_ENTITY,2018,990EZ,true,184485,180118,12993,0,12993,PROPUBLICA_API
474787667,ALPHA ALPHA DELTA OF CHI PSI LODGE ASSN INC,UNKNOWN,2018,990,true,135527,78244,1090280,947139,143141,PROPUBLICA_API
591515489,THETA CHI FRATERNITY INC,LOCAL_CHAPTER_ENTITY,2018,990,true,1521283,1271604,3748261,2436614,1311646,PROPUBLICA_API
203675713,CHI PHI FRATERNITY,LOCAL_CHAPTER_ENTITY,2018,990,true,612047,579044,154732,2724,152008,PROPUBLICA_API
436049304,KAPPA ALPHA ORDER,UNKNOWN,2018,990,true,114390,152332,83366,4950,78416,PROPUBLICA_API
590657429,ALPHA EPSILON PI FRATERNITY,LOCAL_CHAPTER_ENTITY,2018,990,true,592201,584666,27705,0,27705,PROPUBLICA_API
596141908,FLORIDA ALPHA ALUMNI OF SIGMA PHI EPSILON INC,ALUMNI_CORPORATION,2018,990,true,396633,391984,4101131,1734560,2366571,PROPUBLICA_API
453670908,PI KAPPA ALPHA FRATERNITY,LOCAL_CHAPTER_ENTITY,2018,990EZ,true,180627,186849,1441,0,1441,PROPUBLICA_API
590628020,KAPPA ALPHA ORDER,UNKNOWN,2018,990,true,524812,523573,10905,0,10905,PROPUBLICA_API
596203032,PHI MU FRATERNITY,PROPERTY_HOLDING_ENTITY,2018,990,true,1046852,722093,2179667,0,2179667,PROPUBLICA_API
581657154,GAMMA PHI BETA SORORITY INC,LOCAL_CHAPTER_ENTITY,2018,990,true,850912,854888,140911,0,140911,PROPUBLICA_API
592643047,FLORIDA DELTA OF PI BETA PHI HOUSE CORPORATION,HOUSE_CORPORATION,2018,990,true,366344,274695,1527441,612654,914787,PROPUBLICA_API
580585704,ALPHA GAMMA DELTA FRATERNITY,LOCAL_CHAPTER_ENTITY,2018,990,true,1302568,1315265,182579,0,182579,PROPUBLICA_API
596139328,BETA PI OF KAPPA DELTA HOUSE CORP,HOUSE_CORPORATION,2018,990,true,1088941,962183,2309130,278528,2030602,PROPUBLICA_API
581909461,SIGMA PHI HOUSE CORPORATION OF KAPPA DELTA SORORITY A VIRGINIA,HOUSE_CORPORATION,2018,990,true,680493,554681,903081,15021,888060,PROPUBLICA_API
581490431,GAMMA PHI BETA SORORITY INC,LOCAL_CHAPTER_ENTITY,2018,990,true,562872,570883,1264791,602545,662246,PROPUBLICA_API
580679938,SIGMA PI FRATERNITY INTERNATIONAL INC,NATIONAL_PARENT,2018,990,true,341323,325041,44081,0,44081,PROPUBLICA_API
586067925,KAPPA DELTA SORORITY,LOCAL_CHAPTER_ENTITY,2018,990,true,322606,345657,30048,0,30048,PROPUBLICA_API
581025461,PHI GAMMA DELTA FRATERNITY,LOCAL_CHAPTER_ENTITY,2018,990,true,799375,738598,155906,0,155906,PROPUBLICA_API
580582498,MU CHAPTER OF SIGMA NU FRATERNITY,LOCAL_CHAPTER_ENTITY,2018,990,true,472246,459256,30326,0,30326,PROPUBLICA_API
911981486,GEORGIA DELTA OF SIGMA PHI EPSILON INC,UNKNOWN,2018,990,true,510113,538284,116989,0,116989,PROPUBLICA_API
580590521,PI KAPPA ALPHA FRATERNITY,LOCAL_CHAPTER_ENTITY,2018,990,true,285554,318350,28811,0,28811,PROPUBLICA_API
272615266,PHI KAPPA TAU FRATERNITY,LOCAL_CHAPTER_ENTITY,2018,990,true,153210,141015,28101,0,28101,PROPUBLICA_API
580592772,ALPHA GAMMA RHO FRATERNITY,LOCAL_CHAPTER_ENTITY,2018,990,true,441770,430954,189209,240,188969,PROPUBLICA_API
586035098,ALPHA GAMMA RHO FRATERNITY,LOCAL_CHAPTER_ENTITY,2018,990,true,138792,63153,1412446,308969,1103477,PROPUBLICA_API
580587177,THETA CHI FRATERNITY INC,LOCAL_CHAPTER_ENTITY,2018,990,true,381523,380321,90070,0,90070,PROPUBLICA_API
310909146,PHI KAPPA PSI-GEORGIA ALPHA CHAPTER,LOCAL_CHAPTER_ENTITY,2018,990EZ,true,123920,132662,6575,0,6575,PROPUBLICA_API
581847110,DELTA BETA ALUMNI OF THETA CHI INC,ALUMNI_CORPORATION,2018,990EZ,true,96500,97306,307415,409731,-102316,PROPUBLICA_API
580301953,KAPPA ALPHA ORDER,UNKNOWN,2018,990,true,582263,589566,74421,3500,70921,PROPUBLICA_API
580596852,LAMBDA CHI ALPHA FRATERNITY INC,LOCAL_CHAPTER_ENTITY,2018,990,true,523415,484815,109657,0,109657,PROPUBLICA_API
580591246,TAU EPSILON PHI FRATERNITY,LOCAL_CHAPTER_ENTITY,2018,990,true,603540,553148,535671,214377,321294,PROPUBLICA_API
580560996,ALPHA EPSILON PI FRATERNITY,LOCAL_CHAPTER_ENTITY,2018,990,true,462956,439834,470822,117076,353746,PROPUBLICA_API
580574897,SIGMA CHI FRATERNITY,LOCAL_CHAPTER_ENTITY,2018,990,true,335089,334077,10753,2100,8653,PROPUBLICA_API
581743710,PHI MU FRATERNITY,LOCAL_CHAPTER_ENTITY,2018,990,true,648401,617631,2368860,117257,2251603,PROPUBLICA_API
581937914,SIGMA ALPHA EPSILON FRATERNITY,LOCAL_CHAPTER_ENTITY,2018,990,true,192137,234913,1496745,238023,1258722,PROPUBLICA_API
580574873,CHI OMEGA FRATERNITY,LOCAL_CHAPTER_ENTITY,2018,990,true,1022279,906981,186607,610,185997,PROPUBLICA_API
616034813,EPSILON OMEGA OF KAPPA DELTA HOUSE,PROPERTY_HOLDING_ENTITY,2018,990,true,450163,325245,819798,176626,643172,PROPUBLICA_API
616042960,KAPPA ALPHA ORDER,UNKNOWN,2018,990,true,211878,184486,47618,0,47618,PROPUBLICA_API
580581459,SIGMA ALPHA EPSILON FRATERNITY,LOCAL_CHAPTER_ENTITY,2018,990,true,702402,644190,188412,13507,174905,PROPUBLICA_API
580581268,DELTA TAU DELTA FRATERNITY,LOCAL_CHAPTER_ENTITY,2018,990,true,250000,245800,10000,0,10000,PROPUBLICA_API
510234811,CHI OMEGA HOUSE CORPORATION MU BETA CHAPTER,HOUSE_CORPORATION,2018,990,true,585948,581211,1306417,498883,807534,PROPUBLICA_API
616026148,CHI OMEGA FRATERNITY,LOCAL_CHAPTER_ENTITY,2018,990EZ,true,83533,86033,16242,5796,10446,PROPUBLICA_API
610469791,KAPPA DELTA SORORITY,LOCAL_CHAPTER_ENTITY,2018,990,true,215092,198671,74682,0,74682,PROPUBLICA_API
610446350,CHI OMEGA FRATERNITY,LOCAL_CHAPTER_ENTITY,2018,990,true,539647,529484,87902,0,87902,PROPUBLICA_API
310905748,LAMBDA ALPHA OF CHI OMEGA HOUSE CORPORATION INCORPORATED,HOUSE_CORPORATION,2018,990,true,441239,374356,705510,462435,243075,PROPUBLICA_API
610444977,DELTA TAU DELTA FRATERNITY,LOCAL_CHAPTER_ENTITY,2018,990,true,272140,278572,22608,8800,13808,PROPUBLICA_API
610448235,SIGMA NU FRATERNITY,LOCAL_CHAPTER_ENTITY,2018,990EZ,true,160838,163407,31791,0,31791,PROPUBLICA_API
616033534,DELTA TAU DELTA HOUSE CORP OF KY,HOUSE_CORPORATION,2018,990,true,378107,176431,2731513,543543,2187970,PROPUBLICA_API
274575400,ZETA RHO CHAPTER OF THETA CHI FRATERNITY,LOCAL_CHAPTER_ENTITY,2018,990,true,233207,233522,9478,0,9478,PROPUBLICA_API
611269807,DELTA SIGMA PHI FRATERNITY INC,LOCAL_CHAPTER_ENTITY,2018,990EZ,true,149403,155898,27070,0,27070,PROPUBLICA_API
611207339,PHI GAMMA DELTA FRATERNITY,LOCAL_CHAPTER_ENTITY,2018,990EZ,true,134382,140263,430,0,430,PROPUBLICA_API
510164540,UPSILON KAPPA OF PHI GAMMA DELTA HOUSE CORP,HOUSE_CORPORATION,2018,990,true,62854,38351,523666,10779,512887,PROPUBLICA_API
310896719,ALPHA BETA LAMBDA CHAPTER OF ALPHA PHI ALPHA FRATERNITY INC,LOCAL_CHAPTER_ENTITY,2018,990EZ,true,97180,108263,121169,0,121169,PROPUBLICA_API
526036185,PHI GAMMA DELTA EDUCATIONAL FOUNDATION,EDUCATIONAL_FOUNDATION,2018,990,true,4650688,3099416,18912483,329916,18582567,PROPUBLICA_API
237359145,SIGMA PI FRATERNITY HOUSING CORP,HOUSE_CORPORATION,2018,990,true,87329,114013,583207,350913,232294,PROPUBLICA_API
721023591,DELTA CHI HOUSE CORPORATION,HOUSE_CORPORATION,2018,990,true,216759,176978,490770,458420,32350,PROPUBLICA_API
720603683,DELTA KAPPA OF ZETA TAU ALPHA HOUSE CORPORATION,HOUSE_CORPORATION,2018,990,true,315013,321456,889761,151949,737812,PROPUBLICA_API
726021413,CHI OMEGA FRATERNITY,LOCAL_CHAPTER_ENTITY,2018,990,true,691770,877216,1407787,8231,1399556,PROPUBLICA_API
556028175,ALPHA GAMMA DELTA FRATERNITY,LOCAL_CHAPTER_ENTITY,2018,990,true,696801,697126,607077,0,607077,PROPUBLICA_API
720961914,DELTA CHI FRATERNITY,LOCAL_CHAPTER_ENTITY,2018,990,true,189421,166516,25425,0,25425,PROPUBLICA_API
720873120,ALPHA GAMMA RHO FRATERNITY,LOCAL_CHAPTER_ENTITY,2018,990,true,330511,446453,419493,0,419493,PROPUBLICA_API
726040902,LOUISIANA BETA OF PI BETA PHI HOUSE ASSOCIATION,HOUSE_CORPORATION,2018,990,true,646380,230987,1003810,25056,978754,PROPUBLICA_API
576025458,KAPPA DELTA SORORITY,LOCAL_CHAPTER_ENTITY,2018,990,true,491564,360955,358984,1400,357584,PROPUBLICA_API
726027982,PI KAPPA ALPHA FRATERNITY,LOCAL_CHAPTER_ENTITY,2018,990EZ,true,128686,131255,352436,0,352436,PROPUBLICA_API
720482627,PI KAPPA ALPHA FATERNITY,UNKNOWN,2018,990EZ,true,175846,179365,5487,0,5487,PROPUBLICA_API
237069145,DELTA OMEGA HOUSE CORPORATION OF DELTA DELTA DELTA FRATERNITY,HOUSE_CORPORATION,2018,990,true,329151,284535,2149743,13500,2136243,PROPUBLICA_API
726034315,SIGMA GAMMA RHO SORORITY INC,LOCAL_CHAPTER_ENTITY,2018,990EZ,true,57322,48185,158582,0,158582,PROPUBLICA_API
813514137,OMEGA CHAPTER OF ALPHA DELTA PI HOUSE CORPORATION,HOUSE_CORPORATION,2018,990,true,638389,688311,417774,342827,74947,PROPUBLICA_API
720416943,KAPPA ALPHA ORDER,UNKNOWN,2018,990,true,529406,525014,9749,0,9749,PROPUBLICA_API
726027219,DELTA KAPPA HOUSE CORP KAPPA ALPHA THETA,HOUSE_CORPORATION,2018,990,true,180673,176941,711742,0,711742,PROPUBLICA_API
640868872,DELTA OMEGA CHAPTER HOUSE CORPORATION OF KAPPA DELTA,HOUSE_CORPORATION,2018,990,true,1078690,616931,5143729,2687471,2456258,PROPUBLICA_API
726027878,KAPPA DELTA SORORITY,LOCAL_CHAPTER_ENTITY,2018,990,true,402899,362332,288985,30641,258344,PROPUBLICA_API
640120597,KAPPA ALPHA ORDER,UNKNOWN,2018,990,true,644626,648443,13592,0,13592,PROPUBLICA_API
640390595,LAMBDA CHI ALPHA FRATERNITY INC,LOCAL_CHAPTER_ENTITY,2018,990,true,508598,516460,18399,13250,5149,PROPUBLICA_API
340435674,MISSISSIPPI STATE UNIVERSITY DELTA CHI BUILDING CORPORATION,HOUSE_CORPORATION,2018,990,true,68794,77531,754531,469118,285413,PROPUBLICA_API
430661687,ALPHA EPSILON PI FRATERNITY,LOCAL_CHAPTER_ENTITY,2018,990,true,391278,276919,12442,0,12442,PROPUBLICA_API
436065825,SOCIETY OF BETA SIGMA PSI,UNKNOWN,2018,990,true,407139,398344,38876,45544,-6668,PROPUBLICA_API
475663599,EDUCATIONAL FOUNDATION OF THE ALPHA KAPPA CHAPTER OF THE KAPPA ALPHA,EDUCATIONAL_FOUNDATION,2018,990EZ,true,40350,7214,111952,0,111952,PROPUBLICA_API
640310946,SIGMA ALPHA EPSILON FRATERNITY,LOCAL_CHAPTER_ENTITY,2018,990,true,719208,723438,390406,332959,57447,PROPUBLICA_API
646022216,PHI KAPPA TAU HOUSE CORP,HOUSE_CORPORATION,2018,990,true,218378,124981,119770,1500,118270,PROPUBLICA_API
436075111,SIGMA ALPHA EPSILON CLUB OF COLUMBIA MISSOURI,UNKNOWN,2018,990,true,321453,504253,5023926,3068348,1955578,PROPUBLICA_API
463509823,BETA BETA ALUMNI OF THE DELTA SIGMA PHI FRATERNITY,ALUMNI_CORPORATION,2018,990,true,695516,770321,3044556,1579769,1464787,PROPUBLICA_API
721523824,PHI MU FRATERNITY,LOCAL_CHAPTER_ENTITY,2018,990,true,709084,713911,3110897,2007089,1103808,PROPUBLICA_API
436050433,ALPHA PHI HOUSE CORPORATION BOARD- UNIVERSITY OF MISSOURI,HOUSE_CORPORATION,2018,990,true,822458,652270,2366800,186289,2180511,PROPUBLICA_API
430282880,GAMMA PHI BETA SORORITY INC,LOCAL_CHAPTER_ENTITY,2018,990,true,232408,195912,164448,0,164448,PROPUBLICA_API
431098570,KAPPA DELTA SORORITY,LOCAL_CHAPTER_ENTITY,2018,990,true,404265,339709,190865,0,190865,PROPUBLICA_API
436059582,GAMMA PHI BETA SORORITY INC,LOCAL_CHAPTER_ENTITY,2018,990,true,840443,727971,2132918,495673,1637245,PROPUBLICA_API
510245814,ALPHA GAMMA CHAPTER OF ALPHA DELTA PI HOUSE CORP,HOUSE_CORPORATION,2018,990,true,1229718,1316952,3898115,3430163,467952,PROPUBLICA_API
430456430,PHI DELTA THETA FRATERNITY,LOCAL_CHAPTER_ENTITY,2018,990,true,736029,652153,62005,25000,37005,PROPUBLICA_API
436031386,DELTA XI BLDG CORP OF DELTA DELTA DELTA,UNKNOWN,2018,990,true,340238,320193,4053179,2610366,1442813,PROPUBLICA_API
430214640,CHI OMEGA FRATERNITY,LOCAL_CHAPTER_ENTITY,2018,990,true,266495,314004,134933,38613,96320,PROPUBLICA_API
436052949,RHO ALPHA OF CHI OMEGA INC,PROPERTY_HOLDING_ENTITY,2018,990,true,922751,943557,5379837,2615369,2764468,PROPUBLICA_API
430156640,ALPHA GAMMA RHO FRATERNITY,LOCAL_CHAPTER_ENTITY,2018,990,true,632029,653622,109572,40200,69372,PROPUBLICA_API
237180149,PHI DELTA THETA CLUB OF COLUMBIA MISSOURI,UNKNOWN,2018,990,true,110400,136416,3446334,3448305,-1971,PROPUBLICA_API
436052133,ALPHA GAMMA RHO BUILDING ASSOCIATION,HOUSE_CORPORATION,2018,990,true,427688,367899,1847552,369820,1477732,PROPUBLICA_API
436052199,BETA THETA PI FRATERNITY,LOCAL_CHAPTER_ENTITY,2018,990,true,1491702,1483852,214748,151658,63090,PROPUBLICA_API
736100261,SIGMA CHI FRATERNITY,LOCAL_CHAPTER_ENTITY,2018,990,true,692447,535568,1779596,1167829,611767,PROPUBLICA_API
431080165,KAPPA KAPPA GAMMA HOUSE CORP OF COLUMBIA,HOUSE_CORPORATION,2018,990,true,1566758,882343,7103495,4169855,2933640,PROPUBLICA_API
730580030,DELTA TAU DELTA FRATERNITY,LOCAL_CHAPTER_ENTITY,2018,990,true,420268,419759,13342,0,13342,PROPUBLICA_API
436061869,ALPHA CHI OMEGA HOUSE CORP FOR ALPHA NU CHAPTER,HOUSE_CORPORATION,2018,990,true,274448,260707,3534913,826471,2708442,PROPUBLICA_API
431469466,DELTA CHI FRATERNITY,LOCAL_CHAPTER_ENTITY,2018,990,true,404339,525564,20292,0,20292,PROPUBLICA_API
237432859,SIGMA NU FRATERNITY,LOCAL_CHAPTER_ENTITY,2018,990,true,781486,744853,42955,33825,9130,PROPUBLICA_API
900353708,THETA CHI FRATERNITY UNIVERSITY OF MISSOURI IOTA MU CHAPTER,LOCAL_CHAPTER_ENTITY,2018,990,true,432189,418294,82086,0,82086,PROPUBLICA_API
430519030,SIGMA NU HOUSE CORPORATION,HOUSE_CORPORATION,2018,990,true,1087071,307098,6898511,5407551,1490960,PROPUBLICA_API
464496506,RHO CHAPTER SIGMA NU EDUCATIONAL FOUNDATION,EDUCATIONAL_FOUNDATION,2018,990,true,403893,350013,111780,0,111780,PROPUBLICA_API
237330439,BETA THETA PI CLUB OF COLUMBIA MISSOURI,UNKNOWN,2018,990,true,800338,229083,15934229,3125500,12808729,PROPUBLICA_API
475168633,ALPHA SIGMA PHI FRATERNITY INC,LOCAL_CHAPTER_ENTITY,2018,990EZ,true,65000,63050,9224,0,9224,PROPUBLICA_API
320535538,PI KAPPA ALPHA FRATERNITY,LOCAL_CHAPTER_ENTITY,2018,990EZ,true,71132,58723,23839,43,23796,PROPUBLICA_API
730581503,SIGMA ALPHA EPSILON FRATERNITY,LOCAL_CHAPTER_ENTITY,2018,990,true,6396,104561,1227543,300000,927543,PROPUBLICA_API
446013887,DELTA TAU DELTA ASSOCIATION OF COLUNBIA MO,UNKNOWN,2018,990,true,639729,631341,2345007,746336,1598671,PROPUBLICA_API
730583070,LAMBDA CHI ALPHA FRATERNITY INC,LOCAL_CHAPTER_ENTITY,2018,990,true,721050,728576,44698,40147,4551,PROPUBLICA_API
430240451,DELTA TAU DELTA FRATERNITY,LOCAL_CHAPTER_ENTITY,2018,990,true,1154284,1023330,546933,76502,470431,PROPUBLICA_API
311128130,PHI KAPPA PSI FRATERNITY,LOCAL_CHAPTER_ENTITY,2018,990EZ,true,180330,202939,1978,0,1978,PROPUBLICA_API
730582839,BETA THETA PI FRATERNITY,LOCAL_CHAPTER_ENTITY,2018,990,true,727619,898772,250146,73258,176888,PROPUBLICA_API
730589378,TRUSTEES OF OKLAHOMA ALPHA CHAPTER OF PI BETA PHI FRATERNITY INC,LOCAL_CHAPTER_ENTITY,2018,990,true,424808,526508,1580897,1561,1579336,PROPUBLICA_API
640307103,PHI MU FRATERNITY,LOCAL_CHAPTER_ENTITY,2018,990,true,2018004,1299280,4919306,559321,4359985,PROPUBLICA_API
736103379,BETA THETA PI CORPORATION OF OKLA,UNKNOWN,2018,990,true,1571707,1246310,9594144,2601165,6992979,PROPUBLICA_API
646027408,MISSISSIPPI BETA OF PI BETA PHI HOUSE ASSOCIATION INC,HOUSE_CORPORATION,2018,990,true,710391,400903,4470091,751745,3718346,PROPUBLICA_API
510178981,GAMMA PHI BETA SORORITY INC,LOCAL_CHAPTER_ENTITY,2018,990,true,286172,243659,142039,15112,126927,PROPUBLICA_API
640330884,KAPPA DELTA SORORITY,LOCAL_CHAPTER_ENTITY,2018,990,true,455609,415952,86056,0,86056,PROPUBLICA_API
731233879,BUILDING ASSOCIATION OF THE EPSILON ALPHA CHAPT CHI OMEGA FRATERNITY,HOUSE_CORPORATION,2018,990,true,1856155,1489209,8128759,2418082,5710677,PROPUBLICA_API
730583442,KAPPA ALPHA ORDER,UNKNOWN,2018,990,true,280722,281822,180,0,180,PROPUBLICA_API
640315255,SIGMA CHI FRATERNITY ETA CHAPTER,LOCAL_CHAPTER_ENTITY,2018,990,true,1037540,1027265,659974,55719,604255,PROPUBLICA_API
640717329,DELTA DELTA DELTA NATIONAL HOUSE CORPORATION,HOUSE_CORPORATION,2018,990,true,1077904,730602,10109017,5876947,4232070,PROPUBLICA_API
640304773,SIGMA NU FRATERNITY,LOCAL_CHAPTER_ENTITY,2018,990,true,1809849,1375637,2205869,0,2205869,PROPUBLICA_API
730579972,GAMMA PHI BETA SORORITY INC,LOCAL_CHAPTER_ENTITY,2018,990,true,972830,877197,2231253,68711,2162542,PROPUBLICA_API
237229883,MISSISSIPPI ALPHA CHAPTER HOUSE CORPORATION OF PHI DELTA THETA FRA,HOUSE_CORPORATION,2018,990,true,143966,182430,1705941,605104,1100837,PROPUBLICA_API
570811123,ETA GAMMA CHAPTER OF CHI OMEGA FRATERNITY HOUSING CORPORATION,HOUSE_CORPORATION,2018,990,true,1098545,646954,5025244,0,5025244,PROPUBLICA_API
237160987,TAU OF CHI OMEGA FRATERNITY HOUSE CORPORATION,HOUSE_CORPORATION,2018,990,true,1636014,1186220,4474444,42679,4431765,PROPUBLICA_API
237432869,MISSISSIPPI GAMMA HOUSE ASSN OF SIGMA ALPHA EPSILON,HOUSE_CORPORATION,2018,990,true,153509,26909,727241,0,727241,PROPUBLICA_API
640315254,SIGMA ALPHA EPSILON FRATERNITY,LOCAL_CHAPTER_ENTITY,2018,990,true,269384,443854,124271,760,123511,PROPUBLICA_API
640412138,ALPHA TAU OMEGA FRATERNITY,LOCAL_CHAPTER_ENTITY,2018,990,true,1027072,1044179,26390,2478,23912,PROPUBLICA_API
208655786,GAMMA CHI CHAPTER OF THE ALPHA EPSILON PI CHAPTER,LOCAL_CHAPTER_ENTITY,2018,990N,false,,,,,,PROPUBLICA_API
582279145,RHO CHAPTER KAPPA ALPHA HOUSING CORPORATION,HOUSE_CORPORATION,2018,990,true,359974,309704,862038,157176,704862,PROPUBLICA_API
576033531,PI KAPPA PHI FRATERNITY,LOCAL_CHAPTER_ENTITY,2018,990,true,255323,194300,80116,0,80116,PROPUBLICA_API
640308935,PHI DELTA THETA FRATERNITY,LOCAL_CHAPTER_ENTITY,2018,990,true,1104446,1042054,1202494,190366,1012128,PROPUBLICA_API
576033523,KAPPA ALPHA ORDER,UNKNOWN,2018,990,true,239324,231872,23327,0,23327,PROPUBLICA_API
237128453,LAMBDA CHI ALPHA FRATERNITY INC,LOCAL_CHAPTER_ENTITY,2018,990,true,258093,279002,5973,15000,-9027,PROPUBLICA_API
237219356,KAPPA KAPPA GAMMA FRATERNITY INC,LOCAL_CHAPTER_ENTITY,2018,990,true,1363537,962517,5804694,4781,5799913,PROPUBLICA_API
237145973,SIGMA ALPHA EPSILON SOUTH CAROLINA DELTA CHAPTER,LOCAL_CHAPTER_ENTITY,2018,990,true,255331,260861,18861,0,18861,PROPUBLICA_API
383878997,ALPHA GAMMA DELTA FRATERNITY,LOCAL_CHAPTER_ENTITY,2018,990,true,537026,486451,244763,0,244763,PROPUBLICA_API
741132046,KAPPA ALPHA ORDER,UNKNOWN,2018,990,true,953160,944700,19439,0,19439,PROPUBLICA_API
464828091,LAMBDA THETA HOUSE CORPORATION OF PHI MU FRATERNITY,HOUSE_CORPORATION,2018,990,true,1033619,944126,4062532,3236591,825941,PROPUBLICA_API
620256693,KAPPA SIGMA FRATERNITY,LOCAL_CHAPTER_ENTITY,2018,990,true,485593,466550,40005,0,40005,PROPUBLICA_API
570742538,CHI OMEGA FRATERNITY,LOCAL_CHAPTER_ENTITY,2018,990,true,357749,394098,84398,0,84398,PROPUBLICA_API
201554454,GAMMA PHI BETA SORORITY INC,LOCAL_CHAPTER_ENTITY,2018,990,true,304937,276681,140462,750,139712,PROPUBLICA_API
576027420,PI KAPPA ALPHA FRATERNITY,LOCAL_CHAPTER_ENTITY,2018,990,true,241166,240470,940,0,940,PROPUBLICA_API
626111214,KAPPA SIGMA FRATERNITY,PROPERTY_HOLDING_ENTITY,2018,990EZ,true,154682,99367,490411,760,489651,PROPUBLICA_API
620495178,TENNESSEE KAPPA CHAPTER OF SIGMA ALPHA EPSILON,LOCAL_CHAPTER_ENTITY,2018,990,true,280000,279000,8061,0,8061,PROPUBLICA_API
742188211,SIGMA PHI EPSILON EDUCATION FOUNDATION OF TEXAS ALPHA,EDUCATIONAL_FOUNDATION,2018,990EZ,true,86044,103329,370626,323954,46672,PROPUBLICA_API
621414737,BETA SIGMA OF SIGMA CHI HOUSE CORPORATION,HOUSE_CORPORATION,2018,990,true,84169,123078,1505321,1225347,279974,PROPUBLICA_API
626042374,DELTA SIGMA HOUSE CORPORATION OF DELTA DELTA DELTA,HOUSE_CORPORATION,2018,990,true,245348,93059,522158,0,522158,PROPUBLICA_API
741130614,SIGMA PHI EPSILON FRATERNITY INC,LOCAL_CHAPTER_ENTITY,2018,990,true,1334145,1320323,159405,0,159405,PROPUBLICA_API
626047671,KAPPA DELTA SORORITY,LOCAL_CHAPTER_ENTITY,2018,990,true,274109,283166,170482,52320,118162,PROPUBLICA_API
621386377,PI CHAPTER CHI OMEGA FRATERNITY HOUSE CORP,HOUSE_CORPORATION,2018,990,true,419382,376493,385914,4546,381368,PROPUBLICA_API
626047975,CHI OMEGA FRATERNITY,LOCAL_CHAPTER_ENTITY,2018,990EZ,true,142402,128337,52934,0,52934,PROPUBLICA_API
740898333,SIGMA ALPHA MU FRATERNITY,LOCAL_CHAPTER_ENTITY,2018,990,true,0,54322,6556,40167,-33611,PROPUBLICA_API
626045032,ALPHA DELTA PI HOUSE CORP ALPHA KAPPA,HOUSE_CORPORATION,2018,990,true,1004638,709454,1168620,65,1168555,PROPUBLICA_API
741130603,ALPHA EPSILON PI FRATERNITY,LOCAL_CHAPTER_ENTITY,2018,990EZ,true,169742,168688,19042,0,19042,PROPUBLICA_API
742657125,SIGMA GAMMA RHO SORORITY INC MU UPSILON CHAPTER,LOCAL_CHAPTER_ENTITY,2018,990EZ,true,0,0,1,0,1,PROPUBLICA_API
746084912,SIGMA GAMMA RHO SORORITY INC,LOCAL_CHAPTER_ENTITY,2018,990EZ,true,0,0,1,0,1,PROPUBLICA_API
742831564,ZETA BETA TAU FRATERNITY,LOCAL_CHAPTER_ENTITY,2018,990,true,1594244,1406683,328142,53678,274464,PROPUBLICA_API
746047117,BUILDING CORPORATION OF DELTA CHAPTER OF ALPHA DELTA PI,HOUSE_CORPORATION,2018,990,true,933438,803812,1058257,384745,673512,PROPUBLICA_API
743004321,TEXAS DELTA CHI HOUSING CORP,HOUSE_CORPORATION,2018,990,true,-714,5428,382229,0,382229,PROPUBLICA_API
741130608,PHI GAMMA DELTA FRATERNITY,LOCAL_CHAPTER_ENTITY,2018,990,true,2119112,2180844,821055,405197,415858,PROPUBLICA_API
741130611,SIGMA ALPHA EPSILON FRATERNITY,LOCAL_CHAPTER_ENTITY,2018,990,true,1379820,1313445,876538,262498,614040,PROPUBLICA_API
741120034,PI KAPPA ALPHA FRATERNITY,LOCAL_CHAPTER_ENTITY,2018,990,true,780023,821075,169216,204263,-35047,PROPUBLICA_API
740555581,CHI OMEGA FRATERNITY,LOCAL_CHAPTER_ENTITY,2018,990,true,1182782,1078160,2287118,102148,2184970,PROPUBLICA_API
741493205,KAPPA CHAPTER OF ZETA TAU ALPHA HOUSE CORPORATION,HOUSE_CORPORATION,2018,990,true,191841,81989,2543968,74544,2469424,PROPUBLICA_API
746060984,TEXAS ALPHA HOUSE CORPORATION OF PI BETA PHI,HOUSE_CORPORATION,2018,990,true,906758,677924,3553100,40251,3512849,PROPUBLICA_API
741116912,SIGMA CHI FRATERNITY,LOCAL_CHAPTER_ENTITY,2018,990,true,1080915,1117982,85283,16500,68783,PROPUBLICA_API
740481786,ALPHA EPSILON PHI SORORITY OMEGA CHAPTER,LOCAL_CHAPTER_ENTITY,2018,990,true,293752,294233,330029,103391,226638,PROPUBLICA_API
510207538,SIGMA CHI FRATERNITY,LOCAL_CHAPTER_ENTITY,2018,990,true,740072,737717,33771,0,33771,PROPUBLICA_API
812525354,ALPHA SIGMA PHI FRATERNITY INC,LOCAL_CHAPTER_ENTITY,2018,990EZ,true,86912,79974,17356,0,17356,PROPUBLICA_API
742155975,SIGMA EPSILON OF KAPPA DELTA HOUSE CORP,HOUSE_CORPORATION,2018,990,true,1060157,854045,2647703,2137756,509947,PROPUBLICA_API
741932980,XI KAPPA OF CHI OMEGA HOUSE CORP,HOUSE_CORPORATION,2018,990,true,726884,515612,1945973,333199,1612774,PROPUBLICA_API
134264657,GAMMA PHI BETA SORORITY INC,LOCAL_CHAPTER_ENTITY,2018,990,true,322297,323664,89674,47732,41942,PROPUBLICA_API
732350514,TEXAS ETA CHAPTER OF PI BETA PHI HOUSE CORPORATION,HOUSE_CORPORATION,2018,990,true,282291,270522,1235694,357495,878199,PROPUBLICA_API
741219941,BETA XI OF KAPPA KAPPA GAMMA HOUSE ASSOCIATION,HOUSE_CORPORATION,2018,990,true,1511868,1186199,3572310,2099179,1473131,PROPUBLICA_API
742657126,THETA CHI FRATERNITY INC,LOCAL_CHAPTER_ENTITY,2018,990N,false,,,,,,PROPUBLICA_API
742205939,KAPPA DELTA SORORITY,LOCAL_CHAPTER_ENTITY,2018,990,true,395762,496691,349030,265707,83323,PROPUBLICA_API
742930349,ETA ALPHA HOUSE CORPORATION OF KAPPA DELTA SORORITY,HOUSE_CORPORATION,2018,990,true,642120,698795,1000357,1013222,-12865,PROPUBLICA_API
810575553,PHI GAMMA DELTA FRATERNITY,LOCAL_CHAPTER_ENTITY,2018,990,true,557739,503752,103301,0,103301,PROPUBLICA_API
742205743,KAPPA ALPHA ORDER,UNKNOWN,2018,990,true,591881,627937,64641,0,64641,PROPUBLICA_API
530209696,OMEGA PSI PHI FRATERNITY,NATIONAL_PARENT,2018,990,true,8623504,8254139,7555047,1314098,6240949,PROPUBLICA_API
741116922,DELTA TAU DELTA FRATERNITY,LOCAL_CHAPTER_ENTITY,2018,990,true,1321086,1087943,1312392,914703,397689,PROPUBLICA_API
621218011,ALPHA DELTA PI HOUSE CORPORATION,HOUSE_CORPORATION,2018,990,true,135588,191072,525385,2571,522814,PROPUBLICA_API
746082351,DELTA TAU DELTA BUILDING ASSN,PROPERTY_HOLDING_ENTITY,2018,990,true,121284,147184,1100136,189973,910163,PROPUBLICA_API
621793998,KAPPA DELTA SORORITY,LOCAL_CHAPTER_ENTITY,2018,990,true,375230,443671,118429,0,118429,PROPUBLICA_API
620416868,ZETA BETA TAU FRATERNITY,LOCAL_CHAPTER_ENTITY,2018,990EZ,true,127512,132641,1,11181,-11180,PROPUBLICA_API
626074044,CHI OMEGA FRATERNITY,LOCAL_CHAPTER_ENTITY,2018,990EZ,true,134903,132795,252253,0,252253,PROPUBLICA_API
742244833,DELTA TAU DELTA FRATERNITY,LOCAL_CHAPTER_ENTITY,2018,990,true,394382,424030,35499,0,35499,PROPUBLICA_API
362426170,GAMMA PHI BETA SORORITY INC,NATIONAL_PARENT,2018,990,true,11785820,11009753,22743526,8274294,14469232,PROPUBLICA_API
620671306,KAPPA ALPHA ORDER,UNKNOWN,2018,990EZ,true,112231,121135,2883,0,2883,PROPUBLICA_API
263623864,KAPPA SIGMA FRATERNITY,LOCAL_CHAPTER_ENTITY,2018,990,true,132037,135400,4856,0,4856,PROPUBLICA_API
473151737,PI KAPPA ALPHA FRATERNITY,LOCAL_CHAPTER_ENTITY,2018,990EZ,true,67072,74768,4385,0,4385,PROPUBLICA_API
530261012,ZETA PHI BETA SORORITY INC,NATIONAL_PARENT,2018,990,true,6466214,3757932,19434875,3297402,16137473,PROPUBLICA_API
010158948,SIGMA KAPPA SORORITY,NATIONAL_PARENT,2018,990,true,4862977,4384964,10360714,5233813,5126901,PROPUBLICA_API
621771326,PHI BETA SIGMA FRATERNITY-ETA BETA SIGMA CHAPTER INCORPORATED,LOCAL_CHAPTER_ENTITY,2018,990,true,55177,50725,37826,0,37826,PROPUBLICA_API
626047662,KAPPA DELTA SORORITY,LOCAL_CHAPTER_ENTITY,2018,990,true,233645,206590,138276,0,138276,PROPUBLICA_API
381543609,SIGMA ALPHA IOTA FRATERNITY,NATIONAL_PARENT,2018,990,true,802075,745796,1554603,327500,1227103,PROPUBLICA_API
430765719,THETA TAU,NATIONAL_PARENT,2018,990,true,1266104,895751,2480288,62,2480226,PROPUBLICA_API
621466616,BETA TAU HOUSE CORPORATION OF KAPPA DELTA SORORITY,HOUSE_CORPORATION,2018,990EZ,true,124532,102207,428362,4552,423810,PROPUBLICA_API
310406470,PHI DELTA THETA FRATERNITY,NATIONAL_PARENT,2018,990,true,5326600,5680709,6143006,861096,5281910,PROPUBLICA_API
356020472,SIGMA GAMMA RHO SORORITY INC,NATIONAL_PARENT,2018,990,true,3269831,2498757,5963726,1539658,4424068,PROPUBLICA_API
310851686,CHI OMEGA FRATERNITY,NATIONAL_PARENT,2018,990,true,7367668,5989813,18373804,1589692,16784112,PROPUBLICA_API
350141875,ALPHA CHI OMEGA FRATERNITY INC,NATIONAL_PARENT,2018,990,true,10520957,9728379,22908899,17335198,5573701,PROPUBLICA_API
361996950,ZETA TAU ALPHA INTL FRATERNITY & FRATERNITY HOUSING CORPORATION,NATIONAL_PARENT,2018,990,true,25584284,18911340,90095407,29953662,60141745,PROPUBLICA_API
221281800,SIGMA PI FRATERNITY INTERNATIONAL,NATIONAL_PARENT,2018,990,true,2321881,2185753,3269312,717708,2551604,PROPUBLICA_API
221550561,ALPHA GAMMA DELTA FRATERNITY,NATIONAL_PARENT,2018,990,true,6066664,6328011,13701990,8229631,5472359,PROPUBLICA_API
131306360,SIGMA ALPHA MU FRATERNITY INC,NATIONAL_PARENT,2018,990,true,1920446,2020951,7734668,2777909,4956759,PROPUBLICA_API
210577978,THETA CHI FRATERNITY INC,NATIONAL_PARENT,2018,990,true,4640092,4483058,7442663,2513826,4928837,PROPUBLICA_API
314164901,DELTA GAMMA FRATERNITY,NATIONAL_PARENT,2018,990,true,6877869,6374268,14495900,1330166,13165734,PROPUBLICA_API
620533776,PHI MU FRATERNITY,NATIONAL_PARENT,2018,990,true,6155305,5593019,19824841,5929068,13895773,PROPUBLICA_API
350267650,DELTA TAU DELTA FRATERNITY,NATIONAL_PARENT,2018,990,true,4583537,4411289,13828066,1887890,11940176,PROPUBLICA_API
530125862,PHI GAMMA DELTA FRATERNITY,NATIONAL_PARENT,2018,990,true,5531037,5121866,14747247,358205,14389042,PROPUBLICA_API
362077508,ALPHA PHI INTERNATIONAL FRATERNITY INC,NATIONAL_PARENT,2018,990,true,8281869,6707216,20293987,2050300,18243687,PROPUBLICA_API
430689936,SIGMA TAU GAMMA FRATERNITY,NATIONAL_PARENT,2018,990,true,2851758,3275110,4859562,4126078,733484,PROPUBLICA_API
361773950,SIGMA ALPHA EPSILON FRATERNITY,NATIONAL_PARENT,2018,990,true,8233858,7822326,11563057,4203064,7359993,PROPUBLICA_API
131496630,ZETA PSI FRATERNITY OF NORTH AMERICA,NATIONAL_PARENT,2018,990,true,811845,870945,634261,235532,398729,PROPUBLICA_API
430769468,ALPHA EPSILON PI FRATERNITY INC,NATIONAL_PARENT,2018,990EZ,true,40676,-36790,40688,-36790,77478,PROPUBLICA_API
570340150,PI KAPPA PHI FRATERNITY,NATIONAL_PARENT,2018,990,true,5392660,5263691,8783796,4485125,4298671,PROPUBLICA_API
580191430,CHI PHI FRATERNITY INC,NATIONAL_PARENT,2018,990,true,1722898,1717433,1284062,86906,1197156,PROPUBLICA_API
440500006,KAPPA DELTA SORORITY INC,NATIONAL_PARENT,2018,990,true,10109437,6356364,56321729,6593081,49728648,PROPUBLICA_API
580310956,KAPPA ALPHA ORDER,NATIONAL_PARENT,2018,990,true,4400953,4422418,7002573,1953377,5049196,PROPUBLICA_API
362152330,ALPHA KAPPA ALPHA SORORITY INC,NATIONAL_PARENT,2018,990,true,38419461,37871471,33973854,9723737,24250117,PROPUBLICA_API
130604310,DELTA KAPPA EPSILON FRATERNITY,NATIONAL_PARENT,2018,990,true,1484462,1428944,1236247,161039,1075208,PROPUBLICA_API
131496610,ZETA BETA TAU FRATERNITY,NATIONAL_PARENT,2018,990,true,2670557,2718745,1155072,414725,740347,PROPUBLICA_API
311353726,DELTA ZETA NATIONAL HOUSING CORPORATION,NATIONAL_PARENT,2018,990,true,27985899,15687823,61213843,7260862,53952981,PROPUBLICA_API
314359813,ALPHA SIGMA PHI FRATERNITY INC,NATIONAL_PARENT,2018,990,true,3786951,3348027,3557748,561982,2995766,PROPUBLICA_API
361305568,KAPPA ALPHA THETA FRATERNITY,NATIONAL_PARENT,2018,990,true,9365639,8993782,37369924,22041096,15328828,PROPUBLICA_API
310531047,BETA THETA PI FRATERNITY,NATIONAL_PARENT,2018,990,true,7283404,6696739,9979088,3373344,6605744,PROPUBLICA_API
314221880,KAPPA KAPPA GAMMA FRATERNITY INC,NATIONAL_PARENT,2018,990,true,8425061,8604382,12514969,2205145,10309824,PROPUBLICA_API
580638489,ALPHA DELTA PI SORORITY,NATIONAL_PARENT,2018,990,true,5904213,5774873,12475011,2312933,10162078,PROPUBLICA_API
310406478,PHI KAPPA TAU FRATERNITY,NATIONAL_PARENT,2018,990,true,2067875,2030102,4331609,1021777,3309832,PROPUBLICA_API
370152140,ALPHA TAU OMEGA FRATERNITY,NATIONAL_PARENT,2018,990,true,5257042,5174549,8657507,1494935,7162572,PROPUBLICA_API
362374316,DELTA DELTA DELTA,NATIONAL_PARENT,2018,990,true,8220369,9643104,14555192,3698119,10857073,PROPUBLICA_API
530215218,DELTA SIGMA THETA SORORITY INC,NATIONAL_PARENT,2018,990,true,24028093,23381803,35706301,18426713,17279588,PROPUBLICA_API
361773960,SIGMA CHI FRATERNITY,NATIONAL_PARENT,2018,990,true,6308217,4009302,11601610,1290804,10310806,PROPUBLICA_API
370152080,ALPHA GAMMA RHO FRATERNITY,NATIONAL_PARENT,2018,990,true,1736250,2017342,7080599,1628721,5451878,PROPUBLICA_API
230967790,PHI KAPPA SIGMA FRATERNITY GRAND CHAPTER,NATIONAL_PARENT,2018,990,true,1122322,1029609,1402308,93505,1308803,PROPUBLICA_API
300174261,TAU KAPPA EPSILON FRATERNITY INC,NATIONAL_PARENT,2018,990,true,6317674,5557345,6619613,1667906,4951707,PROPUBLICA_API
620950113,ALPHA OMICRON PI FRATERNITY INC,NATIONAL_PARENT,2018,990,true,6633130,5743436,29972225,4072862,25899363,PROPUBLICA_API
840405009,DELTA SIGMA PHI FRATERNITY INC NATIONAL HEADQUARTERS,NATIONAL_PARENT,2018,990,true,4035439,4246604,2525636,1111606,1414030,PROPUBLICA_API
420212285,DELTA CHI FRATERNITY,NATIONAL_PARENT,2018,990,true,3294649,3105381,13714569,285031,13429538,PROPUBLICA_API
540628798,SIGMA NU FRATERNITY INC,NATIONAL_PARENT,2018,990EZ,true,69276,69276,1,0,1,PROPUBLICA_API
730654150,SIGMA SIGMA SIGMA INC,NATIONAL_PARENT,2018,990,true,3823118,3269541,7580660,1881800,5698860,PROPUBLICA_API
431971836,DELTA PHI EPSILON SORORITY INC,NATIONAL_PARENT,2018,990,true,2479694,2405831,3289493,1833003,1456490,PROPUBLICA_API
562163357,THETA NU XI MULTICULTURAL SORORITY INCORPORATED,NATIONAL_PARENT,2018,990EZ,true,137840,82406,326115,0,326115,PROPUBLICA_API
386089059,CHI PSI FRATERNITY,NATIONAL_PARENT,2018,990,true,1243865,1254719,4021751,2218673,1803078,PROPUBLICA_API
231500981,THE GRAND CHAPTER OF PHI SIGMA KAPPA,NATIONAL_PARENT,2018,990,true,2074319,2039592,1647317,326615,1320702,PROPUBLICA_API
131368460,TAU EPSILON PHI FRATERNITY INC,NATIONAL_PARENT,2018,990,true,312742,307157,622947,230,622717,PROPUBLICA_API
362024274,SIGMA DELTA TAU SOCIETY,NATIONAL_PARENT,2018,990,true,2552598,2031151,4720401,752627,3967774,PROPUBLICA_API
223530740,LAMBDA THETA ALPHA,NATIONAL_PARENT,2018,990,true,721285,569094,1510149,0,1510149,PROPUBLICA_API
352103442,ALPHA XI DELTA NATIONAL HOUSING CORPORATION INC,NATIONAL_PARENT,2018,990,true,2919334,1582007,5520582,3350747,2169835,PROPUBLICA_API
042200265,PHI KAPPA THETA FRATERNITY,NATIONAL_PARENT,2018,990,true,977595,995992,474904,290107,184797,PROPUBLICA_API
350868356,PHI DELTA THETA FRATERNITY,LOCAL_CHAPTER_ENTITY,2017,990,true,248538,246852,105675,103568,2107,PROPUBLICA_API
592339079,PHI DELTA THETA FRATERNITY,LOCAL_CHAPTER_ENTITY,2017,990,true,851051,756429,504772,473322,31450,PROPUBLICA_API
593282583,PHI DELTA THETA CHAPTER HOUSE ASSOCIATION INC,HOUSE_CORPORATION,2017,990,true,300357,360079,626558,1082292,-455734,PROPUBLICA_API
630164075,PHI DELTA THETA FRATERNITY,LOCAL_CHAPTER_ENTITY,2017,990,true,322210,304212,2358,12370,-10012,PROPUBLICA_API
630893932,PHI MU HOUSE CORPORATION,HOUSE_CORPORATION,2017,990,true,2949432,1916393,16977177,7433732,9543445,PROPUBLICA_API
640723232,KAPPA ALPHA CHAPTER OF PHI MU FRATERNITY HOUSE CORPORATION,HOUSE_CORPORATION,2017,990,true,1312805,964274,9267921,5974075,3293846,PROPUBLICA_API
631053272,PHI DELTA THETA FRATERNITY,LOCAL_CHAPTER_ENTITY,2017,990,true,1351769,1410463,7011781,4667587,2344194,PROPUBLICA_API
596135388,CHI OMEGA HOUSING CORPORATION,HOUSE_CORPORATION,2017,990,true,891465,734352,3245105,354300,2890805,PROPUBLICA_API
636091968,THE NU BETA CHAPTER OF THE CHI OMEGA HOUSE ASSOCIATION INC,HOUSE_CORPORATION,2017,990,true,2941642,2086133,13570945,8141032,5429913,PROPUBLICA_API
264170711,UNIVERSITY OF ALABAMA CHAPTER OF SIGMA PI FRATERNITY HOUSING,LOCAL_CHAPTER_ENTITY,2017,990,true,808731,703375,3095304,2832361,262943,PROPUBLICA_API
636103404,PHI GAMMA DELTA FRATERNITY,LOCAL_CHAPTER_ENTITY,2017,990,true,399861,118511,2999667,288854,2710813,PROPUBLICA_API
560548249,PHI GAMMA DELTA FRATERNITY,LOCAL_CHAPTER_ENTITY,2017,990,true,780680,700479,160838,0,160838,PROPUBLICA_API
630164080,PHI GAMMA DELTA FRATERNITY,LOCAL_CHAPTER_ENTITY,2017,990,true,1382654,1412153,67578,60751,6827,PROPUBLICA_API
420467540,PHI KAPPA PSI FRATERNITY,LOCAL_CHAPTER_ENTITY,2017,990,true,633940,603999,66032,0,66032,PROPUBLICA_API
936036290,PHI KAPPA PSI FRATERNITY,LOCAL_CHAPTER_ENTITY,2017,990,true,438037,452051,71379,0,71379,PROPUBLICA_API
630289653,THETA CHI FRATERNITY INC,LOCAL_CHAPTER_ENTITY,2017,990,true,1210826,1160990,214512,0,214512,PROPUBLICA_API
237109085,ALPHA PHI ZETA HOUSE CORPORATION OF LAMBDA CHI ALPHA FRATERNITY,HOUSE_CORPORATION,2017,990,true,425937,299351,4003730,2850998,1152732,PROPUBLICA_API
380293927,SIGMA KAPPA CORPORATION,UNKNOWN,2017,990,true,517197,387593,1669999,28034,1641965,PROPUBLICA_API
630458038,PHI KAPPA PSI FRATERNITY ALABAMA ALPHA CHAPTER,LOCAL_CHAPTER_ENTITY,2017,990,true,157713,176792,11194,0,11194,PROPUBLICA_API
320257409,BETA MU HOUSE CORP OF ALPHA PHI INTERNATIONAL FRATERNITY INC,HOUSE_CORPORATION,2017,990,true,3772947,3276243,14173392,10064387,4109005,PROPUBLICA_API
941367157,ALPHA PHI BUILDING CORPORATION,HOUSE_CORPORATION,2017,990,true,813415,689273,2500463,104649,2395814,PROPUBLICA_API
630007510,ALPHA GAMMA DELTA FRATERNITY,LOCAL_CHAPTER_ENTITY,2017,990,true,3000580,2659621,823973,59701,764272,PROPUBLICA_API
451298367,UNIVERSITY OF ALABAMA CHAPTER OF THETA CHI HOUSING CORPORATION,HOUSE_CORPORATION,2017,990,true,448627,568495,7451985,4795473,2656512,PROPUBLICA_API
237235595,ALPHA GAMMA DELTA FRATERNITY,LOCAL_CHAPTER_ENTITY,2017,990,true,747827,556187,8817457,3989290,4828167,PROPUBLICA_API
630056965,DELTA KAPPA EPSILON COUNCIL,UNKNOWN,2017,990,true,1472816,1463934,164717,114527,50190,PROPUBLICA_API
631004292,GAMMA PHI BETA SORORITY INC,LOCAL_CHAPTER_ENTITY,2017,990,true,2492158,2440308,15490355,10923353,4567002,PROPUBLICA_API
630818055,ALABAMA BETA OF PI BETA PHI HOUSE ASSOCIATION INCORPORATED,HOUSE_CORPORATION,2017,990,true,1009521,303226,2234598,16436,2218162,PROPUBLICA_API
630980702,KAPPA DELTA SORORITY,LOCAL_CHAPTER_ENTITY,2017,990,true,4481576,3563180,17831240,10045709,7785531,PROPUBLICA_API
630733120,ZETA BETA TAU FRATERNITY,LOCAL_CHAPTER_ENTITY,2017,990,true,568913,406937,4859098,3052505,1806593,PROPUBLICA_API
630120537,LAMBDA CHI ALPHA FRATERNITY INC,LOCAL_CHAPTER_ENTITY,2017,990,true,1193972,1193040,66140,25032,41108,PROPUBLICA_API
630115520,KAPPA DELTA SORORITY,LOCAL_CHAPTER_ENTITY,2017,990,true,624832,553824,445809,214617,231192,PROPUBLICA_API
237114590,EPSILON CHI ZETA HOUSE CORPORATION OF LAMBDA CHI ALPHA FRATERNITY,HOUSE_CORPORATION,2017,990,true,36865,154580,1155798,871484,284314,PROPUBLICA_API
630233975,ZETA BETA TAU FRATERNITY,LOCAL_CHAPTER_ENTITY,2017,990,true,1017382,1052320,580992,576700,4292,PROPUBLICA_API
621370853,GAMMA PHI BETA SORORITY,LOCAL_CHAPTER_ENTITY,2017,990,true,521502,495795,154293,81120,73173,PROPUBLICA_API
630188870,SIGMA ALPHA EPSILON FRATERNITY,LOCAL_CHAPTER_ENTITY,2017,990,true,313536,319203,19765,38956,-19191,PROPUBLICA_API
631030493,PSI OF DELTA KAPPA EPSILON HOUSE CORPORATION OF UNIVERSITY ALABAMA,HOUSE_CORPORATION,2017,990,true,771087,518298,5062667,1397838,3664829,PROPUBLICA_API
566062593,DELTA KAPPA EPSILON COUNCIL,UNKNOWN,2017,990,true,631907,597791,93116,23745,69371,PROPUBLICA_API
593078421,KAPPA ALPHA HOUSING ASSOCIATION OF FLORIDA INC,UNKNOWN,2017,990EZ,true,144679,137584,249253,4700,244553,PROPUBLICA_API
741132044,KAPPA SIGMA FRATERNITY,LOCAL_CHAPTER_ENTITY,2017,990,true,1177375,1142317,180899,13076,167823,PROPUBLICA_API
380293670,ALPHA DELTA PHI PENINSULAR CHAPTER,PROPERTY_HOLDING_ENTITY,2017,990EZ,true,29750,44279,10697,0,10697,PROPUBLICA_API
630040605,TAU CHAPTER OF CHI PHI,LOCAL_CHAPTER_ENTITY,2017,990,true,877884,872792,61636,41492,20144,PROPUBLICA_API
580596934,PI KAPPA PHI FRATERNITY,LOCAL_CHAPTER_ENTITY,2017,990,true,625775,580182,414383,362961,51422,PROPUBLICA_API
630164600,PI KAPPA PHI FRATERNITY,LOCAL_CHAPTER_ENTITY,2017,990,true,1362294,1336297,105385,33750,71635,PROPUBLICA_API
636049922,HOUSE BOARD OF GAMMA PI OF KAPPA KAPPA GAMMA,UNKNOWN,2017,990,true,2863500,2125756,16889541,9771663,7117878,PROPUBLICA_API
630289642,KAPPA ALPHA ORDER,UNKNOWN,2017,990,true,1429243,1495748,66831,109682,-42851,PROPUBLICA_API
430349090,THE ALPHA KAPPA CHAPTER OF THE KAPPA ALPHA FRATERNITY,LOCAL_CHAPTER_ENTITY,2017,990,true,248553,84552,1776933,228741,1548192,PROPUBLICA_API
590641930,GAMMA IOTA CHAPTER OF ALPHA DELTA PI HOUSE CORPORATION,HOUSE_CORPORATION,2017,990,true,847800,641252,1374221,26013,1348208,PROPUBLICA_API
630020370,KAPPA SIGMA FRATERNITY,LOCAL_CHAPTER_ENTITY,2017,990,true,987553,1044502,73831,73618,213,PROPUBLICA_API
581648136,IOTA ALUMNI OF PI KAPPA PHI INC,ALUMNI_CORPORATION,2017,990,true,130125,112688,918302,221041,697261,PROPUBLICA_API
351780304,PI KAPPA PHI INC,UNKNOWN,2017,990,true,844236,875116,1898846,794883,1103963,PROPUBLICA_API
630007530,ALPHA TAU OMEGA FRATERNITY,LOCAL_CHAPTER_ENTITY,2017,990,true,1664456,1485830,8888028,3765891,5122137,PROPUBLICA_API
581793975,ZETA IOTA CHAPTER OF ALPHA DELTA PI HOUSE CORPORATION,HOUSE_CORPORATION,2017,990,true,162089,158238,560784,4410,556374,PROPUBLICA_API
630457980,BETA THETA PI FRATERNITY,LOCAL_CHAPTER_ENTITY,2017,990,true,1207085,1165062,698343,624495,73848,PROPUBLICA_API
630056950,DELTA CHI FRATERNITY,LOCAL_CHAPTER_ENTITY,2017,990,true,1172599,1386128,111356,37870,73486,PROPUBLICA_API
630164090,PHI KAPPA SIGMA FRATERNITY,LOCAL_CHAPTER_ENTITY,2017,990,true,419224,243720,283487,0,283487,PROPUBLICA_API
546038429,PSI CHAPTER OF SIGMA CHI HOUSE CORP,HOUSE_CORPORATION,2017,990,true,376357,29777,977491,0,977491,PROPUBLICA_API
630188910,SIGMA DELTA TAU SOCIETY,UNKNOWN,2017,990,true,260390,222904,67071,0,67071,PROPUBLICA_API
710245516,SIGMA CHI FRATERNITY,LOCAL_CHAPTER_ENTITY,2017,990,true,1030252,1000339,206215,8646,197569,PROPUBLICA_API
812277045,SIGMA PHI EPSILON FRATERNITY INC,LOCAL_CHAPTER_ENTITY,2017,990EZ,true,86125,67704,27265,0,27265,PROPUBLICA_API
710230717,PHI DELTA THETA FRATERNITY,LOCAL_CHAPTER_ENTITY,2017,990,true,593769,600958,181576,0,181576,PROPUBLICA_API
630164580,PI KAPPA ALPHA FRATERNITY,LOCAL_CHAPTER_ENTITY,2017,990,true,1083530,1099925,68355,91388,-23033,PROPUBLICA_API
631006177,GAMMA ALPHA OF PI KAPPA ALPHA HOUSE CORPORATIONS,UNKNOWN,2017,990,true,305902,471423,5574894,3319227,2255667,PROPUBLICA_API
630289650,SIGMA CHI FRATERNITY,LOCAL_CHAPTER_ENTITY,2017,990,true,237268,256731,2074,0,2074,PROPUBLICA_API
462071035,ALABAMA BETA CHAPTER OF THE SIGMA PHI EPSILON FRATERNITY,LOCAL_CHAPTER_ENTITY,2017,990,true,383697,349300,56055,0,56055,PROPUBLICA_API
272795242,DELTA CHI-UNIVERSITY OF ALABAMA CHAPTER HOUSE CORPORATION,HOUSE_CORPORATION,2017,990,true,596975,367916,4649710,3546707,1103003,PROPUBLICA_API
590626226,SIGMA CHI FRATERNITY,LOCAL_CHAPTER_ENTITY,2017,990,true,524377,471966,355609,24438,331171,PROPUBLICA_API
630188940,SIGMA NU FRATERNITY,LOCAL_CHAPTER_ENTITY,2017,990,true,1343098,1353617,62762,44407,18355,PROPUBLICA_API
710245458,LAMBDA CHI ALPHA CORPORATION OF FAYETTEVILLE ARKANSAS,UNKNOWN,2017,990,true,225,41688,102333,0,102333,PROPUBLICA_API
710237930,KAPPA SIGMA FRATERNITY,LOCAL_CHAPTER_ENTITY,2017,990,true,434040,420980,77253,23629,53624,PROPUBLICA_API
710296927,ALPHA DELTA PI SORORITY,LOCAL_CHAPTER_ENTITY,2017,990,true,941335,669023,1695481,5998,1689483,PROPUBLICA_API
716057345,DELTA DELTA DELTA FRATERNITY DELTA IOTA HOUSE CORP,HOUSE_CORPORATION,2017,990,true,1221937,349341,2500905,0,2500905,PROPUBLICA_API
710673722,KAPPA DELTA SORORITY,LOCAL_CHAPTER_ENTITY,2017,990,true,463049,499920,121868,1385,120483,PROPUBLICA_API
237114376,ARKANSAS PI BETA PHI HOUSE ASSOC,UNKNOWN,2017,990,true,1483144,1119993,12909010,9513882,3395128,PROPUBLICA_API
472160158,KAPPA ALPHA ORDER,UNKNOWN,2017,990,true,559077,525116,98371,0,98371,PROPUBLICA_API
710243898,SIGMA ALPHA EPSILON FRATERNITY,LOCAL_CHAPTER_ENTITY,2017,990,true,422895,443025,96148,0,96148,PROPUBLICA_API
636066478,GAMMA PHI BETA SORORITY INC,LOCAL_CHAPTER_ENTITY,2017,990,true,491173,436416,84264,0,84264,PROPUBLICA_API
237153933,SIGMA NU BUILDING BETA THETA CHAPTER,PROPERTY_HOLDING_ENTITY,2017,990,true,20725,0,1070581,647037,423544,PROPUBLICA_API
630188930,SIGMA NU FRATERNITY,LOCAL_CHAPTER_ENTITY,2017,990,true,901849,902775,45485,522,44963,PROPUBLICA_API
636050218,ALPHA GAMMA DELTA FRATERNITY,LOCAL_CHAPTER_ENTITY,2017,990,true,562800,572657,281576,0,281576,PROPUBLICA_API
822367768,ALPHA UPSILON CHAPTER OF PHI GAMMA DELTA FRATERNITY HOUSE CORPO,LOCAL_CHAPTER_ENTITY,2017,990,true,185632,50151,1327838,0,1327838,PROPUBLICA_API
237226508,TAU KAPPA EPSILON FRATERNITY INC,LOCAL_CHAPTER_ENTITY,2017,990EZ,true,84813,84248,322600,328385,-5785,PROPUBLICA_API
636056644,PHI GAMMA DELTA FRATERNITY,LOCAL_CHAPTER_ENTITY,2017,990,true,956487,943506,80891,212,80679,PROPUBLICA_API
636061057,PI KAPPA ALPHA FRATERNITY,PROPERTY_HOLDING_ENTITY,2017,990,true,-6625,1626,1110249,664256,445993,PROPUBLICA_API
202472978,ALPHA TAU OMEGA FRATERNITY,LOCAL_CHAPTER_ENTITY,2017,990,true,638503,628786,17078,0,17078,PROPUBLICA_API
630289644,LAMBDA CHI ALPHA FRATERNITY INC,LOCAL_CHAPTER_ENTITY,2017,990,true,804689,814392,150245,0,150245,PROPUBLICA_API
630454765,KAPPA ALPHA ORDER,UNKNOWN,2017,990,true,1172763,1156458,159015,0,159015,PROPUBLICA_API
593024291,SIGMA CHI FOUNDATION AT AUBURN UNIVERSITY INC,EDUCATIONAL_FOUNDATION,2017,990,true,11538,150,328319,0,328319,PROPUBLICA_API
630837474,AUBURN DELTA CHI ALUMNI CONTROL BOARD INC,PROPERTY_HOLDING_ENTITY,2017,990,true,86277,27467,630471,182548,447923,PROPUBLICA_API
200293448,DELTA TAU DELTA FRATERNITY,LOCAL_CHAPTER_ENTITY,2017,990,true,210462,251286,27492,0,27492,PROPUBLICA_API
237091513,ALABAMA GAMMA OF PI BETA PHI HOUSE ASSOCIATION INCORPORATED,HOUSE_CORPORATION,2017,990EZ,true,42750,37871,226625,0,226625,PROPUBLICA_API
590639987,SIGMA ALPHA EPSILON FRATERNITY,LOCAL_CHAPTER_ENTITY,2017,990,true,624854,579037,82086,4224,77862,PROPUBLICA_API
591755953,SIGMA ALPHA EPSILON FRATERNITY,LOCAL_CHAPTER_ENTITY,2017,990EZ,true,60081,101575,400893,0,400893,PROPUBLICA_API
590682455,ALPHA EPSILON PHI SORORITY,LOCAL_CHAPTER_ENTITY,2017,990,true,1387226,895575,727971,57009,670962,PROPUBLICA_API
590638774,KAPPA DELTA SORORITY,LOCAL_CHAPTER_ENTITY,2017,990,true,234217,216119,184037,0,184037,PROPUBLICA_API
636053862,KAPPA DELTA SORORITY,LOCAL_CHAPTER_ENTITY,2017,990,true,403832,343924,324451,2998,321453,PROPUBLICA_API
630316135,THETA XI FRATERNITY,LOCAL_CHAPTER_ENTITY,2017,990EZ,true,95650,94116,8240,0,8240,PROPUBLICA_API
237044651,DELTA ZETA OF DELTA TAU INC,PROPERTY_HOLDING_ENTITY,2017,990,true,95675,105995,691178,469315,221863,PROPUBLICA_API
364817535,GAMMA PHI BETA SORORITY INC,LOCAL_CHAPTER_ENTITY,2017,990,true,369351,414546,24816,0,24816,PROPUBLICA_API
596153391,CHI OMEGA FRATERNITY,LOCAL_CHAPTER_ENTITY,2017,990,true,303946,286879,25983,0,25983,PROPUBLICA_API
590627917,BETA THETA PI FRATERNITY,LOCAL_CHAPTER_ENTITY,2017,990,true,231998,233997,6599,0,6599,PROPUBLICA_API
582412093,CHI PSI FRATERNITY,LOCAL_CHAPTER_ENTITY,2017,990EZ,true,166050,168686,8625,0,8625,PROPUBLICA_API
474787667,ALPHA ALPHA DELTA OF CHI PSI LODGE ASSN INC,UNKNOWN,2017,990,true,99032,82342,1068286,982428,85858,PROPUBLICA_API
591515489,THETA CHI FRATERNITY INC,LOCAL_CHAPTER_ENTITY,2017,990,true,1373714,1321274,3811044,2749077,1061967,PROPUBLICA_API
203675713,CHI PHI FRATERNITY,LOCAL_CHAPTER_ENTITY,2017,990,true,580408,584233,123417,4412,119005,PROPUBLICA_API
541977380,KAPPA SIGMA FRATERNITY DELTA DELTA CHAPTER,LOCAL_CHAPTER_ENTITY,2017,990,true,766721,752880,56817,0,56817,PROPUBLICA_API
436049304,KAPPA ALPHA ORDER,UNKNOWN,2017,990,true,279395,389364,121272,4914,116358,PROPUBLICA_API
590657429,ALPHA EPSILON PI FRATERNITY,LOCAL_CHAPTER_ENTITY,2017,990,true,621479,639800,20226,56,20170,PROPUBLICA_API
596141908,FLORIDA ALPHA ALUMNI OF SIGMA PHI EPSILON INC,ALUMNI_CORPORATION,2017,990,true,1286688,209845,3988990,1627068,2361922,PROPUBLICA_API
453670908,PI KAPPA ALPHA FRATERNITY,LOCAL_CHAPTER_ENTITY,2017,990,true,587157,587868,7663,0,7663,PROPUBLICA_API
590628020,KAPPA ALPHA ORDER,UNKNOWN,2017,990,true,530610,528644,9666,0,9666,PROPUBLICA_API
596203032,PHI MU FRATERNITY,PROPERTY_HOLDING_ENTITY,2017,990,true,1047751,685276,1888679,0,1888679,PROPUBLICA_API
581657154,GAMMA PHI BETA SORORITY INC,LOCAL_CHAPTER_ENTITY,2017,990,true,950410,1000649,144887,0,144887,PROPUBLICA_API
592643047,FLORIDA DELTA OF PI BETA PHI HOUSE CORPORATION,HOUSE_CORPORATION,2017,990,true,186733,290747,1483606,660468,823138,PROPUBLICA_API
454843177,ALPHA ALPHA DELTA OF CHI PSI ADVISORY BOARD INCORPORATED,UNKNOWN,2017,990EZ,true,137061,79773,64232,0,64232,PROPUBLICA_API
580585704,ALPHA GAMMA DELTA FRATERNITY,LOCAL_CHAPTER_ENTITY,2017,990,true,1250990,1229020,195276,0,195276,PROPUBLICA_API
596139328,BETA PI OF KAPPA DELTA HOUSE CORP,HOUSE_CORPORATION,2017,990,true,1123289,1032059,2367608,463763,1903845,PROPUBLICA_API
581909461,SIGMA PHI HOUSE CORPORATION OF KAPPA DELTA SORORITY A VIRGINIA,HOUSE_CORPORATION,2017,990,true,551504,499564,797698,35450,762248,PROPUBLICA_API
581490431,GAMMA PHI BETA SORORITY INC,LOCAL_CHAPTER_ENTITY,2017,990,true,654120,528375,1317674,647417,670257,PROPUBLICA_API
580679938,SIGMA PI FRATERNITY INTERNATIONAL INC,NATIONAL_PARENT,2017,990,true,280812,259580,27799,0,27799,PROPUBLICA_API
586067925,KAPPA DELTA SORORITY,LOCAL_CHAPTER_ENTITY,2017,990,true,389721,422540,53109,0,53109,PROPUBLICA_API
581025461,PHI GAMMA DELTA FRATERNITY,LOCAL_CHAPTER_ENTITY,2017,990,true,687202,739264,95129,0,95129,PROPUBLICA_API
580582498,MU CHAPTER OF SIGMA NU FRATERNITY,LOCAL_CHAPTER_ENTITY,2017,990,true,446320,446604,17336,0,17336,PROPUBLICA_API
911981486,GEORGIA DELTA OF SIGMA PHI EPSILON INC,UNKNOWN,2017,990,true,605895,574872,154225,0,154225,PROPUBLICA_API
580590521,PI KAPPA ALPHA FRATERNITY,LOCAL_CHAPTER_ENTITY,2017,990,true,316233,269558,61607,0,61607,PROPUBLICA_API
272615266,PHI KAPPA TAU FRATERNITY,LOCAL_CHAPTER_ENTITY,2017,990,true,135628,134958,19014,0,19014,PROPUBLICA_API
580592772,ALPHA GAMMA RHO FRATERNITY,LOCAL_CHAPTER_ENTITY,2017,990,true,459752,435745,179539,240,179299,PROPUBLICA_API
580587177,THETA CHI FRATERNITY INC,LOCAL_CHAPTER_ENTITY,2017,990,true,323845,309459,88868,0,88868,PROPUBLICA_API
310909146,PHI KAPPA PSI-GEORGIA ALPHA CHAPTER,LOCAL_CHAPTER_ENTITY,2017,990EZ,true,112845,133157,15317,0,15317,PROPUBLICA_API
586035098,ALPHA GAMMA RHO FRATERNITY,LOCAL_CHAPTER_ENTITY,2017,990,true,133545,66215,1241493,213655,1027838,PROPUBLICA_API
581847110,DELTA BETA ALUMNI OF THETA CHI INC,ALUMNI_CORPORATION,2017,990EZ,true,153388,158284,318311,419822,-101511,PROPUBLICA_API
580301953,KAPPA ALPHA ORDER,UNKNOWN,2017,990,true,638755,611682,82351,4125,78226,PROPUBLICA_API
580596852,LAMBDA CHI ALPHA FRATERNITY INC,LOCAL_CHAPTER_ENTITY,2017,990,true,710675,739238,71057,0,71057,PROPUBLICA_API
580591246,TAU EPSILON PHI FRATERNITY,LOCAL_CHAPTER_ENTITY,2017,990,true,514048,567103,469446,198543,270903,PROPUBLICA_API
580560996,ALPHA EPSILON PI FRATERNITY,LOCAL_CHAPTER_ENTITY,2017,990,true,390743,382140,447700,117076,330624,PROPUBLICA_API
580574897,SIGMA CHI FRATERNITY,LOCAL_CHAPTER_ENTITY,2017,990,true,333605,330742,7641,0,7641,PROPUBLICA_API
581743710,PHI MU FRATERNITY,LOCAL_CHAPTER_ENTITY,2017,990,true,627022,604576,2390213,169381,2220832,PROPUBLICA_API
581937914,SIGMA ALPHA EPSILON FRATERNITY,LOCAL_CHAPTER_ENTITY,2017,990,true,225203,277629,1552577,251552,1301025,PROPUBLICA_API
580574873,CHI OMEGA FRATERNITY,LOCAL_CHAPTER_ENTITY,2017,990,true,943190,928157,71309,610,70699,PROPUBLICA_API
616034813,EPSILON OMEGA OF KAPPA DELTA HOUSE,PROPERTY_HOLDING_ENTITY,2017,990,true,462414,333936,730854,212600,518254,PROPUBLICA_API
580581459,SIGMA ALPHA EPSILON FRATERNITY,LOCAL_CHAPTER_ENTITY,2017,990,true,615055,574277,125785,9092,116693,PROPUBLICA_API
580581268,DELTA TAU DELTA FRATERNITY,LOCAL_CHAPTER_ENTITY,2017,990,true,208454,207348,4247,0,4247,PROPUBLICA_API
510234811,CHI OMEGA HOUSE CORPORATION MU BETA CHAPTER,HOUSE_CORPORATION,2017,990,true,590072,583365,1300019,497222,802797,PROPUBLICA_API
616026148,CHI OMEGA FRATERNITY,LOCAL_CHAPTER_ENTITY,2017,990EZ,true,70729,90613,18963,6017,12946,PROPUBLICA_API
610469791,KAPPA DELTA SORORITY,LOCAL_CHAPTER_ENTITY,2017,990,true,640875,632697,58261,0,58261,PROPUBLICA_API
610446350,CHI OMEGA FRATERNITY,LOCAL_CHAPTER_ENTITY,2017,990,true,383754,405919,77739,0,77739,PROPUBLICA_API
310905748,LAMBDA ALPHA OF CHI OMEGA HOUSE CORPORATION INCORPORATED,HOUSE_CORPORATION,2017,990,true,451750,391882,691143,514951,176192,PROPUBLICA_API
610444977,DELTA TAU DELTA FRATERNITY,LOCAL_CHAPTER_ENTITY,2017,990,true,246370,251084,28458,8218,20240,PROPUBLICA_API
610448235,SIGMA NU FRATERNITY,LOCAL_CHAPTER_ENTITY,2017,990EZ,true,132693,142264,34360,0,34360,PROPUBLICA_API
616042960,KAPPA ALPHA ORDER,UNKNOWN,2017,990EZ,true,162083,154660,20226,0,20226,PROPUBLICA_API
616033534,DELTA TAU DELTA HOUSE CORP OF KY,HOUSE_CORPORATION,2017,990,true,170862,241392,2551835,565541,1986294,PROPUBLICA_API
274575400,ZETA RHO CHAPTER OF THETA CHI FRATERNITY,LOCAL_CHAPTER_ENTITY,2017,990,true,239764,232602,9793,0,9793,PROPUBLICA_API
611269807,DELTA SIGMA PHI FRATERNITY INC,LOCAL_CHAPTER_ENTITY,2017,990EZ,true,161276,136555,33565,0,33565,PROPUBLICA_API
510164540,UPSILON KAPPA OF PHI GAMMA DELTA HOUSE CORP,HOUSE_CORPORATION,2017,990,true,86336,44818,496838,8454,488384,PROPUBLICA_API
310896719,ALPHA BETA LAMBDA CHAPTER OF ALPHA PHI ALPHA FRATERNITY INC,LOCAL_CHAPTER_ENTITY,2017,990EZ,true,145141,101694,132056,0,132056,PROPUBLICA_API
526036185,PHI GAMMA DELTA EDUCATIONAL FOUNDATION,EDUCATIONAL_FOUNDATION,2017,990,true,4106161,2546550,18183463,424721,17758742,PROPUBLICA_API
237359145,SIGMA PI FRATERNITY HOUSING CORP,HOUSE_CORPORATION,2017,990,true,124290,134038,629775,370797,258978,PROPUBLICA_API
611207339,PHI GAMMA DELTA FRATERNITY,LOCAL_CHAPTER_ENTITY,2017,990EZ,true,123746,133569,8073,0,8073,PROPUBLICA_API
721023591,DELTA CHI HOUSE CORPORATION,HOUSE_CORPORATION,2017,990EZ,true,148924,168891,315695,323126,-7431,PROPUBLICA_API
720603683,DELTA KAPPA OF ZETA TAU ALPHA HOUSE CORPORATION,HOUSE_CORPORATION,2017,990,true,314444,294252,932821,891072,41749,PROPUBLICA_API
726021413,CHI OMEGA FRATERNITY,LOCAL_CHAPTER_ENTITY,2017,990,true,663370,555656,1595603,10601,1585002,PROPUBLICA_API
556028175,ALPHA GAMMA DELTA FRATERNITY,LOCAL_CHAPTER_ENTITY,2017,990,true,685946,619407,607402,0,607402,PROPUBLICA_API
720873120,ALPHA GAMMA RHO FRATERNITY,LOCAL_CHAPTER_ENTITY,2017,990,true,505012,443280,516378,0,516378,PROPUBLICA_API
726040902,LOUISIANA BETA OF PI BETA PHI HOUSE ASSOCIATION,HOUSE_CORPORATION,2017,990,true,370052,341894,767696,62438,705258,PROPUBLICA_API
576025458,KAPPA DELTA SORORITY,LOCAL_CHAPTER_ENTITY,2017,990,true,464899,447034,231275,1400,229875,PROPUBLICA_API
726027982,PI KAPPA ALPHA FRATERNITY,LOCAL_CHAPTER_ENTITY,2017,990EZ,true,189791,159810,355005,0,355005,PROPUBLICA_API
720482627,PI KAPPA ALPHA FATERNITY,UNKNOWN,2017,990EZ,true,102164,110015,9006,0,9006,PROPUBLICA_API
237069145,DELTA OMEGA HOUSE CORPORATION OF DELTA DELTA DELTA FRATERNITY,HOUSE_CORPORATION,2017,990,true,404168,223912,2105407,13500,2091907,PROPUBLICA_API
726034315,SIGMA GAMMA RHO SORORITY INC,LOCAL_CHAPTER_ENTITY,2017,990EZ,true,70367,75156,149445,0,149445,PROPUBLICA_API
813514137,OMEGA CHAPTER OF ALPHA DELTA PI HOUSE CORPORATION,HOUSE_CORPORATION,2017,990,true,531073,406204,505041,380172,124869,PROPUBLICA_API
720416943,KAPPA ALPHA ORDER,UNKNOWN,2017,990,true,468924,509070,5357,0,5357,PROPUBLICA_API
726027219,DELTA KAPPA HOUSE CORP KAPPA ALPHA THETA,HOUSE_CORPORATION,2017,990,true,207914,153068,708010,0,708010,PROPUBLICA_API
640868872,DELTA OMEGA CHAPTER HOUSE CORPORATION OF KAPPA DELTA,HOUSE_CORPORATION,2017,990,true,1034419,612831,5022788,3030399,1992389,PROPUBLICA_API
726027878,KAPPA DELTA SORORITY,LOCAL_CHAPTER_ENTITY,2017,990,true,437388,425138,246727,28950,217777,PROPUBLICA_API
640120597,KAPPA ALPHA ORDER,UNKNOWN,2017,990,true,647268,681607,17409,0,17409,PROPUBLICA_API
640390595,LAMBDA CHI ALPHA FRATERNITY INC,LOCAL_CHAPTER_ENTITY,2017,990,true,460394,459277,16971,3960,13011,PROPUBLICA_API
340435674,MISSISSIPPI STATE UNIVERSITY DELTA CHI BUILDING CORPORATION,HOUSE_CORPORATION,2017,990,true,79825,77658,782218,488067,294151,PROPUBLICA_API
430661687,ALPHA EPSILON PI FRATERNITY,LOCAL_CHAPTER_ENTITY,2017,990,true,292320,238230,5697,0,5697,PROPUBLICA_API
436065825,SOCIETY OF BETA SIGMA PSI,UNKNOWN,2017,990,true,359877,375014,30642,46038,-15396,PROPUBLICA_API
475663599,EDUCATIONAL FOUNDATION OF THE ALPHA KAPPA CHAPTER OF THE KAPPA ALPHA,EDUCATIONAL_FOUNDATION,2017,990EZ,true,126286,85720,78816,0,78816,PROPUBLICA_API
640310946,SIGMA ALPHA EPSILON FRATERNITY,LOCAL_CHAPTER_ENTITY,2017,990,true,622177,709986,68077,6400,61677,PROPUBLICA_API
646022216,PHI KAPPA TAU HOUSE CORP,HOUSE_CORPORATION,2017,990,true,226454,161912,56739,31866,24873,PROPUBLICA_API
436075111,SIGMA ALPHA EPSILON CLUB OF COLUMBIA MISSOURI,UNKNOWN,2017,990,true,695005,367186,5453205,3314827,2138378,PROPUBLICA_API
463509823,BETA BETA ALUMNI OF THE DELTA SIGMA PHI FRATERNITY,ALUMNI_CORPORATION,2017,990,true,861276,742906,3498578,1960938,1537640,PROPUBLICA_API
721523824,PHI MU FRATERNITY,LOCAL_CHAPTER_ENTITY,2017,990,true,898944,750682,3217892,2093816,1124076,PROPUBLICA_API
436050433,ALPHA PHI HOUSE CORPORATION BOARD- UNIVERSITY OF MISSOURI,HOUSE_CORPORATION,2017,990,true,879124,680521,2301193,290870,2010323,PROPUBLICA_API
430282880,GAMMA PHI BETA SORORITY INC,LOCAL_CHAPTER_ENTITY,2017,990,true,243127,178925,128766,0,128766,PROPUBLICA_API
431098570,KAPPA DELTA SORORITY,LOCAL_CHAPTER_ENTITY,2017,990,true,368062,402885,126309,0,126309,PROPUBLICA_API
436059582,GAMMA PHI BETA SORORITY INC,LOCAL_CHAPTER_ENTITY,2017,990,true,906922,741546,2022359,495539,1526820,PROPUBLICA_API
510245814,ALPHA GAMMA CHAPTER OF ALPHA DELTA PI HOUSE CORP,HOUSE_CORPORATION,2017,990,true,972062,1202390,3998598,3443412,555186,PROPUBLICA_API
430456430,PHI DELTA THETA FRATERNITY,LOCAL_CHAPTER_ENTITY,2017,990,true,183106,241260,40413,87896,-47483,PROPUBLICA_API
436031386,DELTA XI BLDG CORP OF DELTA DELTA DELTA,UNKNOWN,2017,990,true,410245,285254,4122156,2699388,1422768,PROPUBLICA_API
436052949,RHO ALPHA OF CHI OMEGA INC,PROPERTY_HOLDING_ENTITY,2017,990,true,1171754,833842,5551860,2766586,2785274,PROPUBLICA_API
430156640,ALPHA GAMMA RHO FRATERNITY,LOCAL_CHAPTER_ENTITY,2017,990,true,684524,672990,131165,40200,90965,PROPUBLICA_API
237180149,PHI DELTA THETA CLUB OF COLUMBIA MISSOURI,UNKNOWN,2017,990,true,388132,230568,3371941,3542575,-170634,PROPUBLICA_API
436052133,ALPHA GAMMA RHO BUILDING ASSOCIATION,HOUSE_CORPORATION,2017,990,true,426897,367972,1893052,475109,1417943,PROPUBLICA_API
436052199,BETA THETA PI FRATERNITY,LOCAL_CHAPTER_ENTITY,2017,990,true,1444949,1413826,188592,133175,55417,PROPUBLICA_API
900767327,KAPPA SIGMA FRATERNITY,LOCAL_CHAPTER_ENTITY,2017,990N,false,,,,,,PROPUBLICA_API
736100261,SIGMA CHI FRATERNITY,LOCAL_CHAPTER_ENTITY,2017,990,true,706448,642245,1670378,1215490,454888,PROPUBLICA_API
431080165,KAPPA KAPPA GAMMA HOUSE CORP OF COLUMBIA,HOUSE_CORPORATION,2017,990,true,1046878,715119,2490575,243243,2247332,PROPUBLICA_API
436061869,ALPHA CHI OMEGA HOUSE CORP FOR ALPHA NU CHAPTER,HOUSE_CORPORATION,2017,990,true,357557,244334,3583465,888764,2694701,PROPUBLICA_API
431469466,DELTA CHI FRATERNITY,LOCAL_CHAPTER_ENTITY,2017,990,true,262153,227076,143129,0,143129,PROPUBLICA_API
237432859,SIGMA NU FRATERNITY,LOCAL_CHAPTER_ENTITY,2017,990,true,152201,172983,81407,109332,-27925,PROPUBLICA_API
900353708,THETA CHI FRATERNITY UNIVERSITY OF MISSOURI IOTA MU CHAPTER,LOCAL_CHAPTER_ENTITY,2017,990,true,403171,386617,68191,0,68191,PROPUBLICA_API
430519030,SIGMA NU HOUSE CORPORATION,HOUSE_CORPORATION,2017,990,true,986215,89852,5728079,5017159,710920,PROPUBLICA_API
464496506,RHO CHAPTER SIGMA NU EDUCATIONAL FOUNDATION,EDUCATIONAL_FOUNDATION,2017,990,true,1204927,1120013,57900,0,57900,PROPUBLICA_API
237330439,BETA THETA PI CLUB OF COLUMBIA MISSOURI,UNKNOWN,2017,990,true,767154,279054,15933625,3714131,12219494,PROPUBLICA_API
475168633,ALPHA SIGMA PHI FRATERNITY INC,LOCAL_CHAPTER_ENTITY,2017,990EZ,true,70174,74269,7339,0,7339,PROPUBLICA_API
730581503,SIGMA ALPHA EPSILON FRATERNITY,LOCAL_CHAPTER_ENTITY,2017,990,true,49,113804,1325708,300000,1025708,PROPUBLICA_API
446013887,DELTA TAU DELTA ASSOCIATION OF COLUNBIA MO,UNKNOWN,2017,990,true,268199,236292,2291773,701777,1589996,PROPUBLICA_API
730583070,LAMBDA CHI ALPHA FRATERNITY INC,LOCAL_CHAPTER_ENTITY,2017,990,true,707666,698681,12090,12,12078,PROPUBLICA_API
430240451,DELTA TAU DELTA FRATERNITY,LOCAL_CHAPTER_ENTITY,2017,990,true,734174,666631,397958,64856,333102,PROPUBLICA_API
311128130,PHI KAPPA PSI FRATERNITY,LOCAL_CHAPTER_ENTITY,2017,990EZ,true,184989,181220,24587,0,24587,PROPUBLICA_API
730582839,BETA THETA PI FRATERNITY,LOCAL_CHAPTER_ENTITY,2017,990,true,855460,862957,363099,15058,348041,PROPUBLICA_API
730589378,TRUSTEES OF OKLAHOMA ALPHA CHAPTER OF PI BETA PHI FRATERNITY INC,LOCAL_CHAPTER_ENTITY,2017,990,true,436665,524253,1630557,951,1629606,PROPUBLICA_API
640307103,PHI MU FRATERNITY,LOCAL_CHAPTER_ENTITY,2017,990,true,1444036,1174382,4406927,765666,3641261,PROPUBLICA_API
736103379,BETA THETA PI CORPORATION OF OKLA,UNKNOWN,2017,990,true,2174572,1234340,9968855,3301273,6667582,PROPUBLICA_API
646027408,MISSISSIPPI BETA OF PI BETA PHI HOUSE ASSOCIATION INC,HOUSE_CORPORATION,2017,990,true,651282,382091,4252032,843174,3408858,PROPUBLICA_API
510178981,GAMMA PHI BETA SORORITY INC,LOCAL_CHAPTER_ENTITY,2017,990,true,251913,228531,132262,47848,84414,PROPUBLICA_API
640330884,KAPPA DELTA SORORITY,LOCAL_CHAPTER_ENTITY,2017,990,true,403238,424561,46399,0,46399,PROPUBLICA_API
731233879,BUILDING ASSOCIATION OF THE EPSILON ALPHA CHAPT CHI OMEGA FRATERNITY,HOUSE_CORPORATION,2017,990,true,880457,966583,6682852,1339121,5343731,PROPUBLICA_API
730583442,KAPPA ALPHA ORDER,UNKNOWN,2017,990EZ,true,132151,134235,1280,0,1280,PROPUBLICA_API
640717329,DELTA DELTA DELTA NATIONAL HOUSE CORPORATION,HOUSE_CORPORATION,2017,990,true,732030,262132,3885462,694,3884768,PROPUBLICA_API
640304773,SIGMA NU FRATERNITY,LOCAL_CHAPTER_ENTITY,2017,990,true,1293100,1167290,150046,1833,148213,PROPUBLICA_API
730579972,GAMMA PHI BETA SORORITY INC,LOCAL_CHAPTER_ENTITY,2017,990,true,848064,755282,2155130,88221,2066909,PROPUBLICA_API
237229883,MISSISSIPPI ALPHA CHAPTER HOUSE CORPORATION OF PHI DELTA THETA FRA,HOUSE_CORPORATION,2017,990,true,210362,153365,1744405,605104,1139301,PROPUBLICA_API
640315255,SIGMA CHI FRATERNITY ETA CHAPTER,LOCAL_CHAPTER_ENTITY,2017,990,true,883726,802989,623980,30000,593980,PROPUBLICA_API
570811123,ETA GAMMA CHAPTER OF CHI OMEGA FRATERNITY HOUSING CORPORATION,HOUSE_CORPORATION,2017,990,true,1137112,686477,4573653,0,4573653,PROPUBLICA_API
237160987,TAU OF CHI OMEGA FRATERNITY HOUSE CORPORATION,HOUSE_CORPORATION,2017,990,true,1623320,1101132,4324516,342545,3981971,PROPUBLICA_API
237432869,MISSISSIPPI GAMMA HOUSE ASSN OF SIGMA ALPHA EPSILON,HOUSE_CORPORATION,2017,990,true,288513,36696,600641,0,600641,PROPUBLICA_API
640315254,SIGMA ALPHA EPSILON FRATERNITY,LOCAL_CHAPTER_ENTITY,2017,990,true,749296,818013,305713,7732,297981,PROPUBLICA_API
640412138,ALPHA TAU OMEGA FRATERNITY,LOCAL_CHAPTER_ENTITY,2017,990,true,1067505,1127778,43629,2610,41019,PROPUBLICA_API
582279145,RHO CHAPTER KAPPA ALPHA HOUSING CORPORATION,HOUSE_CORPORATION,2017,990,true,351450,325865,836428,181145,655283,PROPUBLICA_API
576033531,PI KAPPA PHI FRATERNITY,LOCAL_CHAPTER_ENTITY,2017,990,true,218984,207634,19091,0,19091,PROPUBLICA_API
640308935,PHI DELTA THETA FRATERNITY,LOCAL_CHAPTER_ENTITY,2017,990,true,1089097,976726,1171027,221291,949736,PROPUBLICA_API
576033523,KAPPA ALPHA ORDER,UNKNOWN,2017,990EZ,true,157576,157899,15875,0,15875,PROPUBLICA_API
237128453,LAMBDA CHI ALPHA FRATERNITY INC,LOCAL_CHAPTER_ENTITY,2017,990,true,215103,209123,11882,0,11882,PROPUBLICA_API
237219356,KAPPA KAPPA GAMMA FRATERNITY INC,LOCAL_CHAPTER_ENTITY,2017,990,true,1439013,907870,5402538,3645,5398893,PROPUBLICA_API
383878997,ALPHA GAMMA DELTA FRATERNITY,LOCAL_CHAPTER_ENTITY,2017,990,true,481864,444786,194188,0,194188,PROPUBLICA_API
741132046,KAPPA ALPHA ORDER,UNKNOWN,2017,990,true,881029,882990,10979,0,10979,PROPUBLICA_API
464828091,LAMBDA THETA HOUSE CORPORATION OF PHI MU FRATERNITY,HOUSE_CORPORATION,2017,990,true,923577,831449,4067751,3331303,736448,PROPUBLICA_API
570742538,CHI OMEGA FRATERNITY,LOCAL_CHAPTER_ENTITY,2017,990,true,365706,333641,102746,0,102746,PROPUBLICA_API
201554454,GAMMA PHI BETA SORORITY INC,LOCAL_CHAPTER_ENTITY,2017,990,true,285177,299966,112206,750,111456,PROPUBLICA_API
576027420,PI KAPPA ALPHA FRATERNITY,LOCAL_CHAPTER_ENTITY,2017,990,true,245456,249725,244,0,244,PROPUBLICA_API
626111214,KAPPA SIGMA FRATERNITY,PROPERTY_HOLDING_ENTITY,2017,990EZ,true,194907,121296,434336,0,434336,PROPUBLICA_API
620495178,TENNESSEE KAPPA CHAPTER OF SIGMA ALPHA EPSILON,LOCAL_CHAPTER_ENTITY,2017,990,true,260000,255000,7061,0,7061,PROPUBLICA_API
742188211,SIGMA PHI EPSILON EDUCATION FOUNDATION OF TEXAS ALPHA,EDUCATIONAL_FOUNDATION,2017,990EZ,true,87339,129309,324650,271138,53512,PROPUBLICA_API
621414737,BETA SIGMA OF SIGMA CHI HOUSE CORPORATION,HOUSE_CORPORATION,2017,990,true,99046,147334,1631693,1312810,318883,PROPUBLICA_API
626042374,DELTA SIGMA HOUSE CORPORATION OF DELTA DELTA DELTA,HOUSE_CORPORATION,2017,990EZ,true,189702,88883,369869,0,369869,PROPUBLICA_API
626047975,CHI OMEGA FRATERNITY,LOCAL_CHAPTER_ENTITY,2017,990N,false,,,,,,PROPUBLICA_API
352570603,PI KAPPA ALPHA FRATERNITY,LOCAL_CHAPTER_ENTITY,2017,990EZ,true,142099,115464,45004,0,45004,PROPUBLICA_API
741130614,SIGMA PHI EPSILON FRATERNITY INC,LOCAL_CHAPTER_ENTITY,2017,990,true,1308269,1300930,145583,0,145583,PROPUBLICA_API
626047671,KAPPA DELTA SORORITY,LOCAL_CHAPTER_ENTITY,2017,990,true,293771,289666,135818,7160,128658,PROPUBLICA_API
621386377,PI CHAPTER CHI OMEGA FRATERNITY HOUSE CORP,HOUSE_CORPORATION,2017,990,true,415986,395993,342802,4323,338479,PROPUBLICA_API
740898333,SIGMA ALPHA MU FRATERNITY,LOCAL_CHAPTER_ENTITY,2017,990,true,843722,852852,60878,40167,20711,PROPUBLICA_API
626045032,ALPHA DELTA PI HOUSE CORP ALPHA KAPPA,HOUSE_CORPORATION,2017,990,true,915858,703277,876702,3331,873371,PROPUBLICA_API
742657125,SIGMA GAMMA RHO SORORITY INC MU UPSILON CHAPTER,LOCAL_CHAPTER_ENTITY,2017,990EZ,true,0,0,1,0,1,PROPUBLICA_API
746084912,SIGMA GAMMA RHO SORORITY INC,LOCAL_CHAPTER_ENTITY,2017,990EZ,true,0,0,1,0,1,PROPUBLICA_API
742831564,ZETA BETA TAU FRATERNITY,LOCAL_CHAPTER_ENTITY,2017,990,true,1403094,1316330,115935,29032,86903,PROPUBLICA_API
743004321,TEXAS DELTA CHI HOUSING CORP,HOUSE_CORPORATION,2017,990,true,4194,1869,405775,0,405775,PROPUBLICA_API
741130608,PHI GAMMA DELTA FRATERNITY,LOCAL_CHAPTER_ENTITY,2017,990,true,1909354,1754620,998033,520443,477590,PROPUBLICA_API
741130611,SIGMA ALPHA EPSILON FRATERNITY,LOCAL_CHAPTER_ENTITY,2017,990,true,1349691,1478853,760424,212759,547665,PROPUBLICA_API
270246718,PI KAPPA PHI FRATERNITY AT AUSTIN AREA HOUSING CORPORATION,HOUSE_CORPORATION,2017,990EZ,true,13730,22627,64345,0,64345,PROPUBLICA_API
740555581,CHI OMEGA FRATERNITY,LOCAL_CHAPTER_ENTITY,2017,990,true,1091743,957678,2205112,104407,2100705,PROPUBLICA_API
741120034,PI KAPPA ALPHA FRATERNITY,LOCAL_CHAPTER_ENTITY,2017,990,true,817336,819678,185239,179234,6005,PROPUBLICA_API
741493205,KAPPA CHAPTER OF ZETA TAU ALPHA HOUSE CORPORATION,HOUSE_CORPORATION,2017,990,true,131373,77993,2372074,12502,2359572,PROPUBLICA_API
746060984,TEXAS ALPHA HOUSE CORPORATION OF PI BETA PHI,HOUSE_CORPORATION,2017,990,true,726909,709338,3368926,85762,3283164,PROPUBLICA_API
741116912,SIGMA CHI FRATERNITY,LOCAL_CHAPTER_ENTITY,2017,990,true,1030779,1114540,118854,13004,105850,PROPUBLICA_API
740481786,ALPHA EPSILON PHI SORORITY OMEGA CHAPTER,LOCAL_CHAPTER_ENTITY,2017,990,true,284275,264486,234814,7695,227119,PROPUBLICA_API
510207538,SIGMA CHI FRATERNITY,LOCAL_CHAPTER_ENTITY,2017,990,true,378302,362007,31417,0,31417,PROPUBLICA_API
741932980,XI KAPPA OF CHI OMEGA HOUSE CORP,HOUSE_CORPORATION,2017,990,true,757790,527662,1965682,411687,1553995,PROPUBLICA_API
134264657,GAMMA PHI BETA SORORITY INC,LOCAL_CHAPTER_ENTITY,2017,990,true,321363,304347,95437,52128,43309,PROPUBLICA_API
732350514,TEXAS ETA CHAPTER OF PI BETA PHI HOUSE CORPORATION,HOUSE_CORPORATION,2017,990,true,269227,285510,1242883,376453,866430,PROPUBLICA_API
741219941,BETA XI OF KAPPA KAPPA GAMMA HOUSE ASSOCIATION,HOUSE_CORPORATION,2017,990,true,4563380,6052085,3820330,2672868,1147462,PROPUBLICA_API
742205939,KAPPA DELTA SORORITY,LOCAL_CHAPTER_ENTITY,2017,990,true,364843,333813,407582,223330,184252,PROPUBLICA_API
742930349,ETA ALPHA HOUSE CORPORATION OF KAPPA DELTA SORORITY,HOUSE_CORPORATION,2017,990,true,725290,687294,1179918,1136018,43900,PROPUBLICA_API
810575553,PHI GAMMA DELTA FRATERNITY,LOCAL_CHAPTER_ENTITY,2017,990,true,594656,648542,49314,0,49314,PROPUBLICA_API
742205743,KAPPA ALPHA ORDER,UNKNOWN,2017,990,true,554012,499077,100697,0,100697,PROPUBLICA_API
742155975,SIGMA EPSILON OF KAPPA DELTA HOUSE CORP,HOUSE_CORPORATION,2017,990,true,874160,856680,2542234,2238399,303835,PROPUBLICA_API
273674898,PI KAPPA ALPHA FRATERNITY,LOCAL_CHAPTER_ENTITY,2017,990,true,297491,299265,9413,0,9413,PROPUBLICA_API
626074044,CHI OMEGA FRATERNITY,LOCAL_CHAPTER_ENTITY,2017,990N,false,,,,,,PROPUBLICA_API
530209696,OMEGA PSI PHI FRATERNITY,NATIONAL_PARENT,2017,990,true,6175458,5192136,7200198,1489351,5710847,PROPUBLICA_API
741116922,DELTA TAU DELTA FRATERNITY,LOCAL_CHAPTER_ENTITY,2017,990,true,1125624,1052420,167801,3255,164546,PROPUBLICA_API
621218011,ALPHA DELTA PI HOUSE CORPORATION,HOUSE_CORPORATION,2017,990,true,134870,110944,579088,2755,576333,PROPUBLICA_API
746082351,DELTA TAU DELTA BUILDING ASSN,PROPERTY_HOLDING_ENTITY,2017,990,true,-23526,91077,1158876,222813,936063,PROPUBLICA_API
621793998,KAPPA DELTA SORORITY,LOCAL_CHAPTER_ENTITY,2017,990,true,401561,416482,203961,17091,186870,PROPUBLICA_API
620416868,ZETA BETA TAU FRATERNITY,LOCAL_CHAPTER_ENTITY,2017,990EZ,true,47622,63875,1,6052,-6051,PROPUBLICA_API
742244833,DELTA TAU DELTA FRATERNITY,LOCAL_CHAPTER_ENTITY,2017,990,true,346633,392829,65147,0,65147,PROPUBLICA_API
362426170,GAMMA PHI BETA SORORITY INC,NATIONAL_PARENT,2017,990,true,11692194,10418186,19071819,5452419,13619400,PROPUBLICA_API
263623864,KAPPA SIGMA FRATERNITY,LOCAL_CHAPTER_ENTITY,2017,990,true,132298,126911,8220,0,8220,PROPUBLICA_API
473151737,PI KAPPA ALPHA FRATERNITY,LOCAL_CHAPTER_ENTITY,2017,990EZ,true,107600,95519,12081,0,12081,PROPUBLICA_API
010158948,SIGMA KAPPA SORORITY,NATIONAL_PARENT,2017,990,true,6220270,5370857,9785307,5212673,4572634,PROPUBLICA_API
621771326,PHI BETA SIGMA FRATERNITY-ETA BETA SIGMA CHAPTER INCORPORATED,LOCAL_CHAPTER_ENTITY,2017,990,true,34047,31702,33374,0,33374,PROPUBLICA_API
621781729,ZETA PHI BETA SORORITY INC PI ZETA CHAPTER,LOCAL_CHAPTER_ENTITY,2017,990EZ,true,32971,36230,39614,24987,14627,PROPUBLICA_API
626047662,KAPPA DELTA SORORITY,LOCAL_CHAPTER_ENTITY,2017,990,true,240021,292594,111221,0,111221,PROPUBLICA_API
381543609,SIGMA ALPHA IOTA FRATERNITY,NATIONAL_PARENT,2017,990,true,861351,748906,1317558,146734,1170824,PROPUBLICA_API
430765719,THETA TAU,NATIONAL_PARENT,2017,990,true,1156598,679249,2123027,13154,2109873,PROPUBLICA_API
621466616,BETA TAU HOUSE CORPORATION OF KAPPA DELTA SORORITY,HOUSE_CORPORATION,2017,990EZ,true,193909,100035,405620,4135,401485,PROPUBLICA_API
310406470,PHI DELTA THETA FRATERNITY,NATIONAL_PARENT,2017,990,true,4914795,4986418,6419583,481247,5938336,PROPUBLICA_API
310851686,CHI OMEGA FRATERNITY,NATIONAL_PARENT,2017,990,true,7926007,6951962,15381421,525106,14856315,PROPUBLICA_API
350141875,ALPHA CHI OMEGA FRATERNITY INC,NATIONAL_PARENT,2017,990,true,9282967,10967790,18098798,13316302,4782496,PROPUBLICA_API
361996950,ZETA TAU ALPHA INTL FRATERNITY & FRATERNITY HOUSING CORPORATION,NATIONAL_PARENT,2017,990,true,19399040,17271157,78453657,25522150,52931507,PROPUBLICA_API
221281800,SIGMA PI FRATERNITY INTERNATIONAL,NATIONAL_PARENT,2017,990,true,2806586,2237322,2979334,555699,2423635,PROPUBLICA_API
221550561,ALPHA GAMMA DELTA FRATERNITY,NATIONAL_PARENT,2017,990,true,6046004,6645213,13672617,7944097,5728520,PROPUBLICA_API
131306360,SIGMA ALPHA MU FRATERNITY INC,NATIONAL_PARENT,2017,990,true,1993066,2169605,7616785,2581465,5035320,PROPUBLICA_API
210577978,THETA CHI FRATERNITY INC,NATIONAL_PARENT,2017,990,true,4533348,4358948,6852956,2101209,4751747,PROPUBLICA_API
382900287,PHI SIGMA RHO NATIONAL SORORITY,NATIONAL_PARENT,2017,990,true,337680,311702,373243,399,372844,PROPUBLICA_API
314164901,DELTA GAMMA FRATERNITY,NATIONAL_PARENT,2017,990,true,6360432,5814770,13285951,697071,12588880,PROPUBLICA_API
620533776,PHI MU FRATERNITY,NATIONAL_PARENT,2017,990,true,7092065,7034355,18253560,4611136,13642424,PROPUBLICA_API
350459180,LAMBDA CHI ALPHA FRATERNITY INC,NATIONAL_PARENT,2017,990,true,6232258,6069011,5716269,1093784,4622485,PROPUBLICA_API
350267650,DELTA TAU DELTA FRATERNITY,NATIONAL_PARENT,2017,990,true,4897005,4752197,13353797,1648903,11704894,PROPUBLICA_API
730593444,KAPPA KAPPA PSI FRATERNITY,NATIONAL_PARENT,2017,990,true,945765,821470,1233359,99059,1134300,PROPUBLICA_API
362077508,ALPHA PHI INTERNATIONAL FRATERNITY INC,NATIONAL_PARENT,2017,990,true,7573769,6041537,18424388,1868064,16556324,PROPUBLICA_API
430689936,SIGMA TAU GAMMA FRATERNITY,NATIONAL_PARENT,2017,990,true,2166827,2317893,2499236,1382423,1116813,PROPUBLICA_API
361773950,SIGMA ALPHA EPSILON FRATERNITY,NATIONAL_PARENT,2017,990,true,7921013,7646380,11215726,4095565,7120161,PROPUBLICA_API
131496630,ZETA PSI FRATERNITY OF NORTH AMERICA,NATIONAL_PARENT,2017,990,true,847675,824497,564388,105803,458585,PROPUBLICA_API
430769468,ALPHA EPSILON PI FRATERNITY INC,NATIONAL_PARENT,2017,990,true,5022324,5006235,3991579,469912,3521667,PROPUBLICA_API
580191430,CHI PHI FRATERNITY INC,NATIONAL_PARENT,2017,990,true,1547430,1614227,1313277,112886,1200391,PROPUBLICA_API
440500006,KAPPA DELTA SORORITY INC,NATIONAL_PARENT,2017,990,true,8839246,6275766,52272411,7488254,44784157,PROPUBLICA_API
580310956,KAPPA ALPHA ORDER,NATIONAL_PARENT,2017,990,true,3829148,3852344,7464190,2369702,5094488,PROPUBLICA_API
430769468,ALPHA EPSILON PI FRATERNITY INC,NATIONAL_PARENT,2017,990N,false,,,,,,PROPUBLICA_API
362152330,ALPHA KAPPA ALPHA SORORITY INC,NATIONAL_PARENT,2017,990,true,28745385,26852757,32475919,9577763,22898156,PROPUBLICA_API
130604310,DELTA KAPPA EPSILON FRATERNITY,NATIONAL_PARENT,2017,990,true,1384163,1336412,1182851,163862,1018989,PROPUBLICA_API
570340150,PI KAPPA PHI FRATERNITY,NATIONAL_PARENT,2017,990,true,5661507,5514330,7951941,3782239,4169702,PROPUBLICA_API
370464584,PI BETA PHI FRATERNITY,NATIONAL_PARENT,2017,990,true,10333871,15904567,37428859,4279501,33149358,PROPUBLICA_API
131496610,ZETA BETA TAU FRATERNITY,NATIONAL_PARENT,2017,990,true,2746329,2547715,1243842,455307,788535,PROPUBLICA_API
311353726,DELTA ZETA NATIONAL HOUSING CORPORATION,NATIONAL_PARENT,2017,990,true,20138458,14876573,44736684,3088370,41648314,PROPUBLICA_API
314359813,ALPHA SIGMA PHI FRATERNITY INC,NATIONAL_PARENT,2017,990,true,3535029,3452848,3057808,495088,2562720,PROPUBLICA_API
361305568,KAPPA ALPHA THETA FRATERNITY,NATIONAL_PARENT,2017,990,true,8372672,7982512,36734271,22048405,14685866,PROPUBLICA_API
310531047,BETA THETA PI FRATERNITY,NATIONAL_PARENT,2017,990,true,6630084,6167417,9107365,2911532,6195833,PROPUBLICA_API
314221880,KAPPA KAPPA GAMMA FRATERNITY INC,NATIONAL_PARENT,2017,990,true,6581141,6834644,11751989,1536023,10215966,PROPUBLICA_API
580638489,ALPHA DELTA PI SORORITY,NATIONAL_PARENT,2017,990,true,6347564,5717783,12385189,2387766,9997423,PROPUBLICA_API
370152140,ALPHA TAU OMEGA FRATERNITY,NATIONAL_PARENT,2017,990,true,4680123,4631690,8149695,1207225,6942470,PROPUBLICA_API
362374316,DELTA DELTA DELTA,NATIONAL_PARENT,2017,990,true,6702784,9430955,14280626,2181837,12098789,PROPUBLICA_API
530215218,DELTA SIGMA THETA SORORITY INC,NATIONAL_PARENT,2017,990,true,13710346,15145750,34300611,17661264,16639347,PROPUBLICA_API
361773960,SIGMA CHI FRATERNITY,NATIONAL_PARENT,2017,990,true,4453628,4012011,11478613,1017174,10461439,PROPUBLICA_API
370152080,ALPHA GAMMA RHO FRATERNITY,NATIONAL_PARENT,2017,990,true,2262920,1642066,6781816,1138343,5643473,PROPUBLICA_API
230967790,PHI KAPPA SIGMA FRATERNITY GRAND CHAPTER,NATIONAL_PARENT,2017,990,true,1075364,1026871,1343272,127180,1216092,PROPUBLICA_API
300174261,TAU KAPPA EPSILON FRATERNITY INC,NATIONAL_PARENT,2017,990,true,5275496,5038652,6331961,2049255,4282706,PROPUBLICA_API
620950113,ALPHA OMICRON PI FRATERNITY INC,NATIONAL_PARENT,2017,990,true,8243591,6513453,28658538,3643609,25014929,PROPUBLICA_API
840405009,DELTA SIGMA PHI FRATERNITY INC NATIONAL HEADQUARTERS,NATIONAL_PARENT,2017,990,true,3804143,3687249,2709563,1131946,1577617,PROPUBLICA_API
540628798,SIGMA NU FRATERNITY INC,NATIONAL_PARENT,2017,990N,false,,,,,,PROPUBLICA_API
420212285,DELTA CHI FRATERNITY,NATIONAL_PARENT,2017,990,true,3413342,2861017,13387676,147406,13240270,PROPUBLICA_API
540628798,SIGMA NU FRATERNITY INC,NATIONAL_PARENT,2017,990,true,5714537,4936055,8347222,2022790,6324432,PROPUBLICA_API
730654150,SIGMA SIGMA SIGMA INC,NATIONAL_PARENT,2017,990,true,3518386,3403333,6453112,1319390,5133722,PROPUBLICA_API
431971836,DELTA PHI EPSILON SORORITY INC,NATIONAL_PARENT,2017,990,true,2535032,2535283,3066509,1686261,1380248,PROPUBLICA_API
562163357,THETA NU XI MULTICULTURAL SORORITY INCORPORATED,NATIONAL_PARENT,2017,990EZ,true,146079,109542,267014,0,267014,PROPUBLICA_API
386089059,CHI PSI FRATERNITY,NATIONAL_PARENT,2017,990,true,1578027,1743123,3997976,2184752,1813224,PROPUBLICA_API
231500981,THE GRAND CHAPTER OF PHI SIGMA KAPPA,NATIONAL_PARENT,2017,990,true,2056413,1769794,1771851,488578,1283273,PROPUBLICA_API
131368460,TAU EPSILON PHI FRATERNITY INC,NATIONAL_PARENT,2017,990,true,277814,268329,627945,11587,616358,PROPUBLICA_API
362024274,SIGMA DELTA TAU SOCIETY,NATIONAL_PARENT,2017,990,true,2515372,2333249,4483459,1094280,3389179,PROPUBLICA_API
131368460,TAU EPSILON PHI FRATERNITY INC,NATIONAL_PARENT,2017,990N,false,,,,,,PROPUBLICA_API
223530740,LAMBDA THETA ALPHA,NATIONAL_PARENT,2017,990,true,706662,641554,1360392,0,1360392,PROPUBLICA_API
352103442,ALPHA XI DELTA NATIONAL HOUSING CORPORATION INC,NATIONAL_PARENT,2017,990,true,864501,31993,2841289,2008781,832508,PROPUBLICA_API
042200265,PHI KAPPA THETA FRATERNITY,NATIONAL_PARENT,2017,990,true,860830,981132,517997,299479,218518,PROPUBLICA_API
350868356,PHI DELTA THETA FRATERNITY,LOCAL_CHAPTER_ENTITY,2016,990,true,234284,239374,10591,10170,421,PROPUBLICA_API
592339079,PHI DELTA THETA FRATERNITY,LOCAL_CHAPTER_ENTITY,2016,990,true,710331,719908,130884,194056,-63172,PROPUBLICA_API
593282583,PHI DELTA THETA CHAPTER HOUSE ASSOCIATION INC,HOUSE_CORPORATION,2016,990,true,287247,294163,580580,972677,-392097,PROPUBLICA_API
630164075,PHI DELTA THETA FRATERNITY,LOCAL_CHAPTER_ENTITY,2016,990,true,198678,274850,1236,29246,-28010,PROPUBLICA_API
630893932,PHI MU HOUSE CORPORATION,HOUSE_CORPORATION,2016,990,true,4653535,3184830,8533866,23460,8510406,PROPUBLICA_API
640723232,KAPPA ALPHA CHAPTER OF PHI MU FRATERNITY HOUSE CORPORATION,HOUSE_CORPORATION,2016,990,true,1248373,613543,5870990,2925675,2945315,PROPUBLICA_API
631053272,PHI DELTA THETA FRATERNITY,LOCAL_CHAPTER_ENTITY,2016,990,true,1351500,1322220,7198521,4795633,2402888,PROPUBLICA_API
596135388,CHI OMEGA HOUSING CORPORATION,HOUSE_CORPORATION,2016,990,true,963429,843671,2755329,21637,2733692,PROPUBLICA_API
636091968,THE NU BETA CHAPTER OF THE CHI OMEGA HOUSE ASSOCIATION INC,HOUSE_CORPORATION,2016,990,true,2721607,2209405,12985914,8411510,4574404,PROPUBLICA_API
636050290,CHI OMEGA FRATERNITY,LOCAL_CHAPTER_ENTITY,2016,990,true,539390,474834,272305,0,272305,PROPUBLICA_API
640392826,CHI OMEGA FRATERNITY,LOCAL_CHAPTER_ENTITY,2016,990,true,392397,394557,60763,0,60763,PROPUBLICA_API
264170711,UNIVERSITY OF ALABAMA CHAPTER OF SIGMA PI FRATERNITY HOUSING,LOCAL_CHAPTER_ENTITY,2016,990,true,724701,599575,3071682,2914095,157587,PROPUBLICA_API
636103404,PHI GAMMA DELTA FRATERNITY,LOCAL_CHAPTER_ENTITY,2016,990,true,283187,123204,2825980,396517,2429463,PROPUBLICA_API
560548249,PHI GAMMA DELTA FRATERNITY,LOCAL_CHAPTER_ENTITY,2016,990,true,495671,489896,80637,0,80637,PROPUBLICA_API
630164080,PHI GAMMA DELTA FRATERNITY,LOCAL_CHAPTER_ENTITY,2016,990,true,1323538,1278687,70671,34345,36326,PROPUBLICA_API
420467540,PHI KAPPA PSI FRATERNITY,LOCAL_CHAPTER_ENTITY,2016,990,true,469177,491226,64615,28544,36071,PROPUBLICA_API
936036290,PHI KAPPA PSI FRATERNITY,LOCAL_CHAPTER_ENTITY,2016,990,true,457048,455026,85393,0,85393,PROPUBLICA_API
630289653,THETA CHI FRATERNITY INC,LOCAL_CHAPTER_ENTITY,2016,990,true,1084236,923429,196531,31855,164676,PROPUBLICA_API
237109085,ALPHA PHI ZETA HOUSE CORPORATION OF LAMBDA CHI ALPHA FRATERNITY,HOUSE_CORPORATION,2016,990,true,288872,287483,3950437,2924291,1026146,PROPUBLICA_API
380293927,SIGMA KAPPA CORPORATION,UNKNOWN,2016,990,true,549130,398182,1523049,10688,1512361,PROPUBLICA_API
630458038,PHI KAPPA PSI FRATERNITY ALABAMA ALPHA CHAPTER,LOCAL_CHAPTER_ENTITY,2016,990,true,691413,742967,30661,388,30273,PROPUBLICA_API
320257409,BETA MU HOUSE CORP OF ALPHA PHI INTERNATIONAL FRATERNITY INC,HOUSE_CORPORATION,2016,990,true,3097258,2728431,15214513,11602212,3612301,PROPUBLICA_API
941367157,ALPHA PHI BUILDING CORPORATION,HOUSE_CORPORATION,2016,990,true,781694,681545,2431817,160145,2271672,PROPUBLICA_API
630007510,ALPHA GAMMA DELTA FRATERNITY,LOCAL_CHAPTER_ENTITY,2016,990,true,2472297,2128230,455784,32471,423313,PROPUBLICA_API
451298367,UNIVERSITY OF ALABAMA CHAPTER OF THETA CHI HOUSING CORPORATION,HOUSE_CORPORATION,2016,990,true,402549,594173,7646532,4870152,2776380,PROPUBLICA_API
237235595,ALPHA GAMMA DELTA FRATERNITY,LOCAL_CHAPTER_ENTITY,2016,990,true,663151,598777,8980972,4347145,4633827,PROPUBLICA_API
630056965,DELTA KAPPA EPSILON COUNCIL,UNKNOWN,2016,990,true,1370430,1247099,149372,108064,41308,PROPUBLICA_API
631004292,GAMMA PHI BETA SORORITY INC,LOCAL_CHAPTER_ENTITY,2016,990,true,2827310,2773847,15516409,11001257,4515152,PROPUBLICA_API
630818055,ALABAMA BETA OF PI BETA PHI HOUSE ASSOCIATION INCORPORATED,HOUSE_CORPORATION,2016,990,true,-89443,532168,1650995,139128,1511867,PROPUBLICA_API
630980702,KAPPA DELTA SORORITY,LOCAL_CHAPTER_ENTITY,2016,990,true,3133110,2335180,16129007,9261872,6867135,PROPUBLICA_API
630733120,ZETA BETA TAU FRATERNITY,LOCAL_CHAPTER_ENTITY,2016,990,true,407728,331947,4804423,3144218,1660205,PROPUBLICA_API
630120537,LAMBDA CHI ALPHA FRATERNITY INC,LOCAL_CHAPTER_ENTITY,2016,990,true,982062,987482,76727,36551,40176,PROPUBLICA_API
630115520,KAPPA DELTA SORORITY,LOCAL_CHAPTER_ENTITY,2016,990,true,564079,582406,163246,3062,160184,PROPUBLICA_API
237114590,EPSILON CHI ZETA HOUSE CORPORATION OF LAMBDA CHI ALPHA FRATERNITY,HOUSE_CORPORATION,2016,990,true,67494,54583,558966,156937,402029,PROPUBLICA_API
630233975,ZETA BETA TAU FRATERNITY,LOCAL_CHAPTER_ENTITY,2016,990,true,996097,876641,72369,33139,39230,PROPUBLICA_API
621370853,GAMMA PHI BETA SORORITY,LOCAL_CHAPTER_ENTITY,2016,990,true,497967,521953,105438,57971,47466,PROPUBLICA_API
630188870,SIGMA ALPHA EPSILON FRATERNITY,LOCAL_CHAPTER_ENTITY,2016,990,true,257710,277150,7555,21079,-13524,PROPUBLICA_API
631030493,PSI OF DELTA KAPPA EPSILON HOUSE CORPORATION OF UNIVERSITY ALABAMA,HOUSE_CORPORATION,2016,990,true,468314,312845,5070967,1658927,3412040,PROPUBLICA_API
566062593,DELTA KAPPA EPSILON COUNCIL,UNKNOWN,2016,990,true,617327,600506,57086,21830,35256,PROPUBLICA_API
593078421,KAPPA ALPHA HOUSING ASSOCIATION OF FLORIDA INC,UNKNOWN,2016,990EZ,true,121418,114314,242158,4700,237458,PROPUBLICA_API
741132044,KAPPA SIGMA FRATERNITY,LOCAL_CHAPTER_ENTITY,2016,990,true,1013883,1019806,127778,10417,117361,PROPUBLICA_API
380293670,ALPHA DELTA PHI PENINSULAR CHAPTER,PROPERTY_HOLDING_ENTITY,2016,990EZ,true,101470,88993,28513,3287,25226,PROPUBLICA_API
630040605,TAU CHAPTER OF CHI PHI,LOCAL_CHAPTER_ENTITY,2016,990,true,806100,812857,114912,99860,15052,PROPUBLICA_API
580596934,PI KAPPA PHI FRATERNITY,LOCAL_CHAPTER_ENTITY,2016,990,true,610048,587206,352521,346692,5829,PROPUBLICA_API
630164600,PI KAPPA PHI FRATERNITY,LOCAL_CHAPTER_ENTITY,2016,990,true,1413681,1478328,7957597,5021082,2936515,PROPUBLICA_API
636049922,HOUSE BOARD OF GAMMA PI OF KAPPA KAPPA GAMMA,UNKNOWN,2016,990,true,2425568,909400,6415932,90798,6325134,PROPUBLICA_API
630289642,KAPPA ALPHA ORDER,UNKNOWN,2016,990,true,1169269,1138356,69661,46007,23654,PROPUBLICA_API
430349090,THE ALPHA KAPPA CHAPTER OF THE KAPPA ALPHA FRATERNITY,LOCAL_CHAPTER_ENTITY,2016,990,true,228549,173889,1607364,223173,1384191,PROPUBLICA_API
386068594,ALPHA DELTA PHI INTERNATIONAL INC,UNKNOWN,2016,990N,false,,,,,,PROPUBLICA_API
590641930,GAMMA IOTA CHAPTER OF ALPHA DELTA PI HOUSE CORPORATION,HOUSE_CORPORATION,2016,990,true,806554,591178,1166909,25249,1141660,PROPUBLICA_API
630020370,KAPPA SIGMA FRATERNITY,LOCAL_CHAPTER_ENTITY,2016,990,true,1149373,1008674,120221,63059,57162,PROPUBLICA_API
630057000,DELTA TAU DELTA FRATERNITY,LOCAL_CHAPTER_ENTITY,2016,990,true,680660,677567,147104,20578,126526,PROPUBLICA_API
581648136,IOTA ALUMNI OF PI KAPPA PHI INC,ALUMNI_CORPORATION,2016,990,true,136772,111980,933096,253272,679824,PROPUBLICA_API
351780304,PI KAPPA PHI INC,UNKNOWN,2016,990,true,833510,810096,1925911,791068,1134843,PROPUBLICA_API
630007530,ALPHA TAU OMEGA FRATERNITY,LOCAL_CHAPTER_ENTITY,2016,990,true,1529719,1456972,8823216,3879705,4943511,PROPUBLICA_API
581793975,ZETA IOTA CHAPTER OF ALPHA DELTA PI HOUSE CORPORATION,HOUSE_CORPORATION,2016,990,true,151227,72277,552523,0,552523,PROPUBLICA_API
630457980,BETA THETA PI FRATERNITY,LOCAL_CHAPTER_ENTITY,2016,990,true,952598,1054688,100096,44786,55310,PROPUBLICA_API
630056950,DELTA CHI FRATERNITY,LOCAL_CHAPTER_ENTITY,2016,990,true,1292667,1142458,325503,38488,287015,PROPUBLICA_API
630164090,PHI KAPPA SIGMA FRATERNITY,LOCAL_CHAPTER_ENTITY,2016,990,true,207193,185586,65824,0,65824,PROPUBLICA_API
546038429,PSI CHAPTER OF SIGMA CHI HOUSE CORP,HOUSE_CORPORATION,2016,990,true,422030,170991,631211,300,630911,PROPUBLICA_API
630188910,SIGMA DELTA TAU SOCIETY,UNKNOWN,2016,990,true,210168,202983,30145,560,29585,PROPUBLICA_API
710245516,SIGMA CHI FRATERNITY,LOCAL_CHAPTER_ENTITY,2016,990,true,1096774,964485,177116,9460,167656,PROPUBLICA_API
716061509,CHI OMEGA FRATERNITY,LOCAL_CHAPTER_ENTITY,2016,990,true,330468,320369,127432,443,126989,PROPUBLICA_API
710230717,PHI DELTA THETA FRATERNITY,LOCAL_CHAPTER_ENTITY,2016,990,true,549670,477833,188765,0,188765,PROPUBLICA_API
630164580,PI KAPPA ALPHA FRATERNITY,LOCAL_CHAPTER_ENTITY,2016,990,true,1055876,1088022,59622,66260,-6638,PROPUBLICA_API
631006177,GAMMA ALPHA OF PI KAPPA ALPHA HOUSE CORPORATIONS,UNKNOWN,2016,990,true,282215,434470,5839461,3418273,2421188,PROPUBLICA_API
630289650,SIGMA CHI FRATERNITY,LOCAL_CHAPTER_ENTITY,2016,990EZ,true,186672,179564,23537,2000,21537,PROPUBLICA_API
272795242,DELTA CHI-UNIVERSITY OF ALABAMA CHAPTER HOUSE CORPORATION,HOUSE_CORPORATION,2016,990,true,402988,359383,4474597,3600653,873944,PROPUBLICA_API
590626226,SIGMA CHI FRATERNITY,LOCAL_CHAPTER_ENTITY,2016,990,true,522443,486862,309696,30936,278760,PROPUBLICA_API
630188940,SIGMA NU FRATERNITY,LOCAL_CHAPTER_ENTITY,2016,990,true,1181403,1180974,76618,47744,28874,PROPUBLICA_API
710245458,LAMBDA CHI ALPHA CORPORATION OF FAYETTEVILLE ARKANSAS,UNKNOWN,2016,990,true,7925,45536,145079,1283,143796,PROPUBLICA_API
710237930,KAPPA SIGMA FRATERNITY,LOCAL_CHAPTER_ENTITY,2016,990,true,405897,398045,40565,0,40565,PROPUBLICA_API
710296927,ALPHA DELTA PI SORORITY,LOCAL_CHAPTER_ENTITY,2016,990,true,874971,682583,1420539,3368,1417171,PROPUBLICA_API
716057345,DELTA DELTA DELTA FRATERNITY DELTA IOTA HOUSE CORP,HOUSE_CORPORATION,2016,990,true,509302,215796,1628309,0,1628309,PROPUBLICA_API
710673722,KAPPA DELTA SORORITY,LOCAL_CHAPTER_ENTITY,2016,990,true,467646,383929,158309,955,157354,PROPUBLICA_API
237114376,ARKANSAS PI BETA PHI HOUSE ASSOC,UNKNOWN,2016,990,true,1658901,171023,13108087,10076110,3031977,PROPUBLICA_API
472160158,KAPPA ALPHA ORDER,UNKNOWN,2016,990,true,418725,410040,64410,0,64410,PROPUBLICA_API
710243898,SIGMA ALPHA EPSILON FRATERNITY,LOCAL_CHAPTER_ENTITY,2016,990,true,738529,779828,84425,8900,75525,PROPUBLICA_API
237153933,SIGMA NU BUILDING BETA THETA CHAPTER,PROPERTY_HOLDING_ENTITY,2016,990,true,8309,20617,1107186,704367,402819,PROPUBLICA_API
630188930,SIGMA NU FRATERNITY,LOCAL_CHAPTER_ENTITY,2016,990,true,772264,765027,46154,265,45889,PROPUBLICA_API
636050289,CHI OMEGA FRATERNITY,LOCAL_CHAPTER_ENTITY,2016,990,true,371556,356820,153261,38295,114966,PROPUBLICA_API
636050218,ALPHA GAMMA DELTA FRATERNITY,LOCAL_CHAPTER_ENTITY,2016,990,true,488337,486684,291433,0,291433,PROPUBLICA_API
237226508,TAU KAPPA EPSILON FRATERNITY INC,LOCAL_CHAPTER_ENTITY,2016,990EZ,true,73521,80885,335635,356833,-21198,PROPUBLICA_API
636056644,PHI GAMMA DELTA FRATERNITY,LOCAL_CHAPTER_ENTITY,2016,990,true,957744,939252,67698,0,67698,PROPUBLICA_API
636061057,PI KAPPA ALPHA FRATERNITY,PROPERTY_HOLDING_ENTITY,2016,990,true,-18491,7865,1150517,696273,454244,PROPUBLICA_API
581804021,CHI PHI FRATERNITY INC,LOCAL_CHAPTER_ENTITY,2016,990,true,6205,0,388579,273159,115420,PROPUBLICA_API
202472978,ALPHA TAU OMEGA FRATERNITY,LOCAL_CHAPTER_ENTITY,2016,990,true,532373,545157,7361,0,7361,PROPUBLICA_API
630289644,LAMBDA CHI ALPHA FRATERNITY INC,LOCAL_CHAPTER_ENTITY,2016,990,true,766079,793191,159948,0,159948,PROPUBLICA_API
630454765,KAPPA ALPHA ORDER,UNKNOWN,2016,990,true,1068301,1033348,142710,0,142710,PROPUBLICA_API
631056750,ALPHA GAMMA RHO FRATERNITY,LOCAL_CHAPTER_ENTITY,2016,990,true,58500,74012,288139,230076,58063,PROPUBLICA_API
630838676,CHI PHI FRATERNITY INC,LOCAL_CHAPTER_ENTITY,2016,990EZ,true,84447,81650,9499,0,9499,PROPUBLICA_API
593024291,SIGMA CHI FOUNDATION AT AUBURN UNIVERSITY INC,EDUCATIONAL_FOUNDATION,2016,990,true,198239,45150,316931,0,316931,PROPUBLICA_API
630164590,PI KAPPA PHI FRATERNITY,LOCAL_CHAPTER_ENTITY,2016,990,true,645433,627051,49412,0,49412,PROPUBLICA_API
630837474,AUBURN DELTA CHI ALUMNI CONTROL BOARD INC,PROPERTY_HOLDING_ENTITY,2016,990,true,90893,72487,589506,200393,389113,PROPUBLICA_API
200293448,DELTA TAU DELTA FRATERNITY,LOCAL_CHAPTER_ENTITY,2016,990,true,273845,213990,68316,0,68316,PROPUBLICA_API
237091513,ALABAMA GAMMA OF PI BETA PHI HOUSE ASSOCIATION INCORPORATED,HOUSE_CORPORATION,2016,990EZ,true,37305,41227,221746,0,221746,PROPUBLICA_API
590639987,SIGMA ALPHA EPSILON FRATERNITY,LOCAL_CHAPTER_ENTITY,2016,990,true,564774,668332,34383,2337,32045,PROPUBLICA_API
591755953,SIGMA ALPHA EPSILON FRATERNITY,LOCAL_CHAPTER_ENTITY,2016,990EZ,true,90110,52508,442387,0,442387,PROPUBLICA_API
590682455,ALPHA EPSILON PHI SORORITY,LOCAL_CHAPTER_ENTITY,2016,990,true,1168911,1366064,327962,148650,179311,PROPUBLICA_API
582412093,CHI PSI FRATERNITY,LOCAL_CHAPTER_ENTITY,2016,990N,false,,,,,,PROPUBLICA_API
636053862,KAPPA DELTA SORORITY,LOCAL_CHAPTER_ENTITY,2016,990,true,383216,352055,262572,1029,261543,PROPUBLICA_API
630316135,THETA XI FRATERNITY,LOCAL_CHAPTER_ENTITY,2016,990EZ,true,135322,140458,6706,0,6706,PROPUBLICA_API
237044651,DELTA ZETA OF DELTA TAU INC,PROPERTY_HOLDING_ENTITY,2016,990,true,172650,142543,727559,495376,232183,PROPUBLICA_API
364817535,GAMMA PHI BETA SORORITY INC,LOCAL_CHAPTER_ENTITY,2016,990,true,358872,288861,70011,0,70011,PROPUBLICA_API
590627917,BETA THETA PI FRATERNITY,LOCAL_CHAPTER_ENTITY,2016,990,true,240190,236005,8598,0,8598,PROPUBLICA_API
593350147,DELTA TAU DELTA FRATERNITY,LOCAL_CHAPTER_ENTITY,2016,990,true,634248,649871,62054,2687,59367,PROPUBLICA_API
590638774,KAPPA DELTA SORORITY,LOCAL_CHAPTER_ENTITY,2016,990,true,280993,225688,165940,0,165940,PROPUBLICA_API
591515489,THETA CHI FRATERNITY INC,LOCAL_CHAPTER_ENTITY,2016,990,true,1498026,1271040,3933933,2924404,1009528,PROPUBLICA_API
203675713,CHI PHI FRATERNITY,LOCAL_CHAPTER_ENTITY,2016,990,true,558003,592456,125512,2682,122829,PROPUBLICA_API
590657429,ALPHA EPSILON PI FRATERNITY,LOCAL_CHAPTER_ENTITY,2016,990,true,638607,648103,38548,56,38492,PROPUBLICA_API
596141908,FLORIDA ALPHA ALUMNI OF SIGMA PHI EPSILON INC,ALUMNI_CORPORATION,2016,990,true,150654,105986,1307789,22710,1285079,PROPUBLICA_API
453670908,PI KAPPA ALPHA FRATERNITY,LOCAL_CHAPTER_ENTITY,2016,990,true,474306,473506,8374,0,8374,PROPUBLICA_API
590628020,KAPPA ALPHA ORDER,UNKNOWN,2016,990,true,519402,517339,7700,0,7700,PROPUBLICA_API
596203032,PHI MU FRATERNITY,PROPERTY_HOLDING_ENTITY,2016,990,true,1012884,672286,1874404,348200,1526204,PROPUBLICA_API
581657154,GAMMA PHI BETA SORORITY INC,LOCAL_CHAPTER_ENTITY,2016,990,true,896207,833757,195126,0,195126,PROPUBLICA_API
592643047,FLORIDA DELTA OF PI BETA PHI HOUSE CORPORATION,HOUSE_CORPORATION,2016,990,true,502940,391831,1631746,704594,927152,PROPUBLICA_API
580585704,ALPHA GAMMA DELTA FRATERNITY,LOCAL_CHAPTER_ENTITY,2016,990,true,1230472,1269398,173306,0,173306,PROPUBLICA_API
436049304,KAPPA ALPHA ORDER,UNKNOWN,2016,990,true,469121,574162,227141,814,226327,PROPUBLICA_API
596139328,BETA PI OF KAPPA DELTA HOUSE CORP,HOUSE_CORPORATION,2016,990,true,1161318,1091604,2281402,468788,1812614,PROPUBLICA_API
581490431,GAMMA PHI BETA SORORITY INC,LOCAL_CHAPTER_ENTITY,2016,990,true,443795,472580,1242183,697708,544475,PROPUBLICA_API
580679938,SIGMA PI FRATERNITY INTERNATIONAL INC,NATIONAL_PARENT,2016,990,true,311445,307603,6567,0,6567,PROPUBLICA_API
581909461,SIGMA PHI HOUSE CORPORATION OF KAPPA DELTA SORORITY A VIRGINIA,HOUSE_CORPORATION,2016,990,true,532416,491451,782819,72511,710308,PROPUBLICA_API
586067925,KAPPA DELTA SORORITY,LOCAL_CHAPTER_ENTITY,2016,990,true,402149,424782,85928,0,85928,PROPUBLICA_API
581025461,PHI GAMMA DELTA FRATERNITY,LOCAL_CHAPTER_ENTITY,2016,990,true,705559,636787,147192,0,147192,PROPUBLICA_API
580582498,MU CHAPTER OF SIGMA NU FRATERNITY,LOCAL_CHAPTER_ENTITY,2016,990,true,406320,414991,17620,0,17620,PROPUBLICA_API
911981486,GEORGIA DELTA OF SIGMA PHI EPSILON INC,UNKNOWN,2016,990,true,575488,555342,116026,0,116026,PROPUBLICA_API
272615266,PHI KAPPA TAU FRATERNITY,LOCAL_CHAPTER_ENTITY,2016,990,true,169886,165358,26890,0,26890,PROPUBLICA_API
580592772,ALPHA GAMMA RHO FRATERNITY,LOCAL_CHAPTER_ENTITY,2016,990,true,420131,386112,155571,279,155292,PROPUBLICA_API
580587177,THETA CHI FRATERNITY INC,LOCAL_CHAPTER_ENTITY,2016,990,true,332852,324387,74482,0,74482,PROPUBLICA_API
310909146,PHI KAPPA PSI-GEORGIA ALPHA CHAPTER,LOCAL_CHAPTER_ENTITY,2016,990EZ,true,120838,127249,35629,0,35629,PROPUBLICA_API
586035098,ALPHA GAMMA RHO FRATERNITY,LOCAL_CHAPTER_ENTITY,2016,990,true,110550,66694,1185703,225195,960508,PROPUBLICA_API
581847110,DELTA BETA ALUMNI OF THETA CHI INC,ALUMNI_CORPORATION,2016,990EZ,true,76974,96716,334867,431482,-96615,PROPUBLICA_API
580590521,PI KAPPA ALPHA FRATERNITY,LOCAL_CHAPTER_ENTITY,2016,990,true,258120,256654,14932,0,14932,PROPUBLICA_API
580596852,LAMBDA CHI ALPHA FRATERNITY INC,LOCAL_CHAPTER_ENTITY,2016,990,true,590406,606841,99620,0,99620,PROPUBLICA_API
580591246,TAU EPSILON PHI FRATERNITY,LOCAL_CHAPTER_ENTITY,2016,990,true,542800,527462,519770,195812,323958,PROPUBLICA_API
580301953,KAPPA ALPHA ORDER,UNKNOWN,2016,990,true,543575,562156,55526,4373,51153,PROPUBLICA_API
580560996,ALPHA EPSILON PI FRATERNITY,LOCAL_CHAPTER_ENTITY,2016,990,true,416815,427721,439097,117076,322021,PROPUBLICA_API
580574897,SIGMA CHI FRATERNITY,LOCAL_CHAPTER_ENTITY,2016,990,true,366838,362471,4778,0,4778,PROPUBLICA_API
581743710,PHI MU FRATERNITY,LOCAL_CHAPTER_ENTITY,2016,990,true,642411,611351,2334609,136224,2198385,PROPUBLICA_API
581937914,SIGMA ALPHA EPSILON FRATERNITY,LOCAL_CHAPTER_ENTITY,2016,990,true,287255,317857,1590413,236605,1353808,PROPUBLICA_API
616034813,EPSILON OMEGA OF KAPPA DELTA HOUSE,PROPERTY_HOLDING_ENTITY,2016,990,true,388248,301279,454313,64537,389776,PROPUBLICA_API
580581459,SIGMA ALPHA EPSILON FRATERNITY,LOCAL_CHAPTER_ENTITY,2016,990,true,554909,499375,78016,2101,75915,PROPUBLICA_API
580581268,DELTA TAU DELTA FRATERNITY,LOCAL_CHAPTER_ENTITY,2016,990,true,217245,216193,3141,0,3141,PROPUBLICA_API
510234811,CHI OMEGA HOUSE CORPORATION MU BETA CHAPTER,HOUSE_CORPORATION,2016,990,true,582085,522376,1079214,283124,796090,PROPUBLICA_API
616026148,CHI OMEGA FRATERNITY,LOCAL_CHAPTER_ENTITY,2016,990EZ,true,98576,85120,38847,6017,32830,PROPUBLICA_API
610469791,KAPPA DELTA SORORITY,LOCAL_CHAPTER_ENTITY,2016,990,true,229643,238944,50083,0,50083,PROPUBLICA_API
310905748,LAMBDA ALPHA OF CHI OMEGA HOUSE CORPORATION INCORPORATED,HOUSE_CORPORATION,2016,990,true,340158,390399,285878,169554,116324,PROPUBLICA_API
610444977,DELTA TAU DELTA FRATERNITY,LOCAL_CHAPTER_ENTITY,2016,990,true,165616,160141,32554,7600,24954,PROPUBLICA_API
610448235,SIGMA NU FRATERNITY,LOCAL_CHAPTER_ENTITY,2016,990EZ,true,77046,69854,43931,0,43931,PROPUBLICA_API
610242405,KAPPA KAPPA GAMMA FRATERNITY,LOCAL_CHAPTER_ENTITY,2016,990,true,495249,412742,631783,16800,614983,PROPUBLICA_API
616042960,KAPPA ALPHA ORDER,UNKNOWN,2016,990EZ,true,181241,177305,12803,0,12803,PROPUBLICA_API
616033534,DELTA TAU DELTA HOUSE CORP OF KY,HOUSE_CORPORATION,2016,990,true,163386,123072,2776340,719516,2056824,PROPUBLICA_API
274575400,ZETA RHO CHAPTER OF THETA CHI FRATERNITY,LOCAL_CHAPTER_ENTITY,2016,990,true,282655,282162,2631,0,2631,PROPUBLICA_API
611269807,DELTA SIGMA PHI FRATERNITY INC,LOCAL_CHAPTER_ENTITY,2016,990EZ,true,139196,148742,22490,0,22490,PROPUBLICA_API
510164540,UPSILON KAPPA OF PHI GAMMA DELTA HOUSE CORP,HOUSE_CORPORATION,2016,990,true,70834,48594,455320,8454,446866,PROPUBLICA_API
310896719,ALPHA BETA LAMBDA CHAPTER OF ALPHA PHI ALPHA FRATERNITY INC,LOCAL_CHAPTER_ENTITY,2016,990EZ,true,111210,85063,97760,0,97760,PROPUBLICA_API
526036185,PHI GAMMA DELTA EDUCATIONAL FOUNDATION,EDUCATIONAL_FOUNDATION,2016,990,true,2931084,4882166,16136120,483234,15652886,PROPUBLICA_API
237359145,SIGMA PI FRATERNITY HOUSING CORP,HOUSE_CORPORATION,2016,990,true,104384,82906,648468,379732,268736,PROPUBLICA_API
611207339,PHI GAMMA DELTA FRATERNITY,LOCAL_CHAPTER_ENTITY,2016,990EZ,true,162037,162281,17895,0,17895,PROPUBLICA_API
721023591,DELTA CHI HOUSE CORPORATION,HOUSE_CORPORATION,2016,990EZ,true,153834,126369,340410,327874,12536,PROPUBLICA_API
720603683,DELTA KAPPA OF ZETA TAU ALPHA HOUSE CORPORATION,HOUSE_CORPORATION,2016,990,true,310194,269039,1058920,1014065,44855,PROPUBLICA_API
556028175,ALPHA GAMMA DELTA FRATERNITY,LOCAL_CHAPTER_ENTITY,2016,990,true,798822,778314,540863,0,540863,PROPUBLICA_API
720873120,ALPHA GAMMA RHO FRATERNITY,LOCAL_CHAPTER_ENTITY,2016,990,true,798964,362789,454646,0,454646,PROPUBLICA_API
726040902,LOUISIANA BETA OF PI BETA PHI HOUSE ASSOCIATION,HOUSE_CORPORATION,2016,990,true,407258,331093,718339,41239,677100,PROPUBLICA_API
576025458,KAPPA DELTA SORORITY,LOCAL_CHAPTER_ENTITY,2016,990,true,407187,352435,213160,1150,212010,PROPUBLICA_API
726027982,PI KAPPA ALPHA FRATERNITY,LOCAL_CHAPTER_ENTITY,2016,990EZ,true,187048,187367,325024,0,325024,PROPUBLICA_API
720482627,PI KAPPA ALPHA FATERNITY,UNKNOWN,2016,990EZ,true,159879,167147,16857,0,16857,PROPUBLICA_API
237069145,DELTA OMEGA HOUSE CORPORATION OF DELTA DELTA DELTA FRATERNITY,HOUSE_CORPORATION,2016,990,true,548923,310298,1923466,13500,1909966,PROPUBLICA_API
726034315,SIGMA GAMMA RHO SORORITY INC,LOCAL_CHAPTER_ENTITY,2016,990EZ,true,112324,108576,176681,22447,154234,PROPUBLICA_API
720416943,KAPPA ALPHA ORDER,UNKNOWN,2016,990,true,517518,485761,45503,0,45503,PROPUBLICA_API
726027219,DELTA KAPPA HOUSE CORP KAPPA ALPHA THETA,HOUSE_CORPORATION,2016,990,true,240913,162147,689086,35922,653164,PROPUBLICA_API
640868872,DELTA OMEGA CHAPTER HOUSE CORPORATION OF KAPPA DELTA,HOUSE_CORPORATION,2016,990,true,890605,787815,2888648,1640329,1248319,PROPUBLICA_API
726027878,KAPPA DELTA SORORITY,LOCAL_CHAPTER_ENTITY,2016,990,true,410624,380485,238435,32908,205527,PROPUBLICA_API
640120597,KAPPA ALPHA ORDER,UNKNOWN,2016,990,true,617619,582566,51748,0,51748,PROPUBLICA_API
640390595,LAMBDA CHI ALPHA FRATERNITY INC,LOCAL_CHAPTER_ENTITY,2016,990,true,509218,520218,17213,4575,12638,PROPUBLICA_API
340435674,MISSISSIPPI STATE UNIVERSITY DELTA CHI BUILDING CORPORATION,HOUSE_CORPORATION,2016,990,true,122823,86868,771162,504191,266971,PROPUBLICA_API
430661687,ALPHA EPSILON PI FRATERNITY,LOCAL_CHAPTER_ENTITY,2016,990,true,338585,366645,0,48393,-48393,PROPUBLICA_API
436065825,SOCIETY OF BETA SIGMA PSI,UNKNOWN,2016,990,true,394140,396314,34757,36173,-1416,PROPUBLICA_API
640310946,SIGMA ALPHA EPSILON FRATERNITY,LOCAL_CHAPTER_ENTITY,2016,990,true,702736,655105,178741,29255,149486,PROPUBLICA_API
646022216,PHI KAPPA TAU HOUSE CORP,HOUSE_CORPORATION,2016,990EZ,true,67565,256765,27197,66866,-39669,PROPUBLICA_API
436075111,SIGMA ALPHA EPSILON CLUB OF COLUMBIA MISSOURI,UNKNOWN,2016,990,true,1198856,347118,4153700,2343140,1810560,PROPUBLICA_API
463509823,BETA BETA ALUMNI OF THE DELTA SIGMA PHI FRATERNITY,ALUMNI_CORPORATION,2016,990,true,726030,767657,3240143,1820903,1419240,PROPUBLICA_API
721523824,PHI MU FRATERNITY,LOCAL_CHAPTER_ENTITY,2016,990,true,843147,785703,3189005,2213191,975814,PROPUBLICA_API
436050433,ALPHA PHI HOUSE CORPORATION BOARD- UNIVERSITY OF MISSOURI,HOUSE_CORPORATION,2016,990,true,869404,643985,2211401,399681,1811720,PROPUBLICA_API
430282880,GAMMA PHI BETA SORORITY INC,LOCAL_CHAPTER_ENTITY,2016,990,true,354407,335610,64564,0,64564,PROPUBLICA_API
431098570,KAPPA DELTA SORORITY,LOCAL_CHAPTER_ENTITY,2016,990,true,408868,355852,161132,0,161132,PROPUBLICA_API
436059582,GAMMA PHI BETA SORORITY INC,LOCAL_CHAPTER_ENTITY,2016,990,true,935771,766580,1997948,636504,1361444,PROPUBLICA_API
510245814,ALPHA GAMMA CHAPTER OF ALPHA DELTA PI HOUSE CORP,HOUSE_CORPORATION,2016,990,true,1284948,1272935,4437542,3652028,785514,PROPUBLICA_API
430456430,PHI DELTA THETA FRATERNITY,LOCAL_CHAPTER_ENTITY,2016,990,true,318241,502041,36699,26028,10671,PROPUBLICA_API
436031386,DELTA XI BLDG CORP OF DELTA DELTA DELTA,UNKNOWN,2016,990,true,553788,326516,4148619,2877006,1271613,PROPUBLICA_API
430214640,CHI OMEGA FRATERNITY,LOCAL_CHAPTER_ENTITY,2016,990,true,300322,323617,376943,29173,347770,PROPUBLICA_API
436052949,RHO ALPHA OF CHI OMEGA INC,PROPERTY_HOLDING_ENTITY,2016,990,true,1080840,748616,5521086,3073724,2447362,PROPUBLICA_API
430156640,ALPHA GAMMA RHO FRATERNITY,LOCAL_CHAPTER_ENTITY,2016,990,true,639498,636385,107031,27600,79431,PROPUBLICA_API
237180149,PHI DELTA THETA CLUB OF COLUMBIA MISSOURI,UNKNOWN,2016,990,true,706751,178197,2857741,2329187,528554,PROPUBLICA_API
436052133,ALPHA GAMMA RHO BUILDING ASSOCIATION,HOUSE_CORPORATION,2016,990,true,368655,339237,1920993,561975,1359018,PROPUBLICA_API
900767327,KAPPA SIGMA FRATERNITY,LOCAL_CHAPTER_ENTITY,2016,990EZ,true,110431,104321,35876,0,35876,PROPUBLICA_API
436052199,BETA THETA PI FRATERNITY,LOCAL_CHAPTER_ENTITY,2016,990,true,1385649,1396232,144928,120634,24294,PROPUBLICA_API
736100261,SIGMA CHI FRATERNITY,LOCAL_CHAPTER_ENTITY,2016,990,true,719848,637182,1779343,1388658,390685,PROPUBLICA_API
431080165,KAPPA KAPPA GAMMA HOUSE CORP OF COLUMBIA,HOUSE_CORPORATION,2016,990,true,1052001,625582,2175021,259747,1915274,PROPUBLICA_API
730580030,DELTA TAU DELTA FRATERNITY,LOCAL_CHAPTER_ENTITY,2016,990,true,621231,611000,64941,0,64941,PROPUBLICA_API
436061869,ALPHA CHI OMEGA HOUSE CORP FOR ALPHA NU CHAPTER,HOUSE_CORPORATION,2016,990,true,339695,236664,3530566,949088,2581478,PROPUBLICA_API
237432859,SIGMA NU FRATERNITY,LOCAL_CHAPTER_ENTITY,2016,990,true,583727,554726,64432,71575,-7143,PROPUBLICA_API
900353708,THETA CHI FRATERNITY UNIVERSITY OF MISSOURI IOTA MU CHAPTER,LOCAL_CHAPTER_ENTITY,2016,990EZ,true,195435,210926,51637,0,51637,PROPUBLICA_API
430519030,SIGMA NU HOUSE CORPORATION,HOUSE_CORPORATION,2016,990,true,229610,204091,790881,466833,324048,PROPUBLICA_API
464496506,RHO CHAPTER SIGMA NU EDUCATIONAL FOUNDATION,EDUCATIONAL_FOUNDATION,2016,990,true,226808,3020,264267,0,264267,PROPUBLICA_API
237330439,BETA THETA PI CLUB OF COLUMBIA MISSOURI,UNKNOWN,2016,990,true,833942,321213,15936542,4205148,11731394,PROPUBLICA_API
730581503,SIGMA ALPHA EPSILON FRATERNITY,LOCAL_CHAPTER_ENTITY,2016,990,true,29159,137666,1439463,300000,1139463,PROPUBLICA_API
446013887,DELTA TAU DELTA ASSOCIATION OF COLUNBIA MO,UNKNOWN,2016,990,true,219611,287079,2267649,709560,1558089,PROPUBLICA_API
730583070,LAMBDA CHI ALPHA FRATERNITY INC,LOCAL_CHAPTER_ENTITY,2016,990,true,714695,736112,42139,39046,3093,PROPUBLICA_API
430240451,DELTA TAU DELTA FRATERNITY,LOCAL_CHAPTER_ENTITY,2016,990,true,719281,631842,306794,48460,258334,PROPUBLICA_API
311128130,PHI KAPPA PSI FRATERNITY,LOCAL_CHAPTER_ENTITY,2016,990EZ,true,157035,161347,20818,0,20818,PROPUBLICA_API
730589378,TRUSTEES OF OKLAHOMA ALPHA CHAPTER OF PI BETA PHI FRATERNITY INC,LOCAL_CHAPTER_ENTITY,2016,990,true,404073,520349,1718145,951,1717194,PROPUBLICA_API
640307103,PHI MU FRATERNITY,LOCAL_CHAPTER_ENTITY,2016,990,true,712144,1091292,4327432,955825,3371607,PROPUBLICA_API
730582839,BETA THETA PI FRATERNITY,LOCAL_CHAPTER_ENTITY,2016,990,true,1012065,834199,379831,24293,355538,PROPUBLICA_API
736103379,BETA THETA PI CORPORATION OF OKLA,UNKNOWN,2016,990,true,2257837,1272361,10428716,4701366,5727350,PROPUBLICA_API
646027408,MISSISSIPPI BETA OF PI BETA PHI HOUSE ASSOCIATION INC,HOUSE_CORPORATION,2016,990,true,663810,378792,4068993,929326,3139667,PROPUBLICA_API
510178981,GAMMA PHI BETA SORORITY INC,LOCAL_CHAPTER_ENTITY,2016,990,true,226805,262708,89003,27971,61032,PROPUBLICA_API
640330884,KAPPA DELTA SORORITY,LOCAL_CHAPTER_ENTITY,2016,990,true,482895,433978,67722,0,67722,PROPUBLICA_API
731233879,BUILDING ASSOCIATION OF THE EPSILON ALPHA CHAPT CHI OMEGA FRATERNITY,HOUSE_CORPORATION,2016,990,true,1687528,960709,6041192,611335,5429857,PROPUBLICA_API
730583442,KAPPA ALPHA ORDER,UNKNOWN,2016,990EZ,true,141572,142500,588,0,588,PROPUBLICA_API
640717329,DELTA DELTA DELTA NATIONAL HOUSE CORPORATION,HOUSE_CORPORATION,2016,990,true,362433,328949,3415563,693,3414870,PROPUBLICA_API
640304773,SIGMA NU FRATERNITY,LOCAL_CHAPTER_ENTITY,2016,990,true,1102288,1124584,23226,824,22402,PROPUBLICA_API
730579972,GAMMA PHI BETA SORORITY INC,LOCAL_CHAPTER_ENTITY,2016,990,true,843306,678173,2067168,93041,1974127,PROPUBLICA_API
237229883,MISSISSIPPI ALPHA CHAPTER HOUSE CORPORATION OF PHI DELTA THETA FRA,HOUSE_CORPORATION,2016,990,true,101819,111797,1791994,709690,1082304,PROPUBLICA_API
640315255,SIGMA CHI FRATERNITY ETA CHAPTER,LOCAL_CHAPTER_ENTITY,2016,990,true,1122219,1109024,513243,0,513243,PROPUBLICA_API
570811123,ETA GAMMA CHAPTER OF CHI OMEGA FRATERNITY HOUSING CORPORATION,HOUSE_CORPORATION,2016,990,true,1113034,568360,4123018,0,4123018,PROPUBLICA_API
237160987,TAU OF CHI OMEGA FRATERNITY HOUSE CORPORATION,HOUSE_CORPORATION,2016,990,true,1519906,1017617,4285513,825730,3459783,PROPUBLICA_API
237432869,MISSISSIPPI GAMMA HOUSE ASSN OF SIGMA ALPHA EPSILON,HOUSE_CORPORATION,2016,990EZ,true,196004,41836,348824,0,348824,PROPUBLICA_API
640315254,SIGMA ALPHA EPSILON FRATERNITY,LOCAL_CHAPTER_ENTITY,2016,990,true,774695,797804,382665,15967,366698,PROPUBLICA_API
640412138,ALPHA TAU OMEGA FRATERNITY,LOCAL_CHAPTER_ENTITY,2016,990,true,985006,935832,104074,2782,101292,PROPUBLICA_API
582279145,RHO CHAPTER KAPPA ALPHA HOUSING CORPORATION,HOUSE_CORPORATION,2016,990,true,298224,307513,835508,205810,629698,PROPUBLICA_API
576033531,PI KAPPA PHI FRATERNITY,LOCAL_CHAPTER_ENTITY,2016,990EZ,true,198503,194021,7741,0,7741,PROPUBLICA_API
640308935,PHI DELTA THETA FRATERNITY,LOCAL_CHAPTER_ENTITY,2016,990,true,1093228,909080,1001826,164461,837365,PROPUBLICA_API
576033523,KAPPA ALPHA ORDER,UNKNOWN,2016,990EZ,true,114633,139377,16198,0,16198,PROPUBLICA_API
237128453,LAMBDA CHI ALPHA FRATERNITY INC,LOCAL_CHAPTER_ENTITY,2016,990EZ,true,181000,182698,5902,0,5902,PROPUBLICA_API
237219356,KAPPA KAPPA GAMMA FRATERNITY INC,LOCAL_CHAPTER_ENTITY,2016,990,true,1333272,1206796,5119784,252034,4867750,PROPUBLICA_API
383878997,ALPHA GAMMA DELTA FRATERNITY,LOCAL_CHAPTER_ENTITY,2016,990,true,488805,442055,157110,0,157110,PROPUBLICA_API
741132046,KAPPA ALPHA ORDER,UNKNOWN,2016,990,true,627384,655097,12940,0,12940,PROPUBLICA_API
464828091,LAMBDA THETA HOUSE CORPORATION OF PHI MU FRATERNITY,HOUSE_CORPORATION,2016,990,true,937725,716118,4003075,3358755,644320,PROPUBLICA_API
620256693,KAPPA SIGMA FRATERNITY,LOCAL_CHAPTER_ENTITY,2016,990,true,481274,479178,12633,0,12633,PROPUBLICA_API
576027420,PI KAPPA ALPHA FRATERNITY,LOCAL_CHAPTER_ENTITY,2016,990,true,226207,223392,4513,0,4513,PROPUBLICA_API
626111214,KAPPA SIGMA FRATERNITY,PROPERTY_HOLDING_ENTITY,2016,990EZ,true,114020,86802,366235,5510,360725,PROPUBLICA_API
620495178,TENNESSEE KAPPA CHAPTER OF SIGMA ALPHA EPSILON,LOCAL_CHAPTER_ENTITY,2016,990,true,256800,255500,2061,0,2061,PROPUBLICA_API
742188211,SIGMA PHI EPSILON EDUCATION FOUNDATION OF TEXAS ALPHA,EDUCATIONAL_FOUNDATION,2016,990EZ,true,33504,125833,301423,205941,95482,PROPUBLICA_API
621414737,BETA SIGMA OF SIGMA CHI HOUSE CORPORATION,HOUSE_CORPORATION,2016,990,true,222920,135801,1654459,1287288,367171,PROPUBLICA_API
626042374,DELTA SIGMA HOUSE CORPORATION OF DELTA DELTA DELTA,HOUSE_CORPORATION,2016,990EZ,true,161704,97325,269050,0,269050,PROPUBLICA_API
741130614,SIGMA PHI EPSILON FRATERNITY INC,LOCAL_CHAPTER_ENTITY,2016,990,true,1259432,1214553,138244,0,138244,PROPUBLICA_API
626047671,KAPPA DELTA SORORITY,LOCAL_CHAPTER_ENTITY,2016,990,true,331492,294379,125237,684,124553,PROPUBLICA_API
621386377,PI CHAPTER CHI OMEGA FRATERNITY HOUSE CORP,HOUSE_CORPORATION,2016,990,true,413179,373856,365385,46899,318486,PROPUBLICA_API
626047975,CHI OMEGA FRATERNITY,LOCAL_CHAPTER_ENTITY,2016,990EZ,true,157189,166280,41969,0,41969,PROPUBLICA_API
740898333,SIGMA ALPHA MU FRATERNITY,LOCAL_CHAPTER_ENTITY,2016,990,true,943232,762956,85300,47495,37805,PROPUBLICA_API
626045032,ALPHA DELTA PI HOUSE CORP ALPHA KAPPA,HOUSE_CORPORATION,2016,990,true,765300,679382,661529,740,660789,PROPUBLICA_API
741130603,ALPHA EPSILON PI FRATERNITY,LOCAL_CHAPTER_ENTITY,2016,990EZ,true,144931,145810,13682,0,13682,PROPUBLICA_API
742657125,SIGMA GAMMA RHO SORORITY INC MU UPSILON CHAPTER,LOCAL_CHAPTER_ENTITY,2016,990EZ,true,0,0,1,0,1,PROPUBLICA_API
746084912,SIGMA GAMMA RHO SORORITY INC,LOCAL_CHAPTER_ENTITY,2016,990EZ,true,0,0,1,0,1,PROPUBLICA_API
742831564,ZETA BETA TAU FRATERNITY,LOCAL_CHAPTER_ENTITY,2016,990,true,1134399,1348537,113209,113070,139,PROPUBLICA_API
746047117,BUILDING CORPORATION OF DELTA CHAPTER OF ALPHA DELTA PI,HOUSE_CORPORATION,2016,990,true,732937,737495,816447,360073,456374,PROPUBLICA_API
743004321,TEXAS DELTA CHI HOUSING CORP,HOUSE_CORPORATION,2016,990,true,357146,0,400000,0,400000,PROPUBLICA_API
741130608,PHI GAMMA DELTA FRATERNITY,LOCAL_CHAPTER_ENTITY,2016,990,true,1872863,1746639,827712,504856,322856,PROPUBLICA_API
741130611,SIGMA ALPHA EPSILON FRATERNITY,LOCAL_CHAPTER_ENTITY,2016,990,true,1319882,1355721,859546,182719,676827,PROPUBLICA_API
270246718,PI KAPPA PHI FRATERNITY AT AUSTIN AREA HOUSING CORPORATION,HOUSE_CORPORATION,2016,990,true,231029,178951,84642,11400,73242,PROPUBLICA_API
740555581,CHI OMEGA FRATERNITY,LOCAL_CHAPTER_ENTITY,2016,990,true,1094567,961558,2040287,67154,1973133,PROPUBLICA_API
741120034,PI KAPPA ALPHA FRATERNITY,LOCAL_CHAPTER_ENTITY,2016,990,true,800707,834986,198696,195090,3606,PROPUBLICA_API
741493205,KAPPA CHAPTER OF ZETA TAU ALPHA HOUSE CORPORATION,HOUSE_CORPORATION,2016,990,true,165597,73103,2306192,0,2306192,PROPUBLICA_API
746060984,TEXAS ALPHA HOUSE CORPORATION OF PI BETA PHI,HOUSE_CORPORATION,2016,990,true,707501,767723,3364643,138302,3226341,PROPUBLICA_API
741116912,SIGMA CHI FRATERNITY,LOCAL_CHAPTER_ENTITY,2016,990,true,1111892,1071784,208436,18825,189611,PROPUBLICA_API
740481786,ALPHA EPSILON PHI SORORITY OMEGA CHAPTER,LOCAL_CHAPTER_ENTITY,2016,990,true,265747,234478,265548,58218,207330,PROPUBLICA_API
510207538,SIGMA CHI FRATERNITY,LOCAL_CHAPTER_ENTITY,2016,990,true,365073,361503,15122,0,15122,PROPUBLICA_API
741932980,XI KAPPA OF CHI OMEGA HOUSE CORP,HOUSE_CORPORATION,2016,990,true,737450,551930,1999184,671285,1327899,PROPUBLICA_API
742061485,PI KAPPA PHI FRATERNITY DELTA OMEGA CHAPTER,LOCAL_CHAPTER_ENTITY,2016,990N,false,,,,,,PROPUBLICA_API
134264657,GAMMA PHI BETA SORORITY INC,LOCAL_CHAPTER_ENTITY,2016,990,true,235971,271078,100175,73882,26293,PROPUBLICA_API
732350514,TEXAS ETA CHAPTER OF PI BETA PHI HOUSE CORPORATION,HOUSE_CORPORATION,2016,990,true,274217,299961,1274922,392209,882713,PROPUBLICA_API
741219941,BETA XI OF KAPPA KAPPA GAMMA HOUSE ASSOCIATION,HOUSE_CORPORATION,2016,990,true,1197232,783717,4151713,1515546,2636167,PROPUBLICA_API
742205939,KAPPA DELTA SORORITY,LOCAL_CHAPTER_ENTITY,2016,990,true,363207,353288,348792,195570,153222,PROPUBLICA_API
742930349,ETA ALPHA HOUSE CORPORATION OF KAPPA DELTA SORORITY,HOUSE_CORPORATION,2016,990,true,695736,645161,1230565,1224531,6034,PROPUBLICA_API
810575553,PHI GAMMA DELTA FRATERNITY,LOCAL_CHAPTER_ENTITY,2016,990,true,519148,419220,103197,0,103197,PROPUBLICA_API
742205743,KAPPA ALPHA ORDER,UNKNOWN,2016,990,true,421570,416816,45762,0,45762,PROPUBLICA_API
742155975,SIGMA EPSILON OF KAPPA DELTA HOUSE CORP,HOUSE_CORPORATION,2016,990,true,851461,991988,2672760,2386405,286356,PROPUBLICA_API
273674898,PI KAPPA ALPHA FRATERNITY,LOCAL_CHAPTER_ENTITY,2016,990,true,295436,293284,11187,0,11187,PROPUBLICA_API
530209696,OMEGA PSI PHI FRATERNITY,NATIONAL_PARENT,2016,990,true,7126103,6071224,6528328,1800803,4727525,PROPUBLICA_API
741116922,DELTA TAU DELTA FRATERNITY,LOCAL_CHAPTER_ENTITY,2016,990,true,1052800,958269,215165,-155,215320,PROPUBLICA_API
621218011,ALPHA DELTA PI HOUSE CORPORATION,HOUSE_CORPORATION,2016,990,true,151755,135442,558939,6532,552407,PROPUBLICA_API
746082351,DELTA TAU DELTA BUILDING ASSN,PROPERTY_HOLDING_ENTITY,2016,990,true,-10235,33352,1195323,144657,1050666,PROPUBLICA_API
621793998,KAPPA DELTA SORORITY,LOCAL_CHAPTER_ENTITY,2016,990,true,622321,594766,201791,0,201791,PROPUBLICA_API
620416868,ZETA BETA TAU FRATERNITY,LOCAL_CHAPTER_ENTITY,2016,990EZ,true,29865,38664,10201,0,10201,PROPUBLICA_API
626074044,CHI OMEGA FRATERNITY,LOCAL_CHAPTER_ENTITY,2016,990EZ,true,132126,131618,252403,0,252403,PROPUBLICA_API
742244833,DELTA TAU DELTA FRATERNITY,LOCAL_CHAPTER_ENTITY,2016,990,true,352419,357675,111343,0,111343,PROPUBLICA_API
362426170,GAMMA PHI BETA SORORITY INC,NATIONAL_PARENT,2016,990,true,9727627,9505372,17730162,5611845,12118317,PROPUBLICA_API
521346179,ZETA PHI BETA SORORITY INC,LOCAL_CHAPTER_ENTITY,2016,990EZ,true,4930,2597,2582,0,2582,PROPUBLICA_API
263623864,KAPPA SIGMA FRATERNITY,LOCAL_CHAPTER_ENTITY,2016,990,true,110886,110886,87292,0,87292,PROPUBLICA_API
473151737,PI KAPPA ALPHA FRATERNITY,LOCAL_CHAPTER_ENTITY,2016,990EZ,true,107400,88850,18543,0,18543,PROPUBLICA_API
530261012,ZETA PHI BETA SORORITY INC,NATIONAL_PARENT,2016,990,true,6019614,3291408,12707645,2536506,10171139,PROPUBLICA_API
010158948,SIGMA KAPPA SORORITY,NATIONAL_PARENT,2016,990,true,4646379,4847477,8727444,5164699,3562745,PROPUBLICA_API
621781729,ZETA PHI BETA SORORITY INC PI ZETA CHAPTER,LOCAL_CHAPTER_ENTITY,2016,990EZ,true,35194,40212,42873,26479,16394,PROPUBLICA_API
626047662,KAPPA DELTA SORORITY,LOCAL_CHAPTER_ENTITY,2016,990,true,258542,228498,163794,0,163794,PROPUBLICA_API
381543609,SIGMA ALPHA IOTA FRATERNITY,NATIONAL_PARENT,2016,990,true,1148333,982089,1133288,83867,1049421,PROPUBLICA_API
430765719,THETA TAU,NATIONAL_PARENT,2016,990,true,901274,664882,1748118,7749,1740369,PROPUBLICA_API
621466616,BETA TAU HOUSE CORPORATION OF KAPPA DELTA SORORITY,HOUSE_CORPORATION,2016,990EZ,true,126957,105635,310736,3125,307611,PROPUBLICA_API
310406470,PHI DELTA THETA FRATERNITY,NATIONAL_PARENT,2016,990,true,4239329,4515255,6674222,541783,6132439,PROPUBLICA_API
356020472,SIGMA GAMMA RHO SORORITY INC,NATIONAL_PARENT,2016,990,true,2982560,2081467,4035874,344540,3691334,PROPUBLICA_API
231431779,KAPPA ALPHA PSI FRATERNITY INC,NATIONAL_PARENT,2016,990,true,5407230,4580050,6573534,491114,6082420,PROPUBLICA_API
350141875,ALPHA CHI OMEGA FRATERNITY INC,NATIONAL_PARENT,2016,990,true,9849171,8909065,18555394,12102794,6452600,PROPUBLICA_API
361996950,ZETA TAU ALPHA INTL FRATERNITY & FRATERNITY HOUSING CORPORATION,NATIONAL_PARENT,2016,990,true,18322868,15762501,61981328,12241102,49740226,PROPUBLICA_API
221281800,SIGMA PI FRATERNITY INTERNATIONAL,NATIONAL_PARENT,2016,990,true,2311734,2326408,2550776,704207,1846569,PROPUBLICA_API
221550561,ALPHA GAMMA DELTA FRATERNITY,NATIONAL_PARENT,2016,990,true,5949363,5528756,14442267,8357031,6085236,PROPUBLICA_API
131306360,SIGMA ALPHA MU FRATERNITY INC,NATIONAL_PARENT,2016,990,true,1687964,2017035,7306162,2538090,4768072,PROPUBLICA_API
210577978,THETA CHI FRATERNITY INC,NATIONAL_PARENT,2016,990,true,4095275,3931472,6792705,2346551,4446154,PROPUBLICA_API
314164901,DELTA GAMMA FRATERNITY,NATIONAL_PARENT,2016,990,true,5620814,5200503,13218395,1341774,11876621,PROPUBLICA_API
620533776,PHI MU FRATERNITY,NATIONAL_PARENT,2016,990,true,5470181,5623340,18020342,4690178,13330164,PROPUBLICA_API
530125862,PHI GAMMA DELTA FRATERNITY,NATIONAL_PARENT,2016,990N,false,,,,,,PROPUBLICA_API
350459180,LAMBDA CHI ALPHA FRATERNITY INC,NATIONAL_PARENT,2016,990,true,5949508,5470773,5629077,1179203,4449874,PROPUBLICA_API
350267650,DELTA TAU DELTA FRATERNITY,NATIONAL_PARENT,2016,990,true,4589528,4196828,13269569,1776069,11493500,PROPUBLICA_API
730593444,KAPPA KAPPA PSI FRATERNITY,NATIONAL_PARENT,2016,990,true,852627,816400,1034459,53382,981077,PROPUBLICA_API
362077508,ALPHA PHI INTERNATIONAL FRATERNITY INC,NATIONAL_PARENT,2016,990,true,8017638,6774125,16800417,1811256,14989161,PROPUBLICA_API
430689936,SIGMA TAU GAMMA FRATERNITY,NATIONAL_PARENT,2016,990,true,2087537,1977455,2318888,1049785,1269103,PROPUBLICA_API
361773950,SIGMA ALPHA EPSILON FRATERNITY,NATIONAL_PARENT,2016,990,true,7692097,6956112,10001083,3325018,6676065,PROPUBLICA_API
131496630,ZETA PSI FRATERNITY OF NORTH AMERICA,NATIONAL_PARENT,2016,990,true,828519,897952,541769,117220,424549,PROPUBLICA_API
430769468,ALPHA EPSILON PI FRATERNITY INC,NATIONAL_PARENT,2016,990,true,3958878,4122750,4782499,635181,4147318,PROPUBLICA_API
580191430,CHI PHI FRATERNITY INC,NATIONAL_PARENT,2016,990,true,1482048,1379809,1377348,129326,1248022,PROPUBLICA_API
440500006,KAPPA DELTA SORORITY INC,NATIONAL_PARENT,2016,990,true,8053688,6346499,47644726,7356553,40288173,PROPUBLICA_API
362152330,ALPHA KAPPA ALPHA SORORITY INC,NATIONAL_PARENT,2016,990,true,30251010,36205307,28018394,9150565,18867829,PROPUBLICA_API
130604310,DELTA KAPPA EPSILON FRATERNITY,NATIONAL_PARENT,2016,990,true,1368267,1241674,1115306,172119,943187,PROPUBLICA_API
570340150,PI KAPPA PHI FRATERNITY,NATIONAL_PARENT,2016,990,true,5010496,4926879,7712790,3690265,4022525,PROPUBLICA_API
370464584,PI BETA PHI FRATERNITY,NATIONAL_PARENT,2016,990,true,8787765,7067956,40858469,3633044,37225425,PROPUBLICA_API
131496610,ZETA BETA TAU FRATERNITY,NATIONAL_PARENT,2016,990,true,2613086,2578184,1127108,458530,668578,PROPUBLICA_API
311353726,DELTA ZETA NATIONAL HOUSING CORPORATION,NATIONAL_PARENT,2016,990,true,3032992,1805836,15779262,2277536,13501726,PROPUBLICA_API
314359813,ALPHA SIGMA PHI FRATERNITY INC,NATIONAL_PARENT,2016,990,true,3248748,2941350,3241434,653179,2588255,PROPUBLICA_API
580310956,KAPPA ALPHA ORDER,NATIONAL_PARENT,2016,990,true,4269984,4396002,6291086,1379472,4911614,PROPUBLICA_API
361305568,KAPPA ALPHA THETA FRATERNITY,NATIONAL_PARENT,2016,990,true,9062670,7845382,37808005,23900819,13907186,PROPUBLICA_API
310531047,BETA THETA PI FRATERNITY,NATIONAL_PARENT,2016,990,true,6355364,5847912,8336555,2823393,5513162,PROPUBLICA_API
314221880,KAPPA KAPPA GAMMA FRATERNITY INC,NATIONAL_PARENT,2016,990,true,7366791,7055809,11700439,2092052,9608387,PROPUBLICA_API
580638489,ALPHA DELTA PI SORORITY,NATIONAL_PARENT,2016,990,true,5423438,4917785,11732811,2456077,9276734,PROPUBLICA_API
370152140,ALPHA TAU OMEGA FRATERNITY,NATIONAL_PARENT,2016,990,true,4634439,4411662,7496871,993420,6503451,PROPUBLICA_API
362374316,DELTA DELTA DELTA,NATIONAL_PARENT,2016,990,true,7147814,11381873,15464562,471640,14992922,PROPUBLICA_API
530215218,DELTA SIGMA THETA SORORITY INC,NATIONAL_PARENT,2016,990,true,19564160,22132706,30260781,13119679,17141102,PROPUBLICA_API
361773960,SIGMA CHI FRATERNITY,NATIONAL_PARENT,2016,990,true,4263395,3811733,10121118,774127,9346991,PROPUBLICA_API
370152080,ALPHA GAMMA RHO FRATERNITY,NATIONAL_PARENT,2016,990,true,1696573,1511827,6428820,1173309,5255511,PROPUBLICA_API
230967790,PHI KAPPA SIGMA FRATERNITY GRAND CHAPTER,NATIONAL_PARENT,2016,990,true,1079408,1094825,1301105,133505,1167600,PROPUBLICA_API
300174261,TAU KAPPA EPSILON FRATERNITY INC,NATIONAL_PARENT,2016,990,true,5965387,5189880,5573513,1710136,3863377,PROPUBLICA_API
620950113,ALPHA OMICRON PI FRATERNITY INC,NATIONAL_PARENT,2016,990,true,7423573,5061253,26952744,3745786,23206958,PROPUBLICA_API
840405009,DELTA SIGMA PHI FRATERNITY INC NATIONAL HEADQUARTERS,NATIONAL_PARENT,2016,990,true,4344053,4310889,2247280,925679,1321601,PROPUBLICA_API
540628798,SIGMA NU FRATERNITY INC,NATIONAL_PARENT,2016,990,true,4719211,4469504,8814871,3318911,5495960,PROPUBLICA_API
540379370,SIGMA PHI EPSILON FRATERNITY INC,NATIONAL_PARENT,2016,990,true,10621383,10485273,52182929,33098646,19084283,PROPUBLICA_API
730654150,SIGMA SIGMA SIGMA INC,NATIONAL_PARENT,2016,990,true,3554133,3357735,6501393,1545752,4955641,PROPUBLICA_API
431971836,DELTA PHI EPSILON SORORITY INC,NATIONAL_PARENT,2016,990,true,2339468,2298476,3260414,1884890,1375524,PROPUBLICA_API
562163357,THETA NU XI MULTICULTURAL SORORITY INCORPORATED,NATIONAL_PARENT,2016,990EZ,true,145516,108689,230477,0,230477,PROPUBLICA_API
386089059,CHI PSI FRATERNITY,NATIONAL_PARENT,2016,990,true,1084104,1133808,3333079,1360352,1972727,PROPUBLICA_API
231500981,THE GRAND CHAPTER OF PHI SIGMA KAPPA,NATIONAL_PARENT,2016,990,true,2058110,1820215,1384492,397122,987370,PROPUBLICA_API
131368460,TAU EPSILON PHI FRATERNITY INC,NATIONAL_PARENT,2016,990,true,309196,137963,635712,24046,611666,PROPUBLICA_API
362024274,SIGMA DELTA TAU SOCIETY,NATIONAL_PARENT,2016,990,true,1803984,1759908,4120615,1083006,3037609,PROPUBLICA_API
223530740,LAMBDA THETA ALPHA,NATIONAL_PARENT,2016,990,true,532527,262775,1295284,0,1295284,PROPUBLICA_API
042200265,PHI KAPPA THETA FRATERNITY,NATIONAL_PARENT,2016,990,true,1009846,1057880,621006,287328,333678,PROPUBLICA_API
350868356,PHI DELTA THETA FRATERNITY,LOCAL_CHAPTER_ENTITY,2015,990,true,249889,253958,107607,102096,5511,PROPUBLICA_API
592339079,PHI DELTA THETA FRATERNITY,LOCAL_CHAPTER_ENTITY,2015,990,true,768845,715211,124106,177701,-53595,PROPUBLICA_API
593282583,PHI DELTA THETA CHAPTER HOUSE ASSOCIATION INC,HOUSE_CORPORATION,2015,990,true,266246,319454,350160,735341,-385181,PROPUBLICA_API
630164075,PHI DELTA THETA FRATERNITY,LOCAL_CHAPTER_ENTITY,2015,990,true,263352,226603,63341,9679,53662,PROPUBLICA_API
630893932,PHI MU HOUSE CORPORATION,HOUSE_CORPORATION,2015,990,true,2116722,1080974,7114745,73044,7041701,PROPUBLICA_API
631053272,PHI DELTA THETA FRATERNITY,LOCAL_CHAPTER_ENTITY,2015,990,true,1366856,1311195,7234717,4866609,2368108,PROPUBLICA_API
596135388,CHI OMEGA HOUSING CORPORATION,HOUSE_CORPORATION,2015,990,true,933831,720685,2686797,72863,2613934,PROPUBLICA_API
636091968,THE NU BETA CHAPTER OF THE CHI OMEGA HOUSE ASSOCIATION INC,HOUSE_CORPORATION,2015,990,true,2424034,1843058,12878769,9016567,3862202,PROPUBLICA_API
636050290,CHI OMEGA FRATERNITY,LOCAL_CHAPTER_ENTITY,2015,990,true,610053,506064,430666,22917,407749,PROPUBLICA_API
640392826,CHI OMEGA FRATERNITY,LOCAL_CHAPTER_ENTITY,2015,990,true,434498,427907,62923,0,62923,PROPUBLICA_API
264170711,UNIVERSITY OF ALABAMA CHAPTER OF SIGMA PI FRATERNITY HOUSING,LOCAL_CHAPTER_ENTITY,2015,990,true,680316,756435,3027475,2995014,32461,PROPUBLICA_API
636103404,PHI GAMMA DELTA FRATERNITY,LOCAL_CHAPTER_ENTITY,2015,990,true,285343,148850,2769189,499709,2269480,PROPUBLICA_API
640723232,KAPPA ALPHA CHAPTER OF PHI MU FRATERNITY HOUSE CORPORATION,HOUSE_CORPORATION,2015,990,true,1157957,595982,2317165,6680,2310485,PROPUBLICA_API
560548249,PHI GAMMA DELTA FRATERNITY,LOCAL_CHAPTER_ENTITY,2015,990,true,437575,408936,74862,0,74862,PROPUBLICA_API
630164080,PHI GAMMA DELTA FRATERNITY,LOCAL_CHAPTER_ENTITY,2015,990,true,1287065,1267802,105377,63416,41961,PROPUBLICA_API
420467540,PHI KAPPA PSI FRATERNITY,LOCAL_CHAPTER_ENTITY,2015,990,true,580493,615290,100305,1150,99155,PROPUBLICA_API
936036290,PHI KAPPA PSI FRATERNITY,LOCAL_CHAPTER_ENTITY,2015,990,true,476032,454215,83371,0,83371,PROPUBLICA_API
630289653,THETA CHI FRATERNITY INC,LOCAL_CHAPTER_ENTITY,2015,990,true,1311165,1358819,125798,121929,3869,PROPUBLICA_API
237109085,ALPHA PHI ZETA HOUSE CORPORATION OF LAMBDA CHI ALPHA FRATERNITY,HOUSE_CORPORATION,2015,990,true,284845,305682,4029964,3005454,1024510,PROPUBLICA_API
380293927,SIGMA KAPPA CORPORATION,UNKNOWN,2015,990,true,552034,374273,1362543,2947,1359596,PROPUBLICA_API
630458038,PHI KAPPA PSI FRATERNITY ALABAMA ALPHA CHAPTER,LOCAL_CHAPTER_ENTITY,2015,990,true,687370,657988,82590,763,81827,PROPUBLICA_API
320257409,BETA MU HOUSE CORP OF ALPHA PHI INTERNATIONAL FRATERNITY INC,HOUSE_CORPORATION,2015,990,true,2241115,2059539,14908493,11665019,3243474,PROPUBLICA_API
941367157,ALPHA PHI BUILDING CORPORATION,HOUSE_CORPORATION,2015,990,true,819801,687470,2328570,157047,2171523,PROPUBLICA_API
630007510,ALPHA GAMMA DELTA FRATERNITY,LOCAL_CHAPTER_ENTITY,2015,990,true,2273302,2266949,310204,58158,252046,PROPUBLICA_API
451298367,UNIVERSITY OF ALABAMA CHAPTER OF THETA CHI HOUSING CORPORATION,HOUSE_CORPORATION,2015,990,true,2213677,474464,7923083,4955079,2968004,PROPUBLICA_API
237235595,ALPHA GAMMA DELTA FRATERNITY,LOCAL_CHAPTER_ENTITY,2015,990,true,787669,590198,9073580,4504127,4569453,PROPUBLICA_API
630056965,DELTA KAPPA EPSILON COUNCIL,UNKNOWN,2015,990,true,1341446,1250549,147861,99884,47977,PROPUBLICA_API
631004292,GAMMA PHI BETA SORORITY INC,LOCAL_CHAPTER_ENTITY,2015,990,true,3123859,1659055,15773958,11312269,4461689,PROPUBLICA_API
630818055,ALABAMA BETA OF PI BETA PHI HOUSE ASSOCIATION INCORPORATED,HOUSE_CORPORATION,2015,990,true,1094794,472926,2157262,23784,2133478,PROPUBLICA_API
630980702,KAPPA DELTA SORORITY,LOCAL_CHAPTER_ENTITY,2015,990,true,2530337,1081418,15916205,9847000,6069205,PROPUBLICA_API
630733120,ZETA BETA TAU FRATERNITY,LOCAL_CHAPTER_ENTITY,2015,990,true,437015,271042,4775598,3324224,1451374,PROPUBLICA_API
630120537,LAMBDA CHI ALPHA FRATERNITY INC,LOCAL_CHAPTER_ENTITY,2015,990,true,963254,923730,73370,27774,45596,PROPUBLICA_API
237114590,EPSILON CHI ZETA HOUSE CORPORATION OF LAMBDA CHI ALPHA FRATERNITY,HOUSE_CORPORATION,2015,990,true,101762,69728,551276,162158,389118,PROPUBLICA_API
630233975,ZETA BETA TAU FRATERNITY,LOCAL_CHAPTER_ENTITY,2015,990,true,1015158,886603,98773,43999,54774,PROPUBLICA_API
621370853,GAMMA PHI BETA SORORITY,LOCAL_CHAPTER_ENTITY,2015,990,true,484003,470726,121786,50333,71452,PROPUBLICA_API
630188870,SIGMA ALPHA EPSILON FRATERNITY,LOCAL_CHAPTER_ENTITY,2015,990,true,401021,389244,33982,7840,26142,PROPUBLICA_API
630115520,KAPPA DELTA SORORITY,LOCAL_CHAPTER_ENTITY,2015,990,true,701072,642444,254824,30326,224498,PROPUBLICA_API
631030493,PSI OF DELTA KAPPA EPSILON HOUSE CORPORATION OF UNIVERSITY ALABAMA,HOUSE_CORPORATION,2015,990,true,1050227,1040748,6224494,3097923,3126571,PROPUBLICA_API
566062593,DELTA KAPPA EPSILON COUNCIL,UNKNOWN,2015,990,true,564147,581453,42135,23700,18435,PROPUBLICA_API
593078421,KAPPA ALPHA HOUSING ASSOCIATION OF FLORIDA INC,UNKNOWN,2015,990EZ,true,99880,110114,235054,4700,230354,PROPUBLICA_API
741132044,KAPPA SIGMA FRATERNITY,LOCAL_CHAPTER_ENTITY,2015,990,true,1173654,1116943,135481,12197,123284,PROPUBLICA_API
380293670,ALPHA DELTA PHI PENINSULAR CHAPTER,PROPERTY_HOLDING_ENTITY,2015,990EZ,true,63540,68908,28169,15722,12447,PROPUBLICA_API
630040605,TAU CHAPTER OF CHI PHI,LOCAL_CHAPTER_ENTITY,2015,990,true,698581,662655,81839,60030,21809,PROPUBLICA_API
580596934,PI KAPPA PHI FRATERNITY,LOCAL_CHAPTER_ENTITY,2015,990,true,574181,605613,349584,366597,-17013,PROPUBLICA_API
630164600,PI KAPPA PHI FRATERNITY,LOCAL_CHAPTER_ENTITY,2015,990,true,1527743,1458261,8095929,5094767,3001162,PROPUBLICA_API
636049922,HOUSE BOARD OF GAMMA PI OF KAPPA KAPPA GAMMA,UNKNOWN,2015,990,true,1559943,1136811,4843128,34162,4808966,PROPUBLICA_API
630289642,KAPPA ALPHA ORDER,UNKNOWN,2015,990,true,1287833,1263069,59371,26630,32741,PROPUBLICA_API
430349090,THE ALPHA KAPPA CHAPTER OF THE KAPPA ALPHA FRATERNITY,LOCAL_CHAPTER_ENTITY,2015,990,true,141293,148056,1593220,263689,1329531,PROPUBLICA_API
630020370,KAPPA SIGMA FRATERNITY,LOCAL_CHAPTER_ENTITY,2015,990,true,976697,914152,135975,104512,31463,PROPUBLICA_API
386068594,ALPHA DELTA PHI INTERNATIONAL INC,UNKNOWN,2015,990EZ,true,39170,29580,147148,90992,56156,PROPUBLICA_API
630057000,DELTA TAU DELTA FRATERNITY,LOCAL_CHAPTER_ENTITY,2015,990,true,661323,631290,142211,18778,123433,PROPUBLICA_API
581648136,IOTA ALUMNI OF PI KAPPA PHI INC,ALUMNI_CORPORATION,2015,990,true,139423,138077,934948,279916,655032,PROPUBLICA_API
351780304,PI KAPPA PHI INC,UNKNOWN,2015,990,true,924522,744198,2128299,1016870,1111429,PROPUBLICA_API
630007530,ALPHA TAU OMEGA FRATERNITY,LOCAL_CHAPTER_ENTITY,2015,990,true,1655168,1492157,8821696,3950932,4870764,PROPUBLICA_API
581793975,ZETA IOTA CHAPTER OF ALPHA DELTA PI HOUSE CORPORATION,HOUSE_CORPORATION,2015,990,true,84717,0,549069,9666,539403,PROPUBLICA_API
630457980,BETA THETA PI FRATERNITY,LOCAL_CHAPTER_ENTITY,2015,990,true,1139093,1187354,268735,96483,172252,PROPUBLICA_API
630056950,DELTA CHI FRATERNITY,LOCAL_CHAPTER_ENTITY,2015,990,true,1351952,1193012,224049,87243,136806,PROPUBLICA_API
630164090,PHI KAPPA SIGMA FRATERNITY,LOCAL_CHAPTER_ENTITY,2015,990,true,208706,181076,44217,0,44217,PROPUBLICA_API
546038429,PSI CHAPTER OF SIGMA CHI HOUSE CORP,HOUSE_CORPORATION,2015,990,true,211737,230194,379872,0,379872,PROPUBLICA_API
630188910,SIGMA DELTA TAU SOCIETY,UNKNOWN,2015,990EZ,true,180894,159418,22400,0,22400,PROPUBLICA_API
710245516,SIGMA CHI FRATERNITY,LOCAL_CHAPTER_ENTITY,2015,990,true,926506,942968,48419,8131,40288,PROPUBLICA_API
716061509,CHI OMEGA FRATERNITY,LOCAL_CHAPTER_ENTITY,2015,990,true,296576,288314,117420,530,116890,PROPUBLICA_API
630164580,PI KAPPA ALPHA FRATERNITY,LOCAL_CHAPTER_ENTITY,2015,990,true,1100951,1105761,100071,74563,25508,PROPUBLICA_API
631006177,GAMMA ALPHA OF PI KAPPA ALPHA HOUSE CORPORATIONS,UNKNOWN,2015,990,true,295770,499042,6064566,3491123,2573443,PROPUBLICA_API
630289650,SIGMA CHI FRATERNITY,LOCAL_CHAPTER_ENTITY,2015,990EZ,true,186212,177835,26754,12325,14429,PROPUBLICA_API
462071035,ALABAMA BETA CHAPTER OF THE SIGMA PHI EPSILON FRATERNITY,LOCAL_CHAPTER_ENTITY,2015,990,true,525842,506017,46969,0,46969,PROPUBLICA_API
710230717,PHI DELTA THETA FRATERNITY,LOCAL_CHAPTER_ENTITY,2015,990,true,513451,445362,116928,0,116928,PROPUBLICA_API
272795242,DELTA CHI-UNIVERSITY OF ALABAMA CHAPTER HOUSE CORPORATION,HOUSE_CORPORATION,2015,990,true,440302,361731,4484755,3654416,830339,PROPUBLICA_API
590626226,SIGMA CHI FRATERNITY,LOCAL_CHAPTER_ENTITY,2015,990,true,497791,414382,280015,36837,243178,PROPUBLICA_API
630188940,SIGMA NU FRATERNITY,LOCAL_CHAPTER_ENTITY,2015,990,true,1233171,1227952,69941,41496,28445,PROPUBLICA_API
710245458,LAMBDA CHI ALPHA CORPORATION OF FAYETTEVILLE ARKANSAS,UNKNOWN,2015,990,true,267431,471999,184219,2812,181407,PROPUBLICA_API
710237930,KAPPA SIGMA FRATERNITY,LOCAL_CHAPTER_ENTITY,2015,990,true,360719,347288,32713,0,32713,PROPUBLICA_API
710296927,ALPHA DELTA PI SORORITY,LOCAL_CHAPTER_ENTITY,2015,990,true,780593,670514,1230173,5390,1224783,PROPUBLICA_API
716057345,DELTA DELTA DELTA FRATERNITY DELTA IOTA HOUSE CORP,HOUSE_CORPORATION,2015,990,true,586828,211132,1334803,0,1334803,PROPUBLICA_API
710673722,KAPPA DELTA SORORITY,LOCAL_CHAPTER_ENTITY,2015,990,true,356415,379025,75675,2038,73637,PROPUBLICA_API
472160158,KAPPA ALPHA ORDER,UNKNOWN,2015,990,true,347194,319684,55725,0,55725,PROPUBLICA_API
710243898,SIGMA ALPHA EPSILON FRATERNITY,LOCAL_CHAPTER_ENTITY,2015,990,true,682982,654778,116824,0,116824,PROPUBLICA_API
636066478,GAMMA PHI BETA SORORITY INC,LOCAL_CHAPTER_ENTITY,2015,990,true,360115,337383,48993,0,48993,PROPUBLICA_API
237114376,ARKANSAS PI BETA PHI HOUSE ASSOC,UNKNOWN,2015,990,true,-312081,184097,1990985,446886,1544099,PROPUBLICA_API
237153933,SIGMA NU BUILDING BETA THETA CHAPTER,PROPERTY_HOLDING_ENTITY,2015,990,true,-18863,7719,1149605,734478,415127,PROPUBLICA_API
630188930,SIGMA NU FRATERNITY,LOCAL_CHAPTER_ENTITY,2015,990,true,583711,566405,39453,801,38652,PROPUBLICA_API
636050289,CHI OMEGA FRATERNITY,LOCAL_CHAPTER_ENTITY,2015,990,true,276990,261455,122189,21959,100230,PROPUBLICA_API
636050218,ALPHA GAMMA DELTA FRATERNITY,LOCAL_CHAPTER_ENTITY,2015,990,true,453657,463858,289780,0,289780,PROPUBLICA_API
237226508,TAU KAPPA EPSILON FRATERNITY INC,LOCAL_CHAPTER_ENTITY,2015,990EZ,true,122343,126922,329937,355008,-25071,PROPUBLICA_API
636056644,PHI GAMMA DELTA FRATERNITY,LOCAL_CHAPTER_ENTITY,2015,990,true,978970,984191,49762,556,49206,PROPUBLICA_API
636061057,PI KAPPA ALPHA FRATERNITY,PROPERTY_HOLDING_ENTITY,2015,990,true,-28016,1500,1207218,726618,480600,PROPUBLICA_API
581804021,CHI PHI FRATERNITY INC,LOCAL_CHAPTER_ENTITY,2015,990,true,-25635,1754,393274,284059,109215,PROPUBLICA_API
202472978,ALPHA TAU OMEGA FRATERNITY,LOCAL_CHAPTER_ENTITY,2015,990,true,450377,433660,20145,0,20145,PROPUBLICA_API
630289644,LAMBDA CHI ALPHA FRATERNITY INC,LOCAL_CHAPTER_ENTITY,2015,990,true,797612,758459,187060,0,187060,PROPUBLICA_API
630454765,KAPPA ALPHA ORDER,UNKNOWN,2015,990,true,1049341,983417,107757,0,107757,PROPUBLICA_API
631056750,ALPHA GAMMA RHO FRATERNITY,LOCAL_CHAPTER_ENTITY,2015,990,true,37500,66143,319585,246010,73575,PROPUBLICA_API
320295070,PHI SIGMA KAPPA,UNKNOWN,2015,990,true,187837,215306,9516,0,9516,PROPUBLICA_API
593024291,SIGMA CHI FOUNDATION AT AUBURN UNIVERSITY INC,EDUCATIONAL_FOUNDATION,2015,990EZ,true,6735,550,163842,0,163842,PROPUBLICA_API
630164590,PI KAPPA PHI FRATERNITY,LOCAL_CHAPTER_ENTITY,2015,990,true,580160,614362,31030,0,31030,PROPUBLICA_API
630837474,AUBURN DELTA CHI ALUMNI CONTROL BOARD INC,PROPERTY_HOLDING_ENTITY,2015,990,true,75991,35666,587115,216408,370707,PROPUBLICA_API
237091513,ALABAMA GAMMA OF PI BETA PHI HOUSE ASSOCIATION INCORPORATED,HOUSE_CORPORATION,2015,990EZ,true,41243,41462,225668,0,225668,PROPUBLICA_API
590639987,SIGMA ALPHA EPSILON FRATERNITY,LOCAL_CHAPTER_ENTITY,2015,990,true,590824,557365,140634,5030,135603,PROPUBLICA_API
591755953,SIGMA ALPHA EPSILON FRATERNITY,LOCAL_CHAPTER_ENTITY,2015,990EZ,true,90059,75628,404610,100,404510,PROPUBLICA_API
590682455,ALPHA EPSILON PHI SORORITY,LOCAL_CHAPTER_ENTITY,2015,990,true,973856,957721,408400,31265,377135,PROPUBLICA_API
636053862,KAPPA DELTA SORORITY,LOCAL_CHAPTER_ENTITY,2015,990,true,350523,327708,230382,0,230382,PROPUBLICA_API
630316135,THETA XI FRATERNITY,LOCAL_CHAPTER_ENTITY,2015,990EZ,true,102371,99614,11842,0,11842,PROPUBLICA_API
237044651,DELTA ZETA OF DELTA TAU INC,PROPERTY_HOLDING_ENTITY,2015,990,true,106070,309078,721877,519801,202076,PROPUBLICA_API
582412093,CHI PSI FRATERNITY,LOCAL_CHAPTER_ENTITY,2015,990N,false,,,,,,PROPUBLICA_API
596153391,CHI OMEGA FRATERNITY,LOCAL_CHAPTER_ENTITY,2015,990,true,269866,260573,28097,0,28097,PROPUBLICA_API
590627917,BETA THETA PI FRATERNITY,LOCAL_CHAPTER_ENTITY,2015,990,true,212674,211734,4413,0,4413,PROPUBLICA_API
593350147,DELTA TAU DELTA FRATERNITY,LOCAL_CHAPTER_ENTITY,2015,990,true,554089,601942,79253,4262,74990,PROPUBLICA_API
590638774,KAPPA DELTA SORORITY,LOCAL_CHAPTER_ENTITY,2015,990,true,291726,221286,110635,0,110635,PROPUBLICA_API
591515489,THETA CHI FRATERNITY INC,LOCAL_CHAPTER_ENTITY,2015,990,true,1524008,1279889,3969939,3187397,782541,PROPUBLICA_API
590324559,EPSILON MU ZETA OF THE LAMBDA CHI ALPHA FRATERNITY,LOCAL_CHAPTER_ENTITY,2015,990,true,426469,414912,7745,0,7745,PROPUBLICA_API
203675713,CHI PHI FRATERNITY,LOCAL_CHAPTER_ENTITY,2015,990,true,556464,552421,165341,8058,157282,PROPUBLICA_API
541977380,KAPPA SIGMA FRATERNITY DELTA DELTA CHAPTER,LOCAL_CHAPTER_ENTITY,2015,990,true,680300,671201,65975,0,65975,PROPUBLICA_API
590657429,ALPHA EPSILON PI FRATERNITY,LOCAL_CHAPTER_ENTITY,2015,990,true,672396,674583,49682,1694,47988,PROPUBLICA_API
596141908,FLORIDA ALPHA ALUMNI OF SIGMA PHI EPSILON INC,ALUMNI_CORPORATION,2015,990,true,636919,124455,1265671,25261,1240410,PROPUBLICA_API
453670908,PI KAPPA ALPHA FRATERNITY,LOCAL_CHAPTER_ENTITY,2015,990,true,520529,525043,7574,0,7574,PROPUBLICA_API
590628020,KAPPA ALPHA ORDER,UNKNOWN,2015,990,true,536343,531046,5637,0,5637,PROPUBLICA_API
596203032,PHI MU FRATERNITY,PROPERTY_HOLDING_ENTITY,2015,990,true,891413,698582,1725534,641842,1083692,PROPUBLICA_API
581657154,GAMMA PHI BETA SORORITY INC,LOCAL_CHAPTER_ENTITY,2015,990,true,924363,930341,132676,0,132676,PROPUBLICA_API
592643047,FLORIDA DELTA OF PI BETA PHI HOUSE CORPORATION,HOUSE_CORPORATION,2015,990,true,320425,243084,1591368,775325,816043,PROPUBLICA_API
580585704,ALPHA GAMMA DELTA FRATERNITY,LOCAL_CHAPTER_ENTITY,2015,990,true,1253713,1274391,212232,0,212232,PROPUBLICA_API
436049304,KAPPA ALPHA ORDER,UNKNOWN,2015,990,true,593909,544202,331368,0,331368,PROPUBLICA_API
596139328,BETA PI OF KAPPA DELTA HOUSE CORP,HOUSE_CORPORATION,2015,990,true,1124120,1001176,2276267,533367,1742900,PROPUBLICA_API
581490431,GAMMA PHI BETA SORORITY INC,LOCAL_CHAPTER_ENTITY,2015,990,true,573811,471714,1318976,745716,573260,PROPUBLICA_API
580679938,SIGMA PI FRATERNITY INTERNATIONAL INC,NATIONAL_PARENT,2015,990,true,312035,321117,2725,0,2725,PROPUBLICA_API
581909461,SIGMA PHI HOUSE CORPORATION OF KAPPA DELTA SORORITY A VIRGINIA,HOUSE_CORPORATION,2015,990,true,453625,444266,778032,108689,669343,PROPUBLICA_API
586067925,KAPPA DELTA SORORITY,LOCAL_CHAPTER_ENTITY,2015,990,true,382450,357101,115093,0,115093,PROPUBLICA_API
581025461,PHI GAMMA DELTA FRATERNITY,LOCAL_CHAPTER_ENTITY,2015,990,true,558458,548005,78419,0,78419,PROPUBLICA_API
580582498,MU CHAPTER OF SIGMA NU FRATERNITY,LOCAL_CHAPTER_ENTITY,2015,990,true,423453,409820,26292,0,26292,PROPUBLICA_API
911981486,GEORGIA DELTA OF SIGMA PHI EPSILON INC,UNKNOWN,2015,990,true,529934,562933,93017,0,93017,PROPUBLICA_API
272615266,PHI KAPPA TAU FRATERNITY,LOCAL_CHAPTER_ENTITY,2015,990,true,188676,163164,36042,0,36042,PROPUBLICA_API
580592772,ALPHA GAMMA RHO FRATERNITY,LOCAL_CHAPTER_ENTITY,2015,990,true,446077,401585,122271,998,121273,PROPUBLICA_API
580587177,THETA CHI FRATERNITY INC,LOCAL_CHAPTER_ENTITY,2015,990,true,276757,268566,66017,0,66017,PROPUBLICA_API
310909146,PHI KAPPA PSI-GEORGIA ALPHA CHAPTER,LOCAL_CHAPTER_ENTITY,2015,990EZ,true,148850,128229,42040,0,42040,PROPUBLICA_API
586035098,ALPHA GAMMA RHO FRATERNITY,LOCAL_CHAPTER_ENTITY,2015,990,true,120853,66359,1212816,296164,916652,PROPUBLICA_API
581847110,DELTA BETA ALUMNI OF THETA CHI INC,ALUMNI_CORPORATION,2015,990EZ,true,77625,89028,365356,442229,-76873,PROPUBLICA_API
580590521,PI KAPPA ALPHA FRATERNITY,LOCAL_CHAPTER_ENTITY,2015,990,true,285250,286097,13466,0,13466,PROPUBLICA_API
580596852,LAMBDA CHI ALPHA FRATERNITY INC,LOCAL_CHAPTER_ENTITY,2015,990,true,598611,584093,116055,0,116055,PROPUBLICA_API
580591246,TAU EPSILON PHI FRATERNITY,LOCAL_CHAPTER_ENTITY,2015,990,true,515429,450651,480429,171809,308620,PROPUBLICA_API
580301953,KAPPA ALPHA ORDER,UNKNOWN,2015,990,true,607970,647002,73234,3500,69734,PROPUBLICA_API
580560996,ALPHA EPSILON PI FRATERNITY,LOCAL_CHAPTER_ENTITY,2015,990,true,333586,423587,450003,117076,332927,PROPUBLICA_API
580574897,SIGMA CHI FRATERNITY,LOCAL_CHAPTER_ENTITY,2015,990,true,325737,325846,411,0,411,PROPUBLICA_API
581743710,PHI MU FRATERNITY,LOCAL_CHAPTER_ENTITY,2015,990,true,579544,544457,2289013,121687,2167326,PROPUBLICA_API
581937914,SIGMA ALPHA EPSILON FRATERNITY,LOCAL_CHAPTER_ENTITY,2015,990,true,224954,272708,1621577,237439,1384138,PROPUBLICA_API
616034813,EPSILON OMEGA OF KAPPA DELTA HOUSE,PROPERTY_HOLDING_ENTITY,2015,990,true,388459,274105,372743,69936,302807,PROPUBLICA_API
580581459,SIGMA ALPHA EPSILON FRATERNITY,LOCAL_CHAPTER_ENTITY,2015,990,true,513488,493407,33264,12883,20381,PROPUBLICA_API
580581268,DELTA TAU DELTA FRATERNITY,LOCAL_CHAPTER_ENTITY,2015,990,true,204795,212075,2089,0,2089,PROPUBLICA_API
510234811,CHI OMEGA HOUSE CORPORATION MU BETA CHAPTER,HOUSE_CORPORATION,2015,990,true,557510,553202,858922,122541,736381,PROPUBLICA_API
611378746,PHI SIGMA RHO NATIONAL SORORITY,NATIONAL_PARENT,2015,990EZ,true,42800,38050,21800,0,21800,PROPUBLICA_API
616026148,CHI OMEGA FRATERNITY,LOCAL_CHAPTER_ENTITY,2015,990EZ,true,76284,76846,25716,6342,19374,PROPUBLICA_API
610469791,KAPPA DELTA SORORITY,LOCAL_CHAPTER_ENTITY,2015,990,true,211425,203344,59384,0,59384,PROPUBLICA_API
610446350,CHI OMEGA FRATERNITY,LOCAL_CHAPTER_ENTITY,2015,990,true,364501,345860,87158,0,87158,PROPUBLICA_API
310905748,LAMBDA ALPHA OF CHI OMEGA HOUSE CORPORATION INCORPORATED,HOUSE_CORPORATION,2015,990,true,374739,373800,350465,183900,166565,PROPUBLICA_API
610444977,DELTA TAU DELTA FRATERNITY,LOCAL_CHAPTER_ENTITY,2015,990,true,352146,341812,22005,2526,19479,PROPUBLICA_API
610448235,SIGMA NU FRATERNITY,LOCAL_CHAPTER_ENTITY,2015,990EZ,true,225610,218418,43931,0,43931,PROPUBLICA_API
610242405,KAPPA KAPPA GAMMA FRATERNITY,LOCAL_CHAPTER_ENTITY,2015,990,true,493350,370551,748160,215684,532476,PROPUBLICA_API
616042960,KAPPA ALPHA ORDER,UNKNOWN,2015,990EZ,true,192808,187774,8867,0,8867,PROPUBLICA_API
616033534,DELTA TAU DELTA HOUSE CORP OF KY,HOUSE_CORPORATION,2015,990,true,170730,137171,2768787,752277,2016510,PROPUBLICA_API
274575400,ZETA RHO CHAPTER OF THETA CHI FRATERNITY,LOCAL_CHAPTER_ENTITY,2015,990EZ,true,175479,179885,2138,0,2138,PROPUBLICA_API
610448235,SIGMA NU FRATERNITY,LOCAL_CHAPTER_ENTITY,2015,990N,false,,,,,,PROPUBLICA_API
611269807,DELTA SIGMA PHI FRATERNITY INC,LOCAL_CHAPTER_ENTITY,2015,990EZ,true,148126,157718,32036,0,32036,PROPUBLICA_API
510164540,UPSILON KAPPA OF PHI GAMMA DELTA HOUSE CORP,HOUSE_CORPORATION,2015,990,true,66810,42003,455088,30462,424626,PROPUBLICA_API
310896719,ALPHA BETA LAMBDA CHAPTER OF ALPHA PHI ALPHA FRATERNITY INC,LOCAL_CHAPTER_ENTITY,2015,990EZ,true,67146,74941,70788,0,70788,PROPUBLICA_API
526036185,PHI GAMMA DELTA EDUCATIONAL FOUNDATION,EDUCATIONAL_FOUNDATION,2015,990,true,3552124,2130090,18343985,386931,17957054,PROPUBLICA_API
237359145,SIGMA PI FRATERNITY HOUSING CORP,HOUSE_CORPORATION,2015,990,true,83057,58228,644930,397572,247358,PROPUBLICA_API
721023591,DELTA CHI HOUSE CORPORATION,HOUSE_CORPORATION,2015,990EZ,true,84010,79667,323008,337937,-14929,PROPUBLICA_API
720603683,DELTA KAPPA OF ZETA TAU ALPHA HOUSE CORPORATION,HOUSE_CORPORATION,2015,990,true,253074,269633,927231,923531,3700,PROPUBLICA_API
726021413,CHI OMEGA FRATERNITY,LOCAL_CHAPTER_ENTITY,2015,990,true,565251,470071,1346094,9781,1336313,PROPUBLICA_API
556028175,ALPHA GAMMA DELTA FRATERNITY,LOCAL_CHAPTER_ENTITY,2015,990,true,678813,620548,520355,0,520355,PROPUBLICA_API
720961914,DELTA CHI FRATERNITY,LOCAL_CHAPTER_ENTITY,2015,990EZ,true,101000,98765,2235,0,2235,PROPUBLICA_API
720873120,ALPHA GAMMA RHO FRATERNITY,LOCAL_CHAPTER_ENTITY,2015,990,true,288163,285211,18471,0,18471,PROPUBLICA_API
726040902,LOUISIANA BETA OF PI BETA PHI HOUSE ASSOCIATION,HOUSE_CORPORATION,2015,990,true,433659,366464,621202,20267,600935,PROPUBLICA_API
576025458,KAPPA DELTA SORORITY,LOCAL_CHAPTER_ENTITY,2015,990,true,421864,369219,157758,500,157258,PROPUBLICA_API
726027982,PI KAPPA ALPHA FRATERNITY,LOCAL_CHAPTER_ENTITY,2015,990EZ,true,184760,185655,325342,22874,302468,PROPUBLICA_API
720482627,PI KAPPA ALPHA FATERNITY,UNKNOWN,2015,990EZ,true,137105,126908,24124,0,24124,PROPUBLICA_API
237069145,DELTA OMEGA HOUSE CORPORATION OF DELTA DELTA DELTA FRATERNITY,HOUSE_CORPORATION,2015,990,true,388017,202098,1684841,13500,1671341,PROPUBLICA_API
726034315,SIGMA GAMMA RHO SORORITY INC,LOCAL_CHAPTER_ENTITY,2015,990EZ,true,96076,74189,188237,37751,150486,PROPUBLICA_API
720416943,KAPPA ALPHA ORDER,UNKNOWN,2015,990,true,543321,571318,13746,0,13746,PROPUBLICA_API
726027219,DELTA KAPPA HOUSE CORP KAPPA ALPHA THETA,HOUSE_CORPORATION,2015,990,true,160589,110027,645659,71261,574398,PROPUBLICA_API
640868872,DELTA OMEGA CHAPTER HOUSE CORPORATION OF KAPPA DELTA,HOUSE_CORPORATION,2015,990,true,893400,710644,1525131,379602,1145529,PROPUBLICA_API
726027878,KAPPA DELTA SORORITY,LOCAL_CHAPTER_ENTITY,2015,990,true,395260,375585,204015,28627,175388,PROPUBLICA_API
640120597,KAPPA ALPHA ORDER,UNKNOWN,2015,990,true,392067,418192,16695,0,16695,PROPUBLICA_API
640390595,LAMBDA CHI ALPHA FRATERNITY INC,LOCAL_CHAPTER_ENTITY,2015,990,true,510390,504920,27113,3475,23638,PROPUBLICA_API
340435674,MISSISSIPPI STATE UNIVERSITY DELTA CHI BUILDING CORPORATION,HOUSE_CORPORATION,2015,990,true,134328,89066,770322,514571,255751,PROPUBLICA_API
430661687,ALPHA EPSILON PI FRATERNITY,LOCAL_CHAPTER_ENTITY,2015,990,true,396029,423427,10566,30899,-20333,PROPUBLICA_API
436065825,SOCIETY OF BETA SIGMA PSI,UNKNOWN,2015,990,true,417391,397896,36505,35747,758,PROPUBLICA_API
640310946,SIGMA ALPHA EPSILON FRATERNITY,LOCAL_CHAPTER_ENTITY,2015,990,true,702892,643508,131385,29530,101855,PROPUBLICA_API
436075111,SIGMA ALPHA EPSILON CLUB OF COLUMBIA MISSOURI,UNKNOWN,2015,990,true,288849,288646,1745233,786411,958822,PROPUBLICA_API
463509823,BETA BETA ALUMNI OF THE DELTA SIGMA PHI FRATERNITY,ALUMNI_CORPORATION,2015,990,true,760077,711597,3367142,1906275,1460867,PROPUBLICA_API
430156640,ALPHA GAMMA RHO FRATERNITY,LOCAL_CHAPTER_ENTITY,2015,990,true,697666,684210,83387,7069,76318,PROPUBLICA_API
721523824,PHI MU FRATERNITY,LOCAL_CHAPTER_ENTITY,2015,990,true,915096,791076,3211358,2292988,918370,PROPUBLICA_API
436050433,ALPHA PHI HOUSE CORPORATION BOARD- UNIVERSITY OF MISSOURI,HOUSE_CORPORATION,2015,990,true,929478,604439,2173183,586882,1586301,PROPUBLICA_API
430282880,GAMMA PHI BETA SORORITY INC,LOCAL_CHAPTER_ENTITY,2015,990,true,348587,364048,45767,0,45767,PROPUBLICA_API
431098570,KAPPA DELTA SORORITY,LOCAL_CHAPTER_ENTITY,2015,990,true,415056,403160,108116,0,108116,PROPUBLICA_API
436059582,GAMMA PHI BETA SORORITY INC,LOCAL_CHAPTER_ENTITY,2015,990,true,862338,692880,1918836,734844,1183992,PROPUBLICA_API
510245814,ALPHA GAMMA CHAPTER OF ALPHA DELTA PI HOUSE CORP,HOUSE_CORPORATION,2015,990,true,1011222,1133690,4489745,3716244,773501,PROPUBLICA_API
430456430,PHI DELTA THETA FRATERNITY,LOCAL_CHAPTER_ENTITY,2015,990,true,667924,585660,213410,18939,194471,PROPUBLICA_API
436031386,DELTA XI BLDG CORP OF DELTA DELTA DELTA,UNKNOWN,2015,990,true,795936,1194782,4094919,3050578,1044341,PROPUBLICA_API
430214640,CHI OMEGA FRATERNITY,LOCAL_CHAPTER_ENTITY,2015,990,true,320024,248514,394785,23720,371065,PROPUBLICA_API
436052949,RHO ALPHA OF CHI OMEGA INC,PROPERTY_HOLDING_ENTITY,2015,990,true,1127382,697762,5341267,3226380,2114887,PROPUBLICA_API
436052133,ALPHA GAMMA RHO BUILDING ASSOCIATION,HOUSE_CORPORATION,2015,990,true,315495,264954,1946403,616803,1329600,PROPUBLICA_API
900767327,KAPPA SIGMA FRATERNITY,LOCAL_CHAPTER_ENTITY,2015,990EZ,true,111743,97132,29766,0,29766,PROPUBLICA_API
436052199,BETA THETA PI FRATERNITY,LOCAL_CHAPTER_ENTITY,2015,990,true,1399009,1396124,123415,88538,34877,PROPUBLICA_API
736100261,SIGMA CHI FRATERNITY,LOCAL_CHAPTER_ENTITY,2015,990,true,624311,582618,1780007,1471988,308019,PROPUBLICA_API
431080165,KAPPA KAPPA GAMMA HOUSE CORP OF COLUMBIA,HOUSE_CORPORATION,2015,990,true,1068606,628326,1821836,332010,1489826,PROPUBLICA_API
730580030,DELTA TAU DELTA FRATERNITY,LOCAL_CHAPTER_ENTITY,2015,990,true,704733,691608,54710,0,54710,PROPUBLICA_API
436061869,ALPHA CHI OMEGA HOUSE CORP FOR ALPHA NU CHAPTER,HOUSE_CORPORATION,2015,990,true,373599,241629,3485366,1006920,2478446,PROPUBLICA_API
237432859,SIGMA NU FRATERNITY,LOCAL_CHAPTER_ENTITY,2015,990,true,522852,558130,235444,273948,-38504,PROPUBLICA_API
900353708,THETA CHI FRATERNITY UNIVERSITY OF MISSOURI IOTA MU CHAPTER,LOCAL_CHAPTER_ENTITY,2015,990EZ,true,145645,144807,67128,0,67128,PROPUBLICA_API
430519030,SIGMA NU HOUSE CORPORATION,HOUSE_CORPORATION,2015,990,true,105360,144130,620687,322158,298529,PROPUBLICA_API
237330439,BETA THETA PI CLUB OF COLUMBIA MISSOURI,UNKNOWN,2015,990,true,856369,390777,15973782,4755117,11218665,PROPUBLICA_API
730581503,SIGMA ALPHA EPSILON FRATERNITY,LOCAL_CHAPTER_ENTITY,2015,990,true,831677,779047,1547970,300000,1247970,PROPUBLICA_API
446013887,DELTA TAU DELTA ASSOCIATION OF COLUNBIA MO,UNKNOWN,2015,990,true,214041,182713,2376322,750765,1625557,PROPUBLICA_API
730583070,LAMBDA CHI ALPHA FRATERNITY INC,LOCAL_CHAPTER_ENTITY,2015,990,true,720340,732419,22093,-228,22321,PROPUBLICA_API
300407306,BETA KAPPA OF SIGMA CHI WHITE CROSS FOUNDATION,EDUCATIONAL_FOUNDATION,2015,990PF,true,46918,8715,296046,1,296045,PROPUBLICA_API
311128130,PHI KAPPA PSI FRATERNITY,LOCAL_CHAPTER_ENTITY,2015,990EZ,true,124585,137672,25130,0,25130,PROPUBLICA_API
730589443,PHI GAMMA DELTA FRATERNITY,LOCAL_CHAPTER_ENTITY,2015,990,true,759886,699246,173023,0,173023,PROPUBLICA_API
731440348,ALPHA PHI LUCY FINNERTY EDUCATIONAL FUND,UNKNOWN,2015,990PF,true,29387,46891,713014,0,713014,PROPUBLICA_API
730589378,TRUSTEES OF OKLAHOMA ALPHA CHAPTER OF PI BETA PHI FRATERNITY INC,LOCAL_CHAPTER_ENTITY,2015,990,true,416422,418968,1834433,963,1833470,PROPUBLICA_API
640307103,PHI MU FRATERNITY,LOCAL_CHAPTER_ENTITY,2015,990,true,2206881,1042723,4866810,1116055,3750755,PROPUBLICA_API
730582839,BETA THETA PI FRATERNITY,LOCAL_CHAPTER_ENTITY,2015,990,true,196126,204897,226603,48931,177672,PROPUBLICA_API
736103379,BETA THETA PI CORPORATION OF OKLA,UNKNOWN,2015,990,true,4046097,781915,10563071,5821197,4741874,PROPUBLICA_API
646027408,MISSISSIPPI BETA OF PI BETA PHI HOUSE ASSOCIATION INC,HOUSE_CORPORATION,2015,990,true,538866,356782,3865974,1011325,2854649,PROPUBLICA_API
510178981,GAMMA PHI BETA SORORITY INC,LOCAL_CHAPTER_ENTITY,2015,990,true,216013,254466,118415,21480,96935,PROPUBLICA_API
640330884,KAPPA DELTA SORORITY,LOCAL_CHAPTER_ENTITY,2015,990,true,336445,356473,18805,0,18805,PROPUBLICA_API
731233879,BUILDING ASSOCIATION OF THE EPSILON ALPHA CHAPT CHI OMEGA FRATERNITY,HOUSE_CORPORATION,2015,990,true,1414124,881688,4723787,20749,4703038,PROPUBLICA_API
730583442,KAPPA ALPHA ORDER,UNKNOWN,2015,990EZ,true,169362,172604,1371,0,1371,PROPUBLICA_API
640717329,DELTA DELTA DELTA NATIONAL HOUSE CORPORATION,HOUSE_CORPORATION,2015,990,true,394871,283062,3382079,693,3381386,PROPUBLICA_API
640304773,SIGMA NU FRATERNITY,LOCAL_CHAPTER_ENTITY,2015,990,true,1170261,1154990,45675,976,44699,PROPUBLICA_API
730579972,GAMMA PHI BETA SORORITY INC,LOCAL_CHAPTER_ENTITY,2015,990,true,821640,667716,1895526,86532,1808994,PROPUBLICA_API
237229883,MISSISSIPPI ALPHA CHAPTER HOUSE CORPORATION OF PHI DELTA THETA FRA,HOUSE_CORPORATION,2015,990,true,195279,127991,1295136,202854,1092282,PROPUBLICA_API
640315255,SIGMA CHI FRATERNITY ETA CHAPTER,LOCAL_CHAPTER_ENTITY,2015,990,true,1033226,1042498,500048,0,500048,PROPUBLICA_API
570811123,ETA GAMMA CHAPTER OF CHI OMEGA FRATERNITY HOUSING CORPORATION,HOUSE_CORPORATION,2015,990,true,1089114,694528,3578344,0,3578344,PROPUBLICA_API
237160987,TAU OF CHI OMEGA FRATERNITY HOUSE CORPORATION,HOUSE_CORPORATION,2015,990,true,1344021,813441,3980123,1022629,2957494,PROPUBLICA_API
640307108,CHI OMEGA FRATERNITY,LOCAL_CHAPTER_ENTITY,2015,990,true,329861,387879,118775,0,118775,PROPUBLICA_API
237432869,MISSISSIPPI GAMMA HOUSE ASSN OF SIGMA ALPHA EPSILON,HOUSE_CORPORATION,2015,990EZ,true,135637,42149,266961,72305,194656,PROPUBLICA_API
640315254,SIGMA ALPHA EPSILON FRATERNITY,LOCAL_CHAPTER_ENTITY,2015,990,true,722436,718108,407670,17863,389807,PROPUBLICA_API
640412138,ALPHA TAU OMEGA FRATERNITY,LOCAL_CHAPTER_ENTITY,2015,990,true,911807,996939,53109,991,52118,PROPUBLICA_API
582279145,RHO CHAPTER KAPPA ALPHA HOUSING CORPORATION,HOUSE_CORPORATION,2015,990,true,328019,299677,870356,231370,638986,PROPUBLICA_API
576033531,PI KAPPA PHI FRATERNITY,LOCAL_CHAPTER_ENTITY,2015,990,true,215931,213726,3259,0,3259,PROPUBLICA_API
640308935,PHI DELTA THETA FRATERNITY,LOCAL_CHAPTER_ENTITY,2015,990,true,999938,887632,853738,200521,653217,PROPUBLICA_API
576033523,KAPPA ALPHA ORDER,UNKNOWN,2015,990EZ,true,198975,175585,40942,0,40942,PROPUBLICA_API
237128453,LAMBDA CHI ALPHA FRATERNITY INC,LOCAL_CHAPTER_ENTITY,2015,990EZ,true,148600,148835,7600,0,7600,PROPUBLICA_API
237219356,KAPPA KAPPA GAMMA FRATERNITY INC,LOCAL_CHAPTER_ENTITY,2015,990,true,1270790,820652,5197374,456100,4741274,PROPUBLICA_API
383878997,ALPHA GAMMA DELTA FRATERNITY,LOCAL_CHAPTER_ENTITY,2015,990,true,410720,419504,110360,0,110360,PROPUBLICA_API
741132046,KAPPA ALPHA ORDER,UNKNOWN,2015,990,true,624987,584334,40653,0,40653,PROPUBLICA_API
620256693,KAPPA SIGMA FRATERNITY,LOCAL_CHAPTER_ENTITY,2015,990,true,276761,300083,10537,0,10537,PROPUBLICA_API
570742538,CHI OMEGA FRATERNITY,LOCAL_CHAPTER_ENTITY,2015,990,true,371105,356500,97388,8511,88876,PROPUBLICA_API
201554454,GAMMA PHI BETA SORORITY INC,LOCAL_CHAPTER_ENTITY,2015,990,true,425523,368259,90691,750,89941,PROPUBLICA_API
576027420,PI KAPPA ALPHA FRATERNITY,LOCAL_CHAPTER_ENTITY,2015,990,true,217165,219531,1698,0,1698,PROPUBLICA_API
626111214,KAPPA SIGMA FRATERNITY,PROPERTY_HOLDING_ENTITY,2015,990EZ,true,118800,98606,338417,4910,333507,PROPUBLICA_API
742188211,SIGMA PHI EPSILON EDUCATION FOUNDATION OF TEXAS ALPHA,EDUCATIONAL_FOUNDATION,2015,990EZ,true,28988,112349,337994,150183,187811,PROPUBLICA_API
621414737,BETA SIGMA OF SIGMA CHI HOUSE CORPORATION,HOUSE_CORPORATION,2015,990,true,187800,153211,1655621,1375569,280052,PROPUBLICA_API
626042374,DELTA SIGMA HOUSE CORPORATION OF DELTA DELTA DELTA,HOUSE_CORPORATION,2015,990EZ,true,122506,56162,204671,0,204671,PROPUBLICA_API
741130614,SIGMA PHI EPSILON FRATERNITY INC,LOCAL_CHAPTER_ENTITY,2015,990,true,1199117,1257640,93365,0,93365,PROPUBLICA_API
626047671,KAPPA DELTA SORORITY,LOCAL_CHAPTER_ENTITY,2015,990EZ,true,194509,172781,88125,685,87440,PROPUBLICA_API
621386377,PI CHAPTER CHI OMEGA FRATERNITY HOUSE CORP,HOUSE_CORPORATION,2015,990,true,383862,358787,381906,102743,279163,PROPUBLICA_API
626047975,CHI OMEGA FRATERNITY,LOCAL_CHAPTER_ENTITY,2015,990EZ,true,155466,156454,55438,0,55438,PROPUBLICA_API
740898333,SIGMA ALPHA MU FRATERNITY,LOCAL_CHAPTER_ENTITY,2015,990,true,830385,1010481,65701,219522,-153821,PROPUBLICA_API
626045032,ALPHA DELTA PI HOUSE CORP ALPHA KAPPA,HOUSE_CORPORATION,2015,990,true,528676,414859,575610,740,574870,PROPUBLICA_API
741130603,ALPHA EPSILON PI FRATERNITY,LOCAL_CHAPTER_ENTITY,2015,990EZ,true,181900,180760,14561,0,14561,PROPUBLICA_API
746084912,SIGMA GAMMA RHO SORORITY INC,LOCAL_CHAPTER_ENTITY,2015,990EZ,true,0,0,1,0,1,PROPUBLICA_API
742831564,ZETA BETA TAU FRATERNITY,LOCAL_CHAPTER_ENTITY,2015,990,true,1183876,1169692,249780,35469,214311,PROPUBLICA_API
742657125,SIGMA GAMMA RHO SORORITY INC MU UPSILON CHAPTER,LOCAL_CHAPTER_ENTITY,2015,990N,false,,,,,,PROPUBLICA_API
746047117,BUILDING CORPORATION OF DELTA CHAPTER OF ALPHA DELTA PI,HOUSE_CORPORATION,2015,990,true,711334,615346,504854,43922,460932,PROPUBLICA_API
746084213,CHI OMEGA FRATERNITY IOTA CHAPTER UNIV OF TX AT AUSTIN,LOCAL_CHAPTER_ENTITY,2015,990,true,371410,332035,266952,0,266952,PROPUBLICA_API
743004321,TEXAS DELTA CHI HOUSING CORP,HOUSE_CORPORATION,2015,990,true,-10734,0,544845,501991,42854,PROPUBLICA_API
741130608,PHI GAMMA DELTA FRATERNITY,LOCAL_CHAPTER_ENTITY,2015,990,true,1791731,1654890,524381,327749,196632,PROPUBLICA_API
741130611,SIGMA ALPHA EPSILON FRATERNITY,LOCAL_CHAPTER_ENTITY,2015,990,true,1341813,1441541,860352,161638,698714,PROPUBLICA_API
270246718,PI KAPPA PHI FRATERNITY AT AUSTIN AREA HOUSING CORPORATION,HOUSE_CORPORATION,2015,990EZ,true,168091,165466,38254,17090,21164,PROPUBLICA_API
740555581,CHI OMEGA FRATERNITY,LOCAL_CHAPTER_ENTITY,2015,990,true,1140864,886649,1918291,72246,1846045,PROPUBLICA_API
510165062,CHI OMEGA FRATERNITY,LOCAL_CHAPTER_ENTITY,2015,990,true,524097,485364,169881,5828,164053,PROPUBLICA_API
741120034,PI KAPPA ALPHA FRATERNITY,LOCAL_CHAPTER_ENTITY,2015,990,true,883849,835913,249528,211643,37885,PROPUBLICA_API
741493205,KAPPA CHAPTER OF ZETA TAU ALPHA HOUSE CORPORATION,HOUSE_CORPORATION,2015,990,true,245924,68598,2213698,0,2213698,PROPUBLICA_API
746060984,TEXAS ALPHA HOUSE CORPORATION OF PI BETA PHI,HOUSE_CORPORATION,2015,990,true,721661,696464,3468026,181463,3286563,PROPUBLICA_API
741116912,SIGMA CHI FRATERNITY,LOCAL_CHAPTER_ENTITY,2015,990,true,1125988,1112793,175318,25815,149503,PROPUBLICA_API
740481786,ALPHA EPSILON PHI SORORITY OMEGA CHAPTER,LOCAL_CHAPTER_ENTITY,2015,990,true,230452,245179,394586,218525,176061,PROPUBLICA_API
742061485,PI KAPPA PHI FRATERNITY DELTA OMEGA CHAPTER,LOCAL_CHAPTER_ENTITY,2015,990EZ,true,171355,171355,1,0,1,PROPUBLICA_API
510207538,SIGMA CHI FRATERNITY,LOCAL_CHAPTER_ENTITY,2015,990,true,323671,327027,11552,0,11552,PROPUBLICA_API
741932980,XI KAPPA OF CHI OMEGA HOUSE CORP,HOUSE_CORPORATION,2015,990,true,708317,452644,1668003,552439,1115564,PROPUBLICA_API
134264657,GAMMA PHI BETA SORORITY INC,LOCAL_CHAPTER_ENTITY,2015,990,true,271599,224509,134204,72804,61400,PROPUBLICA_API
732350514,TEXAS ETA CHAPTER OF PI BETA PHI HOUSE CORPORATION,HOUSE_CORPORATION,2015,990,true,294450,259941,1315752,407295,908457,PROPUBLICA_API
741219941,BETA XI OF KAPPA KAPPA GAMMA HOUSE ASSOCIATION,HOUSE_CORPORATION,2015,990,true,2073900,1152569,2253444,30792,2222652,PROPUBLICA_API
742205939,KAPPA DELTA SORORITY,LOCAL_CHAPTER_ENTITY,2015,990,true,354975,323257,396911,253608,143302,PROPUBLICA_API
742930349,ETA ALPHA HOUSE CORPORATION OF KAPPA DELTA SORORITY,HOUSE_CORPORATION,2015,990,true,646470,514826,1278813,1322308,-43495,PROPUBLICA_API
810575553,PHI GAMMA DELTA FRATERNITY,LOCAL_CHAPTER_ENTITY,2015,990,true,372255,356896,33968,4250,29718,PROPUBLICA_API
742205743,KAPPA ALPHA ORDER,UNKNOWN,2015,990,true,495571,481439,41008,0,41008,PROPUBLICA_API
742155975,SIGMA EPSILON OF KAPPA DELTA HOUSE CORP,HOUSE_CORPORATION,2015,990,true,822948,748353,2481511,2054629,426882,PROPUBLICA_API
273674898,PI KAPPA ALPHA FRATERNITY,LOCAL_CHAPTER_ENTITY,2015,990EZ,true,5884,0,0,0,0,PROPUBLICA_API
530209696,OMEGA PSI PHI FRATERNITY,NATIONAL_PARENT,2015,990,true,5916067,4424581,5509150,1836504,3672646,PROPUBLICA_API
741116922,DELTA TAU DELTA FRATERNITY,LOCAL_CHAPTER_ENTITY,2015,990,true,992715,1023551,120634,-155,120789,PROPUBLICA_API
621218011,ALPHA DELTA PI HOUSE CORPORATION,HOUSE_CORPORATION,2015,990,true,151443,97169,537498,1404,536094,PROPUBLICA_API
746082351,DELTA TAU DELTA BUILDING ASSN,PROPERTY_HOLDING_ENTITY,2015,990,true,13757,9654,1276431,182178,1094253,PROPUBLICA_API
621793998,KAPPA DELTA SORORITY,LOCAL_CHAPTER_ENTITY,2015,990,true,521206,478413,174236,0,174236,PROPUBLICA_API
626074044,CHI OMEGA FRATERNITY,LOCAL_CHAPTER_ENTITY,2015,990EZ,true,139256,142414,251895,0,251895,PROPUBLICA_API
742244833,DELTA TAU DELTA FRATERNITY,LOCAL_CHAPTER_ENTITY,2015,990,true,346723,319683,116599,0,116599,PROPUBLICA_API
362426170,GAMMA PHI BETA SORORITY INC,NATIONAL_PARENT,2015,990,true,7920125,7687380,13545115,1467698,12077417,PROPUBLICA_API
521346179,ZETA PHI BETA SORORITY INC,LOCAL_CHAPTER_ENTITY,2015,990EZ,true,2341,5976,250,0,250,PROPUBLICA_API
263623864,KAPPA SIGMA FRATERNITY,LOCAL_CHAPTER_ENTITY,2015,990,true,160851,148508,42868,0,42868,PROPUBLICA_API
530261012,ZETA PHI BETA SORORITY INC,NATIONAL_PARENT,2015,990,true,6554095,4149539,7866300,423367,7442933,PROPUBLICA_API
010158948,SIGMA KAPPA SORORITY,NATIONAL_PARENT,2015,990,true,5035465,4637283,8169294,4399585,3769709,PROPUBLICA_API
621781729,ZETA PHI BETA SORORITY INC PI ZETA CHAPTER,LOCAL_CHAPTER_ENTITY,2015,990EZ,true,35431,29169,47890,27373,20517,PROPUBLICA_API
626047662,KAPPA DELTA SORORITY,LOCAL_CHAPTER_ENTITY,2015,990,true,271552,239149,133750,0,133750,PROPUBLICA_API
381543609,SIGMA ALPHA IOTA FRATERNITY,NATIONAL_PARENT,2015,990,true,961563,760802,1207416,313642,893774,PROPUBLICA_API
430765719,THETA TAU,NATIONAL_PARENT,2015,990,true,847062,744911,1524020,20043,1503977,PROPUBLICA_API
621466616,BETA TAU HOUSE CORPORATION OF KAPPA DELTA SORORITY,HOUSE_CORPORATION,2015,990EZ,true,138524,100936,287914,1625,286289,PROPUBLICA_API
310406470,PHI DELTA THETA FRATERNITY,NATIONAL_PARENT,2015,990,true,4417268,4055133,6818744,621474,6197270,PROPUBLICA_API
231431779,KAPPA ALPHA PSI FRATERNITY INC,NATIONAL_PARENT,2015,990,true,4585079,5506052,5954098,698858,5255240,PROPUBLICA_API
310851686,CHI OMEGA FRATERNITY,NATIONAL_PARENT,2015,990,true,7489815,6291521,14065740,558476,13507264,PROPUBLICA_API
361996950,ZETA TAU ALPHA INTL FRATERNITY & FRATERNITY HOUSING CORPORATION,NATIONAL_PARENT,2015,990,true,17266938,13709326,56991279,9939861,47051418,PROPUBLICA_API
221281800,SIGMA PI FRATERNITY INTERNATIONAL,NATIONAL_PARENT,2015,990,true,2555301,2732601,2468795,605543,1863252,PROPUBLICA_API
350141875,ALPHA CHI OMEGA FRATERNITY INC,NATIONAL_PARENT,2015,990,true,8635833,8007469,15708984,10211856,5497128,PROPUBLICA_API
221550561,ALPHA GAMMA DELTA FRATERNITY,NATIONAL_PARENT,2015,990,true,5580146,4367308,13558413,6276636,7281777,PROPUBLICA_API
131306360,SIGMA ALPHA MU FRATERNITY INC,NATIONAL_PARENT,2015,990,true,2101597,1657363,7582530,2163266,5419264,PROPUBLICA_API
362362161,PHI KAPPA PSI FRATERNITY,NATIONAL_PARENT,2015,990,true,4414046,3785577,8515423,381788,8133635,PROPUBLICA_API
210577978,THETA CHI FRATERNITY INC,NATIONAL_PARENT,2015,990,true,4256046,3893477,6591653,2252753,4338900,PROPUBLICA_API
382900287,PHI SIGMA RHO NATIONAL SORORITY,NATIONAL_PARENT,2015,990,true,268637,266991,305918,1505,304413,PROPUBLICA_API
314164901,DELTA GAMMA FRATERNITY,NATIONAL_PARENT,2015,990,true,5186014,4397197,12271310,829178,11442132,PROPUBLICA_API
620533776,PHI MU FRATERNITY,NATIONAL_PARENT,2015,990,true,5930329,5713158,16842815,3556756,13286059,PROPUBLICA_API
350459180,LAMBDA CHI ALPHA FRATERNITY INC,NATIONAL_PARENT,2015,990,true,6147435,6358399,5184920,1240236,3944684,PROPUBLICA_API
350267650,DELTA TAU DELTA FRATERNITY,NATIONAL_PARENT,2015,990,true,4628900,3932912,12470377,1300583,11169794,PROPUBLICA_API
730593444,KAPPA KAPPA PSI FRATERNITY,NATIONAL_PARENT,2015,990,true,678265,668519,1016668,48493,968175,PROPUBLICA_API
362077508,ALPHA PHI INTERNATIONAL FRATERNITY INC,NATIONAL_PARENT,2015,990,true,7371630,5783154,14990601,1054178,13936423,PROPUBLICA_API
430689936,SIGMA TAU GAMMA FRATERNITY,NATIONAL_PARENT,2015,990,true,1591762,1229397,2110869,836833,1274036,PROPUBLICA_API
361773950,SIGMA ALPHA EPSILON FRATERNITY,NATIONAL_PARENT,2015,990,true,8144105,7790691,9873961,3935248,5938713,PROPUBLICA_API
131714532,KAPPA SIGMA FRATERNITY,NATIONAL_PARENT,2015,990,true,5139008,5066370,6460557,970476,5490081,PROPUBLICA_API
131496630,ZETA PSI FRATERNITY OF NORTH AMERICA,NATIONAL_PARENT,2015,990,true,706266,798980,588176,80053,508123,PROPUBLICA_API
430769468,ALPHA EPSILON PI FRATERNITY INC,NATIONAL_PARENT,2015,990,true,3799462,4013861,4666660,670018,3996642,PROPUBLICA_API
580191430,CHI PHI FRATERNITY INC,NATIONAL_PARENT,2015,990,true,1396495,1405345,1234352,69681,1164671,PROPUBLICA_API
440500006,KAPPA DELTA SORORITY INC,NATIONAL_PARENT,2015,990,true,8669184,4899486,47001981,8519568,38482413,PROPUBLICA_API
362152330,ALPHA KAPPA ALPHA SORORITY INC,NATIONAL_PARENT,2015,990,true,19485882,21744186,29302699,5742544,23560155,PROPUBLICA_API
130604310,DELTA KAPPA EPSILON FRATERNITY,NATIONAL_PARENT,2015,990,true,1419325,1193108,953564,136970,816594,PROPUBLICA_API
570340150,PI KAPPA PHI FRATERNITY,NATIONAL_PARENT,2015,990,true,5130199,5112162,7347097,3408189,3938908,PROPUBLICA_API
370464584,PI BETA PHI FRATERNITY,NATIONAL_PARENT,2015,990,true,9432224,8126277,39837397,3917738,35919659,PROPUBLICA_API
131496610,ZETA BETA TAU FRATERNITY,NATIONAL_PARENT,2015,990,true,2432153,2480267,1148677,461987,686690,PROPUBLICA_API
311353726,DELTA ZETA NATIONAL HOUSING CORPORATION,NATIONAL_PARENT,2015,990,true,2519538,1805164,14875347,2625131,12250216,PROPUBLICA_API
314359813,ALPHA SIGMA PHI FRATERNITY INC,NATIONAL_PARENT,2015,990,true,3044162,2490756,2706197,405338,2300859,PROPUBLICA_API
580310956,KAPPA ALPHA ORDER,NATIONAL_PARENT,2015,990,true,3783829,3533942,6409758,1281193,5128565,PROPUBLICA_API
361305568,KAPPA ALPHA THETA FRATERNITY,NATIONAL_PARENT,2015,990,true,7793354,6270708,35387350,21972651,13414699,PROPUBLICA_API
314221880,KAPPA KAPPA GAMMA FRATERNITY INC,NATIONAL_PARENT,2015,990,true,6150615,5437822,11155131,1419669,9735462,PROPUBLICA_API
580638489,ALPHA DELTA PI SORORITY,NATIONAL_PARENT,2015,990,true,5792194,4763049,8970031,204837,8765194,PROPUBLICA_API
310406478,PHI KAPPA TAU FRATERNITY,NATIONAL_PARENT,2015,990,true,2394891,1648985,3565025,981557,2583468,PROPUBLICA_API
370152140,ALPHA TAU OMEGA FRATERNITY,NATIONAL_PARENT,2015,990,true,4688092,4176071,7565119,1294498,6270621,PROPUBLICA_API
362374316,DELTA DELTA DELTA,NATIONAL_PARENT,2015,990,true,7412323,6447545,19909035,1091791,18817244,PROPUBLICA_API
620458346,PI KAPPA ALPHA FRATERNITY,NATIONAL_PARENT,2015,990,true,2518389,2099431,1,0,0,PROPUBLICA_API
530215218,DELTA SIGMA THETA SORORITY INC,NATIONAL_PARENT,2015,990,true,11124887,13851687,34249936,14056276,20193660,PROPUBLICA_API
310531047,BETA THETA PI FRATERNITY,NATIONAL_PARENT,2015,990,true,6505803,5940353,6919948,1432188,5487760,PROPUBLICA_API
361773960,SIGMA CHI FRATERNITY,NATIONAL_PARENT,2015,990,true,4218274,3868471,10284995,1035985,9249010,PROPUBLICA_API
370152080,ALPHA GAMMA RHO FRATERNITY,NATIONAL_PARENT,2015,990,true,1774938,1808688,6204160,2439249,3764911,PROPUBLICA_API
230967790,PHI KAPPA SIGMA FRATERNITY GRAND CHAPTER,NATIONAL_PARENT,2015,990,true,977289,881214,1208313,25296,1183017,PROPUBLICA_API
300174261,TAU KAPPA EPSILON FRATERNITY INC,NATIONAL_PARENT,2015,990,true,5432891,5222496,5708265,2440013,3268252,PROPUBLICA_API
620950113,ALPHA OMICRON PI FRATERNITY INC,NATIONAL_PARENT,2015,990,true,8058803,5185021,24764340,3919702,20844638,PROPUBLICA_API
840405009,DELTA SIGMA PHI FRATERNITY INC NATIONAL HEADQUARTERS,NATIONAL_PARENT,2015,990,true,3792814,3721479,2442568,1053455,1389113,PROPUBLICA_API
420212285,DELTA CHI FRATERNITY,NATIONAL_PARENT,2015,990,true,3114567,1947282,12442885,119678,12323207,PROPUBLICA_API
540379370,SIGMA PHI EPSILON FRATERNITY INC,NATIONAL_PARENT,2015,990,true,11193403,9904110,54576336,35844842,18731494,PROPUBLICA_API
730654150,SIGMA SIGMA SIGMA INC,NATIONAL_PARENT,2015,990,true,3060620,2724645,6216803,1346025,4870778,PROPUBLICA_API
431971836,DELTA PHI EPSILON SORORITY INC,NATIONAL_PARENT,2015,990,true,2084435,1922715,2997583,1687656,1309927,PROPUBLICA_API
562163357,THETA NU XI MULTICULTURAL SORORITY INCORPORATED,NATIONAL_PARENT,2015,990,true,118300,83032,210546,0,210546,PROPUBLICA_API
386089059,CHI PSI FRATERNITY,NATIONAL_PARENT,2015,990,true,1058046,1114672,3328162,1300575,2027587,PROPUBLICA_API
231500981,THE GRAND CHAPTER OF PHI SIGMA KAPPA,NATIONAL_PARENT,2015,990,true,1951422,1998593,1129493,375038,754455,PROPUBLICA_API
131368460,TAU EPSILON PHI FRATERNITY INC,NATIONAL_PARENT,2015,990,true,265765,157859,521959,81972,439987,PROPUBLICA_API
362024274,SIGMA DELTA TAU SOCIETY,NATIONAL_PARENT,2015,990,true,1903968,1566103,3783984,856188,2927796,PROPUBLICA_API
223530740,LAMBDA THETA ALPHA,NATIONAL_PARENT,2015,990,true,579090,146711,1025532,0,1025532,PROPUBLICA_API
352103442,ALPHA XI DELTA NATIONAL HOUSING CORPORATION INC,NATIONAL_PARENT,2015,990EZ,true,0,0,1,0,1,PROPUBLICA_API
042200265,PHI KAPPA THETA FRATERNITY,NATIONAL_PARENT,2015,990,true,898716,938011,662176,273966,388210,PROPUBLICA_API
350868356,PHI DELTA THETA FRATERNITY,LOCAL_CHAPTER_ENTITY,2014,990,true,228427,221439,23929,14349,9580,PROPUBLICA_API
592339079,PHI DELTA THETA FRATERNITY,LOCAL_CHAPTER_ENTITY,2014,990,true,584908,662154,166671,273900,-107229,PROPUBLICA_API
593282583,PHI DELTA THETA CHAPTER HOUSE ASSOCIATION INC,HOUSE_CORPORATION,2014,990EZ,true,193632,199329,395531,727504,-331973,PROPUBLICA_API
630164075,PHI DELTA THETA FRATERNITY,LOCAL_CHAPTER_ENTITY,2014,990,true,236727,232774,33427,16514,16913,PROPUBLICA_API
630893932,PHI MU HOUSE CORPORATION,HOUSE_CORPORATION,2014,990,true,2042430,1011331,6018477,12524,6005953,PROPUBLICA_API
631053272,PHI DELTA THETA FRATERNITY,LOCAL_CHAPTER_ENTITY,2014,990,true,1273135,1185857,7271461,4959014,2312447,PROPUBLICA_API
596135388,CHI OMEGA HOUSING CORPORATION,HOUSE_CORPORATION,2014,990,true,962938,627844,2758170,19928,2738242,PROPUBLICA_API
636091968,THE NU BETA CHAPTER OF THE CHI OMEGA HOUSE ASSOCIATION INC,HOUSE_CORPORATION,2014,990,true,1955482,1154875,10351665,7070439,3281226,PROPUBLICA_API
636050290,CHI OMEGA FRATERNITY,LOCAL_CHAPTER_ENTITY,2014,990,true,608451,525922,318276,14516,303760,PROPUBLICA_API
640392826,CHI OMEGA FRATERNITY,LOCAL_CHAPTER_ENTITY,2014,990,true,285394,310448,13303,0,13303,PROPUBLICA_API
264170711,UNIVERSITY OF ALABAMA CHAPTER OF SIGMA PI FRATERNITY HOUSING,LOCAL_CHAPTER_ENTITY,2014,990,true,713284,692707,3155744,3047164,108580,PROPUBLICA_API
636103404,PHI GAMMA DELTA FRATERNITY,LOCAL_CHAPTER_ENTITY,2014,990,true,426571,163610,2830897,697910,2132987,PROPUBLICA_API
640723232,KAPPA ALPHA CHAPTER OF PHI MU FRATERNITY HOUSE CORPORATION,HOUSE_CORPORATION,2014,990,true,1029747,761549,1759337,10827,1748510,PROPUBLICA_API
560548249,PHI GAMMA DELTA FRATERNITY,LOCAL_CHAPTER_ENTITY,2014,990,true,300483,473292,62529,16306,46223,PROPUBLICA_API
630164080,PHI GAMMA DELTA FRATERNITY,LOCAL_CHAPTER_ENTITY,2014,990,true,1318324,1206365,110059,72361,37698,PROPUBLICA_API
420467540,PHI KAPPA PSI FRATERNITY,LOCAL_CHAPTER_ENTITY,2014,990,true,572419,606789,135768,2050,133718,PROPUBLICA_API
936036290,PHI KAPPA PSI FRATERNITY,LOCAL_CHAPTER_ENTITY,2014,990,true,433500,457068,61554,0,61554,PROPUBLICA_API
630289653,THETA CHI FRATERNITY INC,LOCAL_CHAPTER_ENTITY,2014,990,true,1086720,962701,128096,76573,51523,PROPUBLICA_API
237109085,ALPHA PHI ZETA HOUSE CORPORATION OF LAMBDA CHI ALPHA FRATERNITY,HOUSE_CORPORATION,2014,990,true,318984,307121,4102661,3087405,1015256,PROPUBLICA_API
380293927,SIGMA KAPPA CORPORATION,UNKNOWN,2014,990,true,489323,393480,1184257,2422,1181835,PROPUBLICA_API
630458038,PHI KAPPA PSI FRATERNITY ALABAMA ALPHA CHAPTER,LOCAL_CHAPTER_ENTITY,2014,990,true,475827,491597,53324,879,52445,PROPUBLICA_API
320257409,BETA MU HOUSE CORP OF ALPHA PHI INTERNATIONAL FRATERNITY INC,HOUSE_CORPORATION,2014,990,true,1636028,921071,3094763,36895,3057868,PROPUBLICA_API
941367157,ALPHA PHI BUILDING CORPORATION,HOUSE_CORPORATION,2014,990,true,740305,630477,2222559,183367,2039192,PROPUBLICA_API
630007510,ALPHA GAMMA DELTA FRATERNITY,LOCAL_CHAPTER_ENTITY,2014,990,true,2210666,2100217,291919,46226,245693,PROPUBLICA_API
451298367,UNIVERSITY OF ALABAMA CHAPTER OF THETA CHI HOUSING CORPORATION,HOUSE_CORPORATION,2014,990,true,333999,67378,1228966,175,1228791,PROPUBLICA_API
237235595,ALPHA GAMMA DELTA FRATERNITY,LOCAL_CHAPTER_ENTITY,2014,990,true,808846,627684,9359404,4987422,4371982,PROPUBLICA_API
630056965,DELTA KAPPA EPSILON COUNCIL,UNKNOWN,2014,990,true,1177480,1096528,154808,105728,49080,PROPUBLICA_API
631004292,GAMMA PHI BETA SORORITY INC,LOCAL_CHAPTER_ENTITY,2014,990,true,1740324,975307,3703935,707050,2996885,PROPUBLICA_API
630818055,ALABAMA BETA OF PI BETA PHI HOUSE ASSOCIATION INCORPORATED,HOUSE_CORPORATION,2014,990,true,609945,460495,1705670,194060,1511610,PROPUBLICA_API
630980702,KAPPA DELTA SORORITY,LOCAL_CHAPTER_ENTITY,2014,990,true,1507330,1021034,4667245,46959,4620286,PROPUBLICA_API
630733120,ZETA BETA TAU FRATERNITY,LOCAL_CHAPTER_ENTITY,2014,990,true,500488,303787,4595437,3401581,1193856,PROPUBLICA_API
630120537,LAMBDA CHI ALPHA FRATERNITY INC,LOCAL_CHAPTER_ENTITY,2014,990,true,964046,911166,53023,16951,36072,PROPUBLICA_API
237114590,EPSILON CHI ZETA HOUSE CORPORATION OF LAMBDA CHI ALPHA FRATERNITY,HOUSE_CORPORATION,2014,990,true,67234,50803,529264,172180,357084,PROPUBLICA_API
630233975,ZETA BETA TAU FRATERNITY,LOCAL_CHAPTER_ENTITY,2014,990,true,891532,773736,102163,75944,26219,PROPUBLICA_API
621370853,GAMMA PHI BETA SORORITY,LOCAL_CHAPTER_ENTITY,2014,990,true,449087,441453,100024,41848,58176,PROPUBLICA_API
630188870,SIGMA ALPHA EPSILON FRATERNITY,LOCAL_CHAPTER_ENTITY,2014,990,true,438605,443261,40093,25728,14365,PROPUBLICA_API
630115520,KAPPA DELTA SORORITY,LOCAL_CHAPTER_ENTITY,2014,990,true,711631,676982,224295,58425,165870,PROPUBLICA_API
631030493,PSI OF DELTA KAPPA EPSILON HOUSE CORPORATION OF UNIVERSITY ALABAMA,HOUSE_CORPORATION,2014,990,true,370838,416948,6282062,3284970,2997092,PROPUBLICA_API
566062593,DELTA KAPPA EPSILON COUNCIL,UNKNOWN,2014,990,true,568965,551082,51691,16200,35491,PROPUBLICA_API
593078421,KAPPA ALPHA HOUSING ASSOCIATION OF FLORIDA INC,UNKNOWN,2014,990EZ,true,139461,109799,245288,4700,240588,PROPUBLICA_API
741132044,KAPPA SIGMA FRATERNITY,LOCAL_CHAPTER_ENTITY,2014,990,true,968374,864518,222302,279806,-57504,PROPUBLICA_API
380293670,ALPHA DELTA PHI PENINSULAR CHAPTER,PROPERTY_HOLDING_ENTITY,2014,990EZ,true,93517,93517,23265,5450,17815,PROPUBLICA_API
630040605,TAU CHAPTER OF CHI PHI,LOCAL_CHAPTER_ENTITY,2014,990,true,569877,519690,83058,67175,15883,PROPUBLICA_API
580596934,PI KAPPA PHI FRATERNITY,LOCAL_CHAPTER_ENTITY,2014,990,true,594128,604073,299805,285386,14419,PROPUBLICA_API
630164600,PI KAPPA PHI FRATERNITY,LOCAL_CHAPTER_ENTITY,2014,990,true,2949349,1205845,8114967,5183287,2931680,PROPUBLICA_API
636049922,HOUSE BOARD OF GAMMA PI OF KAPPA KAPPA GAMMA,UNKNOWN,2014,990,true,1938583,1217201,4370233,34399,4335834,PROPUBLICA_API
630289642,KAPPA ALPHA ORDER,UNKNOWN,2014,990,true,1222379,1205553,87375,39398,47977,PROPUBLICA_API
430349090,THE ALPHA KAPPA CHAPTER OF THE KAPPA ALPHA FRATERNITY,LOCAL_CHAPTER_ENTITY,2014,990,true,138702,59419,1560864,228261,1332603,PROPUBLICA_API
630020370,KAPPA SIGMA FRATERNITY,LOCAL_CHAPTER_ENTITY,2014,990,true,855360,786188,102219,63301,38918,PROPUBLICA_API
386068594,ALPHA DELTA PHI INTERNATIONAL INC,UNKNOWN,2014,990EZ,true,45002,47699,107558,60992,46566,PROPUBLICA_API
630057000,DELTA TAU DELTA FRATERNITY,LOCAL_CHAPTER_ENTITY,2014,990,true,627183,648350,110336,16936,93400,PROPUBLICA_API
581648136,IOTA ALUMNI OF PI KAPPA PHI INC,ALUMNI_CORPORATION,2014,990,true,161871,172235,960827,307141,653686,PROPUBLICA_API
351780304,PI KAPPA PHI INC,UNKNOWN,2014,990,true,1022580,796986,1934117,1003012,931105,PROPUBLICA_API
630007530,ALPHA TAU OMEGA FRATERNITY,LOCAL_CHAPTER_ENTITY,2014,990,true,1761480,1346352,8748179,4040426,4707753,PROPUBLICA_API
581793975,ZETA IOTA CHAPTER OF ALPHA DELTA PI HOUSE CORPORATION,HOUSE_CORPORATION,2014,990,true,30091,0,488668,0,488668,PROPUBLICA_API
630457980,BETA THETA PI FRATERNITY,LOCAL_CHAPTER_ENTITY,2014,990,true,1160776,1110149,288595,66208,222387,PROPUBLICA_API
546038429,PSI CHAPTER OF SIGMA CHI HOUSE CORP,HOUSE_CORPORATION,2014,990EZ,true,135883,178654,398329,0,398329,PROPUBLICA_API
630056950,DELTA CHI FRATERNITY,LOCAL_CHAPTER_ENTITY,2014,990,true,997900,865534,72258,44392,27866,PROPUBLICA_API
630164090,PHI KAPPA SIGMA FRATERNITY,LOCAL_CHAPTER_ENTITY,2014,990EZ,true,162386,146359,21983,4500,17483,PROPUBLICA_API
630188910,SIGMA DELTA TAU SOCIETY,UNKNOWN,2014,990EZ,true,132106,151603,5405,4481,924,PROPUBLICA_API
710245516,SIGMA CHI FRATERNITY,LOCAL_CHAPTER_ENTITY,2014,990,true,857166,983603,65625,8875,56750,PROPUBLICA_API
716061509,CHI OMEGA FRATERNITY,LOCAL_CHAPTER_ENTITY,2014,990,true,306285,282397,108732,104,108628,PROPUBLICA_API
630164580,PI KAPPA ALPHA FRATERNITY,LOCAL_CHAPTER_ENTITY,2014,990,true,977974,927328,72118,41800,30318,PROPUBLICA_API
631006177,GAMMA ALPHA OF PI KAPPA ALPHA HOUSE CORPORATIONS,UNKNOWN,2014,990,true,276122,525599,6355311,3578596,2776715,PROPUBLICA_API
630289650,SIGMA CHI FRATERNITY,LOCAL_CHAPTER_ENTITY,2014,990,true,1295146,1247506,110753,74321,36432,PROPUBLICA_API
462071035,ALABAMA BETA CHAPTER OF THE SIGMA PHI EPSILON FRATERNITY,LOCAL_CHAPTER_ENTITY,2014,990,true,287874,307328,22611,0,22611,PROPUBLICA_API
710230717,PHI DELTA THETA FRATERNITY,LOCAL_CHAPTER_ENTITY,2014,990,true,319882,291329,48839,0,48839,PROPUBLICA_API
272795242,DELTA CHI-UNIVERSITY OF ALABAMA CHAPTER HOUSE CORPORATION,HOUSE_CORPORATION,2014,990,true,494566,206771,701768,0,701768,PROPUBLICA_API
590626226,SIGMA CHI FRATERNITY,LOCAL_CHAPTER_ENTITY,2014,990,true,529620,425288,229737,69968,159769,PROPUBLICA_API
630188940,SIGMA NU FRATERNITY,LOCAL_CHAPTER_ENTITY,2014,990,true,1199630,1160887,101464,59238,42226,PROPUBLICA_API
710245458,LAMBDA CHI ALPHA CORPORATION OF FAYETTEVILLE ARKANSAS,UNKNOWN,2014,990,true,548715,450997,677931,291956,385975,PROPUBLICA_API
710237930,KAPPA SIGMA FRATERNITY,LOCAL_CHAPTER_ENTITY,2014,990,true,561629,558800,19282,0,19282,PROPUBLICA_API
710296927,ALPHA DELTA PI SORORITY,LOCAL_CHAPTER_ENTITY,2014,990,true,680039,514621,1117722,3018,1114704,PROPUBLICA_API
716057345,DELTA DELTA DELTA FRATERNITY DELTA IOTA HOUSE CORP,HOUSE_CORPORATION,2014,990,true,440524,188943,959107,0,959107,PROPUBLICA_API
710673722,KAPPA DELTA SORORITY,LOCAL_CHAPTER_ENTITY,2014,990,true,355671,347157,96247,0,96247,PROPUBLICA_API
710243898,SIGMA ALPHA EPSILON FRATERNITY,LOCAL_CHAPTER_ENTITY,2014,990,true,684558,648414,99120,10500,88620,PROPUBLICA_API
636066478,GAMMA PHI BETA SORORITY INC,LOCAL_CHAPTER_ENTITY,2014,990,true,339209,341915,26261,0,26261,PROPUBLICA_API
237114376,ARKANSAS PI BETA PHI HOUSE ASSOC,UNKNOWN,2014,990,true,219861,153245,2146237,105960,2040277,PROPUBLICA_API
237153933,SIGMA NU BUILDING BETA THETA CHAPTER,PROPERTY_HOLDING_ENTITY,2014,990,true,-25880,18111,1202573,760864,441709,PROPUBLICA_API
630499747,ALPHA DELTA CHAPTER OF SIGMA PI FRATERNITY,LOCAL_CHAPTER_ENTITY,2014,990,true,521064,66837,454227,0,454227,PROPUBLICA_API
630188930,SIGMA NU FRATERNITY,LOCAL_CHAPTER_ENTITY,2014,990,true,586281,618473,22217,871,21346,PROPUBLICA_API
636050289,CHI OMEGA FRATERNITY,LOCAL_CHAPTER_ENTITY,2014,990,true,316646,305193,92713,8018,84695,PROPUBLICA_API
636050218,ALPHA GAMMA DELTA FRATERNITY,LOCAL_CHAPTER_ENTITY,2014,990,true,406986,438420,299981,0,299981,PROPUBLICA_API
237226508,TAU KAPPA EPSILON FRATERNITY INC,LOCAL_CHAPTER_ENTITY,2014,990,true,153039,158506,349566,370058,-20492,PROPUBLICA_API
636056644,PHI GAMMA DELTA FRATERNITY,LOCAL_CHAPTER_ENTITY,2014,990,true,848088,810049,56310,1883,54427,PROPUBLICA_API
636061057,PI KAPPA ALPHA FRATERNITY,PROPERTY_HOLDING_ENTITY,2014,990,true,1917,76596,1233941,723825,510116,PROPUBLICA_API
581804021,CHI PHI FRATERNITY INC,LOCAL_CHAPTER_ENTITY,2014,990,true,-22327,658,433064,296460,136604,PROPUBLICA_API
202472978,ALPHA TAU OMEGA FRATERNITY,LOCAL_CHAPTER_ENTITY,2014,990,true,284414,287714,3428,0,3428,PROPUBLICA_API
630289644,LAMBDA CHI ALPHA FRATERNITY INC,LOCAL_CHAPTER_ENTITY,2014,990,true,755290,722545,147907,0,147907,PROPUBLICA_API
630454765,KAPPA ALPHA ORDER,UNKNOWN,2014,990,true,884914,915924,41833,0,41833,PROPUBLICA_API
631056750,ALPHA GAMMA RHO FRATERNITY,LOCAL_CHAPTER_ENTITY,2014,990,true,31074,73941,350263,248045,102218,PROPUBLICA_API
320295070,PHI SIGMA KAPPA,UNKNOWN,2014,990,true,220695,30684,673672,0,673672,PROPUBLICA_API
593024291,SIGMA CHI FOUNDATION AT AUBURN UNIVERSITY INC,EDUCATIONAL_FOUNDATION,2014,990EZ,true,9292,150,157657,0,157657,PROPUBLICA_API
630164590,PI KAPPA PHI FRATERNITY,LOCAL_CHAPTER_ENTITY,2014,990,true,539610,505486,65232,0,65232,PROPUBLICA_API
630289649,SIGMA CHI FRATERNITY,LOCAL_CHAPTER_ENTITY,2014,990,true,78294,193734,7768,39931,-32163,PROPUBLICA_API
630837474,AUBURN DELTA CHI ALUMNI CONTROL BOARD INC,PROPERTY_HOLDING_ENTITY,2014,990,true,54723,44683,552474,222092,330382,PROPUBLICA_API
237091513,ALABAMA GAMMA OF PI BETA PHI HOUSE ASSOCIATION INCORPORATED,HOUSE_CORPORATION,2014,990EZ,true,53038,63952,225887,0,225887,PROPUBLICA_API
590639987,SIGMA ALPHA EPSILON FRATERNITY,LOCAL_CHAPTER_ENTITY,2014,990,true,570722,550693,106326,4182,102144,PROPUBLICA_API
591755953,SIGMA ALPHA EPSILON FRATERNITY,LOCAL_CHAPTER_ENTITY,2014,990EZ,true,91865,65753,390079,0,390079,PROPUBLICA_API
590682455,ALPHA EPSILON PHI SORORITY,LOCAL_CHAPTER_ENTITY,2014,990,true,888066,868820,425252,63994,361257,PROPUBLICA_API
636053862,KAPPA DELTA SORORITY,LOCAL_CHAPTER_ENTITY,2014,990,true,344006,363780,207567,0,207567,PROPUBLICA_API
630316135,THETA XI FRATERNITY,LOCAL_CHAPTER_ENTITY,2014,990EZ,true,59616,53359,9085,0,9085,PROPUBLICA_API
237044651,DELTA ZETA OF DELTA TAU INC,PROPERTY_HOLDING_ENTITY,2014,990,true,265218,46577,947777,542693,405084,PROPUBLICA_API
596153391,CHI OMEGA FRATERNITY,LOCAL_CHAPTER_ENTITY,2014,990,true,268341,271172,18804,0,18804,PROPUBLICA_API
590627917,BETA THETA PI FRATERNITY,LOCAL_CHAPTER_ENTITY,2014,990,true,189982,195461,3473,0,3473,PROPUBLICA_API
593350147,DELTA TAU DELTA FRATERNITY,LOCAL_CHAPTER_ENTITY,2014,990,true,579174,667699,131001,8157,122844,PROPUBLICA_API
590638774,KAPPA DELTA SORORITY,LOCAL_CHAPTER_ENTITY,2014,990,true,266026,266894,60943,0,60943,PROPUBLICA_API
591515489,THETA CHI FRATERNITY INC,LOCAL_CHAPTER_ENTITY,2014,990,true,1131339,1060546,4158704,3620282,538422,PROPUBLICA_API
590324559,EPSILON MU ZETA OF THE LAMBDA CHI ALPHA FRATERNITY,LOCAL_CHAPTER_ENTITY,2014,990,true,359781,0,10045,13857,-3812,PROPUBLICA_API
582412093,CHI PSI FRATERNITY,LOCAL_CHAPTER_ENTITY,2014,990N,false,,,,,,PROPUBLICA_API
203675713,CHI PHI FRATERNITY,LOCAL_CHAPTER_ENTITY,2014,990,true,539974,551941,155513,2274,153239,PROPUBLICA_API
541977380,KAPPA SIGMA FRATERNITY DELTA DELTA CHAPTER,LOCAL_CHAPTER_ENTITY,2014,990,true,544688,527725,56876,0,56876,PROPUBLICA_API
590657429,ALPHA EPSILON PI FRATERNITY,LOCAL_CHAPTER_ENTITY,2014,990,true,615847,629838,50301,126,50175,PROPUBLICA_API
596141908,FLORIDA ALPHA ALUMNI OF SIGMA PHI EPSILON INC,ALUMNI_CORPORATION,2014,990,true,306598,101465,750224,22277,727946,PROPUBLICA_API
800830267,PI KAPPA PHI FRATERNITY,LOCAL_CHAPTER_ENTITY,2014,990EZ,true,190430,182592,14278,0,14278,PROPUBLICA_API
453670908,PI KAPPA ALPHA FRATERNITY,LOCAL_CHAPTER_ENTITY,2014,990,true,452251,450656,12088,0,12088,PROPUBLICA_API
590628020,KAPPA ALPHA ORDER,UNKNOWN,2014,990,true,446790,456730,340,0,340,PROPUBLICA_API
581657154,GAMMA PHI BETA SORORITY INC,LOCAL_CHAPTER_ENTITY,2014,990,true,861900,894312,138654,0,138654,PROPUBLICA_API
592643047,FLORIDA DELTA OF PI BETA PHI HOUSE CORPORATION,HOUSE_CORPORATION,2014,990,true,324776,217174,817778,79076,738702,PROPUBLICA_API
580585704,ALPHA GAMMA DELTA FRATERNITY,LOCAL_CHAPTER_ENTITY,2014,990,true,1194435,990107,232910,0,232910,PROPUBLICA_API
436049304,KAPPA ALPHA ORDER,UNKNOWN,2014,990,true,841958,829793,390652,110636,280016,PROPUBLICA_API
596139328,BETA PI OF KAPPA DELTA HOUSE CORP,HOUSE_CORPORATION,2014,990,true,1015433,922582,2138743,518787,1619956,PROPUBLICA_API
581490431,GAMMA PHI BETA SORORITY INC,LOCAL_CHAPTER_ENTITY,2014,990,true,519552,413455,1262936,791773,471163,PROPUBLICA_API
580679938,SIGMA PI FRATERNITY INTERNATIONAL INC,NATIONAL_PARENT,2014,990,true,317325,325208,4016,0,4016,PROPUBLICA_API
581909461,SIGMA PHI HOUSE CORPORATION OF KAPPA DELTA SORORITY A VIRGINIA,HOUSE_CORPORATION,2014,990,true,463700,470826,800962,140978,659984,PROPUBLICA_API
586067925,KAPPA DELTA SORORITY,LOCAL_CHAPTER_ENTITY,2014,990,true,373488,384656,89744,0,89744,PROPUBLICA_API
581025461,PHI GAMMA DELTA FRATERNITY,LOCAL_CHAPTER_ENTITY,2014,990,true,595564,557896,70574,0,70574,PROPUBLICA_API
580582498,MU CHAPTER OF SIGMA NU FRATERNITY,LOCAL_CHAPTER_ENTITY,2014,990,true,444696,436007,12659,0,12659,PROPUBLICA_API
911981486,GEORGIA DELTA OF SIGMA PHI EPSILON INC,UNKNOWN,2014,990,true,535842,501458,135307,0,135307,PROPUBLICA_API
272615266,PHI KAPPA TAU FRATERNITY,LOCAL_CHAPTER_ENTITY,2014,990EZ,true,217500,213938,4968,0,4968,PROPUBLICA_API
580592772,ALPHA GAMMA RHO FRATERNITY,LOCAL_CHAPTER_ENTITY,2014,990,true,438738,466799,77932,1151,76781,PROPUBLICA_API
580587177,THETA CHI FRATERNITY INC,LOCAL_CHAPTER_ENTITY,2014,990,true,202653,196592,75973,18147,57826,PROPUBLICA_API
310909146,PHI KAPPA PSI-GEORGIA ALPHA CHAPTER,LOCAL_CHAPTER_ENTITY,2014,990EZ,true,133205,117164,21419,0,21419,PROPUBLICA_API
586035098,ALPHA GAMMA RHO FRATERNITY,LOCAL_CHAPTER_ENTITY,2014,990,true,131020,90677,1227218,365060,862158,PROPUBLICA_API
581847110,DELTA BETA ALUMNI OF THETA CHI INC,ALUMNI_CORPORATION,2014,990EZ,true,76463,97604,390168,455639,-65471,PROPUBLICA_API
580590521,PI KAPPA ALPHA FRATERNITY,LOCAL_CHAPTER_ENTITY,2014,990,true,277587,286531,14313,0,14313,PROPUBLICA_API
580596852,LAMBDA CHI ALPHA FRATERNITY INC,LOCAL_CHAPTER_ENTITY,2014,990,true,573103,578538,101537,0,101537,PROPUBLICA_API
580591246,TAU EPSILON PHI FRATERNITY,LOCAL_CHAPTER_ENTITY,2014,990,true,490008,469214,399493,155650,243843,PROPUBLICA_API
580301953,KAPPA ALPHA ORDER,UNKNOWN,2014,990,true,656683,635922,112297,3531,108766,PROPUBLICA_API
580560996,ALPHA EPSILON PI FRATERNITY,LOCAL_CHAPTER_ENTITY,2014,990,true,387151,390398,540004,117076,422928,PROPUBLICA_API
580574897,SIGMA CHI FRATERNITY,LOCAL_CHAPTER_ENTITY,2014,990,true,347246,348095,520,0,520,PROPUBLICA_API
581743710,PHI MU FRATERNITY,LOCAL_CHAPTER_ENTITY,2014,990,true,487909,511922,2239213,110682,2128531,PROPUBLICA_API
581937914,SIGMA ALPHA EPSILON FRATERNITY,LOCAL_CHAPTER_ENTITY,2014,990,true,235229,292744,1700271,245911,1454360,PROPUBLICA_API
580574873,CHI OMEGA FRATERNITY,LOCAL_CHAPTER_ENTITY,2014,990,true,297502,284793,117267,8836,108431,PROPUBLICA_API
616034813,EPSILON OMEGA OF KAPPA DELTA HOUSE,PROPERTY_HOLDING_ENTITY,2014,990,true,354144,242836,276934,88481,188453,PROPUBLICA_API
580581459,SIGMA ALPHA EPSILON FRATERNITY,LOCAL_CHAPTER_ENTITY,2014,990,true,478143,506291,28043,27741,302,PROPUBLICA_API
580581268,DELTA TAU DELTA FRATERNITY,LOCAL_CHAPTER_ENTITY,2014,990,true,179891,182689,9369,0,9369,PROPUBLICA_API
510234811,CHI OMEGA HOUSE CORPORATION MU BETA CHAPTER,HOUSE_CORPORATION,2014,990,true,554314,508964,841319,108914,732405,PROPUBLICA_API
616026148,CHI OMEGA FRATERNITY,LOCAL_CHAPTER_ENTITY,2014,990EZ,true,70705,69260,-9150,0,-9150,PROPUBLICA_API
610469791,KAPPA DELTA SORORITY,LOCAL_CHAPTER_ENTITY,2014,990,true,236806,225054,51303,0,51303,PROPUBLICA_API
610446350,CHI OMEGA FRATERNITY,LOCAL_CHAPTER_ENTITY,2014,990,true,361399,356943,68517,0,68517,PROPUBLICA_API
310905748,LAMBDA ALPHA OF CHI OMEGA HOUSE CORPORATION INCORPORATED,HOUSE_CORPORATION,2014,990,true,297848,339381,362355,196729,165626,PROPUBLICA_API
610242405,KAPPA KAPPA GAMMA FRATERNITY,LOCAL_CHAPTER_ENTITY,2014,990,true,393300,419822,638552,228875,409677,PROPUBLICA_API
616042960,KAPPA ALPHA ORDER,UNKNOWN,2014,990EZ,true,154676,154655,3833,0,3833,PROPUBLICA_API
616033534,DELTA TAU DELTA HOUSE CORP OF KY,HOUSE_CORPORATION,2014,990,true,227644,192031,2759714,776763,1982951,PROPUBLICA_API
610444977,DELTA TAU DELTA FRATERNITY,LOCAL_CHAPTER_ENTITY,2014,990,true,341967,319662,9870,725,9145,PROPUBLICA_API
611269807,DELTA SIGMA PHI FRATERNITY INC,LOCAL_CHAPTER_ENTITY,2014,990EZ,true,183704,182469,41628,0,41628,PROPUBLICA_API
510164540,UPSILON KAPPA OF PHI GAMMA DELTA HOUSE CORP,HOUSE_CORPORATION,2014,990,true,68943,35298,462727,62908,399819,PROPUBLICA_API
310896719,ALPHA BETA LAMBDA CHAPTER OF ALPHA PHI ALPHA FRATERNITY INC,LOCAL_CHAPTER_ENTITY,2014,990EZ,true,84095,88507,78288,0,78288,PROPUBLICA_API
526036185,PHI GAMMA DELTA EDUCATIONAL FOUNDATION,EDUCATIONAL_FOUNDATION,2014,990,true,4853744,2943556,17323772,309398,17014374,PROPUBLICA_API
237359145,SIGMA PI FRATERNITY HOUSING CORP,HOUSE_CORPORATION,2014,990,true,92819,60574,637013,429467,207546,PROPUBLICA_API
721023591,DELTA CHI HOUSE CORPORATION,HOUSE_CORPORATION,2014,990EZ,true,60000,57479,328721,348000,-19279,PROPUBLICA_API
616042959,KAPPA ALPHA ORDER,UNKNOWN,2014,990EZ,true,64778,60213,6023,0,6023,PROPUBLICA_API
720603683,DELTA KAPPA OF ZETA TAU ALPHA HOUSE CORPORATION,HOUSE_CORPORATION,2014,990,true,304391,212094,969218,876921,92297,PROPUBLICA_API
726021413,CHI OMEGA FRATERNITY,LOCAL_CHAPTER_ENTITY,2014,990,true,382127,238280,1241595,13697,1227898,PROPUBLICA_API
556028175,ALPHA GAMMA DELTA FRATERNITY,LOCAL_CHAPTER_ENTITY,2014,990,true,626862,567177,462090,0,462090,PROPUBLICA_API
720961914,DELTA CHI FRATERNITY,LOCAL_CHAPTER_ENTITY,2014,990EZ,true,61000,57479,3521,0,3521,PROPUBLICA_API
720873120,ALPHA GAMMA RHO FRATERNITY,LOCAL_CHAPTER_ENTITY,2014,990,true,308190,303729,15519,0,15519,PROPUBLICA_API
726040902,LOUISIANA BETA OF PI BETA PHI HOUSE ASSOCIATION,HOUSE_CORPORATION,2014,990,true,443957,380638,595773,25937,569836,PROPUBLICA_API
576025458,KAPPA DELTA SORORITY,LOCAL_CHAPTER_ENTITY,2014,990,true,463669,468277,128598,0,128598,PROPUBLICA_API
726027982,PI KAPPA ALPHA FRATERNITY,LOCAL_CHAPTER_ENTITY,2014,990EZ,true,150221,149180,326237,40839,285398,PROPUBLICA_API
720482627,PI KAPPA ALPHA FATERNITY,UNKNOWN,2014,990EZ,true,67491,63779,10197,0,10197,PROPUBLICA_API
237069145,DELTA OMEGA HOUSE CORPORATION OF DELTA DELTA DELTA FRATERNITY,HOUSE_CORPORATION,2014,990,true,444376,226920,1499160,13738,1485422,PROPUBLICA_API
726034315,SIGMA GAMMA RHO SORORITY INC,LOCAL_CHAPTER_ENTITY,2014,990EZ,true,57331,64397,172335,43736,128599,PROPUBLICA_API
720416943,KAPPA ALPHA ORDER,UNKNOWN,2014,990,true,552863,532577,41743,0,41743,PROPUBLICA_API
726027219,DELTA KAPPA HOUSE CORP KAPPA ALPHA THETA,HOUSE_CORPORATION,2014,990,true,194547,144740,643254,119418,523836,PROPUBLICA_API
640868872,DELTA OMEGA CHAPTER HOUSE CORPORATION OF KAPPA DELTA,HOUSE_CORPORATION,2014,990,true,830026,646349,1341626,378853,962773,PROPUBLICA_API
726027878,KAPPA DELTA SORORITY,LOCAL_CHAPTER_ENTITY,2014,990,true,362521,342003,186437,30725,155712,PROPUBLICA_API
640120597,KAPPA ALPHA ORDER,UNKNOWN,2014,990,true,387415,368526,42820,0,42820,PROPUBLICA_API
640390595,LAMBDA CHI ALPHA FRATERNITY INC,LOCAL_CHAPTER_ENTITY,2014,990,true,432460,432461,20984,2816,18168,PROPUBLICA_API
340435674,MISSISSIPPI STATE UNIVERSITY DELTA CHI BUILDING CORPORATION,HOUSE_CORPORATION,2014,990,true,153617,152338,749628,539139,210489,PROPUBLICA_API
430661687,ALPHA EPSILON PI FRATERNITY,LOCAL_CHAPTER_ENTITY,2014,990,true,384429,421632,9042,1977,7065,PROPUBLICA_API
436065825,SOCIETY OF BETA SIGMA PSI,UNKNOWN,2014,990,true,413869,417944,36938,55675,-18737,PROPUBLICA_API
640310946,SIGMA ALPHA EPSILON FRATERNITY,LOCAL_CHAPTER_ENTITY,2014,990,true,583875,651458,67478,25007,42471,PROPUBLICA_API
436075111,SIGMA ALPHA EPSILON CLUB OF COLUMBIA MISSOURI,UNKNOWN,2014,990,true,244923,311464,2251910,790047,1461863,PROPUBLICA_API
463509823,BETA BETA ALUMNI OF THE DELTA SIGMA PHI FRATERNITY,ALUMNI_CORPORATION,2014,990,true,1737522,756038,3492713,2080476,1412237,PROPUBLICA_API
721523824,PHI MU FRATERNITY,LOCAL_CHAPTER_ENTITY,2014,990,true,784619,770578,3211020,2416670,794350,PROPUBLICA_API
436050433,ALPHA PHI HOUSE CORPORATION BOARD- UNIVERSITY OF MISSOURI,HOUSE_CORPORATION,2014,990,true,832126,592711,1943214,681952,1261262,PROPUBLICA_API
430282880,GAMMA PHI BETA SORORITY INC,LOCAL_CHAPTER_ENTITY,2014,990,true,295577,242595,61228,0,61228,PROPUBLICA_API
431098570,KAPPA DELTA SORORITY,LOCAL_CHAPTER_ENTITY,2014,990,true,398499,390636,96220,0,96220,PROPUBLICA_API
436059582,GAMMA PHI BETA SORORITY INC,LOCAL_CHAPTER_ENTITY,2014,990,true,736353,696886,1793603,779069,1014534,PROPUBLICA_API
510245814,ALPHA GAMMA CHAPTER OF ALPHA DELTA PI HOUSE CORP,HOUSE_CORPORATION,2014,990,true,993714,979627,4604493,3708524,895969,PROPUBLICA_API
430456430,PHI DELTA THETA FRATERNITY,LOCAL_CHAPTER_ENTITY,2014,990,true,500096,451500,140781,28574,112207,PROPUBLICA_API
436031386,DELTA XI BLDG CORP OF DELTA DELTA DELTA,UNKNOWN,2014,990,true,529117,2503079,626411,2520818,-1894407,PROPUBLICA_API
430214640,CHI OMEGA FRATERNITY,LOCAL_CHAPTER_ENTITY,2014,990,true,247996,188007,335676,36121,299555,PROPUBLICA_API
436052949,RHO ALPHA OF CHI OMEGA INC,PROPERTY_HOLDING_ENTITY,2014,990,true,770398,710089,5210212,3516808,1693404,PROPUBLICA_API
436052133,ALPHA GAMMA RHO BUILDING ASSOCIATION,HOUSE_CORPORATION,2014,990,true,253548,189768,1976183,697124,1279059,PROPUBLICA_API
900767327,KAPPA SIGMA FRATERNITY,LOCAL_CHAPTER_ENTITY,2014,990EZ,true,36067,27561,15155,0,15155,PROPUBLICA_API
430156640,ALPHA GAMMA RHO FRATERNITY,LOCAL_CHAPTER_ENTITY,2014,990,true,642806,620000,64026,1164,62862,PROPUBLICA_API
436052199,BETA THETA PI FRATERNITY,LOCAL_CHAPTER_ENTITY,2014,990,true,1348333,1338956,167026,135003,32023,PROPUBLICA_API
900767327,KAPPA SIGMA FRATERNITY,LOCAL_CHAPTER_ENTITY,2014,990N,false,,,,,,PROPUBLICA_API
736100261,SIGMA CHI FRATERNITY,LOCAL_CHAPTER_ENTITY,2014,990,true,599202,550860,1771137,1504811,266326,PROPUBLICA_API
431080165,KAPPA KAPPA GAMMA HOUSE CORP OF COLUMBIA,HOUSE_CORPORATION,2014,990,true,790931,646592,1430452,379841,1050611,PROPUBLICA_API
730580030,DELTA TAU DELTA FRATERNITY,LOCAL_CHAPTER_ENTITY,2014,990,true,729824,702925,41585,0,41585,PROPUBLICA_API
436061869,ALPHA CHI OMEGA HOUSE CORP FOR ALPHA NU CHAPTER,HOUSE_CORPORATION,2014,990,true,424902,192739,3416352,1069876,2346476,PROPUBLICA_API
237432859,SIGMA NU FRATERNITY,LOCAL_CHAPTER_ENTITY,2014,990,true,531782,536110,52946,56172,-3226,PROPUBLICA_API
900353708,THETA CHI FRATERNITY UNIVERSITY OF MISSOURI IOTA MU CHAPTER,LOCAL_CHAPTER_ENTITY,2014,990EZ,true,101759,97070,66290,0,66290,PROPUBLICA_API
430519030,SIGMA NU HOUSE CORPORATION,HOUSE_CORPORATION,2014,990,true,115527,94201,675627,338328,337299,PROPUBLICA_API
237330439,BETA THETA PI CLUB OF COLUMBIA MISSOURI,UNKNOWN,2014,990,true,1147189,489482,16089230,5337617,10751613,PROPUBLICA_API
730581503,SIGMA ALPHA EPSILON FRATERNITY,LOCAL_CHAPTER_ENTITY,2014,990,true,857484,847587,1544559,349219,1195340,PROPUBLICA_API
446013887,DELTA TAU DELTA ASSOCIATION OF COLUNBIA MO,UNKNOWN,2014,990,true,214044,155184,2384266,790037,1594229,PROPUBLICA_API
730583070,LAMBDA CHI ALPHA FRATERNITY INC,LOCAL_CHAPTER_ENTITY,2014,990,true,636146,662619,84176,67,84109,PROPUBLICA_API
430240451,DELTA TAU DELTA FRATERNITY,LOCAL_CHAPTER_ENTITY,2014,990,true,698099,646810,146478,67956,78522,PROPUBLICA_API
300407306,BETA KAPPA OF SIGMA CHI WHITE CROSS FOUNDATION,EDUCATIONAL_FOUNDATION,2014,990PF,true,141780,0,250479,1,250478,PROPUBLICA_API
311128130,PHI KAPPA PSI FRATERNITY,LOCAL_CHAPTER_ENTITY,2014,990EZ,true,78805,67347,39838,0,39838,PROPUBLICA_API
730181175,CHI OMEGA FRATERNITY,LOCAL_CHAPTER_ENTITY,2014,990,true,374642,364938,86853,0,86853,PROPUBLICA_API
730589443,PHI GAMMA DELTA FRATERNITY,LOCAL_CHAPTER_ENTITY,2014,990,true,697465,716610,112383,0,112383,PROPUBLICA_API
731440348,ALPHA PHI LUCY FINNERTY EDUCATIONAL FUND,UNKNOWN,2014,990PF,true,15946,2837,740518,10000,730518,PROPUBLICA_API
730589378,TRUSTEES OF OKLAHOMA ALPHA CHAPTER OF PI BETA PHI FRATERNITY INC,LOCAL_CHAPTER_ENTITY,2014,990,true,451555,285453,1836991,975,1836016,PROPUBLICA_API
640307103,PHI MU FRATERNITY,LOCAL_CHAPTER_ENTITY,2014,990,true,1319133,855864,3989461,1402864,2586597,PROPUBLICA_API
730582839,BETA THETA PI FRATERNITY,LOCAL_CHAPTER_ENTITY,2014,990,true,612349,521045,228292,42013,186279,PROPUBLICA_API
736103379,BETA THETA PI CORPORATION OF OKLA,UNKNOWN,2014,990,true,1316168,77744,3327692,1850000,1477692,PROPUBLICA_API
646027408,MISSISSIPPI BETA OF PI BETA PHI HOUSE ASSOCIATION INC,HOUSE_CORPORATION,2014,990,true,483376,401212,3759116,1086551,2672565,PROPUBLICA_API
510178981,GAMMA PHI BETA SORORITY INC,LOCAL_CHAPTER_ENTITY,2014,990,true,191132,190748,153491,18103,135388,PROPUBLICA_API
640330884,KAPPA DELTA SORORITY,LOCAL_CHAPTER_ENTITY,2014,990,true,330799,399899,38833,0,38833,PROPUBLICA_API
731233879,BUILDING ASSOCIATION OF THE EPSILON ALPHA CHAPT CHI OMEGA FRATERNITY,HOUSE_CORPORATION,2014,990,true,1431911,753748,4227387,44212,4183175,PROPUBLICA_API
730583442,KAPPA ALPHA ORDER,UNKNOWN,2014,990,true,378991,385420,3997,0,3997,PROPUBLICA_API
640717329,DELTA DELTA DELTA NATIONAL HOUSE CORPORATION,HOUSE_CORPORATION,2014,990,true,415056,200362,3277796,8219,3269577,PROPUBLICA_API
640304773,SIGMA NU FRATERNITY,LOCAL_CHAPTER_ENTITY,2014,990,true,953555,947717,31372,1944,29428,PROPUBLICA_API
730579972,GAMMA PHI BETA SORORITY INC,LOCAL_CHAPTER_ENTITY,2014,990,true,687263,586384,1827499,172429,1655070,PROPUBLICA_API
237229883,MISSISSIPPI ALPHA CHAPTER HOUSE CORPORATION OF PHI DELTA THETA FRA,HOUSE_CORPORATION,2014,990,true,188676,122788,1401661,376667,1024994,PROPUBLICA_API
640315255,SIGMA CHI FRATERNITY ETA CHAPTER,LOCAL_CHAPTER_ENTITY,2014,990,true,733928,725052,509320,0,509320,PROPUBLICA_API
570811123,ETA GAMMA CHAPTER OF CHI OMEGA FRATERNITY HOUSING CORPORATION,HOUSE_CORPORATION,2014,990,true,1051071,556948,3183758,0,3183758,PROPUBLICA_API
237160987,TAU OF CHI OMEGA FRATERNITY HOUSE CORPORATION,HOUSE_CORPORATION,2014,990,true,1187780,891280,2430459,3545,2426914,PROPUBLICA_API
640307108,CHI OMEGA FRATERNITY,LOCAL_CHAPTER_ENTITY,2014,990,true,315246,291069,176793,0,176793,PROPUBLICA_API
237432869,MISSISSIPPI GAMMA HOUSE ASSN OF SIGMA ALPHA EPSILON,HOUSE_CORPORATION,2014,990EZ,true,54729,44710,182331,81163,101168,PROPUBLICA_API
640315254,SIGMA ALPHA EPSILON FRATERNITY,LOCAL_CHAPTER_ENTITY,2014,990,true,757661,601851,392824,7344,385480,PROPUBLICA_API
640412138,ALPHA TAU OMEGA FRATERNITY,LOCAL_CHAPTER_ENTITY,2014,990,true,813394,810483,138630,1380,137250,PROPUBLICA_API
582279145,RHO CHAPTER KAPPA ALPHA HOUSING CORPORATION,HOUSE_CORPORATION,2014,990,true,191485,260891,862257,251613,610644,PROPUBLICA_API
576033531,PI KAPPA PHI FRATERNITY,LOCAL_CHAPTER_ENTITY,2014,990EZ,true,184593,183803,1054,0,1054,PROPUBLICA_API
640308935,PHI DELTA THETA FRATERNITY,LOCAL_CHAPTER_ENTITY,2014,990,true,946963,814854,723869,182958,540911,PROPUBLICA_API
576033523,KAPPA ALPHA ORDER,UNKNOWN,2014,990EZ,true,105021,100038,17552,0,17552,PROPUBLICA_API
237128453,LAMBDA CHI ALPHA FRATERNITY INC,LOCAL_CHAPTER_ENTITY,2014,990EZ,true,44325,40296,7836,0,7836,PROPUBLICA_API
576034943,KAPPA SIGMA FRATERNITY,LOCAL_CHAPTER_ENTITY,2014,990EZ,true,95512,102000,2076,0,2076,PROPUBLICA_API
237219356,KAPPA KAPPA GAMMA FRATERNITY INC,LOCAL_CHAPTER_ENTITY,2014,990,true,1174920,751226,4956054,664918,4291136,PROPUBLICA_API
383878997,ALPHA GAMMA DELTA FRATERNITY,LOCAL_CHAPTER_ENTITY,2014,990,true,374813,319055,119144,0,119144,PROPUBLICA_API
620256693,KAPPA SIGMA FRATERNITY,LOCAL_CHAPTER_ENTITY,2014,990,true,220065,199592,33859,0,33859,PROPUBLICA_API
570742538,CHI OMEGA FRATERNITY,LOCAL_CHAPTER_ENTITY,2014,990,true,37513,313223,75186,0,75186,PROPUBLICA_API
201554454,GAMMA PHI BETA SORORITY INC,LOCAL_CHAPTER_ENTITY,2014,990,true,453621,453063,141094,89217,51877,PROPUBLICA_API
576027420,PI KAPPA ALPHA FRATERNITY,LOCAL_CHAPTER_ENTITY,2014,990,true,272640,272640,9797,0,9797,PROPUBLICA_API
626111214,KAPPA SIGMA FRATERNITY,PROPERTY_HOLDING_ENTITY,2014,990EZ,true,89696,85756,318313,5000,313313,PROPUBLICA_API
742188211,SIGMA PHI EPSILON EDUCATION FOUNDATION OF TEXAS ALPHA,EDUCATIONAL_FOUNDATION,2014,990EZ,true,119285,123037,380395,109223,271172,PROPUBLICA_API
621414737,BETA SIGMA OF SIGMA CHI HOUSE CORPORATION,HOUSE_CORPORATION,2014,990,true,167783,175048,1689522,1444059,245463,PROPUBLICA_API
626042374,DELTA SIGMA HOUSE CORPORATION OF DELTA DELTA DELTA,HOUSE_CORPORATION,2014,990EZ,true,156442,124144,138327,0,138327,PROPUBLICA_API
626047671,KAPPA DELTA SORORITY,LOCAL_CHAPTER_ENTITY,2014,990EZ,true,187937,149711,65712,0,65712,PROPUBLICA_API
621386377,PI CHAPTER CHI OMEGA FRATERNITY HOUSE CORP,HOUSE_CORPORATION,2014,990,true,342382,450640,356918,102830,254088,PROPUBLICA_API
626047975,CHI OMEGA FRATERNITY,LOCAL_CHAPTER_ENTITY,2014,990EZ,true,126707,195654,58482,0,58482,PROPUBLICA_API
740898333,SIGMA ALPHA MU FRATERNITY,LOCAL_CHAPTER_ENTITY,2014,990,true,859182,960993,200181,173906,26275,PROPUBLICA_API
626045032,ALPHA DELTA PI HOUSE CORP ALPHA KAPPA,HOUSE_CORPORATION,2014,990,true,392873,334597,461794,740,461054,PROPUBLICA_API
741130603,ALPHA EPSILON PI FRATERNITY,LOCAL_CHAPTER_ENTITY,2014,990EZ,true,185373,184330,13421,0,13421,PROPUBLICA_API
746084912,SIGMA GAMMA RHO SORORITY INC,LOCAL_CHAPTER_ENTITY,2014,990EZ,true,0,0,1,0,1,PROPUBLICA_API
741130614,SIGMA PHI EPSILON FRATERNITY INC,LOCAL_CHAPTER_ENTITY,2014,990,true,1261331,1256968,151888,0,151888,PROPUBLICA_API
742831564,ZETA BETA TAU FRATERNITY,LOCAL_CHAPTER_ENTITY,2014,990,true,956672,878480,279716,79589,200127,PROPUBLICA_API
746047117,BUILDING CORPORATION OF DELTA CHAPTER OF ALPHA DELTA PI,HOUSE_CORPORATION,2014,990,true,586565,611605,403105,38161,364944,PROPUBLICA_API
270246718,PI KAPPA PHI FRATERNITY AT AUSTIN AREA HOUSING CORPORATION,HOUSE_CORPORATION,2014,990N,false,,,,,,PROPUBLICA_API
746084213,CHI OMEGA FRATERNITY IOTA CHAPTER UNIV OF TX AT AUSTIN,LOCAL_CHAPTER_ENTITY,2014,990,true,439212,396919,227577,0,227577,PROPUBLICA_API
743004321,TEXAS DELTA CHI HOUSING CORP,HOUSE_CORPORATION,2014,990,true,-12031,0,563147,509559,53588,PROPUBLICA_API
741130608,PHI GAMMA DELTA FRATERNITY,LOCAL_CHAPTER_ENTITY,2014,990,true,1449406,1433538,173582,113791,59791,PROPUBLICA_API
741130611,SIGMA ALPHA EPSILON FRATERNITY,LOCAL_CHAPTER_ENTITY,2014,990,true,1622985,1180461,905800,107505,798295,PROPUBLICA_API
270246718,PI KAPPA PHI FRATERNITY AT AUSTIN AREA HOUSING CORPORATION,HOUSE_CORPORATION,2014,990EZ,true,72726,65182,31529,12990,18539,PROPUBLICA_API
740555581,CHI OMEGA FRATERNITY,LOCAL_CHAPTER_ENTITY,2014,990,true,1078232,864499,1711456,82579,1628877,PROPUBLICA_API
510165062,CHI OMEGA FRATERNITY,LOCAL_CHAPTER_ENTITY,2014,990,true,290775,311629,56737,0,56737,PROPUBLICA_API
741120034,PI KAPPA ALPHA FRATERNITY,LOCAL_CHAPTER_ENTITY,2014,990,true,761539,773674,215574,225625,-10051,PROPUBLICA_API
741493205,KAPPA CHAPTER OF ZETA TAU ALPHA HOUSE CORPORATION,HOUSE_CORPORATION,2014,990,true,181794,57346,1115464,10497,1104967,PROPUBLICA_API
746060984,TEXAS ALPHA HOUSE CORPORATION OF PI BETA PHI,HOUSE_CORPORATION,2014,990,true,790379,628108,3484717,223352,3261365,PROPUBLICA_API
741116912,SIGMA CHI FRATERNITY,LOCAL_CHAPTER_ENTITY,2014,990,true,1067798,1027052,156376,20068,136308,PROPUBLICA_API
740481786,ALPHA EPSILON PHI SORORITY OMEGA CHAPTER,LOCAL_CHAPTER_ENTITY,2014,990,true,222476,213932,255943,65155,190788,PROPUBLICA_API
742061485,PI KAPPA PHI FRATERNITY DELTA OMEGA CHAPTER,LOCAL_CHAPTER_ENTITY,2014,990EZ,true,129200,129200,1,0,1,PROPUBLICA_API
510207538,SIGMA CHI FRATERNITY,LOCAL_CHAPTER_ENTITY,2014,990,true,243832,236622,14908,0,14908,PROPUBLICA_API
741932980,XI KAPPA OF CHI OMEGA HOUSE CORP,HOUSE_CORPORATION,2014,990,true,597844,439846,1426091,566200,859891,PROPUBLICA_API
134264657,GAMMA PHI BETA SORORITY INC,LOCAL_CHAPTER_ENTITY,2014,990,true,243830,255730,40420,26110,14310,PROPUBLICA_API
732350514,TEXAS ETA CHAPTER OF PI BETA PHI HOUSE CORPORATION,HOUSE_CORPORATION,2014,990,true,256349,299835,1296888,422942,873946,PROPUBLICA_API
741219941,BETA XI OF KAPPA KAPPA GAMMA HOUSE ASSOCIATION,HOUSE_CORPORATION,2014,990,true,1185804,798113,1320341,19020,1301321,PROPUBLICA_API
742205939,KAPPA DELTA SORORITY,LOCAL_CHAPTER_ENTITY,2014,990,true,336026,297810,324496,212912,111584,PROPUBLICA_API
742930349,ETA ALPHA HOUSE CORPORATION OF KAPPA DELTA SORORITY,HOUSE_CORPORATION,2014,990,true,579816,507220,1254822,1429321,-174499,PROPUBLICA_API
810575553,PHI GAMMA DELTA FRATERNITY,LOCAL_CHAPTER_ENTITY,2014,990,true,337800,358072,23012,4250,18762,PROPUBLICA_API
742205743,KAPPA ALPHA ORDER,UNKNOWN,2014,990,true,333428,339721,26876,0,26876,PROPUBLICA_API
742155975,SIGMA EPSILON OF KAPPA DELTA HOUSE CORP,HOUSE_CORPORATION,2014,990,true,808558,690093,2277769,1925383,352386,PROPUBLICA_API
273674898,PI KAPPA ALPHA FRATERNITY,LOCAL_CHAPTER_ENTITY,2014,990EZ,true,179670,179670,563,0,563,PROPUBLICA_API
741116922,DELTA TAU DELTA FRATERNITY,LOCAL_CHAPTER_ENTITY,2014,990,true,942054,913352,151470,-155,151625,PROPUBLICA_API
900652699,FIFTH DISTRICT OF OMEGA PSI PHI FRATERNITY INC,LOCAL_CHAPTER_ENTITY,2014,990EZ,true,34436,33804,111168,0,111168,PROPUBLICA_API
621218011,ALPHA DELTA PI HOUSE CORPORATION,HOUSE_CORPORATION,2014,990,true,164189,114408,485230,3410,481820,PROPUBLICA_API
746082351,DELTA TAU DELTA BUILDING ASSN,PROPERTY_HOLDING_ENTITY,2014,990,true,-8744,8176,1286463,196313,1090150,PROPUBLICA_API
621793998,KAPPA DELTA SORORITY,LOCAL_CHAPTER_ENTITY,2014,990,true,904796,889353,131443,0,131443,PROPUBLICA_API
626074044,CHI OMEGA FRATERNITY,LOCAL_CHAPTER_ENTITY,2014,990EZ,true,139904,141263,255053,0,255053,PROPUBLICA_API
742244833,DELTA TAU DELTA FRATERNITY,LOCAL_CHAPTER_ENTITY,2014,990,true,337470,299841,89559,0,89559,PROPUBLICA_API
362426170,GAMMA PHI BETA SORORITY INC,NATIONAL_PARENT,2014,990,true,7720032,5779531,14086067,2122090,11963977,PROPUBLICA_API
311410311,BETA THETA PI FRATERNITY,LOCAL_CHAPTER_ENTITY,2014,990,true,261415,269789,110006,96338,13668,PROPUBLICA_API
530209696,OMEGA PSI PHI FRATERNITY,NATIONAL_PARENT,2014,990,true,6083037,7183287,4462964,2281804,2181160,PROPUBLICA_API
530261012,ZETA PHI BETA SORORITY INC,NATIONAL_PARENT,2014,990,true,5184877,2530078,7256672,2218294,5038378,PROPUBLICA_API
010158948,SIGMA KAPPA SORORITY,NATIONAL_PARENT,2014,990,true,3434511,3009726,7215673,3805098,3410575,PROPUBLICA_API
621781729,ZETA PHI BETA SORORITY INC PI ZETA CHAPTER,LOCAL_CHAPTER_ENTITY,2014,990EZ,true,23484,27580,41629,28617,13012,PROPUBLICA_API
626047662,KAPPA DELTA SORORITY,LOCAL_CHAPTER_ENTITY,2014,990,true,281590,221516,101347,0,101347,PROPUBLICA_API
381543609,SIGMA ALPHA IOTA FRATERNITY,NATIONAL_PARENT,2014,990,true,1120243,943968,817632,114000,703632,PROPUBLICA_API
430765719,THETA TAU,NATIONAL_PARENT,2014,990,true,771398,524484,1431548,29722,1401826,PROPUBLICA_API
621466616,BETA TAU HOUSE CORPORATION OF KAPPA DELTA SORORITY,HOUSE_CORPORATION,2014,990EZ,true,140391,152622,251326,2625,248701,PROPUBLICA_API
310406470,PHI DELTA THETA FRATERNITY,NATIONAL_PARENT,2014,990,true,4328363,4526065,6832929,818623,6014306,PROPUBLICA_API
231431779,KAPPA ALPHA PSI FRATERNITY INC,NATIONAL_PARENT,2014,990,true,3582551,3684339,6684852,508639,6176213,PROPUBLICA_API
310851686,CHI OMEGA FRATERNITY,NATIONAL_PARENT,2014,990,true,5892280,5226376,13813999,1544280,12269719,PROPUBLICA_API
361996950,ZETA TAU ALPHA INTL FRATERNITY & FRATERNITY HOUSING CORPORATION,NATIONAL_PARENT,2014,990,true,17348133,13398099,54800587,10870310,43930277,PROPUBLICA_API
221281800,SIGMA PI FRATERNITY INTERNATIONAL,NATIONAL_PARENT,2014,990,true,1880043,2233937,2858685,815952,2042733,PROPUBLICA_API
350141875,ALPHA CHI OMEGA FRATERNITY INC,NATIONAL_PARENT,2014,990,true,8289732,7781347,13925589,9041777,4883812,PROPUBLICA_API
221550561,ALPHA GAMMA DELTA FRATERNITY,NATIONAL_PARENT,2014,990,true,4750432,5517030,11636183,5361898,6274285,PROPUBLICA_API
131306360,SIGMA ALPHA MU FRATERNITY INC,NATIONAL_PARENT,2014,990,true,1935020,1889731,7441951,2281517,5160434,PROPUBLICA_API
362362161,PHI KAPPA PSI FRATERNITY,NATIONAL_PARENT,2014,990,true,3920292,3175439,7834667,276858,7557809,PROPUBLICA_API
210577978,THETA CHI FRATERNITY INC,NATIONAL_PARENT,2014,990,true,3712197,3572147,6876988,2741852,4135136,PROPUBLICA_API
382900287,PHI SIGMA RHO NATIONAL SORORITY,NATIONAL_PARENT,2014,990,true,232723,161607,305482,2715,302767,PROPUBLICA_API
314164901,DELTA GAMMA FRATERNITY,NATIONAL_PARENT,2014,990,true,5016836,4191269,11998119,1216855,10781264,PROPUBLICA_API
620533776,PHI MU FRATERNITY,NATIONAL_PARENT,2014,990,true,4793254,3815358,16750841,4117355,12633486,PROPUBLICA_API
350267650,DELTA TAU DELTA FRATERNITY,NATIONAL_PARENT,2014,990,true,4616583,4083678,12120932,1512876,10608056,PROPUBLICA_API
530125862,PHI GAMMA DELTA FRATERNITY,NATIONAL_PARENT,2014,990,true,4343143,4457366,12375760,572222,11803538,PROPUBLICA_API
730593444,KAPPA KAPPA PSI FRATERNITY,NATIONAL_PARENT,2014,990,true,729069,736944,1009425,56878,952547,PROPUBLICA_API
362077508,ALPHA PHI INTERNATIONAL FRATERNITY INC,NATIONAL_PARENT,2014,990,true,7576193,6170486,14091943,1571893,12520050,PROPUBLICA_API
430689936,SIGMA TAU GAMMA FRATERNITY,NATIONAL_PARENT,2014,990,true,1409622,1247503,1549415,649264,900151,PROPUBLICA_API
361773950,SIGMA ALPHA EPSILON FRATERNITY,NATIONAL_PARENT,2014,990,true,8332561,7475835,9359909,3790423,5569486,PROPUBLICA_API
131714532,KAPPA SIGMA FRATERNITY,NATIONAL_PARENT,2014,990,true,4997982,4858040,6428655,963246,5465409,PROPUBLICA_API
131496630,ZETA PSI FRATERNITY OF NORTH AMERICA,NATIONAL_PARENT,2014,990,true,653503,748839,662264,61427,600837,PROPUBLICA_API
430769468,ALPHA EPSILON PI FRATERNITY INC,NATIONAL_PARENT,2014,990,true,3245066,3668397,5535265,1331366,4203899,PROPUBLICA_API
580191430,CHI PHI FRATERNITY INC,NATIONAL_PARENT,2014,990,true,1290844,1187774,1291280,107944,1183336,PROPUBLICA_API
440500006,KAPPA DELTA SORORITY INC,NATIONAL_PARENT,2014,990,true,8667782,4966542,41060981,6614292,34446689,PROPUBLICA_API
362152330,ALPHA KAPPA ALPHA SORORITY INC,NATIONAL_PARENT,2014,990,true,25228718,24789416,33069044,6163452,26905592,PROPUBLICA_API
130604310,DELTA KAPPA EPSILON FRATERNITY,NATIONAL_PARENT,2014,990,true,1301262,1142589,749711,159334,590377,PROPUBLICA_API
570340150,PI KAPPA PHI FRATERNITY,NATIONAL_PARENT,2014,990,true,4205830,4033929,6909124,2988253,3920871,PROPUBLICA_API
370464584,PI BETA PHI FRATERNITY,NATIONAL_PARENT,2014,990,true,18610377,5580472,38550085,2794775,35755310,PROPUBLICA_API
311353726,DELTA ZETA NATIONAL HOUSING CORPORATION,NATIONAL_PARENT,2014,990,true,2598858,1952101,14496418,2993297,11503121,PROPUBLICA_API
314359813,ALPHA SIGMA PHI FRATERNITY INC,NATIONAL_PARENT,2014,990,true,2768917,2358909,2141399,379563,1761836,PROPUBLICA_API
580310956,KAPPA ALPHA ORDER,NATIONAL_PARENT,2014,990,true,4049341,3920674,6314123,1236968,5077155,PROPUBLICA_API
361305568,KAPPA ALPHA THETA FRATERNITY,NATIONAL_PARENT,2014,990,true,8464493,7173324,36507465,24007556,12499909,PROPUBLICA_API
314221880,KAPPA KAPPA GAMMA FRATERNITY INC,NATIONAL_PARENT,2014,990,true,7179976,5966349,10828604,1577978,9250626,PROPUBLICA_API
580638489,ALPHA DELTA PI SORORITY,NATIONAL_PARENT,2014,990,true,5069790,4219013,7823625,85908,7737717,PROPUBLICA_API
310406478,PHI KAPPA TAU FRATERNITY,NATIONAL_PARENT,2014,990,true,2091535,1552766,2945438,1094961,1850477,PROPUBLICA_API
370152140,ALPHA TAU OMEGA FRATERNITY,NATIONAL_PARENT,2014,990,true,4218703,3983918,7168595,907127,6261468,PROPUBLICA_API
362374316,DELTA DELTA DELTA,NATIONAL_PARENT,2014,990,true,6977449,5355094,19552353,1532144,18020209,PROPUBLICA_API
620458346,PI KAPPA ALPHA FRATERNITY,NATIONAL_PARENT,2014,990,true,4624926,4577748,1903391,539312,1364079,PROPUBLICA_API
530215218,DELTA SIGMA THETA SORORITY INC,NATIONAL_PARENT,2014,990,true,38421222,35433867,33254758,10728041,22526717,PROPUBLICA_API
310531047,BETA THETA PI FRATERNITY,NATIONAL_PARENT,2014,990,true,5772871,5494379,6564944,1621576,4943368,PROPUBLICA_API
361773960,SIGMA CHI FRATERNITY,NATIONAL_PARENT,2014,990,true,3518799,3596518,9987480,1077365,8910115,PROPUBLICA_API
370152080,ALPHA GAMMA RHO FRATERNITY,NATIONAL_PARENT,2014,990,true,1693481,1551277,6218389,2354400,3863989,PROPUBLICA_API
230967790,PHI KAPPA SIGMA FRATERNITY GRAND CHAPTER,NATIONAL_PARENT,2014,990,true,1011582,1032512,1112446,25504,1086942,PROPUBLICA_API
300174261,TAU KAPPA EPSILON FRATERNITY INC,NATIONAL_PARENT,2014,990,true,5979420,5792656,4829165,1752804,3076361,PROPUBLICA_API
620950113,ALPHA OMICRON PI FRATERNITY INC,NATIONAL_PARENT,2014,990,true,6158043,4291383,21843633,3850065,17993568,PROPUBLICA_API
840405009,DELTA SIGMA PHI FRATERNITY INC NATIONAL HEADQUARTERS,NATIONAL_PARENT,2014,990,true,3709355,3632930,2220546,824886,1395660,PROPUBLICA_API
420212285,DELTA CHI FRATERNITY,NATIONAL_PARENT,2014,990,true,2769261,2321237,11387942,232020,11155922,PROPUBLICA_API
540628798,SIGMA NU FRATERNITY INC,NATIONAL_PARENT,2014,990,true,4739230,3862480,8057379,3209622,4847757,PROPUBLICA_API
540379370,SIGMA PHI EPSILON FRATERNITY INC,NATIONAL_PARENT,2014,990,true,9700010,9017581,52005245,34864658,17140587,PROPUBLICA_API
730654150,SIGMA SIGMA SIGMA INC,NATIONAL_PARENT,2014,990,true,2771661,2397532,5623638,1037591,4586047,PROPUBLICA_API
431971836,DELTA PHI EPSILON SORORITY INC,NATIONAL_PARENT,2014,990,true,1831828,1806224,3197380,1963079,1234301,PROPUBLICA_API
562163357,THETA NU XI MULTICULTURAL SORORITY INCORPORATED,NATIONAL_PARENT,2014,990,true,41856,22526,175278,0,175278,PROPUBLICA_API
562163357,THETA NU XI MULTICULTURAL SORORITY INCORPORATED,NATIONAL_PARENT,2014,990EZ,true,104628,101115,135249,0,135249,PROPUBLICA_API
386089059,CHI PSI FRATERNITY,NATIONAL_PARENT,2014,990,true,1155316,1112440,3250337,1166591,2083746,PROPUBLICA_API
231500981,THE GRAND CHAPTER OF PHI SIGMA KAPPA,NATIONAL_PARENT,2014,990,true,2048285,1984118,1096530,290934,805596,PROPUBLICA_API
131368460,TAU EPSILON PHI FRATERNITY INC,NATIONAL_PARENT,2014,990,true,267593,178193,379396,47315,332081,PROPUBLICA_API
362024274,SIGMA DELTA TAU SOCIETY,NATIONAL_PARENT,2014,990,true,1819990,1408076,3592943,834604,2758339,PROPUBLICA_API
352103442,ALPHA XI DELTA NATIONAL HOUSING CORPORATION INC,NATIONAL_PARENT,2014,990EZ,true,0,0,1,0,1,PROPUBLICA_API
350868356,PHI DELTA THETA FRATERNITY,LOCAL_CHAPTER_ENTITY,2013,990EZ,true,194313,205066,6052,3460,2592,PROPUBLICA_API
592339079,PHI DELTA THETA FRATERNITY,LOCAL_CHAPTER_ENTITY,2013,990,true,588998,629366,197560,227543,-29983,PROPUBLICA_API
593282583,PHI DELTA THETA CHAPTER HOUSE ASSOCIATION INC,HOUSE_CORPORATION,2013,990EZ,true,191286,223072,444094,769307,-325213,PROPUBLICA_API
630164075,PHI DELTA THETA FRATERNITY,LOCAL_CHAPTER_ENTITY,2013,990,true,212393,203925,13874,914,12960,PROPUBLICA_API
630893932,PHI MU HOUSE CORPORATION,HOUSE_CORPORATION,2013,990,true,1664654,690282,4989973,15119,4974854,PROPUBLICA_API
631053272,PHI DELTA THETA FRATERNITY,LOCAL_CHAPTER_ENTITY,2013,990,true,2638371,923177,7251017,5025848,2225169,PROPUBLICA_API
596135388,CHI OMEGA HOUSING CORPORATION,HOUSE_CORPORATION,2013,990,true,1217284,631812,2449340,46192,2403148,PROPUBLICA_API
636091968,THE NU BETA CHAPTER OF THE CHI OMEGA HOUSE ASSOCIATION INC,HOUSE_CORPORATION,2013,990,true,1572040,1051833,2498707,18088,2480619,PROPUBLICA_API
636050290,CHI OMEGA FRATERNITY,LOCAL_CHAPTER_ENTITY,2013,990,true,648284,590297,234976,13745,221231,PROPUBLICA_API
640392826,CHI OMEGA FRATERNITY,LOCAL_CHAPTER_ENTITY,2013,990,true,333099,312368,38357,0,38357,PROPUBLICA_API
264170711,UNIVERSITY OF ALABAMA CHAPTER OF SIGMA PI FRATERNITY HOUSING,LOCAL_CHAPTER_ENTITY,2013,990,true,665937,624816,3174625,3086622,88003,PROPUBLICA_API
636103404,PHI GAMMA DELTA FRATERNITY,LOCAL_CHAPTER_ENTITY,2013,990,true,393416,181944,3082600,1212574,1870026,PROPUBLICA_API
640723232,KAPPA ALPHA CHAPTER OF PHI MU FRATERNITY HOUSE CORPORATION,HOUSE_CORPORATION,2013,990,true,771673,519639,1482456,2144,1480312,PROPUBLICA_API
560548249,PHI GAMMA DELTA FRATERNITY,LOCAL_CHAPTER_ENTITY,2013,990,true,686458,525740,219032,0,219032,PROPUBLICA_API
630164080,PHI GAMMA DELTA FRATERNITY,LOCAL_CHAPTER_ENTITY,2013,990,true,1117924,1089061,129969,79230,50739,PROPUBLICA_API
420467540,PHI KAPPA PSI FRATERNITY,LOCAL_CHAPTER_ENTITY,2013,990,true,512805,473955,169197,1150,168047,PROPUBLICA_API
630289653,THETA CHI FRATERNITY INC,LOCAL_CHAPTER_ENTITY,2013,990,true,1075506,952880,218982,51478,167504,PROPUBLICA_API
237109085,ALPHA PHI ZETA HOUSE CORPORATION OF LAMBDA CHI ALPHA FRATERNITY,HOUSE_CORPORATION,2013,990,true,315435,329149,4085977,3157807,928170,PROPUBLICA_API
380293927,SIGMA KAPPA CORPORATION,UNKNOWN,2013,990,true,467190,384463,1089115,3123,1085992,PROPUBLICA_API
630458038,PHI KAPPA PSI FRATERNITY ALABAMA ALPHA CHAPTER,LOCAL_CHAPTER_ENTITY,2013,990,true,461929,435318,71135,2920,68215,PROPUBLICA_API
936036290,PHI KAPPA PSI FRATERNITY,LOCAL_CHAPTER_ENTITY,2013,990,true,448239,438583,85122,0,85122,PROPUBLICA_API
320257409,BETA MU HOUSE CORP OF ALPHA PHI INTERNATIONAL FRATERNITY INC,HOUSE_CORPORATION,2013,990,true,1459727,737614,2367520,26225,2341295,PROPUBLICA_API
941367157,ALPHA PHI BUILDING CORPORATION,HOUSE_CORPORATION,2013,990,true,710525,587480,2145298,215934,1929364,PROPUBLICA_API
630007510,ALPHA GAMMA DELTA FRATERNITY,LOCAL_CHAPTER_ENTITY,2013,990,true,1873424,1866396,295850,35606,260244,PROPUBLICA_API
237235595,ALPHA GAMMA DELTA FRATERNITY,LOCAL_CHAPTER_ENTITY,2013,990,true,3287000,483363,9493744,5302924,4190820,PROPUBLICA_API
630056965,DELTA KAPPA EPSILON COUNCIL,UNKNOWN,2013,990,true,1241680,1070829,171481,98353,73128,PROPUBLICA_API
631004292,GAMMA PHI BETA SORORITY INC,LOCAL_CHAPTER_ENTITY,2013,990,true,1406707,783602,2794587,562719,2231868,PROPUBLICA_API
630818055,ALABAMA BETA OF PI BETA PHI HOUSE ASSOCIATION INCORPORATED,HOUSE_CORPORATION,2013,990,true,855018,417542,1991829,629669,1362160,PROPUBLICA_API
451298367,UNIVERSITY OF ALABAMA CHAPTER OF THETA CHI HOUSING CORPORATION,HOUSE_CORPORATION,2013,990,true,584971,42059,722170,0,722170,PROPUBLICA_API
630980702,KAPPA DELTA SORORITY,LOCAL_CHAPTER_ENTITY,2013,990,true,1502450,804348,4163412,29422,4133990,PROPUBLICA_API
630733120,ZETA BETA TAU FRATERNITY,LOCAL_CHAPTER_ENTITY,2013,990,true,528948,290087,4465826,3478040,987786,PROPUBLICA_API
630120537,LAMBDA CHI ALPHA FRATERNITY INC,LOCAL_CHAPTER_ENTITY,2013,990,true,878590,853872,73315,15123,58192,PROPUBLICA_API
237114590,EPSILON CHI ZETA HOUSE CORPORATION OF LAMBDA CHI ALPHA FRATERNITY,HOUSE_CORPORATION,2013,990,true,70633,31116,522318,181665,340653,PROPUBLICA_API
630233975,ZETA BETA TAU FRATERNITY,LOCAL_CHAPTER_ENTITY,2013,990,true,785885,691736,101962,48539,53423,PROPUBLICA_API
621370853,GAMMA PHI BETA SORORITY,LOCAL_CHAPTER_ENTITY,2013,990,true,348399,339299,91437,40895,50542,PROPUBLICA_API
630188870,SIGMA ALPHA EPSILON FRATERNITY,LOCAL_CHAPTER_ENTITY,2013,990,true,387282,391735,39220,24726,14494,PROPUBLICA_API
630115520,KAPPA DELTA SORORITY,LOCAL_CHAPTER_ENTITY,2013,990,true,606769,575146,301312,170091,131221,PROPUBLICA_API
631030493,PSI OF DELTA KAPPA EPSILON HOUSE CORPORATION OF UNIVERSITY ALABAMA,HOUSE_CORPORATION,2013,990,true,444642,480541,7545387,4502185,3043202,PROPUBLICA_API
566062593,DELTA KAPPA EPSILON COUNCIL,UNKNOWN,2013,990,true,544682,558206,35308,17700,17608,PROPUBLICA_API
593078421,KAPPA ALPHA HOUSING ASSOCIATION OF FLORIDA INC,UNKNOWN,2013,990EZ,true,151700,124200,227019,16093,210926,PROPUBLICA_API
741132044,KAPPA SIGMA FRATERNITY,LOCAL_CHAPTER_ENTITY,2013,990,true,1049622,1005652,117444,278804,-161360,PROPUBLICA_API
380293670,ALPHA DELTA PHI PENINSULAR CHAPTER,PROPERTY_HOLDING_ENTITY,2013,990EZ,true,113533,113533,23265,5450,17815,PROPUBLICA_API
580596934,PI KAPPA PHI FRATERNITY,LOCAL_CHAPTER_ENTITY,2013,990,true,622266,597564,344264,320057,24207,PROPUBLICA_API
630164600,PI KAPPA PHI FRATERNITY,LOCAL_CHAPTER_ENTITY,2013,990,true,1515755,955090,1273377,85201,1188176,PROPUBLICA_API
636049922,HOUSE BOARD OF GAMMA PI OF KAPPA KAPPA GAMMA,UNKNOWN,2013,990,true,1499460,909631,3685581,71129,3614452,PROPUBLICA_API
630289642,KAPPA ALPHA ORDER,UNKNOWN,2013,990,true,1181684,1097735,78710,8085,70625,PROPUBLICA_API
430349090,THE ALPHA KAPPA CHAPTER OF THE KAPPA ALPHA FRATERNITY,LOCAL_CHAPTER_ENTITY,2013,990,true,156572,91316,1506711,253391,1253320,PROPUBLICA_API
630020370,KAPPA SIGMA FRATERNITY,LOCAL_CHAPTER_ENTITY,2013,990,true,865297,784885,153272,53526,99746,PROPUBLICA_API
386068594,ALPHA DELTA PHI INTERNATIONAL INC,UNKNOWN,2013,990EZ,true,56122,41397,110255,60992,49263,PROPUBLICA_API
630057000,DELTA TAU DELTA FRATERNITY,LOCAL_CHAPTER_ENTITY,2013,990,true,627822,604214,134905,20338,114567,PROPUBLICA_API
581648136,IOTA ALUMNI OF PI KAPPA PHI INC,ALUMNI_CORPORATION,2013,990,true,136893,165192,996944,332894,664050,PROPUBLICA_API
351780304,PI KAPPA PHI INC,UNKNOWN,2013,990,true,897157,725294,1678198,972686,705512,PROPUBLICA_API
630007530,ALPHA TAU OMEGA FRATERNITY,LOCAL_CHAPTER_ENTITY,2013,990,true,1844937,1398427,8422517,4118023,4304494,PROPUBLICA_API
581793975,ZETA IOTA CHAPTER OF ALPHA DELTA PI HOUSE CORPORATION,HOUSE_CORPORATION,2013,990,true,35847,0,458577,0,458577,PROPUBLICA_API
630457980,BETA THETA PI FRATERNITY,LOCAL_CHAPTER_ENTITY,2013,990,true,1116108,1078777,349465,54014,295451,PROPUBLICA_API
630056950,DELTA CHI FRATERNITY,LOCAL_CHAPTER_ENTITY,2013,990,true,829082,746423,59744,19244,40500,PROPUBLICA_API
630164090,PHI KAPPA SIGMA FRATERNITY,LOCAL_CHAPTER_ENTITY,2013,990EZ,true,113879,118439,1456,0,1456,PROPUBLICA_API
546038429,PSI CHAPTER OF SIGMA CHI HOUSE CORP,HOUSE_CORPORATION,2013,990EZ,true,126453,119371,440100,0,440100,PROPUBLICA_API
630188910,SIGMA DELTA TAU SOCIETY,UNKNOWN,2013,990EZ,true,140249,128970,20421,0,20421,PROPUBLICA_API
710245516,SIGMA CHI FRATERNITY,LOCAL_CHAPTER_ENTITY,2013,990,true,882897,837227,192062,8875,183187,PROPUBLICA_API
716061509,CHI OMEGA FRATERNITY,LOCAL_CHAPTER_ENTITY,2013,990,true,437900,395168,84740,0,84740,PROPUBLICA_API
630164580,PI KAPPA ALPHA FRATERNITY,LOCAL_CHAPTER_ENTITY,2013,990,true,910420,903529,57628,42956,14672,PROPUBLICA_API
631006177,GAMMA ALPHA OF PI KAPPA ALPHA HOUSE CORPORATIONS,UNKNOWN,2013,990,true,255946,513201,6653627,3662435,2991192,PROPUBLICA_API
630289650,SIGMA CHI FRATERNITY,LOCAL_CHAPTER_ENTITY,2013,990,true,1261007,1204874,95305,48513,46792,PROPUBLICA_API
462071035,ALABAMA BETA CHAPTER OF THE SIGMA PHI EPSILON FRATERNITY,LOCAL_CHAPTER_ENTITY,2013,990EZ,true,140615,134632,42065,0,42065,PROPUBLICA_API
710230717,PHI DELTA THETA FRATERNITY,LOCAL_CHAPTER_ENTITY,2013,990,true,261788,256946,48295,0,48295,PROPUBLICA_API
272795242,DELTA CHI-UNIVERSITY OF ALABAMA CHAPTER HOUSE CORPORATION,HOUSE_CORPORATION,2013,990,true,223697,142842,372392,103419,268973,PROPUBLICA_API
590626226,SIGMA CHI FRATERNITY,LOCAL_CHAPTER_ENTITY,2013,990,true,458266,390585,175766,120329,55437,PROPUBLICA_API
630188940,SIGMA NU FRATERNITY,LOCAL_CHAPTER_ENTITY,2013,990,true,1187814,1086742,104752,31269,73483,PROPUBLICA_API
710245458,LAMBDA CHI ALPHA CORPORATION OF FAYETTEVILLE ARKANSAS,UNKNOWN,2013,990,true,547953,473799,501803,213546,288257,PROPUBLICA_API
710237930,KAPPA SIGMA FRATERNITY,LOCAL_CHAPTER_ENTITY,2013,990,true,577957,595199,16453,0,16453,PROPUBLICA_API
710296927,ALPHA DELTA PI SORORITY,LOCAL_CHAPTER_ENTITY,2013,990,true,680736,436224,951818,2532,949286,PROPUBLICA_API
716057345,DELTA DELTA DELTA FRATERNITY DELTA IOTA HOUSE CORP,HOUSE_CORPORATION,2013,990,true,431962,149319,707526,0,707526,PROPUBLICA_API
710673722,KAPPA DELTA SORORITY,LOCAL_CHAPTER_ENTITY,2013,990,true,359116,351562,87733,0,87733,PROPUBLICA_API
710243898,SIGMA ALPHA EPSILON FRATERNITY,LOCAL_CHAPTER_ENTITY,2013,990,true,642887,606506,77476,25000,52476,PROPUBLICA_API
636066478,GAMMA PHI BETA SORORITY INC,LOCAL_CHAPTER_ENTITY,2013,990,true,367012,364514,28967,0,28967,PROPUBLICA_API
237114376,ARKANSAS PI BETA PHI HOUSE ASSOC,UNKNOWN,2013,990,true,182728,142475,1991314,17653,1973661,PROPUBLICA_API
237153933,SIGMA NU BUILDING BETA THETA CHAPTER,PROPERTY_HOLDING_ENTITY,2013,990,true,29285,13060,1271276,785576,485700,PROPUBLICA_API
630188930,SIGMA NU FRATERNITY,LOCAL_CHAPTER_ENTITY,2013,990,true,613346,576646,54398,860,53538,PROPUBLICA_API
636050289,CHI OMEGA FRATERNITY,LOCAL_CHAPTER_ENTITY,2013,990,true,268707,280381,77766,4524,73242,PROPUBLICA_API
636050218,ALPHA GAMMA DELTA FRATERNITY,LOCAL_CHAPTER_ENTITY,2013,990,true,397582,403319,331415,0,331415,PROPUBLICA_API
237226508,TAU KAPPA EPSILON FRATERNITY INC,LOCAL_CHAPTER_ENTITY,2013,990,true,213247,204747,367581,382606,-15025,PROPUBLICA_API
264795406,PHI THETA CHAPTER HOUSE CORPORATION OF DELTA DELTA DELTA FRATERNITY,HOUSE_CORPORATION,2013,990N,false,,,,,,PROPUBLICA_API
636056644,PHI GAMMA DELTA FRATERNITY,LOCAL_CHAPTER_ENTITY,2013,990,true,815474,777874,22924,6538,16386,PROPUBLICA_API
636061057,PI KAPPA ALPHA FRATERNITY,PROPERTY_HOLDING_ENTITY,2013,990,true,-30039,5122,1331075,746280,584795,PROPUBLICA_API
581804021,CHI PHI FRATERNITY INC,LOCAL_CHAPTER_ENTITY,2013,990,true,-46696,8278,443477,283888,159589,PROPUBLICA_API
202472978,ALPHA TAU OMEGA FRATERNITY,LOCAL_CHAPTER_ENTITY,2013,990,true,297144,294793,6728,0,6728,PROPUBLICA_API
630289644,LAMBDA CHI ALPHA FRATERNITY INC,LOCAL_CHAPTER_ENTITY,2013,990,true,630710,597473,115162,0,115162,PROPUBLICA_API
630454765,KAPPA ALPHA ORDER,UNKNOWN,2013,990,true,884656,747046,159243,0,159243,PROPUBLICA_API
631056750,ALPHA GAMMA RHO FRATERNITY,LOCAL_CHAPTER_ENTITY,2013,990,true,50086,90481,377420,232336,145084,PROPUBLICA_API
320295070,PHI SIGMA KAPPA,UNKNOWN,2013,990EZ,true,172981,21598,483661,0,483661,PROPUBLICA_API
630838676,CHI PHI FRATERNITY INC,LOCAL_CHAPTER_ENTITY,2013,990,true,10545,13032,14222,0,14222,PROPUBLICA_API
593024291,SIGMA CHI FOUNDATION AT AUBURN UNIVERSITY INC,EDUCATIONAL_FOUNDATION,2013,990EZ,true,12979,4950,148515,0,148515,PROPUBLICA_API
630164590,PI KAPPA PHI FRATERNITY,LOCAL_CHAPTER_ENTITY,2013,990,true,448173,277053,589689,0,589689,PROPUBLICA_API
630289649,SIGMA CHI FRATERNITY,LOCAL_CHAPTER_ENTITY,2013,990,true,496749,464695,146372,62589,83783,PROPUBLICA_API
630837474,AUBURN DELTA CHI ALUMNI CONTROL BOARD INC,PROPERTY_HOLDING_ENTITY,2013,990,true,52843,45303,542505,222163,320343,PROPUBLICA_API
200293448,DELTA TAU DELTA FRATERNITY,LOCAL_CHAPTER_ENTITY,2013,990EZ,true,171720,171720,26775,0,26775,PROPUBLICA_API
237091513,ALABAMA GAMMA OF PI BETA PHI HOUSE ASSOCIATION INCORPORATED,HOUSE_CORPORATION,2013,990EZ,true,37986,13914,236801,0,236801,PROPUBLICA_API
590639987,SIGMA ALPHA EPSILON FRATERNITY,LOCAL_CHAPTER_ENTITY,2013,990,true,558983,526134,89448,7332,82116,PROPUBLICA_API
591755953,SIGMA ALPHA EPSILON FRATERNITY,LOCAL_CHAPTER_ENTITY,2013,990EZ,true,100494,44908,401171,37204,363967,PROPUBLICA_API
590682455,ALPHA EPSILON PHI SORORITY,LOCAL_CHAPTER_ENTITY,2013,990,true,856621,784351,388386,46375,342011,PROPUBLICA_API
636053862,KAPPA DELTA SORORITY,LOCAL_CHAPTER_ENTITY,2013,990,true,344934,368684,227341,0,227341,PROPUBLICA_API
237044651,DELTA ZETA OF DELTA TAU INC,PROPERTY_HOLDING_ENTITY,2013,990EZ,true,121540,39390,352091,165648,186443,PROPUBLICA_API
596153391,CHI OMEGA FRATERNITY,LOCAL_CHAPTER_ENTITY,2013,990,true,240140,255502,21635,0,21635,PROPUBLICA_API
590627917,BETA THETA PI FRATERNITY,LOCAL_CHAPTER_ENTITY,2013,990,true,239263,245434,8952,0,8952,PROPUBLICA_API
593350147,DELTA TAU DELTA FRATERNITY,LOCAL_CHAPTER_ENTITY,2013,990,true,589823,495036,242629,31260,211368,PROPUBLICA_API
590638774,KAPPA DELTA SORORITY,LOCAL_CHAPTER_ENTITY,2013,990,true,314449,299781,61811,0,61811,PROPUBLICA_API
591515489,THETA CHI FRATERNITY INC,LOCAL_CHAPTER_ENTITY,2013,990,true,1028939,705080,3511814,3044185,467629,PROPUBLICA_API
590324559,EPSILON MU ZETA OF THE LAMBDA CHI ALPHA FRATERNITY,LOCAL_CHAPTER_ENTITY,2013,990,true,322429,319029,4481,27168,-22687,PROPUBLICA_API
582412093,CHI PSI FRATERNITY,LOCAL_CHAPTER_ENTITY,2013,990N,false,,,,,,PROPUBLICA_API
203675713,CHI PHI FRATERNITY,LOCAL_CHAPTER_ENTITY,2013,990,true,514322,438010,171984,6777,165206,PROPUBLICA_API
541977380,KAPPA SIGMA FRATERNITY DELTA DELTA CHAPTER,LOCAL_CHAPTER_ENTITY,2013,990,true,431415,411318,15143,0,15143,PROPUBLICA_API
590657429,ALPHA EPSILON PI FRATERNITY,LOCAL_CHAPTER_ENTITY,2013,990,true,577745,554635,64166,0,64166,PROPUBLICA_API
596141908,FLORIDA ALPHA ALUMNI OF SIGMA PHI EPSILON INC,ALUMNI_CORPORATION,2013,990,true,206493,128742,522813,0,522813,PROPUBLICA_API
453670908,PI KAPPA ALPHA FRATERNITY,LOCAL_CHAPTER_ENTITY,2013,990,true,248538,249154,10493,0,10493,PROPUBLICA_API
590628020,KAPPA ALPHA ORDER,UNKNOWN,2013,990,true,463068,460070,10280,0,10280,PROPUBLICA_API
596203032,PHI MU FRATERNITY,PROPERTY_HOLDING_ENTITY,2013,990,true,765141,587519,1313436,983406,330030,PROPUBLICA_API
592643047,FLORIDA DELTA OF PI BETA PHI HOUSE CORPORATION,HOUSE_CORPORATION,2013,990,true,263632,244568,769383,138283,631100,PROPUBLICA_API
580585704,ALPHA GAMMA DELTA FRATERNITY,LOCAL_CHAPTER_ENTITY,2013,990,true,911823,997787,28582,0,28582,PROPUBLICA_API
436049304,KAPPA ALPHA ORDER,UNKNOWN,2013,990,true,909610,861217,374384,106533,267851,PROPUBLICA_API
596139328,BETA PI OF KAPPA DELTA HOUSE CORP,HOUSE_CORPORATION,2013,990,true,949197,603109,1647608,120503,1527105,PROPUBLICA_API
581657154,GAMMA PHI BETA SORORITY INC,LOCAL_CHAPTER_ENTITY,2013,990,true,434149,330623,254116,0,254116,PROPUBLICA_API
581490431,GAMMA PHI BETA SORORITY INC,LOCAL_CHAPTER_ENTITY,2013,990,true,538651,398953,1201020,835954,365066,PROPUBLICA_API
580679938,SIGMA PI FRATERNITY INTERNATIONAL INC,NATIONAL_PARENT,2013,990,true,338746,326847,11899,0,11899,PROPUBLICA_API
581909461,SIGMA PHI HOUSE CORPORATION OF KAPPA DELTA SORORITY A VIRGINIA,HOUSE_CORPORATION,2013,990,true,519606,431772,842298,175188,667110,PROPUBLICA_API
586067925,KAPPA DELTA SORORITY,LOCAL_CHAPTER_ENTITY,2013,990,true,273606,337542,100912,0,100912,PROPUBLICA_API
581025461,PHI GAMMA DELTA FRATERNITY,LOCAL_CHAPTER_ENTITY,2013,990,true,455459,475661,44640,11734,32906,PROPUBLICA_API
580582498,MU CHAPTER OF SIGMA NU FRATERNITY,LOCAL_CHAPTER_ENTITY,2013,990,true,399314,415388,3970,0,3970,PROPUBLICA_API
272615266,PHI KAPPA TAU FRATERNITY,LOCAL_CHAPTER_ENTITY,2013,990EZ,true,130656,129250,7172,0,7172,PROPUBLICA_API
580592772,ALPHA GAMMA RHO FRATERNITY,LOCAL_CHAPTER_ENTITY,2013,990,true,612254,515680,106781,1939,104842,PROPUBLICA_API
580587177,THETA CHI FRATERNITY INC,LOCAL_CHAPTER_ENTITY,2013,990,true,223615,242879,70726,18961,51765,PROPUBLICA_API
310909146,PHI KAPPA PSI-GEORGIA ALPHA CHAPTER,LOCAL_CHAPTER_ENTITY,2013,990EZ,true,136615,133498,4878,0,4878,PROPUBLICA_API
586035098,ALPHA GAMMA RHO FRATERNITY,LOCAL_CHAPTER_ENTITY,2013,990,true,124601,92269,1250316,428501,821815,PROPUBLICA_API
581847110,DELTA BETA ALUMNI OF THETA CHI INC,ALUMNI_CORPORATION,2013,990EZ,true,87735,88845,398373,442703,-44330,PROPUBLICA_API
581625992,BETA THETA PI FRATERNITY,LOCAL_CHAPTER_ENTITY,2013,990,true,323929,316902,7605,0,7605,PROPUBLICA_API
580590521,PI KAPPA ALPHA FRATERNITY,LOCAL_CHAPTER_ENTITY,2013,990,true,239696,238670,23257,0,23257,PROPUBLICA_API
580596852,LAMBDA CHI ALPHA FRATERNITY INC,LOCAL_CHAPTER_ENTITY,2013,990,true,564567,536498,106972,0,106972,PROPUBLICA_API
580591246,TAU EPSILON PHI FRATERNITY,LOCAL_CHAPTER_ENTITY,2013,990,true,562937,496469,388283,165234,223049,PROPUBLICA_API
580301953,KAPPA ALPHA ORDER,UNKNOWN,2013,990,true,666065,656670,91730,3725,88005,PROPUBLICA_API
580560996,ALPHA EPSILON PI FRATERNITY,LOCAL_CHAPTER_ENTITY,2013,990,true,451720,407017,543779,117076,426703,PROPUBLICA_API
580574897,SIGMA CHI FRATERNITY,LOCAL_CHAPTER_ENTITY,2013,990,true,328727,329492,1369,0,1369,PROPUBLICA_API
581743710,PHI MU FRATERNITY,LOCAL_CHAPTER_ENTITY,2013,990,true,522188,492282,2234930,82573,2152357,PROPUBLICA_API
581937914,SIGMA ALPHA EPSILON FRATERNITY,LOCAL_CHAPTER_ENTITY,2013,990,true,271462,222121,1733079,221203,1511876,PROPUBLICA_API
580574873,CHI OMEGA FRATERNITY,LOCAL_CHAPTER_ENTITY,2013,990,true,287328,259323,99111,3389,95722,PROPUBLICA_API
580581459,SIGMA ALPHA EPSILON FRATERNITY,LOCAL_CHAPTER_ENTITY,2013,990,true,438912,444181,48874,20425,28449,PROPUBLICA_API
580581268,DELTA TAU DELTA FRATERNITY,LOCAL_CHAPTER_ENTITY,2013,990,true,162860,171717,12167,0,12167,PROPUBLICA_API
510234811,CHI OMEGA HOUSE CORPORATION MU BETA CHAPTER,HOUSE_CORPORATION,2013,990,true,529937,445161,793719,106664,687055,PROPUBLICA_API
616026148,CHI OMEGA FRATERNITY,LOCAL_CHAPTER_ENTITY,2013,990EZ,true,74260,78802,-10595,0,-10595,PROPUBLICA_API
610469791,KAPPA DELTA SORORITY,LOCAL_CHAPTER_ENTITY,2013,990,true,227722,208448,39551,0,39551,PROPUBLICA_API
610446350,CHI OMEGA FRATERNITY,LOCAL_CHAPTER_ENTITY,2013,990,true,284095,270859,64061,0,64061,PROPUBLICA_API
616034813,EPSILON OMEGA OF KAPPA DELTA HOUSE,PROPERTY_HOLDING_ENTITY,2013,990,true,283233,229025,183256,106111,77145,PROPUBLICA_API
310905748,LAMBDA ALPHA OF CHI OMEGA HOUSE CORPORATION INCORPORATED,HOUSE_CORPORATION,2013,990,true,313511,314999,241164,34005,207159,PROPUBLICA_API
610242405,KAPPA KAPPA GAMMA FRATERNITY,LOCAL_CHAPTER_ENTITY,2013,990,true,355494,421934,686126,249929,436197,PROPUBLICA_API
616042960,KAPPA ALPHA ORDER,UNKNOWN,2013,990EZ,true,160362,166338,3812,0,3812,PROPUBLICA_API
616033534,DELTA TAU DELTA HOUSE CORP OF KY,HOUSE_CORPORATION,2013,990,true,475485,151339,2811037,863699,1947338,PROPUBLICA_API
610444977,DELTA TAU DELTA FRATERNITY,LOCAL_CHAPTER_ENTITY,2013,990,true,306692,338924,27944,41104,-13160,PROPUBLICA_API
611269807,DELTA SIGMA PHI FRATERNITY INC,LOCAL_CHAPTER_ENTITY,2013,990EZ,true,155091,146045,40393,0,40393,PROPUBLICA_API
510164540,UPSILON KAPPA OF PHI GAMMA DELTA HOUSE CORP,HOUSE_CORPORATION,2013,990,true,77802,45343,456468,90294,366174,PROPUBLICA_API
310896719,ALPHA BETA LAMBDA CHAPTER OF ALPHA PHI ALPHA FRATERNITY INC,LOCAL_CHAPTER_ENTITY,2013,990EZ,true,95066,82174,81081,0,81081,PROPUBLICA_API
526036185,PHI GAMMA DELTA EDUCATIONAL FOUNDATION,EDUCATIONAL_FOUNDATION,2013,990,true,2953483,1704720,14786107,146622,14639485,PROPUBLICA_API
237359145,SIGMA PI FRATERNITY HOUSING CORP,HOUSE_CORPORATION,2013,990,true,84082,64747,602463,460220,142243,PROPUBLICA_API
721023591,DELTA CHI HOUSE CORPORATION,HOUSE_CORPORATION,2013,990EZ,true,48170,67022,353200,375000,-21800,PROPUBLICA_API
616042959,KAPPA ALPHA ORDER,UNKNOWN,2013,990EZ,true,73718,75094,1458,0,1458,PROPUBLICA_API
720603683,DELTA KAPPA OF ZETA TAU ALPHA HOUSE CORPORATION,HOUSE_CORPORATION,2013,990,true,276380,201626,900467,805453,95014,PROPUBLICA_API
726021413,CHI OMEGA FRATERNITY,LOCAL_CHAPTER_ENTITY,2013,990,true,367646,236979,1091905,9067,1082838,PROPUBLICA_API
726027982,PI KAPPA ALPHA FRATERNITY,LOCAL_CHAPTER_ENTITY,2013,990N,false,,,,,,PROPUBLICA_API
556028175,ALPHA GAMMA DELTA FRATERNITY,LOCAL_CHAPTER_ENTITY,2013,990,true,544112,468407,402405,0,402405,PROPUBLICA_API
720873120,ALPHA GAMMA RHO FRATERNITY,LOCAL_CHAPTER_ENTITY,2013,990,true,125628,128700,11058,0,11058,PROPUBLICA_API
576025458,KAPPA DELTA SORORITY,LOCAL_CHAPTER_ENTITY,2013,990,true,443789,442777,133517,311,133206,PROPUBLICA_API
726027982,PI KAPPA ALPHA FRATERNITY,LOCAL_CHAPTER_ENTITY,2013,990EZ,true,160452,161543,325196,65387,259809,PROPUBLICA_API
726032539,HOUSE CORPORATION OF DELTA TAU DELTA L S U INC,HOUSE_CORPORATION,2013,990EZ,true,183,0,144965,0,144965,PROPUBLICA_API
720482627,PI KAPPA ALPHA FATERNITY,UNKNOWN,2013,990EZ,true,74381,69775,6485,0,6485,PROPUBLICA_API
720482627,PI KAPPA ALPHA FATERNITY,UNKNOWN,2013,990N,false,,,,,,PROPUBLICA_API
237069145,DELTA OMEGA HOUSE CORPORATION OF DELTA DELTA DELTA FRATERNITY,HOUSE_CORPORATION,2013,990,true,299182,227899,1285549,17583,1267966,PROPUBLICA_API
726034315,SIGMA GAMMA RHO SORORITY INC,LOCAL_CHAPTER_ENTITY,2013,990EZ,true,58509,57800,188845,53180,135665,PROPUBLICA_API
720416943,KAPPA ALPHA ORDER,UNKNOWN,2013,990,true,474889,463350,21457,0,21457,PROPUBLICA_API
726027219,DELTA KAPPA HOUSE CORP KAPPA ALPHA THETA,HOUSE_CORPORATION,2013,990,true,199131,99785,625564,151535,474029,PROPUBLICA_API
640868872,DELTA OMEGA CHAPTER HOUSE CORPORATION OF KAPPA DELTA,HOUSE_CORPORATION,2013,990,true,641753,552282,1159150,380054,779096,PROPUBLICA_API
726027878,KAPPA DELTA SORORITY,LOCAL_CHAPTER_ENTITY,2013,990,true,302362,302983,184320,49127,135193,PROPUBLICA_API
640120597,KAPPA ALPHA ORDER,UNKNOWN,2013,990,true,370983,359032,23931,0,23931,PROPUBLICA_API
640390595,LAMBDA CHI ALPHA FRATERNITY INC,LOCAL_CHAPTER_ENTITY,2013,990,true,358400,362712,29334,11165,18169,PROPUBLICA_API
340435674,MISSISSIPPI STATE UNIVERSITY DELTA CHI BUILDING CORPORATION,HOUSE_CORPORATION,2013,990,true,143531,91264,818976,609766,209210,PROPUBLICA_API
430661687,ALPHA EPSILON PI FRATERNITY,LOCAL_CHAPTER_ENTITY,2013,990,true,385333,340744,46785,2517,44268,PROPUBLICA_API
436065825,SOCIETY OF BETA SIGMA PSI,UNKNOWN,2013,990,true,288222,304851,162440,177102,-14662,PROPUBLICA_API
640310946,SIGMA ALPHA EPSILON FRATERNITY,LOCAL_CHAPTER_ENTITY,2013,990,true,516472,520794,115909,5855,110054,PROPUBLICA_API
436075111,SIGMA ALPHA EPSILON CLUB OF COLUMBIA MISSOURI,UNKNOWN,2013,990,true,91780,207192,2277168,724473,1552695,PROPUBLICA_API
721523824,PHI MU FRATERNITY,LOCAL_CHAPTER_ENTITY,2013,990,true,826141,636617,3261102,2480793,780309,PROPUBLICA_API
436050433,ALPHA PHI HOUSE CORPORATION BOARD- UNIVERSITY OF MISSOURI,HOUSE_CORPORATION,2013,990,true,915308,581431,1802499,780652,1021847,PROPUBLICA_API
430282880,GAMMA PHI BETA SORORITY INC,LOCAL_CHAPTER_ENTITY,2013,990,true,254396,248405,8246,0,8246,PROPUBLICA_API
431098570,KAPPA DELTA SORORITY,LOCAL_CHAPTER_ENTITY,2013,990,true,331085,287016,88357,0,88357,PROPUBLICA_API
436059582,GAMMA PHI BETA SORORITY INC,LOCAL_CHAPTER_ENTITY,2013,990,true,686392,644149,1876984,910178,966806,PROPUBLICA_API
510245814,ALPHA GAMMA CHAPTER OF ALPHA DELTA PI HOUSE CORP,HOUSE_CORPORATION,2013,990,true,738411,650720,3343676,2461794,881882,PROPUBLICA_API
430456430,PHI DELTA THETA FRATERNITY,LOCAL_CHAPTER_ENTITY,2013,990,true,481238,507496,91825,28214,63611,PROPUBLICA_API
436031386,DELTA XI BLDG CORP OF DELTA DELTA DELTA,UNKNOWN,2013,990,true,300739,284109,487441,407886,79555,PROPUBLICA_API
430214640,CHI OMEGA FRATERNITY,LOCAL_CHAPTER_ENTITY,2013,990,true,703971,634050,282996,43430,239566,PROPUBLICA_API
436052949,RHO ALPHA OF CHI OMEGA INC,PROPERTY_HOLDING_ENTITY,2013,990,true,1296548,698818,5085633,3552538,1533095,PROPUBLICA_API
436052133,ALPHA GAMMA RHO BUILDING ASSOCIATION,HOUSE_CORPORATION,2013,990,true,233787,168326,1990057,774778,1215279,PROPUBLICA_API
430156640,ALPHA GAMMA RHO FRATERNITY,LOCAL_CHAPTER_ENTITY,2013,990,true,629270,611071,41205,1149,40056,PROPUBLICA_API
436052199,BETA THETA PI FRATERNITY,LOCAL_CHAPTER_ENTITY,2013,990,true,1369946,1372415,71644,38992,32652,PROPUBLICA_API
736100261,SIGMA CHI FRATERNITY,LOCAL_CHAPTER_ENTITY,2013,990,true,627313,606780,1702334,1484350,217984,PROPUBLICA_API
431080165,KAPPA KAPPA GAMMA HOUSE CORP OF COLUMBIA,HOUSE_CORPORATION,2013,990,true,833706,535207,1334971,428699,906272,PROPUBLICA_API
730580030,DELTA TAU DELTA FRATERNITY,LOCAL_CHAPTER_ENTITY,2013,990,true,651906,641021,14686,0,14686,PROPUBLICA_API
436061869,ALPHA CHI OMEGA HOUSE CORP FOR ALPHA NU CHAPTER,HOUSE_CORPORATION,2013,990,true,440570,137023,2886351,772038,2114313,PROPUBLICA_API
237432859,SIGMA NU FRATERNITY,LOCAL_CHAPTER_ENTITY,2013,990,true,868596,546697,51878,50775,1103,PROPUBLICA_API
430519030,SIGMA NU HOUSE CORPORATION,HOUSE_CORPORATION,2013,990,true,113139,415463,687471,371503,315968,PROPUBLICA_API
237330439,BETA THETA PI CLUB OF COLUMBIA MISSOURI,UNKNOWN,2013,990,true,2041707,69842,16125120,6031214,10093906,PROPUBLICA_API
730581503,SIGMA ALPHA EPSILON FRATERNITY,LOCAL_CHAPTER_ENTITY,2013,990,true,827144,856551,1605558,420115,1185443,PROPUBLICA_API
446013887,DELTA TAU DELTA ASSOCIATION OF COLUNBIA MO,UNKNOWN,2013,990,true,214056,162387,2361990,826621,1535369,PROPUBLICA_API
730583070,LAMBDA CHI ALPHA FRATERNITY INC,LOCAL_CHAPTER_ENTITY,2013,990,true,563359,483602,110624,42,110582,PROPUBLICA_API
430240451,DELTA TAU DELTA FRATERNITY,LOCAL_CHAPTER_ENTITY,2013,990,true,706020,724756,132780,108027,24753,PROPUBLICA_API
300407306,BETA KAPPA OF SIGMA CHI WHITE CROSS FOUNDATION,EDUCATIONAL_FOUNDATION,2013,990PF,true,40713,18249,108699,1,108698,PROPUBLICA_API
311128130,PHI KAPPA PSI FRATERNITY,LOCAL_CHAPTER_ENTITY,2013,990EZ,true,89493,88876,28381,0,28381,PROPUBLICA_API
730181175,CHI OMEGA FRATERNITY,LOCAL_CHAPTER_ENTITY,2013,990,true,276022,287555,77149,0,77149,PROPUBLICA_API
730589443,PHI GAMMA DELTA FRATERNITY,LOCAL_CHAPTER_ENTITY,2013,990,true,634637,588066,131528,0,131528,PROPUBLICA_API
731440348,ALPHA PHI LUCY FINNERTY EDUCATIONAL FUND,UNKNOWN,2013,990PF,true,42512,1530,734403,0,734403,PROPUBLICA_API
730589378,TRUSTEES OF OKLAHOMA ALPHA CHAPTER OF PI BETA PHI FRATERNITY INC,LOCAL_CHAPTER_ENTITY,2013,990,true,415480,288745,1678581,8667,1669914,PROPUBLICA_API
736103379,BETA THETA PI CORPORATION OF OKLA,UNKNOWN,2013,990N,false,,,,,,PROPUBLICA_API
640307103,PHI MU FRATERNITY,LOCAL_CHAPTER_ENTITY,2013,990,true,1150109,818631,3694934,1571606,2123328,PROPUBLICA_API
730582839,BETA THETA PI FRATERNITY,LOCAL_CHAPTER_ENTITY,2013,990,true,570000,472154,134181,39206,94975,PROPUBLICA_API
736103379,BETA THETA PI CORPORATION OF OKLA,UNKNOWN,2013,990EZ,true,105217,75576,239268,0,239268,PROPUBLICA_API
646027408,MISSISSIPPI BETA OF PI BETA PHI HOUSE ASSOCIATION INC,HOUSE_CORPORATION,2013,990,true,457287,373085,3710376,1119975,2590401,PROPUBLICA_API
510178981,GAMMA PHI BETA SORORITY INC,LOCAL_CHAPTER_ENTITY,2013,990,true,213354,196777,155595,20591,135004,PROPUBLICA_API
640330884,KAPPA DELTA SORORITY,LOCAL_CHAPTER_ENTITY,2013,990,true,413435,330705,107933,0,107933,PROPUBLICA_API
731233879,BUILDING ASSOCIATION OF THE EPSILON ALPHA CHAPT CHI OMEGA FRATERNITY,HOUSE_CORPORATION,2013,990,true,1138283,727524,3525908,20896,3505012,PROPUBLICA_API
730583442,KAPPA ALPHA ORDER,UNKNOWN,2013,990,true,356115,347389,11204,778,10426,PROPUBLICA_API
640717329,DELTA DELTA DELTA NATIONAL HOUSE CORPORATION,HOUSE_CORPORATION,2013,990,true,293610,206928,3130393,75510,3054883,PROPUBLICA_API
640304773,SIGMA NU FRATERNITY,LOCAL_CHAPTER_ENTITY,2013,990,true,1039249,1081510,25450,1860,23590,PROPUBLICA_API
730579972,GAMMA PHI BETA SORORITY INC,LOCAL_CHAPTER_ENTITY,2013,990,true,755654,577222,1677159,122968,1554191,PROPUBLICA_API
237229883,MISSISSIPPI ALPHA CHAPTER HOUSE CORPORATION OF PHI DELTA THETA FRA,HOUSE_CORPORATION,2013,990,true,224783,157731,1488037,528931,959106,PROPUBLICA_API
640315255,SIGMA CHI FRATERNITY ETA CHAPTER,LOCAL_CHAPTER_ENTITY,2013,990,true,793053,740214,585459,0,585459,PROPUBLICA_API
570811123,ETA GAMMA CHAPTER OF CHI OMEGA FRATERNITY HOUSING CORPORATION,HOUSE_CORPORATION,2013,990,true,930393,562590,2880402,190767,2689635,PROPUBLICA_API
576034368,ALPHA TAU OMEGA FRATERNITY,LOCAL_CHAPTER_ENTITY,2013,990EZ,true,52337,53422,1,0,1,PROPUBLICA_API
237160987,TAU OF CHI OMEGA FRATERNITY HOUSE CORPORATION,HOUSE_CORPORATION,2013,990,true,1087402,790606,2133643,3229,2130414,PROPUBLICA_API
640307108,CHI OMEGA FRATERNITY,LOCAL_CHAPTER_ENTITY,2013,990,true,289584,235998,152616,0,152616,PROPUBLICA_API
237432869,MISSISSIPPI GAMMA HOUSE ASSN OF SIGMA ALPHA EPSILON,HOUSE_CORPORATION,2013,990EZ,true,43517,55664,189984,98835,91149,PROPUBLICA_API
640315254,SIGMA ALPHA EPSILON FRATERNITY,LOCAL_CHAPTER_ENTITY,2013,990,true,696986,567248,254574,24907,229667,PROPUBLICA_API
640412138,ALPHA TAU OMEGA FRATERNITY,LOCAL_CHAPTER_ENTITY,2013,990,true,766899,765716,134961,625,134336,PROPUBLICA_API
582279145,RHO CHAPTER KAPPA ALPHA HOUSING CORPORATION,HOUSE_CORPORATION,2013,990,true,248445,345879,935798,255748,680050,PROPUBLICA_API
640308935,PHI DELTA THETA FRATERNITY,LOCAL_CHAPTER_ENTITY,2013,990,true,982699,894056,544813,136011,408802,PROPUBLICA_API
576033523,KAPPA ALPHA ORDER,UNKNOWN,2013,990EZ,true,158266,156594,12569,0,12569,PROPUBLICA_API
237128453,LAMBDA CHI ALPHA FRATERNITY INC,LOCAL_CHAPTER_ENTITY,2013,990EZ,true,31470,31491,3807,0,3807,PROPUBLICA_API
576034943,KAPPA SIGMA FRATERNITY,LOCAL_CHAPTER_ENTITY,2013,990,true,84825,76219,24809,0,24809,PROPUBLICA_API
237219356,KAPPA KAPPA GAMMA FRATERNITY INC,LOCAL_CHAPTER_ENTITY,2013,990,true,1168689,742813,4768495,901053,3867442,PROPUBLICA_API
383878997,ALPHA GAMMA DELTA FRATERNITY,LOCAL_CHAPTER_ENTITY,2013,990,true,362468,299082,63386,0,63386,PROPUBLICA_API
576033531,PI KAPPA PHI FRATERNITY,LOCAL_CHAPTER_ENTITY,2013,990EZ,true,166834,167848,264,0,264,PROPUBLICA_API
620256693,KAPPA SIGMA FRATERNITY,LOCAL_CHAPTER_ENTITY,2013,990EZ,true,189991,179194,13386,0,13386,PROPUBLICA_API
570742538,CHI OMEGA FRATERNITY,LOCAL_CHAPTER_ENTITY,2013,990,true,284933,263974,84544,30959,53585,PROPUBLICA_API
201554454,GAMMA PHI BETA SORORITY INC,LOCAL_CHAPTER_ENTITY,2013,990,true,391851,416047,116625,65306,51319,PROPUBLICA_API
576027420,PI KAPPA ALPHA FRATERNITY,LOCAL_CHAPTER_ENTITY,2013,990,true,274129,267650,9797,0,9797,PROPUBLICA_API
626111214,KAPPA SIGMA FRATERNITY,PROPERTY_HOLDING_ENTITY,2013,990EZ,true,142455,82430,314373,5000,309373,PROPUBLICA_API
237279496,KAPPA ALPHA PSI FRATERNITY,LOCAL_CHAPTER_ENTITY,2013,990,true,8377,1275,0,0,0,PROPUBLICA_API
742188211,SIGMA PHI EPSILON EDUCATION FOUNDATION OF TEXAS ALPHA,EDUCATIONAL_FOUNDATION,2013,990EZ,true,118383,127781,339333,64409,274924,PROPUBLICA_API
621414737,BETA SIGMA OF SIGMA CHI HOUSE CORPORATION,HOUSE_CORPORATION,2013,990,true,180626,133701,1744860,1492132,252728,PROPUBLICA_API
626042374,DELTA SIGMA HOUSE CORPORATION OF DELTA DELTA DELTA,HOUSE_CORPORATION,2013,990EZ,true,122004,258741,106029,0,106029,PROPUBLICA_API
626047671,KAPPA DELTA SORORITY,LOCAL_CHAPTER_ENTITY,2013,990,true,202537,205715,27489,0,27489,PROPUBLICA_API
621386377,PI CHAPTER CHI OMEGA FRATERNITY HOUSE CORP,HOUSE_CORPORATION,2013,990EZ,true,112102,95912,462496,100150,362346,PROPUBLICA_API
626047975,CHI OMEGA FRATERNITY,LOCAL_CHAPTER_ENTITY,2013,990EZ,true,130455,128446,129695,0,129695,PROPUBLICA_API
740898333,SIGMA ALPHA MU FRATERNITY,LOCAL_CHAPTER_ENTITY,2013,990,true,902199,871074,170348,42262,128086,PROPUBLICA_API
626045032,ALPHA DELTA PI HOUSE CORP ALPHA KAPPA,HOUSE_CORPORATION,2013,990,true,280321,249218,402773,0,402773,PROPUBLICA_API
741130603,ALPHA EPSILON PI FRATERNITY,LOCAL_CHAPTER_ENTITY,2013,990EZ,true,100003,97280,12378,0,12378,PROPUBLICA_API
746084912,SIGMA GAMMA RHO SORORITY INC,LOCAL_CHAPTER_ENTITY,2013,990EZ,true,0,0,1,0,1,PROPUBLICA_API
741130614,SIGMA PHI EPSILON FRATERNITY INC,LOCAL_CHAPTER_ENTITY,2013,990,true,1197486,1146028,149229,1704,147525,PROPUBLICA_API
742831564,ZETA BETA TAU FRATERNITY,LOCAL_CHAPTER_ENTITY,2013,990,true,967547,869982,168750,46815,121935,PROPUBLICA_API
746047117,BUILDING CORPORATION OF DELTA CHAPTER OF ALPHA DELTA PI,HOUSE_CORPORATION,2013,990,true,705874,663660,416988,27004,389984,PROPUBLICA_API
746084213,CHI OMEGA FRATERNITY IOTA CHAPTER UNIV OF TX AT AUSTIN,LOCAL_CHAPTER_ENTITY,2013,990,true,403739,472441,206394,0,206394,PROPUBLICA_API
743004321,TEXAS DELTA CHI HOUSING CORP,HOUSE_CORPORATION,2013,990,true,-47639,0,581449,515830,65619,PROPUBLICA_API
741130608,PHI GAMMA DELTA FRATERNITY,LOCAL_CHAPTER_ENTITY,2013,990,true,1423027,1398224,118439,74516,43923,PROPUBLICA_API
741130611,SIGMA ALPHA EPSILON FRATERNITY,LOCAL_CHAPTER_ENTITY,2013,990,true,1364678,0,489427,133656,355771,PROPUBLICA_API
270246718,PI KAPPA PHI FRATERNITY AT AUSTIN AREA HOUSING CORPORATION,HOUSE_CORPORATION,2013,990EZ,true,77860,70937,20295,9300,10995,PROPUBLICA_API
740555581,CHI OMEGA FRATERNITY,LOCAL_CHAPTER_ENTITY,2013,990,true,1059664,969272,1448274,94027,1354247,PROPUBLICA_API
510165062,CHI OMEGA FRATERNITY,LOCAL_CHAPTER_ENTITY,2013,990,true,277825,246206,77591,0,77591,PROPUBLICA_API
741120034,PI KAPPA ALPHA FRATERNITY,LOCAL_CHAPTER_ENTITY,2013,990,true,739213,796764,196337,194253,2084,PROPUBLICA_API
741493205,KAPPA CHAPTER OF ZETA TAU ALPHA HOUSE CORPORATION,HOUSE_CORPORATION,2013,990,true,174727,57823,1030459,0,1030459,PROPUBLICA_API
741116912,SIGMA CHI FRATERNITY,LOCAL_CHAPTER_ENTITY,2013,990,true,915684,920980,129354,33792,95562,PROPUBLICA_API
740481786,ALPHA EPSILON PHI SORORITY OMEGA CHAPTER,LOCAL_CHAPTER_ENTITY,2013,990,true,275255,237859,185971,3727,182244,PROPUBLICA_API
746060984,TEXAS ALPHA HOUSE CORPORATION OF PI BETA PHI,HOUSE_CORPORATION,2013,990,true,686068,612729,3493849,394755,3099094,PROPUBLICA_API
510207538,SIGMA CHI FRATERNITY,LOCAL_CHAPTER_ENTITY,2013,990,true,209295,208248,7698,0,7698,PROPUBLICA_API
741932980,XI KAPPA OF CHI OMEGA HOUSE CORP,HOUSE_CORPORATION,2013,990,true,566065,486103,1333413,631520,701893,PROPUBLICA_API
134264657,GAMMA PHI BETA SORORITY INC,LOCAL_CHAPTER_ENTITY,2013,990,true,341584,318438,43155,16945,26210,PROPUBLICA_API
732350514,TEXAS ETA CHAPTER OF PI BETA PHI HOUSE CORPORATION,HOUSE_CORPORATION,2013,990,true,244885,283307,1348262,430830,917432,PROPUBLICA_API
741219941,BETA XI OF KAPPA KAPPA GAMMA HOUSE ASSOCIATION,HOUSE_CORPORATION,2013,990,true,1006274,647654,947542,33912,913630,PROPUBLICA_API
742205939,KAPPA DELTA SORORITY,LOCAL_CHAPTER_ENTITY,2013,990,true,304692,325737,262484,189115,73369,PROPUBLICA_API
742930349,ETA ALPHA HOUSE CORPORATION OF KAPPA DELTA SORORITY,HOUSE_CORPORATION,2013,990,true,635659,543541,1237308,1484403,-247095,PROPUBLICA_API
810575553,PHI GAMMA DELTA FRATERNITY,LOCAL_CHAPTER_ENTITY,2013,990,true,291660,286375,38421,4250,34171,PROPUBLICA_API
742205743,KAPPA ALPHA ORDER,UNKNOWN,2013,990,true,306860,311251,33169,0,33169,PROPUBLICA_API
742155975,SIGMA EPSILON OF KAPPA DELTA HOUSE CORP,HOUSE_CORPORATION,2013,990,true,798331,633872,2252085,2018164,233921,PROPUBLICA_API
273674898,PI KAPPA ALPHA FRATERNITY,LOCAL_CHAPTER_ENTITY,2013,990EZ,true,198746,198746,563,0,563,PROPUBLICA_API
741116922,DELTA TAU DELTA FRATERNITY,LOCAL_CHAPTER_ENTITY,2013,990,true,892578,920379,122768,-155,122923,PROPUBLICA_API
900652699,FIFTH DISTRICT OF OMEGA PSI PHI FRATERNITY INC,LOCAL_CHAPTER_ENTITY,2013,990EZ,true,32241,25293,105302,0,105302,PROPUBLICA_API
746082351,DELTA TAU DELTA BUILDING ASSN,PROPERTY_HOLDING_ENTITY,2013,990,true,18270,6610,1244864,137794,1107070,PROPUBLICA_API
621793998,KAPPA DELTA SORORITY,LOCAL_CHAPTER_ENTITY,2013,990,true,900047,793556,116000,0,116000,PROPUBLICA_API
626074044,CHI OMEGA FRATERNITY,LOCAL_CHAPTER_ENTITY,2013,990EZ,true,144315,146873,256412,0,256412,PROPUBLICA_API
742244833,DELTA TAU DELTA FRATERNITY,LOCAL_CHAPTER_ENTITY,2013,990,true,344247,315420,51930,0,51930,PROPUBLICA_API
621218011,ALPHA DELTA PI HOUSE CORPORATION,HOUSE_CORPORATION,2013,990,true,154770,103482,433291,1200,432091,PROPUBLICA_API
362426170,GAMMA PHI BETA SORORITY INC,NATIONAL_PARENT,2013,990,true,5857591,4278769,17123328,7345389,9777939,PROPUBLICA_API
311410311,BETA THETA PI FRATERNITY,LOCAL_CHAPTER_ENTITY,2013,990EZ,true,190762,176522,108502,86460,22042,PROPUBLICA_API
521346179,ZETA PHI BETA SORORITY INC,LOCAL_CHAPTER_ENTITY,2013,990EZ,true,1933,1680,253,0,253,PROPUBLICA_API
530209696,OMEGA PSI PHI FRATERNITY,NATIONAL_PARENT,2013,990,true,4287702,3630771,4218875,937465,3281410,PROPUBLICA_API
263623864,KAPPA SIGMA FRATERNITY,LOCAL_CHAPTER_ENTITY,2013,990,true,132121,142612,33727,0,33727,PROPUBLICA_API
530261012,ZETA PHI BETA SORORITY INC,NATIONAL_PARENT,2013,990,true,5464460,4258493,4688691,2305112,2383579,PROPUBLICA_API
010158948,SIGMA KAPPA SORORITY,NATIONAL_PARENT,2013,990,true,3528923,3028430,3612499,663571,2948928,PROPUBLICA_API
621781729,ZETA PHI BETA SORORITY INC PI ZETA CHAPTER,LOCAL_CHAPTER_ENTITY,2013,990EZ,true,30152,32450,45725,29611,16114,PROPUBLICA_API
381543609,SIGMA ALPHA IOTA FRATERNITY,NATIONAL_PARENT,2013,990,true,1363219,1215364,637023,95316,541707,PROPUBLICA_API
430765719,THETA TAU,NATIONAL_PARENT,2013,990,true,734791,547105,1155200,288,1154912,PROPUBLICA_API
621466616,BETA TAU HOUSE CORPORATION OF KAPPA DELTA SORORITY,HOUSE_CORPORATION,2013,990EZ,true,186404,112890,263757,2825,260932,PROPUBLICA_API
310406470,PHI DELTA THETA FRATERNITY,NATIONAL_PARENT,2013,990,true,3980946,3716773,6632748,589221,6043527,PROPUBLICA_API
626047662,KAPPA DELTA SORORITY,LOCAL_CHAPTER_ENTITY,2013,990,true,265031,238044,44186,2913,41273,PROPUBLICA_API
231431779,KAPPA ALPHA PSI FRATERNITY INC,NATIONAL_PARENT,2013,990,true,5004621,5027520,7179414,901413,6278001,PROPUBLICA_API
310851686,CHI OMEGA FRATERNITY,NATIONAL_PARENT,2013,990,true,6073590,5530292,11347201,294707,11052494,PROPUBLICA_API
356020472,SIGMA GAMMA RHO SORORITY INC,NATIONAL_PARENT,2013,990,true,2055298,2419757,2335018,139617,2195401,PROPUBLICA_API
361996950,ZETA TAU ALPHA INTL FRATERNITY & FRATERNITY HOUSING CORPORATION,NATIONAL_PARENT,2013,990,true,18181122,11244546,47471705,7575582,39896123,PROPUBLICA_API
221281800,SIGMA PI FRATERNITY INTERNATIONAL,NATIONAL_PARENT,2013,990,true,2324200,2093390,3213116,817080,2396036,PROPUBLICA_API
350141875,ALPHA CHI OMEGA FRATERNITY INC,NATIONAL_PARENT,2013,990,true,7037379,6705818,12098627,7744405,4354222,PROPUBLICA_API
221550561,ALPHA GAMMA DELTA FRATERNITY,NATIONAL_PARENT,2013,990,true,5049650,4290425,14607190,7671205,6935985,PROPUBLICA_API
131306360,SIGMA ALPHA MU FRATERNITY INC,NATIONAL_PARENT,2013,990,true,2113406,1529655,6918514,2027036,4891478,PROPUBLICA_API
362362161,PHI KAPPA PSI FRATERNITY,NATIONAL_PARENT,2013,990,true,3460929,3299070,6986020,248870,6737150,PROPUBLICA_API
210577978,THETA CHI FRATERNITY INC,NATIONAL_PARENT,2013,990,true,3156151,3167539,4225417,304679,3920738,PROPUBLICA_API
382900287,PHI SIGMA RHO NATIONAL SORORITY,NATIONAL_PARENT,2013,990EZ,true,199738,157647,233212,1561,231651,PROPUBLICA_API
314164901,DELTA GAMMA FRATERNITY,NATIONAL_PARENT,2013,990,true,4364355,4066041,10526321,809552,9716769,PROPUBLICA_API
620533776,PHI MU FRATERNITY,NATIONAL_PARENT,2013,990,true,5399136,4674385,16693542,5159493,11534049,PROPUBLICA_API
350459180,LAMBDA CHI ALPHA FRATERNITY INC,NATIONAL_PARENT,2013,990,true,5216415,4429713,5362090,1741690,3620400,PROPUBLICA_API
530125862,PHI GAMMA DELTA FRATERNITY,NATIONAL_PARENT,2013,990EZ,true,127927,122654,18401,0,18401,PROPUBLICA_API
530125862,PHI GAMMA DELTA FRATERNITY,NATIONAL_PARENT,2013,990,true,5678067,4153475,11192195,288594,10903601,PROPUBLICA_API
730593444,KAPPA KAPPA PSI FRATERNITY,NATIONAL_PARENT,2013,990,true,676981,580851,981690,29448,952242,PROPUBLICA_API
362077508,ALPHA PHI INTERNATIONAL FRATERNITY INC,NATIONAL_PARENT,2013,990,true,6460874,5306135,11472719,631221,10841498,PROPUBLICA_API
430689936,SIGMA TAU GAMMA FRATERNITY,NATIONAL_PARENT,2013,990,true,1282415,1200135,1299067,598959,700108,PROPUBLICA_API
361773950,SIGMA ALPHA EPSILON FRATERNITY,NATIONAL_PARENT,2013,990,true,7796456,6542594,7412071,2864180,4547891,PROPUBLICA_API
131714532,KAPPA SIGMA FRATERNITY,NATIONAL_PARENT,2013,990EZ,true,0,0,0,0,0,PROPUBLICA_API
131496630,ZETA PSI FRATERNITY OF NORTH AMERICA,NATIONAL_PARENT,2013,990,true,654577,626460,704281,49492,654789,PROPUBLICA_API
430769468,ALPHA EPSILON PI FRATERNITY INC,NATIONAL_PARENT,2013,990,true,2784475,3549400,5234639,1648346,3586293,PROPUBLICA_API
580191430,CHI PHI FRATERNITY INC,NATIONAL_PARENT,2013,990,true,1193192,1021284,1126267,87739,1038528,PROPUBLICA_API
440500006,KAPPA DELTA SORORITY INC,NATIONAL_PARENT,2013,990,true,6741163,4420173,37065119,6285743,30779376,PROPUBLICA_API
350267650,DELTA TAU DELTA FRATERNITY,NATIONAL_PARENT,2013,990,true,4421734,3842599,11241041,1342467,9898574,PROPUBLICA_API
362152330,ALPHA KAPPA ALPHA SORORITY INC,NATIONAL_PARENT,2013,990,true,15952287,14489184,37370736,9151647,28219089,PROPUBLICA_API
570340150,PI KAPPA PHI FRATERNITY,NATIONAL_PARENT,2013,990,true,4149530,3812279,6048745,2299775,3748970,PROPUBLICA_API
131496610,ZETA BETA TAU FRATERNITY,NATIONAL_PARENT,2013,990,true,2012595,2158473,1010815,323982,686833,PROPUBLICA_API
130604310,DELTA KAPPA EPSILON FRATERNITY,NATIONAL_PARENT,2013,990,true,1181947,868800,567650,92074,475576,PROPUBLICA_API
311353726,DELTA ZETA NATIONAL HOUSING CORPORATION,NATIONAL_PARENT,2013,990,true,2464336,2310178,15033890,4214486,10819404,PROPUBLICA_API
314359813,ALPHA SIGMA PHI FRATERNITY INC,NATIONAL_PARENT,2013,990,true,2162014,2006995,1571873,254523,1317350,PROPUBLICA_API
580310956,KAPPA ALPHA ORDER,NATIONAL_PARENT,2013,990,true,3503218,3995068,8767186,4073034,4694152,PROPUBLICA_API
361305568,KAPPA ALPHA THETA FRATERNITY,NATIONAL_PARENT,2013,990,true,6302644,5649926,33584860,22807992,10776868,PROPUBLICA_API
314221880,KAPPA KAPPA GAMMA FRATERNITY INC,NATIONAL_PARENT,2013,990,true,5482877,4839971,8617636,926400,7691236,PROPUBLICA_API
580638489,ALPHA DELTA PI SORORITY,NATIONAL_PARENT,2013,990,true,4869879,4495158,7113901,110572,7003329,PROPUBLICA_API
310406478,PHI KAPPA TAU FRATERNITY,NATIONAL_PARENT,2013,990,true,2178382,1924358,2217093,910375,1306718,PROPUBLICA_API
370152140,ALPHA TAU OMEGA FRATERNITY,NATIONAL_PARENT,2013,990,true,3810737,3284117,6383947,753297,5630650,PROPUBLICA_API
362374316,DELTA DELTA DELTA,NATIONAL_PARENT,2013,990,true,6257073,5140031,17323899,1349499,15974400,PROPUBLICA_API
620458346,PI KAPPA ALPHA FRATERNITY,NATIONAL_PARENT,2013,990,true,3679751,3673848,1524995,208094,1316901,PROPUBLICA_API
530215218,DELTA SIGMA THETA SORORITY INC,NATIONAL_PARENT,2013,990,true,16267291,18860196,49266240,32326427,16939813,PROPUBLICA_API
310531047,BETA THETA PI FRATERNITY,NATIONAL_PARENT,2013,990,true,5202198,4984551,6076488,1561378,4515110,PROPUBLICA_API
361773960,SIGMA CHI FRATERNITY,NATIONAL_PARENT,2013,990,true,3686311,3521938,9217877,995134,8222743,PROPUBLICA_API
370152080,ALPHA GAMMA RHO FRATERNITY,NATIONAL_PARENT,2013,990,true,1884936,1757082,5326733,1945217,3381516,PROPUBLICA_API
230967790,PHI KAPPA SIGMA FRATERNITY GRAND CHAPTER,NATIONAL_PARENT,2013,990,true,734679,687721,1160045,52173,1107872,PROPUBLICA_API
620950113,ALPHA OMICRON PI FRATERNITY INC,NATIONAL_PARENT,2013,990,true,5252854,3930979,20297601,4170693,16126908,PROPUBLICA_API
840405009,DELTA SIGMA PHI FRATERNITY INC NATIONAL HEADQUARTERS,NATIONAL_PARENT,2013,990,true,3069038,3032464,2139286,868295,1270991,PROPUBLICA_API
420212285,DELTA CHI FRATERNITY,NATIONAL_PARENT,2013,990,true,2930253,2193284,10815499,104418,10711081,PROPUBLICA_API
540628798,SIGMA NU FRATERNITY INC,NATIONAL_PARENT,2013,990,true,4682484,4371302,7012867,2733484,4279383,PROPUBLICA_API
540379370,SIGMA PHI EPSILON FRATERNITY INC,NATIONAL_PARENT,2013,990,true,11137216,9562562,50015840,33870420,16145420,PROPUBLICA_API
730654150,SIGMA SIGMA SIGMA INC,NATIONAL_PARENT,2013,990,true,2692092,2478516,4536085,439634,4096451,PROPUBLICA_API
431971836,DELTA PHI EPSILON SORORITY INC,NATIONAL_PARENT,2013,990,true,1415595,1453324,3004935,1836358,1168577,PROPUBLICA_API
562163357,THETA NU XI MULTICULTURAL SORORITY INCORPORATED,NATIONAL_PARENT,2013,990EZ,true,101421,99854,131736,0,131736,PROPUBLICA_API
386089059,CHI PSI FRATERNITY,NATIONAL_PARENT,2013,990,true,1015289,1089317,2994689,957718,2036971,PROPUBLICA_API
231500981,THE GRAND CHAPTER OF PHI SIGMA KAPPA,NATIONAL_PARENT,2013,990,true,1720240,1733840,1109655,372987,736668,PROPUBLICA_API
131368460,TAU EPSILON PHI FRATERNITY INC,NATIONAL_PARENT,2013,990,true,269045,170882,268207,25526,242681,PROPUBLICA_API
362024274,SIGMA DELTA TAU SOCIETY,NATIONAL_PARENT,2013,990,true,1491307,1398836,3025317,745349,2279968,PROPUBLICA_API
352103442,ALPHA XI DELTA NATIONAL HOUSING CORPORATION INC,NATIONAL_PARENT,2013,990N,false,,,,,,PROPUBLICA_API
223530740,LAMBDA THETA ALPHA,NATIONAL_PARENT,2013,990,true,519284,217514,635744,0,635744,PROPUBLICA_API
042200265,PHI KAPPA THETA FRATERNITY,NATIONAL_PARENT,2013,990,true,839581,745007,500643,183048,317595,PROPUBLICA_API
350868356,PHI DELTA THETA FRATERNITY,LOCAL_CHAPTER_ENTITY,2012,990,true,282644,279242,32089,1875,30214,PROPUBLICA_API
592339079,PHI DELTA THETA FRATERNITY,LOCAL_CHAPTER_ENTITY,2012,990,true,605280,615656,88071,77686,10385,PROPUBLICA_API
593282583,PHI DELTA THETA CHAPTER HOUSE ASSOCIATION INC,HOUSE_CORPORATION,2012,990EZ,true,129838,187356,474598,768025,-293427,PROPUBLICA_API
630164075,PHI DELTA THETA FRATERNITY,LOCAL_CHAPTER_ENTITY,2012,990EZ,true,185157,183888,19867,13426,6441,PROPUBLICA_API
630893932,PHI MU HOUSE CORPORATION,HOUSE_CORPORATION,2012,990,true,1434187,636656,4016024,15542,4000482,PROPUBLICA_API
631053272,PHI DELTA THETA FRATERNITY,LOCAL_CHAPTER_ENTITY,2012,990,true,500441,398707,530978,21003,509975,PROPUBLICA_API
596135388,CHI OMEGA HOUSING CORPORATION,HOUSE_CORPORATION,2012,990,true,835183,557244,2074624,256948,1817676,PROPUBLICA_API
636091968,THE NU BETA CHAPTER OF THE CHI OMEGA HOUSE ASSOCIATION INC,HOUSE_CORPORATION,2012,990,true,1324814,868665,1981388,20976,1960412,PROPUBLICA_API
636050290,CHI OMEGA FRATERNITY,LOCAL_CHAPTER_ENTITY,2012,990,true,606835,548456,180481,17237,163244,PROPUBLICA_API
640392826,CHI OMEGA FRATERNITY,LOCAL_CHAPTER_ENTITY,2012,990,true,271938,281385,17626,0,17626,PROPUBLICA_API
264170711,UNIVERSITY OF ALABAMA CHAPTER OF SIGMA PI FRATERNITY HOUSING,LOCAL_CHAPTER_ENTITY,2012,990,true,614817,610007,3217544,3170662,46882,PROPUBLICA_API
640723232,KAPPA ALPHA CHAPTER OF PHI MU FRATERNITY HOUSE CORPORATION,HOUSE_CORPORATION,2012,990,true,343182,216772,1229863,1585,1228278,PROPUBLICA_API
560548249,PHI GAMMA DELTA FRATERNITY,LOCAL_CHAPTER_ENTITY,2012,990,true,463502,365812,58314,0,58314,PROPUBLICA_API
630164080,PHI GAMMA DELTA FRATERNITY,LOCAL_CHAPTER_ENTITY,2012,990,true,1160619,1018838,211152,64276,146876,PROPUBLICA_API
420467540,PHI KAPPA PSI FRATERNITY,LOCAL_CHAPTER_ENTITY,2012,990,true,452389,374068,129350,250,129100,PROPUBLICA_API
636103404,PHI GAMMA DELTA FRATERNITY,LOCAL_CHAPTER_ENTITY,2012,990,true,326899,120862,3189541,1530987,1658554,PROPUBLICA_API
630289653,THETA CHI FRATERNITY INC,LOCAL_CHAPTER_ENTITY,2012,990,true,955725,998405,138021,95893,42128,PROPUBLICA_API
237109085,ALPHA PHI ZETA HOUSE CORPORATION OF LAMBDA CHI ALPHA FRATERNITY,HOUSE_CORPORATION,2012,990,true,401082,314450,4120091,3229270,890821,PROPUBLICA_API
380293927,SIGMA KAPPA CORPORATION,UNKNOWN,2012,990,true,444888,332698,1005385,2120,1003265,PROPUBLICA_API
630458038,PHI KAPPA PSI FRATERNITY ALABAMA ALPHA CHAPTER,LOCAL_CHAPTER_ENTITY,2012,990,true,372028,358792,46217,4613,41604,PROPUBLICA_API
936036290,PHI KAPPA PSI FRATERNITY,LOCAL_CHAPTER_ENTITY,2012,990,true,363474,303035,75466,0,75466,PROPUBLICA_API
320257409,BETA MU HOUSE CORP OF ALPHA PHI INTERNATIONAL FRATERNITY INC,HOUSE_CORPORATION,2012,990,true,1315322,750931,1904169,284987,1619182,PROPUBLICA_API
941367157,ALPHA PHI BUILDING CORPORATION,HOUSE_CORPORATION,2012,990,true,714524,538724,2046388,240069,1806319,PROPUBLICA_API
630007510,ALPHA GAMMA DELTA FRATERNITY,LOCAL_CHAPTER_ENTITY,2012,990,true,1555345,1551658,278274,25058,253216,PROPUBLICA_API
237235595,ALPHA GAMMA DELTA FRATERNITY,LOCAL_CHAPTER_ENTITY,2012,990,true,713414,96620,1387183,0,1387183,PROPUBLICA_API
630056965,DELTA KAPPA EPSILON COUNCIL,UNKNOWN,2012,990,true,1159579,1156819,110599,108322,2277,PROPUBLICA_API
631004292,GAMMA PHI BETA SORORITY INC,LOCAL_CHAPTER_ENTITY,2012,990,true,1150539,691926,2089905,481142,1608763,PROPUBLICA_API
630818055,ALABAMA BETA OF PI BETA PHI HOUSE ASSOCIATION INCORPORATED,HOUSE_CORPORATION,2012,990,true,479602,485605,1784667,859983,924684,PROPUBLICA_API
630980702,KAPPA DELTA SORORITY,LOCAL_CHAPTER_ENTITY,2012,990,true,1250692,737615,3473250,37362,3435888,PROPUBLICA_API
630733120,ZETA BETA TAU FRATERNITY,LOCAL_CHAPTER_ENTITY,2012,990,true,452753,195109,742930,0,742930,PROPUBLICA_API
451298367,UNIVERSITY OF ALABAMA CHAPTER OF THETA CHI HOUSING CORPORATION,HOUSE_CORPORATION,2012,990,true,385192,180591,335150,155892,179258,PROPUBLICA_API
630120537,LAMBDA CHI ALPHA FRATERNITY INC,LOCAL_CHAPTER_ENTITY,2012,990,true,973289,925773,106434,12369,94065,PROPUBLICA_API
237114590,EPSILON CHI ZETA HOUSE CORPORATION OF LAMBDA CHI ALPHA FRATERNITY,HOUSE_CORPORATION,2012,990EZ,true,132560,92115,492487,191351,301136,PROPUBLICA_API
630233975,ZETA BETA TAU FRATERNITY,LOCAL_CHAPTER_ENTITY,2012,990,true,525597,535094,59254,39980,19274,PROPUBLICA_API
621370853,GAMMA PHI BETA SORORITY,LOCAL_CHAPTER_ENTITY,2012,990,true,297095,286023,88119,46677,41442,PROPUBLICA_API
630188870,SIGMA ALPHA EPSILON FRATERNITY,LOCAL_CHAPTER_ENTITY,2012,990,true,358675,370539,34268,15321,18947,PROPUBLICA_API
630115520,KAPPA DELTA SORORITY,LOCAL_CHAPTER_ENTITY,2012,990,true,539578,564461,116967,17369,99598,PROPUBLICA_API
631030493,PSI OF DELTA KAPPA EPSILON HOUSE CORPORATION OF UNIVERSITY ALABAMA,HOUSE_CORPORATION,2012,990,true,230026,222975,7669925,4590824,3079101,PROPUBLICA_API
566062593,DELTA KAPPA EPSILON COUNCIL,UNKNOWN,2012,990,true,563324,559358,40332,9200,31132,PROPUBLICA_API
593078421,KAPPA ALPHA HOUSING ASSOCIATION OF FLORIDA INC,UNKNOWN,2012,990EZ,true,160660,132666,225124,41698,183426,PROPUBLICA_API
741132044,KAPPA SIGMA FRATERNITY,LOCAL_CHAPTER_ENTITY,2012,990,true,926385,989032,137281,333953,-196672,PROPUBLICA_API
380293670,ALPHA DELTA PHI PENINSULAR CHAPTER,PROPERTY_HOLDING_ENTITY,2012,990EZ,true,78820,78820,23265,5450,17815,PROPUBLICA_API
580596934,PI KAPPA PHI FRATERNITY,LOCAL_CHAPTER_ENTITY,2012,990,true,603549,608561,272479,272974,-495,PROPUBLICA_API
630164600,PI KAPPA PHI FRATERNITY,LOCAL_CHAPTER_ENTITY,2012,990,true,927294,821771,680030,52519,627511,PROPUBLICA_API
636049922,HOUSE BOARD OF GAMMA PI OF KAPPA KAPPA GAMMA,UNKNOWN,2012,990,true,1236145,763739,3103478,78855,3024623,PROPUBLICA_API
630289642,KAPPA ALPHA ORDER,UNKNOWN,2012,990,true,1032725,974972,141344,14668,126676,PROPUBLICA_API
430349090,THE ALPHA KAPPA CHAPTER OF THE KAPPA ALPHA FRATERNITY,LOCAL_CHAPTER_ENTITY,2012,990,true,139210,94218,1467780,279716,1188064,PROPUBLICA_API
630020370,KAPPA SIGMA FRATERNITY,LOCAL_CHAPTER_ENTITY,2012,990,true,658954,680025,75839,60924,14915,PROPUBLICA_API
386068594,ALPHA DELTA PHI INTERNATIONAL INC,UNKNOWN,2012,990EZ,true,40351,37641,100974,66436,34538,PROPUBLICA_API
630057000,DELTA TAU DELTA FRATERNITY,LOCAL_CHAPTER_ENTITY,2012,990,true,595686,585875,110949,19990,90959,PROPUBLICA_API
581648136,IOTA ALUMNI OF PI KAPPA PHI INC,ALUMNI_CORPORATION,2012,990,true,136982,154026,1050079,357730,692349,PROPUBLICA_API
351780304,PI KAPPA PHI INC,UNKNOWN,2012,990,true,850875,727554,1608971,1075322,533649,PROPUBLICA_API
630007530,ALPHA TAU OMEGA FRATERNITY,LOCAL_CHAPTER_ENTITY,2012,990,true,3791819,1127643,8074227,4216243,3857984,PROPUBLICA_API
581793975,ZETA IOTA CHAPTER OF ALPHA DELTA PI HOUSE CORPORATION,HOUSE_CORPORATION,2012,990,true,30477,0,422730,0,422730,PROPUBLICA_API
630457980,BETA THETA PI FRATERNITY,LOCAL_CHAPTER_ENTITY,2012,990,true,1134853,1075033,314068,40509,273559,PROPUBLICA_API
630056950,DELTA CHI FRATERNITY,LOCAL_CHAPTER_ENTITY,2012,990,true,697200,670349,58529,20688,37841,PROPUBLICA_API
630164090,PHI KAPPA SIGMA FRATERNITY,LOCAL_CHAPTER_ENTITY,2012,990EZ,true,80776,78854,6016,0,6016,PROPUBLICA_API
630188910,SIGMA DELTA TAU SOCIETY,UNKNOWN,2012,990EZ,true,57418,59788,9142,0,9142,PROPUBLICA_API
710245516,SIGMA CHI FRATERNITY,LOCAL_CHAPTER_ENTITY,2012,990,true,926904,912734,146392,8875,137517,PROPUBLICA_API
716061509,CHI OMEGA FRATERNITY,LOCAL_CHAPTER_ENTITY,2012,990,true,405803,404491,42008,0,42008,PROPUBLICA_API
630164580,PI KAPPA ALPHA FRATERNITY,LOCAL_CHAPTER_ENTITY,2012,990,true,1148275,1180686,85127,77346,7781,PROPUBLICA_API
631006177,GAMMA ALPHA OF PI KAPPA ALPHA HOUSE CORPORATIONS,UNKNOWN,2012,990,true,522913,505011,7157141,3908694,3248447,PROPUBLICA_API
630289650,SIGMA CHI FRATERNITY,LOCAL_CHAPTER_ENTITY,2012,990,true,887439,898017,53210,37551,15659,PROPUBLICA_API
462071035,ALABAMA BETA CHAPTER OF THE SIGMA PHI EPSILON FRATERNITY,LOCAL_CHAPTER_ENTITY,2012,990EZ,true,79596,54838,36082,0,36082,PROPUBLICA_API
710230717,PHI DELTA THETA FRATERNITY,LOCAL_CHAPTER_ENTITY,2012,990,true,231115,223769,43453,0,43453,PROPUBLICA_API
272795242,DELTA CHI-UNIVERSITY OF ALABAMA CHAPTER HOUSE CORPORATION,HOUSE_CORPORATION,2012,990EZ,true,113268,46873,118720,10602,108118,PROPUBLICA_API
590626226,SIGMA CHI FRATERNITY,LOCAL_CHAPTER_ENTITY,2012,990,true,454826,356613,137377,149621,-12244,PROPUBLICA_API
630188940,SIGMA NU FRATERNITY,LOCAL_CHAPTER_ENTITY,2012,990,true,1004485,1000740,91161,38750,52411,PROPUBLICA_API
710245458,LAMBDA CHI ALPHA CORPORATION OF FAYETTEVILLE ARKANSAS,UNKNOWN,2012,990,true,437111,434283,500968,286865,214103,PROPUBLICA_API
710237930,KAPPA SIGMA FRATERNITY,LOCAL_CHAPTER_ENTITY,2012,990,true,312193,289855,33695,0,33695,PROPUBLICA_API
710296927,ALPHA DELTA PI SORORITY,LOCAL_CHAPTER_ENTITY,2012,990,true,556274,394326,707925,3151,704774,PROPUBLICA_API
716057345,DELTA DELTA DELTA FRATERNITY DELTA IOTA HOUSE CORP,HOUSE_CORPORATION,2012,990,true,165488,115446,424883,0,424883,PROPUBLICA_API
710673722,KAPPA DELTA SORORITY,LOCAL_CHAPTER_ENTITY,2012,990,true,322878,317934,80179,0,80179,PROPUBLICA_API
710243898,SIGMA ALPHA EPSILON FRATERNITY,LOCAL_CHAPTER_ENTITY,2012,990,true,515117,521865,16095,0,16095,PROPUBLICA_API
636066478,GAMMA PHI BETA SORORITY INC,LOCAL_CHAPTER_ENTITY,2012,990,true,294562,314534,26469,0,26469,PROPUBLICA_API
237114376,ARKANSAS PI BETA PHI HOUSE ASSOC,UNKNOWN,2012,990,true,171557,178433,1938740,5332,1933408,PROPUBLICA_API
237153933,SIGMA NU BUILDING BETA THETA CHAPTER,PROPERTY_HOLDING_ENTITY,2012,990,true,58673,10749,1278162,808687,469475,PROPUBLICA_API
630499747,ALPHA DELTA CHAPTER OF SIGMA PI FRATERNITY,LOCAL_CHAPTER_ENTITY,2012,990,true,375625,322169,1685901,84555,1601346,PROPUBLICA_API
630188930,SIGMA NU FRATERNITY,LOCAL_CHAPTER_ENTITY,2012,990,true,609213,576972,32621,15783,16838,PROPUBLICA_API
636050289,CHI OMEGA FRATERNITY,LOCAL_CHAPTER_ENTITY,2012,990,true,193345,188423,84916,0,84916,PROPUBLICA_API
636050218,ALPHA GAMMA DELTA FRATERNITY,LOCAL_CHAPTER_ENTITY,2012,990,true,376668,400087,337152,0,337152,PROPUBLICA_API
237226508,TAU KAPPA EPSILON FRATERNITY INC,LOCAL_CHAPTER_ENTITY,2012,990,true,220256,217034,395456,436591,-41135,PROPUBLICA_API
636056644,PHI GAMMA DELTA FRATERNITY,LOCAL_CHAPTER_ENTITY,2012,990,true,745466,759250,28055,0,28055,PROPUBLICA_API
636061057,PI KAPPA ALPHA FRATERNITY,PROPERTY_HOLDING_ENTITY,2012,990,true,843,6355,1338094,718138,619956,PROPUBLICA_API
581804021,CHI PHI FRATERNITY INC,LOCAL_CHAPTER_ENTITY,2012,990,true,-18510,1226,508864,294301,214563,PROPUBLICA_API
202472978,ALPHA TAU OMEGA FRATERNITY,LOCAL_CHAPTER_ENTITY,2012,990,true,271085,269747,4377,0,4377,PROPUBLICA_API
630289644,LAMBDA CHI ALPHA FRATERNITY INC,LOCAL_CHAPTER_ENTITY,2012,990,true,529475,508601,81925,0,81925,PROPUBLICA_API
264795406,PHI THETA CHAPTER HOUSE CORPORATION OF DELTA DELTA DELTA FRATERNITY,HOUSE_CORPORATION,2012,990N,false,,,,,,PROPUBLICA_API
630454765,KAPPA ALPHA ORDER,UNKNOWN,2012,990,true,859420,854760,21633,0,21633,PROPUBLICA_API
631056750,ALPHA GAMMA RHO FRATERNITY,LOCAL_CHAPTER_ENTITY,2012,990,true,47700,95179,428909,243426,185483,PROPUBLICA_API
320295070,PHI SIGMA KAPPA,UNKNOWN,2012,990EZ,true,176686,36837,332278,0,332278,PROPUBLICA_API
630838676,CHI PHI FRATERNITY INC,LOCAL_CHAPTER_ENTITY,2012,990,true,135812,144375,16709,0,16709,PROPUBLICA_API
593024291,SIGMA CHI FOUNDATION AT AUBURN UNIVERSITY INC,EDUCATIONAL_FOUNDATION,2012,990EZ,true,7283,4672,140486,0,140486,PROPUBLICA_API
630164590,PI KAPPA PHI FRATERNITY,LOCAL_CHAPTER_ENTITY,2012,990,true,401846,247868,418569,0,418569,PROPUBLICA_API
630289649,SIGMA CHI FRATERNITY,LOCAL_CHAPTER_ENTITY,2012,990,true,451054,397990,126400,74671,51729,PROPUBLICA_API
630837474,AUBURN DELTA CHI ALUMNI CONTROL BOARD INC,PROPERTY_HOLDING_ENTITY,2012,990,true,42161,36328,530245,221846,308399,PROPUBLICA_API
200293448,DELTA TAU DELTA FRATERNITY,LOCAL_CHAPTER_ENTITY,2012,990EZ,true,187492,164332,23160,0,23160,PROPUBLICA_API
237091513,ALABAMA GAMMA OF PI BETA PHI HOUSE ASSOCIATION INCORPORATED,HOUSE_CORPORATION,2012,990EZ,true,55981,27398,212729,0,212729,PROPUBLICA_API
590639987,SIGMA ALPHA EPSILON FRATERNITY,LOCAL_CHAPTER_ENTITY,2012,990,true,526264,493386,50486,1218,49267,PROPUBLICA_API
591755953,SIGMA ALPHA EPSILON FRATERNITY,LOCAL_CHAPTER_ENTITY,2012,990EZ,true,135742,41253,446754,138373,308381,PROPUBLICA_API
590682455,ALPHA EPSILON PHI SORORITY,LOCAL_CHAPTER_ENTITY,2012,990EZ,true,113350,16175,276078,0,276078,PROPUBLICA_API
636053862,KAPPA DELTA SORORITY,LOCAL_CHAPTER_ENTITY,2012,990,true,365738,363603,251091,0,251091,PROPUBLICA_API
237044651,DELTA ZETA OF DELTA TAU INC,PROPERTY_HOLDING_ENTITY,2012,990EZ,true,80700,57492,292260,187968,104292,PROPUBLICA_API
596153391,CHI OMEGA FRATERNITY,LOCAL_CHAPTER_ENTITY,2012,990,true,217231,208319,36997,0,36997,PROPUBLICA_API
590627917,BETA THETA PI FRATERNITY,LOCAL_CHAPTER_ENTITY,2012,990,true,219594,216741,15123,0,15123,PROPUBLICA_API
593350147,DELTA TAU DELTA FRATERNITY,LOCAL_CHAPTER_ENTITY,2012,990,true,543353,488683,142325,25742,116582,PROPUBLICA_API
590638774,KAPPA DELTA SORORITY,LOCAL_CHAPTER_ENTITY,2012,990,true,181299,159401,47142,0,47142,PROPUBLICA_API
591515489,THETA CHI FRATERNITY INC,LOCAL_CHAPTER_ENTITY,2012,990,true,470334,430588,143770,0,143770,PROPUBLICA_API
203675713,CHI PHI FRATERNITY,LOCAL_CHAPTER_ENTITY,2012,990,true,447108,430299,106866,17972,88894,PROPUBLICA_API
541977380,KAPPA SIGMA FRATERNITY DELTA DELTA CHAPTER,LOCAL_CHAPTER_ENTITY,2012,990,true,429487,438374,19817,0,19817,PROPUBLICA_API
590324559,EPSILON MU ZETA OF THE LAMBDA CHI ALPHA FRATERNITY,LOCAL_CHAPTER_ENTITY,2012,990,true,333889,342006,11126,37213,-26087,PROPUBLICA_API
590657429,ALPHA EPSILON PI FRATERNITY,LOCAL_CHAPTER_ENTITY,2012,990,true,444158,435099,41055,0,41055,PROPUBLICA_API
596141908,FLORIDA ALPHA ALUMNI OF SIGMA PHI EPSILON INC,ALUMNI_CORPORATION,2012,990,true,149175,240887,564296,119233,445062,PROPUBLICA_API
800830267,PI KAPPA PHI FRATERNITY,LOCAL_CHAPTER_ENTITY,2012,990EZ,true,50724,44284,6440,0,6440,PROPUBLICA_API
453670908,PI KAPPA ALPHA FRATERNITY,LOCAL_CHAPTER_ENTITY,2012,990,true,273014,278796,11109,0,11109,PROPUBLICA_API
590628020,KAPPA ALPHA ORDER,UNKNOWN,2012,990,true,409791,403916,7282,0,7282,PROPUBLICA_API
580679938,SIGMA PI FRATERNITY INTERNATIONAL INC,NATIONAL_PARENT,2012,990,true,252270,259872,22063,0,22063,PROPUBLICA_API
596203032,PHI MU FRATERNITY,PROPERTY_HOLDING_ENTITY,2012,990,true,724157,500556,967369,471023,496346,PROPUBLICA_API
592643047,FLORIDA DELTA OF PI BETA PHI HOUSE CORPORATION,HOUSE_CORPORATION,2012,990,true,287870,229249,829303,217267,612036,PROPUBLICA_API
580585704,ALPHA GAMMA DELTA FRATERNITY,LOCAL_CHAPTER_ENTITY,2012,990,true,899823,929050,114546,0,114546,PROPUBLICA_API
436049304,KAPPA ALPHA ORDER,UNKNOWN,2012,990,true,757532,748840,329019,109672,219347,PROPUBLICA_API
596139328,BETA PI OF KAPPA DELTA HOUSE CORP,HOUSE_CORPORATION,2012,990,true,687225,512094,1181951,934,1181017,PROPUBLICA_API
581657154,GAMMA PHI BETA SORORITY INC,LOCAL_CHAPTER_ENTITY,2012,990,true,764743,767275,150590,0,150590,PROPUBLICA_API
581490431,GAMMA PHI BETA SORORITY INC,LOCAL_CHAPTER_ENTITY,2012,990,true,484585,415142,1105847,880479,225368,PROPUBLICA_API
581909461,SIGMA PHI HOUSE CORPORATION OF KAPPA DELTA SORORITY A VIRGINIA,HOUSE_CORPORATION,2012,990,true,364898,384527,789565,210327,579238,PROPUBLICA_API
586067925,KAPPA DELTA SORORITY,LOCAL_CHAPTER_ENTITY,2012,990,true,308264,258086,164848,0,164848,PROPUBLICA_API
581025461,PHI GAMMA DELTA FRATERNITY,LOCAL_CHAPTER_ENTITY,2012,990,true,520841,551541,53108,0,53108,PROPUBLICA_API
580582498,MU CHAPTER OF SIGMA NU FRATERNITY,LOCAL_CHAPTER_ENTITY,2012,990,true,408898,398309,20044,0,20044,PROPUBLICA_API
272615266,PHI KAPPA TAU FRATERNITY,LOCAL_CHAPTER_ENTITY,2012,990EZ,true,140240,138421,5765,0,5765,PROPUBLICA_API
580592772,ALPHA GAMMA RHO FRATERNITY,LOCAL_CHAPTER_ENTITY,2012,990,true,242519,280085,10465,2197,8268,PROPUBLICA_API
580587177,THETA CHI FRATERNITY INC,LOCAL_CHAPTER_ENTITY,2012,990,true,219320,216273,86455,15426,71029,PROPUBLICA_API
310909146,PHI KAPPA PSI-GEORGIA ALPHA CHAPTER,LOCAL_CHAPTER_ENTITY,2012,990EZ,true,122757,133464,1761,0,1761,PROPUBLICA_API
586035098,ALPHA GAMMA RHO FRATERNITY,LOCAL_CHAPTER_ENTITY,2012,990,true,113026,88075,1267536,478053,789483,PROPUBLICA_API
581847110,DELTA BETA ALUMNI OF THETA CHI INC,ALUMNI_CORPORATION,2012,990EZ,true,65186,73101,399656,442876,-43220,PROPUBLICA_API
581625992,BETA THETA PI FRATERNITY,LOCAL_CHAPTER_ENTITY,2012,990,true,370084,391680,578,0,578,PROPUBLICA_API
580590521,PI KAPPA ALPHA FRATERNITY,LOCAL_CHAPTER_ENTITY,2012,990,true,226857,214448,22231,0,22231,PROPUBLICA_API
580596852,LAMBDA CHI ALPHA FRATERNITY INC,LOCAL_CHAPTER_ENTITY,2012,990,true,460623,426224,78903,0,78903,PROPUBLICA_API
580301953,KAPPA ALPHA ORDER,UNKNOWN,2012,990,true,586859,564696,78790,180,78610,PROPUBLICA_API
580560996,ALPHA EPSILON PI FRATERNITY,LOCAL_CHAPTER_ENTITY,2012,990,true,439115,398323,498548,117076,381472,PROPUBLICA_API
580574897,SIGMA CHI FRATERNITY,LOCAL_CHAPTER_ENTITY,2012,990,true,265986,264937,2134,0,2134,PROPUBLICA_API
581743710,PHI MU FRATERNITY,LOCAL_CHAPTER_ENTITY,2012,990,true,528939,462842,2223298,103854,2119444,PROPUBLICA_API
581937914,SIGMA ALPHA EPSILON FRATERNITY,LOCAL_CHAPTER_ENTITY,2012,990,true,334767,213334,1624110,178236,1445874,PROPUBLICA_API
580591246,TAU EPSILON PHI FRATERNITY,LOCAL_CHAPTER_ENTITY,2012,990,true,424488,463001,345140,188560,156580,PROPUBLICA_API
580574873,CHI OMEGA FRATERNITY,LOCAL_CHAPTER_ENTITY,2012,990,true,265078,263184,68469,752,67717,PROPUBLICA_API
580581459,SIGMA ALPHA EPSILON FRATERNITY,LOCAL_CHAPTER_ENTITY,2012,990,true,489489,450420,40529,6811,33718,PROPUBLICA_API
580581268,DELTA TAU DELTA FRATERNITY,LOCAL_CHAPTER_ENTITY,2012,990,true,230620,221800,21024,0,21024,PROPUBLICA_API
510234811,CHI OMEGA HOUSE CORPORATION MU BETA CHAPTER,HOUSE_CORPORATION,2012,990,true,484220,517607,751436,149157,602279,PROPUBLICA_API
616026148,CHI OMEGA FRATERNITY,LOCAL_CHAPTER_ENTITY,2012,990EZ,true,64532,72027,-6053,0,-6053,PROPUBLICA_API
610469791,KAPPA DELTA SORORITY,LOCAL_CHAPTER_ENTITY,2012,990EZ,true,181448,164906,20277,0,20277,PROPUBLICA_API
610446350,CHI OMEGA FRATERNITY,LOCAL_CHAPTER_ENTITY,2012,990,true,258601,250276,50825,0,50825,PROPUBLICA_API
616034813,EPSILON OMEGA OF KAPPA DELTA HOUSE,PROPERTY_HOLDING_ENTITY,2012,990EZ,true,143374,189535,146688,123751,22937,PROPUBLICA_API
310905748,LAMBDA ALPHA OF CHI OMEGA HOUSE CORPORATION INCORPORATED,HOUSE_CORPORATION,2012,990,true,337350,313145,248524,39877,208647,PROPUBLICA_API
610448235,SIGMA NU FRATERNITY,LOCAL_CHAPTER_ENTITY,2012,990EZ,true,12882,7569,7798,0,7798,PROPUBLICA_API
610242405,KAPPA KAPPA GAMMA FRATERNITY,LOCAL_CHAPTER_ENTITY,2012,990,true,346019,394459,758327,254889,503438,PROPUBLICA_API
616042960,KAPPA ALPHA ORDER,UNKNOWN,2012,990EZ,true,160725,155409,9788,0,9788,PROPUBLICA_API
616033534,DELTA TAU DELTA HOUSE CORP OF KY,HOUSE_CORPORATION,2012,990,true,269360,205518,2830635,1207443,1623192,PROPUBLICA_API
610444977,DELTA TAU DELTA FRATERNITY,LOCAL_CHAPTER_ENTITY,2012,990,true,300029,279031,27692,8620,19072,PROPUBLICA_API
611269807,DELTA SIGMA PHI FRATERNITY INC,LOCAL_CHAPTER_ENTITY,2012,990EZ,true,135463,129093,31347,0,31347,PROPUBLICA_API
510164540,UPSILON KAPPA OF PHI GAMMA DELTA HOUSE CORP,HOUSE_CORPORATION,2012,990,true,75597,50273,453226,119511,333715,PROPUBLICA_API
310896719,ALPHA BETA LAMBDA CHAPTER OF ALPHA PHI ALPHA FRATERNITY INC,LOCAL_CHAPTER_ENTITY,2012,990EZ,true,103266,76373,68177,0,68177,PROPUBLICA_API
526036185,PHI GAMMA DELTA EDUCATIONAL FOUNDATION,EDUCATIONAL_FOUNDATION,2012,990,true,3437152,2299223,12738741,148835,12589906,PROPUBLICA_API
237359145,SIGMA PI FRATERNITY HOUSING CORP,HOUSE_CORPORATION,2012,990,true,78605,75433,588653,465745,122908,PROPUBLICA_API
371612001,BETA THETA PI FRATERNITY,LOCAL_CHAPTER_ENTITY,2012,990,true,4935985,4421898,5651666,1566896,4084770,PROPUBLICA_API
721023591,DELTA CHI HOUSE CORPORATION,HOUSE_CORPORATION,2012,990EZ,true,28043,44481,372052,375000,-2948,PROPUBLICA_API
616042959,KAPPA ALPHA ORDER,UNKNOWN,2012,990EZ,true,55072,60886,2834,0,2834,PROPUBLICA_API
720603683,DELTA KAPPA OF ZETA TAU ALPHA HOUSE CORPORATION,HOUSE_CORPORATION,2012,990,true,253466,188819,830679,766400,64279,PROPUBLICA_API
726021413,CHI OMEGA FRATERNITY,LOCAL_CHAPTER_ENTITY,2012,990,true,284128,230118,974030,21859,952171,PROPUBLICA_API
726027982,PI KAPPA ALPHA FRATERNITY,LOCAL_CHAPTER_ENTITY,2012,990N,false,,,,,,PROPUBLICA_API
556028175,ALPHA GAMMA DELTA FRATERNITY,LOCAL_CHAPTER_ENTITY,2012,990,true,473295,373052,326700,0,326700,PROPUBLICA_API
720873120,ALPHA GAMMA RHO FRATERNITY,LOCAL_CHAPTER_ENTITY,2012,990,true,160429,134324,14130,0,14130,PROPUBLICA_API
576025458,KAPPA DELTA SORORITY,LOCAL_CHAPTER_ENTITY,2012,990,true,469785,431293,138443,6249,132194,PROPUBLICA_API
726027982,PI KAPPA ALPHA FRATERNITY,LOCAL_CHAPTER_ENTITY,2012,990EZ,true,115042,114079,326287,90356,235931,PROPUBLICA_API
726032539,HOUSE CORPORATION OF DELTA TAU DELTA L S U INC,HOUSE_CORPORATION,2012,990EZ,true,335,0,144782,0,144782,PROPUBLICA_API
720482627,PI KAPPA ALPHA FATERNITY,UNKNOWN,2012,990EZ,true,63811,62456,1879,0,1879,PROPUBLICA_API
720482627,PI KAPPA ALPHA FATERNITY,UNKNOWN,2012,990N,false,,,,,,PROPUBLICA_API
237069145,DELTA OMEGA HOUSE CORPORATION OF DELTA DELTA DELTA FRATERNITY,HOUSE_CORPORATION,2012,990,true,474665,327689,1210183,13500,1196683,PROPUBLICA_API
726034315,SIGMA GAMMA RHO SORORITY INC,LOCAL_CHAPTER_ENTITY,2012,990EZ,true,38847,40562,197544,62588,134956,PROPUBLICA_API
720416943,KAPPA ALPHA ORDER,UNKNOWN,2012,990,true,376774,390973,9918,0,9918,PROPUBLICA_API
726027219,DELTA KAPPA HOUSE CORP KAPPA ALPHA THETA,HOUSE_CORPORATION,2012,990,true,167140,132505,542415,167732,374683,PROPUBLICA_API
640868872,DELTA OMEGA CHAPTER HOUSE CORPORATION OF KAPPA DELTA,HOUSE_CORPORATION,2012,990,true,561265,578299,1174087,485477,688610,PROPUBLICA_API
726027878,KAPPA DELTA SORORITY,LOCAL_CHAPTER_ENTITY,2012,990,true,200597,157224,145707,9892,135815,PROPUBLICA_API
640120597,KAPPA ALPHA ORDER,UNKNOWN,2012,990,true,351213,349367,11980,0,11980,PROPUBLICA_API
640390595,LAMBDA CHI ALPHA FRATERNITY INC,LOCAL_CHAPTER_ENTITY,2012,990,true,319493,321941,24045,1564,22481,PROPUBLICA_API
340435674,MISSISSIPPI STATE UNIVERSITY DELTA CHI BUILDING CORPORATION,HOUSE_CORPORATION,2012,990,true,141713,38199,783247,626304,156943,PROPUBLICA_API
430661687,ALPHA EPSILON PI FRATERNITY,LOCAL_CHAPTER_ENTITY,2012,990,true,630182,524275,2457,4278,-1821,PROPUBLICA_API
436065825,SOCIETY OF BETA SIGMA PSI,UNKNOWN,2012,990,true,214653,207947,116922,114955,1967,PROPUBLICA_API
640310946,SIGMA ALPHA EPSILON FRATERNITY,LOCAL_CHAPTER_ENTITY,2012,990,true,525221,513654,122926,8550,114376,PROPUBLICA_API
436075111,SIGMA ALPHA EPSILON CLUB OF COLUMBIA MISSOURI,UNKNOWN,2012,990,true,109660,111659,2246232,578125,1668107,PROPUBLICA_API
721523824,PHI MU FRATERNITY,LOCAL_CHAPTER_ENTITY,2012,990,true,779065,654679,3153989,2563204,590785,PROPUBLICA_API
436050433,ALPHA PHI HOUSE CORPORATION BOARD- UNIVERSITY OF MISSOURI,HOUSE_CORPORATION,2012,990,true,828387,531360,1613149,925179,687970,PROPUBLICA_API
430282880,GAMMA PHI BETA SORORITY INC,LOCAL_CHAPTER_ENTITY,2012,990,true,231354,233068,2255,0,2255,PROPUBLICA_API
431098570,KAPPA DELTA SORORITY,LOCAL_CHAPTER_ENTITY,2012,990,true,273573,274297,44288,0,44288,PROPUBLICA_API
436059582,GAMMA PHI BETA SORORITY INC,LOCAL_CHAPTER_ENTITY,2012,990,true,664460,608303,1880474,955910,924564,PROPUBLICA_API
510245814,ALPHA GAMMA CHAPTER OF ALPHA DELTA PI HOUSE CORP,HOUSE_CORPORATION,2012,990,true,639644,624560,1720376,926185,794191,PROPUBLICA_API
430456430,PHI DELTA THETA FRATERNITY,LOCAL_CHAPTER_ENTITY,2012,990,true,500375,557754,94630,4910,89720,PROPUBLICA_API
436031386,DELTA XI BLDG CORP OF DELTA DELTA DELTA,UNKNOWN,2012,990,true,327393,362612,603225,540300,62925,PROPUBLICA_API
430214640,CHI OMEGA FRATERNITY,LOCAL_CHAPTER_ENTITY,2012,990,true,409423,309252,30277,0,30277,PROPUBLICA_API
436052949,RHO ALPHA OF CHI OMEGA INC,PROPERTY_HOLDING_ENTITY,2012,990,true,339911,574917,1019656,0,1019656,PROPUBLICA_API
436052133,ALPHA GAMMA RHO BUILDING ASSOCIATION,HOUSE_CORPORATION,2012,990,true,208174,205207,1998773,848955,1149818,PROPUBLICA_API
430156640,ALPHA GAMMA RHO FRATERNITY,LOCAL_CHAPTER_ENTITY,2012,990,true,545330,541765,21885,28,21857,PROPUBLICA_API
436052199,BETA THETA PI FRATERNITY,LOCAL_CHAPTER_ENTITY,2012,990,true,547735,754874,36404,94152,-57748,PROPUBLICA_API
736100261,SIGMA CHI FRATERNITY,LOCAL_CHAPTER_ENTITY,2012,990,true,426026,491671,1667788,1470337,197451,PROPUBLICA_API
431080165,KAPPA KAPPA GAMMA HOUSE CORP OF COLUMBIA,HOUSE_CORPORATION,2012,990,true,750460,618531,1172701,472638,700063,PROPUBLICA_API
730580030,DELTA TAU DELTA FRATERNITY,LOCAL_CHAPTER_ENTITY,2012,990,true,621994,660844,3801,0,3801,PROPUBLICA_API
436061869,ALPHA CHI OMEGA HOUSE CORP FOR ALPHA NU CHAPTER,HOUSE_CORPORATION,2012,990,true,252119,175178,2230893,420127,1810766,PROPUBLICA_API
237432859,SIGMA NU FRATERNITY,LOCAL_CHAPTER_ENTITY,2012,990,true,556749,560731,53062,373858,-320796,PROPUBLICA_API
430519030,SIGMA NU HOUSE CORPORATION,HOUSE_CORPORATION,2012,990,true,117959,108697,1011960,393668,618292,PROPUBLICA_API
237330439,BETA THETA PI CLUB OF COLUMBIA MISSOURI,UNKNOWN,2012,990,true,3675539,194217,11111183,2989142,8122041,PROPUBLICA_API
730581503,SIGMA ALPHA EPSILON FRATERNITY,LOCAL_CHAPTER_ENTITY,2012,990,true,912630,797919,1700967,486117,1214850,PROPUBLICA_API
446013887,DELTA TAU DELTA ASSOCIATION OF COLUNBIA MO,UNKNOWN,2012,990,true,206691,169355,2326086,842386,1483700,PROPUBLICA_API
730583070,LAMBDA CHI ALPHA FRATERNITY INC,LOCAL_CHAPTER_ENTITY,2012,990,true,623234,636057,30901,76,30825,PROPUBLICA_API
430240451,DELTA TAU DELTA FRATERNITY,LOCAL_CHAPTER_ENTITY,2012,990,true,610684,642380,169863,130884,38979,PROPUBLICA_API
300407306,BETA KAPPA OF SIGMA CHI WHITE CROSS FOUNDATION,EDUCATIONAL_FOUNDATION,2012,990PF,true,24256,95,86235,1,86234,PROPUBLICA_API
311128130,PHI KAPPA PSI FRATERNITY,LOCAL_CHAPTER_ENTITY,2012,990EZ,true,83300,67734,28639,0,28639,PROPUBLICA_API
730181175,CHI OMEGA FRATERNITY,LOCAL_CHAPTER_ENTITY,2012,990,true,248155,253866,88682,0,88682,PROPUBLICA_API
730589443,PHI GAMMA DELTA FRATERNITY,LOCAL_CHAPTER_ENTITY,2012,990,true,632483,567113,84957,0,84957,PROPUBLICA_API
731440348,ALPHA PHI LUCY FINNERTY EDUCATIONAL FUND,UNKNOWN,2012,990PF,true,22898,13972,668091,0,668091,PROPUBLICA_API
730589378,TRUSTEES OF OKLAHOMA ALPHA CHAPTER OF PI BETA PHI FRATERNITY INC,LOCAL_CHAPTER_ENTITY,2012,990,true,390050,295196,1620151,76972,1543179,PROPUBLICA_API
736103379,BETA THETA PI CORPORATION OF OKLA,UNKNOWN,2012,990N,false,,,,,,PROPUBLICA_API
640307103,PHI MU FRATERNITY,LOCAL_CHAPTER_ENTITY,2012,990,true,1066017,834028,3523349,1731499,1791850,PROPUBLICA_API
730582839,BETA THETA PI FRATERNITY,LOCAL_CHAPTER_ENTITY,2012,990,true,471853,507410,17452,20173,-2722,PROPUBLICA_API
736103379,BETA THETA PI CORPORATION OF OKLA,UNKNOWN,2012,990EZ,true,96913,116015,209627,0,209627,PROPUBLICA_API
510178981,GAMMA PHI BETA SORORITY INC,LOCAL_CHAPTER_ENTITY,2012,990,true,201038,188827,132845,461,132384,PROPUBLICA_API
640330884,KAPPA DELTA SORORITY,LOCAL_CHAPTER_ENTITY,2012,990,true,387776,396601,25203,0,25203,PROPUBLICA_API
646027408,MISSISSIPPI BETA OF PI BETA PHI HOUSE ASSOCIATION INC,HOUSE_CORPORATION,2012,990,true,463440,358976,3685886,1179687,2506199,PROPUBLICA_API
731233879,BUILDING ASSOCIATION OF THE EPSILON ALPHA CHAPT CHI OMEGA FRATERNITY,HOUSE_CORPORATION,2012,990,true,995488,683527,3114991,20738,3094253,PROPUBLICA_API
730583442,KAPPA ALPHA ORDER,UNKNOWN,2012,990,true,372160,369565,2731,1031,1700,PROPUBLICA_API
640717329,DELTA DELTA DELTA NATIONAL HOUSE CORPORATION,HOUSE_CORPORATION,2012,990,true,233374,187632,3207579,239378,2968201,PROPUBLICA_API
640304773,SIGMA NU FRATERNITY,LOCAL_CHAPTER_ENTITY,2012,990,true,994023,915886,69251,2472,66779,PROPUBLICA_API
730579972,GAMMA PHI BETA SORORITY INC,LOCAL_CHAPTER_ENTITY,2012,990,true,1073526,599430,1581111,205352,1375759,PROPUBLICA_API
640315255,SIGMA CHI FRATERNITY ETA CHAPTER,LOCAL_CHAPTER_ENTITY,2012,990,true,759071,746997,532620,0,532620,PROPUBLICA_API
570811123,ETA GAMMA CHAPTER OF CHI OMEGA FRATERNITY HOUSING CORPORATION,HOUSE_CORPORATION,2012,990,true,856880,446501,2585151,263319,2321832,PROPUBLICA_API
576034368,ALPHA TAU OMEGA FRATERNITY,LOCAL_CHAPTER_ENTITY,2012,990EZ,true,107435,115159,1085,0,1085,PROPUBLICA_API
237160987,TAU OF CHI OMEGA FRATERNITY HOUSE CORPORATION,HOUSE_CORPORATION,2012,990,true,921897,774266,2142860,309543,1833317,PROPUBLICA_API
640307108,CHI OMEGA FRATERNITY,LOCAL_CHAPTER_ENTITY,2012,990,true,228246,179455,99030,0,99030,PROPUBLICA_API
237432869,MISSISSIPPI GAMMA HOUSE ASSN OF SIGMA ALPHA EPSILON,HOUSE_CORPORATION,2012,990EZ,true,37409,55237,219066,115770,103296,PROPUBLICA_API
640315254,SIGMA ALPHA EPSILON FRATERNITY,LOCAL_CHAPTER_ENTITY,2012,990,true,577581,506616,122275,22346,99929,PROPUBLICA_API
640412138,ALPHA TAU OMEGA FRATERNITY,LOCAL_CHAPTER_ENTITY,2012,990,true,760812,703189,136147,2994,133153,PROPUBLICA_API
582279145,RHO CHAPTER KAPPA ALPHA HOUSING CORPORATION,HOUSE_CORPORATION,2012,990,true,388560,358704,1007489,230005,777484,PROPUBLICA_API
237229883,MISSISSIPPI ALPHA CHAPTER HOUSE CORPORATION OF PHI DELTA THETA FRA,HOUSE_CORPORATION,2012,990,true,115149,149490,1590627,698573,892054,PROPUBLICA_API
640308935,PHI DELTA THETA FRATERNITY,LOCAL_CHAPTER_ENTITY,2012,990,true,850140,741999,447921,127762,320159,PROPUBLICA_API
576033523,KAPPA ALPHA ORDER,UNKNOWN,2012,990,true,236607,245006,10897,0,10897,PROPUBLICA_API
237128453,LAMBDA CHI ALPHA FRATERNITY INC,LOCAL_CHAPTER_ENTITY,2012,990EZ,true,53410,58574,3828,0,3828,PROPUBLICA_API
576034943,KAPPA SIGMA FRATERNITY,LOCAL_CHAPTER_ENTITY,2012,990,true,91500,84173,16203,0,16203,PROPUBLICA_API
237219356,KAPPA KAPPA GAMMA FRATERNITY INC,LOCAL_CHAPTER_ENTITY,2012,990,true,923445,652551,4518053,1076487,3441566,PROPUBLICA_API
620256693,KAPPA SIGMA FRATERNITY,LOCAL_CHAPTER_ENTITY,2012,990EZ,true,180844,179460,2589,0,2589,PROPUBLICA_API
570742538,CHI OMEGA FRATERNITY,LOCAL_CHAPTER_ENTITY,2012,990EZ,true,185287,188872,56403,0,56403,PROPUBLICA_API
201554454,GAMMA PHI BETA SORORITY INC,LOCAL_CHAPTER_ENTITY,2012,990,true,279792,204277,172365,96850,75515,PROPUBLICA_API
576027420,PI KAPPA ALPHA FRATERNITY,LOCAL_CHAPTER_ENTITY,2012,990,true,260843,260644,3318,0,3318,PROPUBLICA_API
626111214,KAPPA SIGMA FRATERNITY,PROPERTY_HOLDING_ENTITY,2012,990EZ,true,117822,75309,282215,32867,249348,PROPUBLICA_API
237123123,BETA THETA PI FRATERNITY,LOCAL_CHAPTER_ENTITY,2012,990EZ,true,16500,32400,5415,0,5415,PROPUBLICA_API
742188211,SIGMA PHI EPSILON EDUCATION FOUNDATION OF TEXAS ALPHA,EDUCATIONAL_FOUNDATION,2012,990EZ,true,160460,98705,401420,117098,284322,PROPUBLICA_API
311023916,SIGMA GAMMA RHO SORORITY INC,LOCAL_CHAPTER_ENTITY,2012,990N,false,,,,,,PROPUBLICA_API
621414737,BETA SIGMA OF SIGMA CHI HOUSE CORPORATION,HOUSE_CORPORATION,2012,990,true,181496,133506,1763502,1557699,205803,PROPUBLICA_API
626042374,DELTA SIGMA HOUSE CORPORATION OF DELTA DELTA DELTA,HOUSE_CORPORATION,2012,990EZ,true,106206,145737,242766,0,242766,PROPUBLICA_API
626047671,KAPPA DELTA SORORITY,LOCAL_CHAPTER_ENTITY,2012,990,true,201962,172850,45516,14849,30667,PROPUBLICA_API
621386377,PI CHAPTER CHI OMEGA FRATERNITY HOUSE CORP,HOUSE_CORPORATION,2012,990EZ,true,83074,17584,346158,0,346158,PROPUBLICA_API
626047975,CHI OMEGA FRATERNITY,LOCAL_CHAPTER_ENTITY,2012,990EZ,true,136631,129363,127687,0,127687,PROPUBLICA_API
740898333,SIGMA ALPHA MU FRATERNITY,LOCAL_CHAPTER_ENTITY,2012,990,true,793781,792170,261413,164452,96961,PROPUBLICA_API
626045032,ALPHA DELTA PI HOUSE CORP ALPHA KAPPA,HOUSE_CORPORATION,2012,990EZ,true,30276,19422,430425,78138,352287,PROPUBLICA_API
746084912,SIGMA GAMMA RHO SORORITY INC,LOCAL_CHAPTER_ENTITY,2012,990EZ,true,0,0,1,0,1,PROPUBLICA_API
741130614,SIGMA PHI EPSILON FRATERNITY INC,LOCAL_CHAPTER_ENTITY,2012,990,true,1179732,1146467,97648,1581,96067,PROPUBLICA_API
742831564,ZETA BETA TAU FRATERNITY,LOCAL_CHAPTER_ENTITY,2012,990,true,824873,850485,60821,36451,24370,PROPUBLICA_API
746047117,BUILDING CORPORATION OF DELTA CHAPTER OF ALPHA DELTA PI,HOUSE_CORPORATION,2012,990,true,556543,548935,370752,22982,347770,PROPUBLICA_API
746084213,CHI OMEGA FRATERNITY IOTA CHAPTER UNIV OF TX AT AUSTIN,LOCAL_CHAPTER_ENTITY,2012,990,true,268891,269628,275096,0,275096,PROPUBLICA_API
743004321,TEXAS DELTA CHI HOUSING CORP,HOUSE_CORPORATION,2012,990,true,-18302,0,599751,486493,113258,PROPUBLICA_API
741130608,PHI GAMMA DELTA FRATERNITY,LOCAL_CHAPTER_ENTITY,2012,990,true,1303992,1344530,62458,43338,19120,PROPUBLICA_API
741130611,SIGMA ALPHA EPSILON FRATERNITY,LOCAL_CHAPTER_ENTITY,2012,990,true,1303594,1127790,316209,168020,148189,PROPUBLICA_API
270246718,PI KAPPA PHI FRATERNITY AT AUSTIN AREA HOUSING CORPORATION,HOUSE_CORPORATION,2012,990EZ,true,63737,59121,16892,12820,4072,PROPUBLICA_API
740555581,CHI OMEGA FRATERNITY,LOCAL_CHAPTER_ENTITY,2012,990,true,981259,945698,1397413,70777,1326636,PROPUBLICA_API
510165062,CHI OMEGA FRATERNITY,LOCAL_CHAPTER_ENTITY,2012,990,true,276721,312052,45972,0,45972,PROPUBLICA_API
741120034,PI KAPPA ALPHA FRATERNITY,LOCAL_CHAPTER_ENTITY,2012,990,true,750342,677068,225515,165880,59635,PROPUBLICA_API
741493205,KAPPA CHAPTER OF ZETA TAU ALPHA HOUSE CORPORATION,HOUSE_CORPORATION,2012,990,true,83060,52619,913555,0,913555,PROPUBLICA_API
741116912,SIGMA CHI FRATERNITY,LOCAL_CHAPTER_ENTITY,2012,990,true,711704,674840,108458,7600,100858,PROPUBLICA_API
740481786,ALPHA EPSILON PHI SORORITY OMEGA CHAPTER,LOCAL_CHAPTER_ENTITY,2012,990,true,241570,229142,253516,108668,144848,PROPUBLICA_API
746060984,TEXAS ALPHA HOUSE CORPORATION OF PI BETA PHI,HOUSE_CORPORATION,2012,990,true,690975,676031,3441668,415913,3025755,PROPUBLICA_API
510207538,SIGMA CHI FRATERNITY,LOCAL_CHAPTER_ENTITY,2012,990,true,170837,171959,6651,0,6651,PROPUBLICA_API
741932980,XI KAPPA OF CHI OMEGA HOUSE CORP,HOUSE_CORPORATION,2012,990,true,519158,416459,1324620,704923,619697,PROPUBLICA_API
134264657,GAMMA PHI BETA SORORITY INC,LOCAL_CHAPTER_ENTITY,2012,990EZ,true,120649,118717,43123,18817,24306,PROPUBLICA_API
732350514,TEXAS ETA CHAPTER OF PI BETA PHI HOUSE CORPORATION,HOUSE_CORPORATION,2012,990,true,245224,274571,1405674,449820,955854,PROPUBLICA_API
741219941,BETA XI OF KAPPA KAPPA GAMMA HOUSE ASSOCIATION,HOUSE_CORPORATION,2012,990,true,909506,616162,636962,81952,555010,PROPUBLICA_API
521346179,ZETA PHI BETA SORORITY INC,LOCAL_CHAPTER_ENTITY,2012,990EZ,true,4540,4080,460,0,460,PROPUBLICA_API
742205939,KAPPA DELTA SORORITY,LOCAL_CHAPTER_ENTITY,2012,990,true,273776,244339,123081,28667,94414,PROPUBLICA_API
742930349,ETA ALPHA HOUSE CORPORATION OF KAPPA DELTA SORORITY,HOUSE_CORPORATION,2012,990,true,464733,498905,1214190,1553403,-339213,PROPUBLICA_API
810575553,PHI GAMMA DELTA FRATERNITY,LOCAL_CHAPTER_ENTITY,2012,990,true,285242,293261,27995,5555,22440,PROPUBLICA_API
742205743,KAPPA ALPHA ORDER,UNKNOWN,2012,990,true,287637,276628,37560,0,37560,PROPUBLICA_API
742155975,SIGMA EPSILON OF KAPPA DELTA HOUSE CORP,HOUSE_CORPORATION,2012,990,true,733490,641603,1714855,1645392,69463,PROPUBLICA_API
273674898,PI KAPPA ALPHA FRATERNITY,LOCAL_CHAPTER_ENTITY,2012,990EZ,true,176781,176781,563,0,563,PROPUBLICA_API
741116922,DELTA TAU DELTA FRATERNITY,LOCAL_CHAPTER_ENTITY,2012,990,true,834451,791861,151797,1073,150724,PROPUBLICA_API
900652699,FIFTH DISTRICT OF OMEGA PSI PHI FRATERNITY INC,LOCAL_CHAPTER_ENTITY,2012,990EZ,true,23632,36708,93432,0,93432,PROPUBLICA_API
746082351,DELTA TAU DELTA BUILDING ASSN,PROPERTY_HOLDING_ENTITY,2012,990,true,49433,14171,1274312,178902,1095410,PROPUBLICA_API
621793998,KAPPA DELTA SORORITY,LOCAL_CHAPTER_ENTITY,2012,990,true,682466,775703,9509,0,9509,PROPUBLICA_API
626074044,CHI OMEGA FRATERNITY,LOCAL_CHAPTER_ENTITY,2012,990EZ,true,111114,147067,258970,0,258970,PROPUBLICA_API
742244833,DELTA TAU DELTA FRATERNITY,LOCAL_CHAPTER_ENTITY,2012,990,true,282812,280723,23103,0,23103,PROPUBLICA_API
621218011,ALPHA DELTA PI HOUSE CORPORATION,HOUSE_CORPORATION,2012,990,true,157408,92240,381976,1173,380803,PROPUBLICA_API
362426170,GAMMA PHI BETA SORORITY INC,NATIONAL_PARENT,2012,990,true,4811505,4346901,14172714,6019946,8152768,PROPUBLICA_API
530209696,OMEGA PSI PHI FRATERNITY,NATIONAL_PARENT,2012,990,true,4764456,4715342,3235714,611235,2624479,PROPUBLICA_API
263623864,KAPPA SIGMA FRATERNITY,LOCAL_CHAPTER_ENTITY,2012,990,true,106450,95294,44217,0,44217,PROPUBLICA_API
530261012,ZETA PHI BETA SORORITY INC,NATIONAL_PARENT,2012,990,true,2906081,2902575,4849462,3840759,1008703,PROPUBLICA_API
010158948,SIGMA KAPPA SORORITY,NATIONAL_PARENT,2012,990,true,2831133,2467262,3094769,718962,2375807,PROPUBLICA_API
621781729,ZETA PHI BETA SORORITY INC PI ZETA CHAPTER,LOCAL_CHAPTER_ENTITY,2012,990EZ,true,32245,36668,48023,31855,16168,PROPUBLICA_API
381543609,SIGMA ALPHA IOTA FRATERNITY,NATIONAL_PARENT,2012,990,true,780882,758762,666593,296068,370525,PROPUBLICA_API
430765719,THETA TAU,NATIONAL_PARENT,2012,990,true,619926,523256,1104138,136912,967226,PROPUBLICA_API
621466616,BETA TAU HOUSE CORPORATION OF KAPPA DELTA SORORITY,HOUSE_CORPORATION,2012,990EZ,true,94694,80038,190243,2825,187418,PROPUBLICA_API
310406470,PHI DELTA THETA FRATERNITY,NATIONAL_PARENT,2012,990,true,3269335,3246059,6547941,745554,5802387,PROPUBLICA_API
626047662,KAPPA DELTA SORORITY,LOCAL_CHAPTER_ENTITY,2012,990,true,139267,141867,103278,88992,14286,PROPUBLICA_API
231431779,KAPPA ALPHA PSI FRATERNITY INC,NATIONAL_PARENT,2012,990,true,3807318,3323917,6708500,407600,6300900,PROPUBLICA_API
310851686,CHI OMEGA FRATERNITY,NATIONAL_PARENT,2012,990,true,4957762,6901651,11744747,1681579,10063168,PROPUBLICA_API
356020472,SIGMA GAMMA RHO SORORITY INC,NATIONAL_PARENT,2012,990,true,2489114,1746342,2648244,88384,2559860,PROPUBLICA_API
361996950,ZETA TAU ALPHA INTL FRATERNITY & FRATERNITY HOUSING CORPORATION,NATIONAL_PARENT,2012,990,true,12680483,10922379,40750163,8263735,32486428,PROPUBLICA_API
221281800,SIGMA PI FRATERNITY INTERNATIONAL,NATIONAL_PARENT,2012,990,true,1846409,1716665,3137699,970071,2167628,PROPUBLICA_API
350141875,ALPHA CHI OMEGA FRATERNITY INC,NATIONAL_PARENT,2012,990,true,7016945,6552075,10805122,6816624,3988498,PROPUBLICA_API
221550561,ALPHA GAMMA DELTA FRATERNITY,NATIONAL_PARENT,2012,990,true,4164506,4056279,9934468,3789922,6144546,PROPUBLICA_API
362362161,PHI KAPPA PSI FRATERNITY,NATIONAL_PARENT,2012,990,true,3210583,2762219,6429398,273262,6156136,PROPUBLICA_API
210577978,THETA CHI FRATERNITY INC,NATIONAL_PARENT,2012,990,true,2710921,2448686,4140503,317881,3822622,PROPUBLICA_API
131306360,SIGMA ALPHA MU FRATERNITY INC,NATIONAL_PARENT,2012,990,true,1738456,1524084,6284863,1889477,4395386,PROPUBLICA_API
382900287,PHI SIGMA RHO NATIONAL SORORITY,NATIONAL_PARENT,2012,990EZ,true,192478,112486,183587,1672,181915,PROPUBLICA_API
314164901,DELTA GAMMA FRATERNITY,NATIONAL_PARENT,2012,990,true,4342920,3565541,10759253,1422201,9337052,PROPUBLICA_API
620533776,PHI MU FRATERNITY,NATIONAL_PARENT,2012,990,true,3455752,2821574,16927047,6230110,10696937,PROPUBLICA_API
350459180,LAMBDA CHI ALPHA FRATERNITY INC,NATIONAL_PARENT,2012,990,true,4969281,4265011,4681139,1854217,2826922,PROPUBLICA_API
530125862,PHI GAMMA DELTA FRATERNITY,NATIONAL_PARENT,2012,990EZ,true,112065,103221,13128,0,13128,PROPUBLICA_API
530125862,PHI GAMMA DELTA FRATERNITY,NATIONAL_PARENT,2012,990,true,3800629,3429269,10498426,341562,10156864,PROPUBLICA_API
730593444,KAPPA KAPPA PSI FRATERNITY,NATIONAL_PARENT,2012,990,true,657289,629099,857173,22181,834992,PROPUBLICA_API
362077508,ALPHA PHI INTERNATIONAL FRATERNITY INC,NATIONAL_PARENT,2012,990,true,6483760,5430944,10732857,993191,9739666,PROPUBLICA_API
430689936,SIGMA TAU GAMMA FRATERNITY,NATIONAL_PARENT,2012,990,true,1098069,999320,841811,259073,582738,PROPUBLICA_API
361773950,SIGMA ALPHA EPSILON FRATERNITY,NATIONAL_PARENT,2012,990,true,6685091,6259634,5216603,2036324,3180279,PROPUBLICA_API
131714532,KAPPA SIGMA FRATERNITY,NATIONAL_PARENT,2012,990EZ,true,168941,169893,0,0,0,PROPUBLICA_API
131496630,ZETA PSI FRATERNITY OF NORTH AMERICA,NATIONAL_PARENT,2012,990,true,605187,592107,660512,33840,626672,PROPUBLICA_API
430769468,ALPHA EPSILON PI FRATERNITY INC,NATIONAL_PARENT,2012,990,true,3051783,2714471,4348142,0,4348142,PROPUBLICA_API
580191430,CHI PHI FRATERNITY INC,NATIONAL_PARENT,2012,990,true,1154693,1011277,988505,127990,860515,PROPUBLICA_API
440500006,KAPPA DELTA SORORITY INC,NATIONAL_PARENT,2012,990,true,6129504,3681036,33002851,5270445,27732406,PROPUBLICA_API
350267650,DELTA TAU DELTA FRATERNITY,NATIONAL_PARENT,2012,990,true,3807863,3578095,10622072,1527595,9094477,PROPUBLICA_API
362152330,ALPHA KAPPA ALPHA SORORITY INC,NATIONAL_PARENT,2012,990,true,19307671,19673110,32861957,7966034,24895923,PROPUBLICA_API
570340150,PI KAPPA PHI FRATERNITY,NATIONAL_PARENT,2012,990,true,3894015,3585959,5819475,2407756,3411719,PROPUBLICA_API
370464584,PI BETA PHI FRATERNITY,NATIONAL_PARENT,2012,990,true,7748769,5139116,22096923,1734972,20361951,PROPUBLICA_API
131496610,ZETA BETA TAU FRATERNITY,NATIONAL_PARENT,2012,990,true,1915735,1893054,1063430,230719,832711,PROPUBLICA_API
130604310,DELTA KAPPA EPSILON FRATERNITY,NATIONAL_PARENT,2012,990,true,904776,837134,326967,171541,155426,PROPUBLICA_API
311353726,DELTA ZETA NATIONAL HOUSING CORPORATION,NATIONAL_PARENT,2012,990,true,2276760,1506987,15567169,4957316,10609853,PROPUBLICA_API
314359813,ALPHA SIGMA PHI FRATERNITY INC,NATIONAL_PARENT,2012,990,true,1984331,1679744,1628735,535180,1093555,PROPUBLICA_API
580310956,KAPPA ALPHA ORDER,NATIONAL_PARENT,2012,990,true,3273926,3192991,6799495,1798215,5001280,PROPUBLICA_API
361305568,KAPPA ALPHA THETA FRATERNITY,NATIONAL_PARENT,2012,990,true,6565376,5751747,31615724,21659520,9956204,PROPUBLICA_API
314221880,KAPPA KAPPA GAMMA FRATERNITY INC,NATIONAL_PARENT,2012,990,true,6052413,5305296,8265140,1307902,6957238,PROPUBLICA_API
580638489,ALPHA DELTA PI SORORITY,NATIONAL_PARENT,2012,990,true,4010605,3734182,6677408,109458,6567950,PROPUBLICA_API
310406478,PHI KAPPA TAU FRATERNITY,NATIONAL_PARENT,2012,990,true,2079628,2639777,2140550,1101329,1039221,PROPUBLICA_API
370152140,ALPHA TAU OMEGA FRATERNITY,NATIONAL_PARENT,2012,990,true,3792876,3170171,5406182,497035,4909147,PROPUBLICA_API
362374316,DELTA DELTA DELTA,NATIONAL_PARENT,2012,990,true,5914840,4425433,15853727,1565886,14287841,PROPUBLICA_API
620458346,PI KAPPA ALPHA FRATERNITY,NATIONAL_PARENT,2012,990,true,3897201,4339171,1513626,202628,1310998,PROPUBLICA_API
530215218,DELTA SIGMA THETA SORORITY INC,NATIONAL_PARENT,2012,990,true,12791115,12691183,31653278,12465169,19188109,PROPUBLICA_API
310531047,BETA THETA PI FRATERNITY,NATIONAL_PARENT,2012,990EZ,true,51060,48350,30280,0,30280,PROPUBLICA_API
361773960,SIGMA CHI FRATERNITY,NATIONAL_PARENT,2012,990,true,3669006,3409104,9066641,1623736,7442905,PROPUBLICA_API
230967790,PHI KAPPA SIGMA FRATERNITY GRAND CHAPTER,NATIONAL_PARENT,2012,990,true,628310,560594,1131834,47041,1084793,PROPUBLICA_API
300174261,TAU KAPPA EPSILON FRATERNITY INC,NATIONAL_PARENT,2012,990,true,5721813,6090002,4216932,2025713,2191219,PROPUBLICA_API
620950113,ALPHA OMICRON PI FRATERNITY INC,NATIONAL_PARENT,2012,990,true,3204808,2957295,18779396,3974363,14805033,PROPUBLICA_API
840405009,DELTA SIGMA PHI FRATERNITY INC NATIONAL HEADQUARTERS,NATIONAL_PARENT,2012,990,true,2767559,2695639,1885299,681452,1203847,PROPUBLICA_API
251072670,ALPHA EPSILON PHI SORORITY INC,NATIONAL_PARENT,2012,990,true,993292,1069433,1317620,119146,1198474,PROPUBLICA_API
370152080,ALPHA GAMMA RHO FRATERNITY,NATIONAL_PARENT,2012,990,true,1747880,1615634,4981468,1906387,3075081,PROPUBLICA_API
420212285,DELTA CHI FRATERNITY,NATIONAL_PARENT,2012,990,true,2537116,2070301,10224016,249904,9974112,PROPUBLICA_API
540628798,SIGMA NU FRATERNITY INC,NATIONAL_PARENT,2012,990,true,4431360,3922304,6747964,2863385,3884579,PROPUBLICA_API
540379370,SIGMA PHI EPSILON FRATERNITY INC,NATIONAL_PARENT,2012,990,true,10915183,10209192,46475660,32191376,14284284,PROPUBLICA_API
730654150,SIGMA SIGMA SIGMA INC,NATIONAL_PARENT,2012,990,true,2049965,1807838,4109629,312017,3797612,PROPUBLICA_API
431971836,DELTA PHI EPSILON SORORITY INC,NATIONAL_PARENT,2012,990,true,1274198,1304165,3015474,1847737,1167737,PROPUBLICA_API
562163357,THETA NU XI MULTICULTURAL SORORITY INCORPORATED,NATIONAL_PARENT,2012,990EZ,true,112520,88226,128658,0,128658,PROPUBLICA_API
386089059,CHI PSI FRATERNITY,NATIONAL_PARENT,2012,990,true,951014,845083,2943222,836162,2107060,PROPUBLICA_API
231500981,THE GRAND CHAPTER OF PHI SIGMA KAPPA,NATIONAL_PARENT,2012,990,true,1741438,1584464,992477,239998,752479,PROPUBLICA_API
131368460,TAU EPSILON PHI FRATERNITY INC,NATIONAL_PARENT,2012,990,true,324858,185208,190417,45899,144518,PROPUBLICA_API
362024274,SIGMA DELTA TAU SOCIETY,NATIONAL_PARENT,2012,990,true,1604045,1515733,2760883,709285,2051598,PROPUBLICA_API
223530740,LAMBDA THETA ALPHA,NATIONAL_PARENT,2012,990,true,523892,403810,478713,144738,333975,PROPUBLICA_API
042200265,PHI KAPPA THETA FRATERNITY,NATIONAL_PARENT,2012,990,true,743180,691945,412018,191150,220868,PROPUBLICA_API
350868356,PHI DELTA THETA FRATERNITY,LOCAL_CHAPTER_ENTITY,2011,990,true,261876,264593,33265,0,33265,PROPUBLICA_API
630164075,PHI DELTA THETA FRATERNITY,LOCAL_CHAPTER_ENTITY,2011,990N,false,,,,,,PROPUBLICA_API
630893932,PHI MU HOUSE CORPORATION,HOUSE_CORPORATION,2011,990,true,1280418,629634,3239593,36642,3202951,PROPUBLICA_API
596135388,CHI OMEGA HOUSING CORPORATION,HOUSE_CORPORATION,2011,990,true,808397,539051,1818095,278358,1539737,PROPUBLICA_API
636091968,THE NU BETA CHAPTER OF THE CHI OMEGA HOUSE ASSOCIATION INC,HOUSE_CORPORATION,2011,990,true,1185106,801394,1930460,426197,1504263,PROPUBLICA_API
636050290,CHI OMEGA FRATERNITY,LOCAL_CHAPTER_ENTITY,2011,990,true,507493,457064,123303,18438,104865,PROPUBLICA_API
264170711,UNIVERSITY OF ALABAMA CHAPTER OF SIGMA PI FRATERNITY HOUSING,LOCAL_CHAPTER_ENTITY,2011,990,true,458550,497517,3239507,3197435,42072,PROPUBLICA_API
640723232,KAPPA ALPHA CHAPTER OF PHI MU FRATERNITY HOUSE CORPORATION,HOUSE_CORPORATION,2011,990,true,685099,450552,1689328,587460,1101868,PROPUBLICA_API
560548249,PHI GAMMA DELTA FRATERNITY,LOCAL_CHAPTER_ENTITY,2011,990,true,456547,416072,33326,72702,-39376,PROPUBLICA_API
630164080,PHI GAMMA DELTA FRATERNITY,LOCAL_CHAPTER_ENTITY,2011,990,true,1019550,1043334,73992,68897,5095,PROPUBLICA_API
420467540,PHI KAPPA PSI FRATERNITY,LOCAL_CHAPTER_ENTITY,2011,990,true,363050,358267,50980,250,50730,PROPUBLICA_API
630188910,SIGMA DELTA TAU SOCIETY,UNKNOWN,2011,990N,false,,,,,,PROPUBLICA_API
636103404,PHI GAMMA DELTA FRATERNITY,LOCAL_CHAPTER_ENTITY,2011,990,true,219941,37325,2147778,0,2147778,PROPUBLICA_API
237109085,ALPHA PHI ZETA HOUSE CORPORATION OF LAMBDA CHI ALPHA FRATERNITY,HOUSE_CORPORATION,2011,990,true,480305,308083,4101936,3297765,804171,PROPUBLICA_API
380293927,SIGMA KAPPA CORPORATION,UNKNOWN,2011,990,true,394066,310907,887612,3687,883925,PROPUBLICA_API
936036290,PHI KAPPA PSI FRATERNITY,LOCAL_CHAPTER_ENTITY,2011,990EZ,true,122007,114153,15027,0,15027,PROPUBLICA_API
320257409,BETA MU HOUSE CORP OF ALPHA PHI INTERNATIONAL FRATERNITY INC,HOUSE_CORPORATION,2011,990,true,1135542,721017,2275589,1220798,1054791,PROPUBLICA_API
941367157,ALPHA PHI BUILDING CORPORATION,HOUSE_CORPORATION,2011,990,true,676510,534736,1891099,260580,1630519,PROPUBLICA_API
630007510,ALPHA GAMMA DELTA FRATERNITY,LOCAL_CHAPTER_ENTITY,2011,990,true,1423489,1617627,280068,30539,249529,PROPUBLICA_API
630056965,DELTA KAPPA EPSILON COUNCIL,UNKNOWN,2011,990,true,1060823,1085681,75732,76215,-483,PROPUBLICA_API
631004292,GAMMA PHI BETA SORORITY INC,LOCAL_CHAPTER_ENTITY,2011,990,true,1027468,603229,2743323,1593173,1150150,PROPUBLICA_API
630818055,ALABAMA BETA OF PI BETA PHI HOUSE ASSOCIATION INCORPORATED,HOUSE_CORPORATION,2011,990,true,454739,516545,1737043,806356,930687,PROPUBLICA_API
630980702,KAPPA DELTA SORORITY,LOCAL_CHAPTER_ENTITY,2011,990,true,1209541,734704,2959836,37025,2922811,PROPUBLICA_API
630733120,ZETA BETA TAU FRATERNITY,LOCAL_CHAPTER_ENTITY,2011,990,true,280135,87774,486246,0,486246,PROPUBLICA_API
451298367,UNIVERSITY OF ALABAMA CHAPTER OF THETA CHI HOUSING CORPORATION,HOUSE_CORPORATION,2011,990EZ,true,153182,68202,92738,118081,-25343,PROPUBLICA_API
630120537,LAMBDA CHI ALPHA FRATERNITY INC,LOCAL_CHAPTER_ENTITY,2011,990,true,992980,984399,62838,16289,46549,PROPUBLICA_API
237114590,EPSILON CHI ZETA HOUSE CORPORATION OF LAMBDA CHI ALPHA FRATERNITY,HOUSE_CORPORATION,2011,990EZ,true,97942,61613,458085,197394,260691,PROPUBLICA_API
630233975,ZETA BETA TAU FRATERNITY,LOCAL_CHAPTER_ENTITY,2011,990,true,496569,474430,47363,18592,28771,PROPUBLICA_API
621370853,GAMMA PHI BETA SORORITY,LOCAL_CHAPTER_ENTITY,2011,990,true,242251,234535,69254,38884,30370,PROPUBLICA_API
630188870,SIGMA ALPHA EPSILON FRATERNITY,LOCAL_CHAPTER_ENTITY,2011,990,true,316587,301869,42124,11313,30811,PROPUBLICA_API
630115520,KAPPA DELTA SORORITY,LOCAL_CHAPTER_ENTITY,2011,990,true,495740,533212,145431,20950,124481,PROPUBLICA_API
631030493,PSI OF DELTA KAPPA EPSILON HOUSE CORPORATION OF UNIVERSITY ALABAMA,HOUSE_CORPORATION,2011,990,true,567174,499864,7705703,4633653,3072050,PROPUBLICA_API
630040605,TAU CHAPTER OF CHI PHI,LOCAL_CHAPTER_ENTITY,2011,990N,false,,,,,,PROPUBLICA_API
566062593,DELTA KAPPA EPSILON COUNCIL,UNKNOWN,2011,990,true,551316,535515,43516,16350,27166,PROPUBLICA_API
593078421,KAPPA ALPHA HOUSING ASSOCIATION OF FLORIDA INC,UNKNOWN,2011,990EZ,true,145855,116171,221123,65691,155432,PROPUBLICA_API
380293670,ALPHA DELTA PHI PENINSULAR CHAPTER,PROPERTY_HOLDING_ENTITY,2011,990EZ,true,87097,87097,23265,5450,17815,PROPUBLICA_API
580596934,PI KAPPA PHI FRATERNITY,LOCAL_CHAPTER_ENTITY,2011,990,true,571511,586913,12723,8206,4517,PROPUBLICA_API
630164600,PI KAPPA PHI FRATERNITY,LOCAL_CHAPTER_ENTITY,2011,990,true,709829,638757,558455,36467,521988,PROPUBLICA_API
640466827,PHI KAPPA TAU HOUSE CORP AT OLE MISS,HOUSE_CORPORATION,2011,990,true,14515,0,678950,175918,503032,PROPUBLICA_API
636049922,HOUSE BOARD OF GAMMA PI OF KAPPA KAPPA GAMMA,UNKNOWN,2011,990,true,1086951,741698,2606463,53496,2552967,PROPUBLICA_API
630289642,KAPPA ALPHA ORDER,UNKNOWN,2011,990,true,1036968,993815,83721,14798,68923,PROPUBLICA_API
430349090,THE ALPHA KAPPA CHAPTER OF THE KAPPA ALPHA FRATERNITY,LOCAL_CHAPTER_ENTITY,2011,990,true,210904,81093,1458240,315168,1143072,PROPUBLICA_API
386068594,ALPHA DELTA PHI INTERNATIONAL INC,UNKNOWN,2011,990EZ,true,52575,53134,96323,64636,31687,PROPUBLICA_API
581648136,IOTA ALUMNI OF PI KAPPA PHI INC,ALUMNI_CORPORATION,2011,990,true,130666,177597,1089355,379962,709393,PROPUBLICA_API
351780304,PI KAPPA PHI INC,UNKNOWN,2011,990,true,760040,669117,1541893,1133655,408238,PROPUBLICA_API
630007530,ALPHA TAU OMEGA FRATERNITY,LOCAL_CHAPTER_ENTITY,2011,990,true,1309035,805854,1371970,178162,1193808,PROPUBLICA_API
581793975,ZETA IOTA CHAPTER OF ALPHA DELTA PI HOUSE CORPORATION,HOUSE_CORPORATION,2011,990,true,25318,0,392253,0,392253,PROPUBLICA_API
630457980,BETA THETA PI FRATERNITY,LOCAL_CHAPTER_ENTITY,2011,990,true,1096913,1009784,263529,49790,213739,PROPUBLICA_API
630056950,DELTA CHI FRATERNITY,LOCAL_CHAPTER_ENTITY,2011,990,true,504195,470850,33377,22387,10990,PROPUBLICA_API
630164090,PHI KAPPA SIGMA FRATERNITY,LOCAL_CHAPTER_ENTITY,2011,990EZ,true,149912,157112,4094,0,4094,PROPUBLICA_API
710245516,SIGMA CHI FRATERNITY,LOCAL_CHAPTER_ENTITY,2011,990,true,840277,786029,132222,8875,123347,PROPUBLICA_API
630164580,PI KAPPA ALPHA FRATERNITY,LOCAL_CHAPTER_ENTITY,2011,990,true,1166420,1138839,92805,52613,40192,PROPUBLICA_API
631006177,GAMMA ALPHA OF PI KAPPA ALPHA HOUSE CORPORATIONS,UNKNOWN,2011,990,true,781019,485333,7209367,3978822,3230545,PROPUBLICA_API
630289650,SIGMA CHI FRATERNITY,LOCAL_CHAPTER_ENTITY,2011,990,true,856012,844410,51683,25446,26237,PROPUBLICA_API
462071035,ALABAMA BETA CHAPTER OF THE SIGMA PHI EPSILON FRATERNITY,LOCAL_CHAPTER_ENTITY,2011,990EZ,true,66857,55533,11324,0,11324,PROPUBLICA_API
710230717,PHI DELTA THETA FRATERNITY,LOCAL_CHAPTER_ENTITY,2011,990EZ,true,144450,144658,51491,0,51491,PROPUBLICA_API
272795242,DELTA CHI-UNIVERSITY OF ALABAMA CHAPTER HOUSE CORPORATION,HOUSE_CORPORATION,2011,990EZ,true,82538,10981,68202,26479,41723,PROPUBLICA_API
630188940,SIGMA NU FRATERNITY,LOCAL_CHAPTER_ENTITY,2011,990,true,946577,908962,71558,22892,48666,PROPUBLICA_API
710245458,LAMBDA CHI ALPHA CORPORATION OF FAYETTEVILLE ARKANSAS,UNKNOWN,2011,990,true,744596,576773,2623417,278505,2344912,PROPUBLICA_API
710243898,SIGMA ALPHA EPSILON FRATERNITY,LOCAL_CHAPTER_ENTITY,2011,990,true,465994,520924,22843,0,22843,PROPUBLICA_API
636066478,GAMMA PHI BETA SORORITY INC,LOCAL_CHAPTER_ENTITY,2011,990,true,286732,282813,46441,0,46441,PROPUBLICA_API
237114376,ARKANSAS PI BETA PHI HOUSE ASSOC,UNKNOWN,2011,990,true,391482,174324,1944696,4412,1940284,PROPUBLICA_API
237153933,SIGMA NU BUILDING BETA THETA CHAPTER,PROPERTY_HOLDING_ENTITY,2011,990,true,9162,10240,1251712,830161,421551,PROPUBLICA_API
630499747,ALPHA DELTA CHAPTER OF SIGMA PI FRATERNITY,LOCAL_CHAPTER_ENTITY,2011,990,true,293303,269306,1645960,98070,1547890,PROPUBLICA_API
630188930,SIGMA NU FRATERNITY,LOCAL_CHAPTER_ENTITY,2011,990,true,607537,553590,30471,45874,-15403,PROPUBLICA_API
237226508,TAU KAPPA EPSILON FRATERNITY INC,LOCAL_CHAPTER_ENTITY,2011,990,true,238439,226953,392234,436591,-44357,PROPUBLICA_API
636056644,PHI GAMMA DELTA FRATERNITY,LOCAL_CHAPTER_ENTITY,2011,990,true,848414,791304,41839,0,41839,PROPUBLICA_API
202472978,ALPHA TAU OMEGA FRATERNITY,LOCAL_CHAPTER_ENTITY,2011,990,true,239546,240526,3039,0,3039,PROPUBLICA_API
631056750,ALPHA GAMMA RHO FRATERNITY,LOCAL_CHAPTER_ENTITY,2011,990,true,54926,108500,486573,253611,232962,PROPUBLICA_API
320295070,PHI SIGMA KAPPA,UNKNOWN,2011,990EZ,true,128765,13487,192429,0,192429,PROPUBLICA_API
264795406,PHI THETA CHAPTER HOUSE CORPORATION OF DELTA DELTA DELTA FRATERNITY,HOUSE_CORPORATION,2011,990N,false,,,,,,PROPUBLICA_API
593024291,SIGMA CHI FOUNDATION AT AUBURN UNIVERSITY INC,EDUCATIONAL_FOUNDATION,2011,990EZ,true,8760,3750,137875,0,137875,PROPUBLICA_API
630164590,PI KAPPA PHI FRATERNITY,LOCAL_CHAPTER_ENTITY,2011,990,true,293491,140010,264591,0,264591,PROPUBLICA_API
630289649,SIGMA CHI FRATERNITY,LOCAL_CHAPTER_ENTITY,2011,990,true,488183,482101,54865,56200,-1335,PROPUBLICA_API
630837474,AUBURN DELTA CHI ALUMNI CONTROL BOARD INC,PROPERTY_HOLDING_ENTITY,2011,990,true,40713,37437,530245,223275,306970,PROPUBLICA_API
237091513,ALABAMA GAMMA OF PI BETA PHI HOUSE ASSOCIATION INCORPORATED,HOUSE_CORPORATION,2011,990EZ,true,52026,31852,184146,0,184146,PROPUBLICA_API
200293448,DELTA TAU DELTA FRATERNITY,LOCAL_CHAPTER_ENTITY,2011,990N,false,,,,,,PROPUBLICA_API
590682455,ALPHA EPSILON PHI SORORITY,LOCAL_CHAPTER_ENTITY,2011,990EZ,true,88127,46679,178903,0,178903,PROPUBLICA_API
237044651,DELTA ZETA OF DELTA TAU INC,PROPERTY_HOLDING_ENTITY,2011,990EZ,true,121115,45890,289892,208808,81084,PROPUBLICA_API
596153391,CHI OMEGA FRATERNITY,LOCAL_CHAPTER_ENTITY,2011,990EZ,true,198767,224619,28085,0,28085,PROPUBLICA_API
591755953,SIGMA ALPHA EPSILON FRATERNITY,LOCAL_CHAPTER_ENTITY,2011,990EZ,true,105134,50126,414971,201079,213892,PROPUBLICA_API
590627917,BETA THETA PI FRATERNITY,LOCAL_CHAPTER_ENTITY,2011,990EZ,true,163227,160690,12270,0,12270,PROPUBLICA_API
593350147,DELTA TAU DELTA FRATERNITY,LOCAL_CHAPTER_ENTITY,2011,990,true,453665,430126,78914,17001,61912,PROPUBLICA_API
590638774,KAPPA DELTA SORORITY,LOCAL_CHAPTER_ENTITY,2011,990N,false,,,,,,PROPUBLICA_API
203675713,CHI PHI FRATERNITY,LOCAL_CHAPTER_ENTITY,2011,990,true,439262,431550,92610,20525,72085,PROPUBLICA_API
541977380,KAPPA SIGMA FRATERNITY DELTA DELTA CHAPTER,LOCAL_CHAPTER_ENTITY,2011,990,true,189026,177571,28704,0,28704,PROPUBLICA_API
590324559,EPSILON MU ZETA OF THE LAMBDA CHI ALPHA FRATERNITY,LOCAL_CHAPTER_ENTITY,2011,990,true,257198,468526,5105,24028,-18923,PROPUBLICA_API
590657429,ALPHA EPSILON PI FRATERNITY,LOCAL_CHAPTER_ENTITY,2011,990,true,401982,429685,26943,0,26943,PROPUBLICA_API
596141908,FLORIDA ALPHA ALUMNI OF SIGMA PHI EPSILON INC,ALUMNI_CORPORATION,2011,990,true,227250,135898,680353,143578,536775,PROPUBLICA_API
453670908,PI KAPPA ALPHA FRATERNITY,LOCAL_CHAPTER_ENTITY,2011,990EZ,true,104863,87972,16891,0,16891,PROPUBLICA_API
596203032,PHI MU FRATERNITY,PROPERTY_HOLDING_ENTITY,2011,990,true,591836,506418,772773,500028,272745,PROPUBLICA_API
592643047,FLORIDA DELTA OF PI BETA PHI HOUSE CORPORATION,HOUSE_CORPORATION,2011,990,true,156068,203116,805123,251708,553415,PROPUBLICA_API
436049304,KAPPA ALPHA ORDER,UNKNOWN,2011,990,true,648097,624918,303097,92442,210655,PROPUBLICA_API
581657154,GAMMA PHI BETA SORORITY INC,LOCAL_CHAPTER_ENTITY,2011,990,true,710122,652224,153122,0,153122,PROPUBLICA_API
581490431,GAMMA PHI BETA SORORITY INC,LOCAL_CHAPTER_ENTITY,2011,990,true,450080,367379,1048504,892579,155925,PROPUBLICA_API
580679938,SIGMA PI FRATERNITY INTERNATIONAL INC,NATIONAL_PARENT,2011,990,true,207059,191014,29665,29665,0,PROPUBLICA_API
272615266,PHI KAPPA TAU FRATERNITY,LOCAL_CHAPTER_ENTITY,2011,990EZ,true,113532,111821,3946,0,3946,PROPUBLICA_API
580592772,ALPHA GAMMA RHO FRATERNITY,LOCAL_CHAPTER_ENTITY,2011,990,true,341513,320257,47237,1403,45834,PROPUBLICA_API
900526100,PHI KAPPA THETA FRATERNITY,LOCAL_CHAPTER_ENTITY,2011,990EZ,true,40549,40227,230701,44699,186002,PROPUBLICA_API
580587177,THETA CHI FRATERNITY INC,LOCAL_CHAPTER_ENTITY,2011,990,true,248456,233889,97421,29439,67982,PROPUBLICA_API
310909146,PHI KAPPA PSI-GEORGIA ALPHA CHAPTER,LOCAL_CHAPTER_ENTITY,2011,990EZ,true,106770,96982,12468,0,12468,PROPUBLICA_API
586035098,ALPHA GAMMA RHO FRATERNITY,LOCAL_CHAPTER_ENTITY,2011,990,true,105748,91450,1289151,524619,764532,PROPUBLICA_API
581847110,DELTA BETA ALUMNI OF THETA CHI INC,ALUMNI_CORPORATION,2011,990EZ,true,63113,64932,234205,275751,-41546,PROPUBLICA_API
580590521,PI KAPPA ALPHA FRATERNITY,LOCAL_CHAPTER_ENTITY,2011,990,true,212901,218092,11915,2093,9822,PROPUBLICA_API
580596852,LAMBDA CHI ALPHA FRATERNITY INC,LOCAL_CHAPTER_ENTITY,2011,990,true,447988,457977,44504,0,44504,PROPUBLICA_API
580560996,ALPHA EPSILON PI FRATERNITY,LOCAL_CHAPTER_ENTITY,2011,990,true,322519,319050,457604,116924,340680,PROPUBLICA_API
581743710,PHI MU FRATERNITY,LOCAL_CHAPTER_ENTITY,2011,990,true,561264,418048,2184683,116688,2067995,PROPUBLICA_API
581937914,SIGMA ALPHA EPSILON FRATERNITY,LOCAL_CHAPTER_ENTITY,2011,990,true,396326,166069,1572035,366236,1205799,PROPUBLICA_API
580591246,TAU EPSILON PHI FRATERNITY,LOCAL_CHAPTER_ENTITY,2011,990,true,424258,455823,311262,116168,195094,PROPUBLICA_API
580581268,DELTA TAU DELTA FRATERNITY,LOCAL_CHAPTER_ENTITY,2011,990,true,181750,179109,12203,0,12203,PROPUBLICA_API
510234811,CHI OMEGA HOUSE CORPORATION MU BETA CHAPTER,HOUSE_CORPORATION,2011,990,true,462451,525676,857663,221997,635666,PROPUBLICA_API
610469791,KAPPA DELTA SORORITY,LOCAL_CHAPTER_ENTITY,2011,990N,false,,,,,,PROPUBLICA_API
616026148,CHI OMEGA FRATERNITY,LOCAL_CHAPTER_ENTITY,2011,990EZ,true,54197,66789,1442,0,1442,PROPUBLICA_API
616034813,EPSILON OMEGA OF KAPPA DELTA HOUSE,PROPERTY_HOLDING_ENTITY,2011,990,true,277746,281430,187890,118792,69098,PROPUBLICA_API
310905748,LAMBDA ALPHA OF CHI OMEGA HOUSE CORPORATION INCORPORATED,HOUSE_CORPORATION,2011,990,true,278415,307819,222017,37575,184442,PROPUBLICA_API
610446350,CHI OMEGA FRATERNITY,LOCAL_CHAPTER_ENTITY,2011,990,true,237161,232003,42500,0,42500,PROPUBLICA_API
616042960,KAPPA ALPHA ORDER,UNKNOWN,2011,990N,false,,,,,,PROPUBLICA_API
610448235,SIGMA NU FRATERNITY,LOCAL_CHAPTER_ENTITY,2011,990EZ,true,166992,169498,2485,0,2485,PROPUBLICA_API
610242405,KAPPA KAPPA GAMMA FRATERNITY,LOCAL_CHAPTER_ENTITY,2011,990,true,350360,388953,816207,264329,551878,PROPUBLICA_API
616042959,KAPPA ALPHA ORDER,UNKNOWN,2011,990N,false,,,,,,PROPUBLICA_API
616033534,DELTA TAU DELTA HOUSE CORP OF KY,HOUSE_CORPORATION,2011,990,true,250347,190492,2683297,1223731,1459566,PROPUBLICA_API
610444977,DELTA TAU DELTA FRATERNITY,LOCAL_CHAPTER_ENTITY,2011,990,true,253580,260087,22920,24846,-1926,PROPUBLICA_API
611269807,DELTA SIGMA PHI FRATERNITY INC,LOCAL_CHAPTER_ENTITY,2011,990EZ,true,118115,105139,24977,0,24977,PROPUBLICA_API
310896719,ALPHA BETA LAMBDA CHAPTER OF ALPHA PHI ALPHA FRATERNITY INC,LOCAL_CHAPTER_ENTITY,2011,990EZ,true,52713,59611,41722,0,41722,PROPUBLICA_API
726027982,PI KAPPA ALPHA FRATERNITY,LOCAL_CHAPTER_ENTITY,2011,990N,false,,,,,,PROPUBLICA_API
526036185,PHI GAMMA DELTA EDUCATIONAL FOUNDATION,EDUCATIONAL_FOUNDATION,2011,990,true,2277777,2936022,11830448,134432,11696016,PROPUBLICA_API
237359145,SIGMA PI FRATERNITY HOUSING CORP,HOUSE_CORPORATION,2011,990,true,114384,118788,585481,465745,119736,PROPUBLICA_API
611207339,PHI GAMMA DELTA FRATERNITY,LOCAL_CHAPTER_ENTITY,2011,990EZ,true,70235,69728,507,0,507,PROPUBLICA_API
371612001,BETA THETA PI FRATERNITY,LOCAL_CHAPTER_ENTITY,2011,990,true,3882538,3542993,5624270,1667210,3957060,PROPUBLICA_API
721023591,DELTA CHI HOUSE CORPORATION,HOUSE_CORPORATION,2011,990EZ,true,5170,10845,13490,0,13490,PROPUBLICA_API
720603683,DELTA KAPPA OF ZETA TAU ALPHA HOUSE CORPORATION,HOUSE_CORPORATION,2011,990,true,260273,159781,786172,685680,100492,PROPUBLICA_API
726021413,CHI OMEGA FRATERNITY,LOCAL_CHAPTER_ENTITY,2011,990,true,240387,236374,930111,31950,898161,PROPUBLICA_API
556028175,ALPHA GAMMA DELTA FRATERNITY,LOCAL_CHAPTER_ENTITY,2011,990,true,457759,474406,226457,0,226457,PROPUBLICA_API
720873120,ALPHA GAMMA RHO FRATERNITY,LOCAL_CHAPTER_ENTITY,2011,990,true,73586,83864,14878,7936,6942,PROPUBLICA_API
620256693,KAPPA SIGMA FRATERNITY,LOCAL_CHAPTER_ENTITY,2011,990N,false,,,,,,PROPUBLICA_API
626111214,KAPPA SIGMA FRATERNITY,PROPERTY_HOLDING_ENTITY,2011,990N,false,,,,,,PROPUBLICA_API
726036072,DELTA GAMMA FRATERNITY,LOCAL_CHAPTER_ENTITY,2011,990EZ,true,5994,7022,3546,0,3546,PROPUBLICA_API
726032539,HOUSE CORPORATION OF DELTA TAU DELTA L S U INC,HOUSE_CORPORATION,2011,990EZ,true,924,0,144447,0,144447,PROPUBLICA_API
720482627,PI KAPPA ALPHA FATERNITY,UNKNOWN,2011,990N,false,,,,,,PROPUBLICA_API
237069145,DELTA OMEGA HOUSE CORPORATION OF DELTA DELTA DELTA FRATERNITY,HOUSE_CORPORATION,2011,990,true,207730,199570,1063208,13500,1049708,PROPUBLICA_API
726034315,SIGMA GAMMA RHO SORORITY INC,LOCAL_CHAPTER_ENTITY,2011,990N,false,,,,,,PROPUBLICA_API
726027219,DELTA KAPPA HOUSE CORP KAPPA ALPHA THETA,HOUSE_CORPORATION,2011,990,true,195453,126964,535107,195059,340048,PROPUBLICA_API
640868872,DELTA OMEGA CHAPTER HOUSE CORPORATION OF KAPPA DELTA,HOUSE_CORPORATION,2011,990,true,603553,616864,1176539,470895,705644,PROPUBLICA_API
726027878,KAPPA DELTA SORORITY,LOCAL_CHAPTER_ENTITY,2011,990EZ,true,291934,289079,97242,4799,92443,PROPUBLICA_API
640390595,LAMBDA CHI ALPHA FRATERNITY INC,LOCAL_CHAPTER_ENTITY,2011,990,true,247771,246825,26529,1600,24929,PROPUBLICA_API
430661687,ALPHA EPSILON PI FRATERNITY,LOCAL_CHAPTER_ENTITY,2011,990,true,619064,612667,26539,134267,-107728,PROPUBLICA_API
436065825,SOCIETY OF BETA SIGMA PSI,UNKNOWN,2011,990,true,217245,206669,13107,17846,-4739,PROPUBLICA_API
203723722,MSU DELTA CHI ALUMNI ASSOCIATION INC,ALUMNI_CORPORATION,2011,990EZ,true,11849,18126,207,0,207,PROPUBLICA_API
640310946,SIGMA ALPHA EPSILON FRATERNITY,LOCAL_CHAPTER_ENTITY,2011,990,true,583351,571087,103764,955,102809,PROPUBLICA_API
436075111,SIGMA ALPHA EPSILON CLUB OF COLUMBIA MISSOURI,UNKNOWN,2011,990,true,98908,115047,2290276,620170,1670106,PROPUBLICA_API
436050433,ALPHA PHI HOUSE CORPORATION BOARD- UNIVERSITY OF MISSOURI,HOUSE_CORPORATION,2011,990,true,878824,651655,1049670,658727,390943,PROPUBLICA_API
430282880,GAMMA PHI BETA SORORITY INC,LOCAL_CHAPTER_ENTITY,2011,990,true,195550,214652,3968,0,3968,PROPUBLICA_API
431098570,KAPPA DELTA SORORITY,LOCAL_CHAPTER_ENTITY,2011,990EZ,true,179804,188084,45012,0,45012,PROPUBLICA_API
436059582,GAMMA PHI BETA SORORITY INC,LOCAL_CHAPTER_ENTITY,2011,990,true,747422,565460,2066737,1198330,868407,PROPUBLICA_API
510245814,ALPHA GAMMA CHAPTER OF ALPHA DELTA PI HOUSE CORP,HOUSE_CORPORATION,2011,990,true,588593,538529,1552074,772967,779107,PROPUBLICA_API
430456430,PHI DELTA THETA FRATERNITY,LOCAL_CHAPTER_ENTITY,2011,990,true,495866,474141,151078,123350,27728,PROPUBLICA_API
436031386,DELTA XI BLDG CORP OF DELTA DELTA DELTA,UNKNOWN,2011,990,true,287948,409086,609537,511393,98144,PROPUBLICA_API
436052949,RHO ALPHA OF CHI OMEGA INC,PROPERTY_HOLDING_ENTITY,2011,990,true,321550,414270,435000,0,435000,PROPUBLICA_API
436052133,ALPHA GAMMA RHO BUILDING ASSOCIATION,HOUSE_CORPORATION,2011,990,true,202905,189173,2037017,890168,1146849,PROPUBLICA_API
430156640,ALPHA GAMMA RHO FRATERNITY,LOCAL_CHAPTER_ENTITY,2011,990,true,542111,534179,19313,1016,18297,PROPUBLICA_API
436052199,BETA THETA PI FRATERNITY,LOCAL_CHAPTER_ENTITY,2011,990,true,992648,978977,154569,5178,149391,PROPUBLICA_API
736100261,SIGMA CHI FRATERNITY,LOCAL_CHAPTER_ENTITY,2011,990,true,468482,415513,1411816,1148720,263096,PROPUBLICA_API
430519030,SIGMA NU HOUSE CORPORATION,HOUSE_CORPORATION,2011,990,true,95640,148680,1025019,415989,609030,PROPUBLICA_API
237432859,SIGMA NU FRATERNITY,LOCAL_CHAPTER_ENTITY,2011,990,true,435193,530785,38322,355136,-316814,PROPUBLICA_API
237330439,BETA THETA PI CLUB OF COLUMBIA MISSOURI,UNKNOWN,2011,990,true,3632228,188554,4709822,69103,4640719,PROPUBLICA_API
730581503,SIGMA ALPHA EPSILON FRATERNITY,LOCAL_CHAPTER_ENTITY,2011,990,true,791632,824117,1776862,676687,1100175,PROPUBLICA_API
446013887,DELTA TAU DELTA ASSOCIATION OF COLUNBIA MO,UNKNOWN,2011,990,true,235914,170505,2330756,917243,1413513,PROPUBLICA_API
730583070,LAMBDA CHI ALPHA FRATERNITY INC,LOCAL_CHAPTER_ENTITY,2011,990,true,617987,599512,89431,45783,43648,PROPUBLICA_API
311128130,PHI KAPPA PSI FRATERNITY,LOCAL_CHAPTER_ENTITY,2011,990EZ,true,45591,40627,13074,0,13074,PROPUBLICA_API
730181175,CHI OMEGA FRATERNITY,LOCAL_CHAPTER_ENTITY,2011,990,true,311368,263730,94393,0,94393,PROPUBLICA_API
730589443,PHI GAMMA DELTA FRATERNITY,LOCAL_CHAPTER_ENTITY,2011,990,true,459057,465042,19587,0,19587,PROPUBLICA_API
731440348,ALPHA PHI LUCY FINNERTY EDUCATIONAL FUND,UNKNOWN,2011,990PF,true,23578,207,660404,0,660404,PROPUBLICA_API
730589378,TRUSTEES OF OKLAHOMA ALPHA CHAPTER OF PI BETA PHI FRATERNITY INC,LOCAL_CHAPTER_ENTITY,2011,990,true,459056,259994,1590115,141790,1448325,PROPUBLICA_API
736103379,BETA THETA PI CORPORATION OF OKLA,UNKNOWN,2011,990N,false,,,,,,PROPUBLICA_API
640307103,PHI MU FRATERNITY,LOCAL_CHAPTER_ENTITY,2011,990,true,883389,777216,3444375,1884514,1559861,PROPUBLICA_API
736103379,BETA THETA PI CORPORATION OF OKLA,UNKNOWN,2011,990EZ,true,59070,113383,228729,0,228729,PROPUBLICA_API
510178981,GAMMA PHI BETA SORORITY INC,LOCAL_CHAPTER_ENTITY,2011,990,true,161182,137246,146361,26188,120173,PROPUBLICA_API
640330884,KAPPA DELTA SORORITY,LOCAL_CHAPTER_ENTITY,2011,990,true,353071,346475,34028,0,34028,PROPUBLICA_API
731233879,BUILDING ASSOCIATION OF THE EPSILON ALPHA CHAPT CHI OMEGA FRATERNITY,HOUSE_CORPORATION,2011,990,true,944529,608239,2802712,20420,2782292,PROPUBLICA_API
730583442,KAPPA ALPHA ORDER,UNKNOWN,2011,990,true,16943,17315,2405,968,1437,PROPUBLICA_API
646027408,MISSISSIPPI BETA OF PI BETA PHI HOUSE ASSOCIATION INC,HOUSE_CORPORATION,2011,990,true,551197,349734,3637645,1235910,2401735,PROPUBLICA_API
640717329,DELTA DELTA DELTA NATIONAL HOUSE CORPORATION,HOUSE_CORPORATION,2011,990,true,218163,202016,2943854,21395,2922459,PROPUBLICA_API
640304773,SIGMA NU FRATERNITY,LOCAL_CHAPTER_ENTITY,2011,990,true,801125,816249,30011,41368,-11357,PROPUBLICA_API
730579972,GAMMA PHI BETA SORORITY INC,LOCAL_CHAPTER_ENTITY,2011,990,true,829952,671405,1424437,522774,901663,PROPUBLICA_API
640315255,SIGMA CHI FRATERNITY ETA CHAPTER,LOCAL_CHAPTER_ENTITY,2011,990,true,668482,631661,520546,0,520546,PROPUBLICA_API
570811123,ETA GAMMA CHAPTER OF CHI OMEGA FRATERNITY HOUSING CORPORATION,HOUSE_CORPORATION,2011,990,true,791147,430363,1911453,0,1911453,PROPUBLICA_API
576034368,ALPHA TAU OMEGA FRATERNITY,LOCAL_CHAPTER_ENTITY,2011,990EZ,true,107428,99905,8809,0,8809,PROPUBLICA_API
237160987,TAU OF CHI OMEGA FRATERNITY HOUSE CORPORATION,HOUSE_CORPORATION,2011,990,true,782928,701020,2193020,507333,1685687,PROPUBLICA_API
640307108,CHI OMEGA FRATERNITY,LOCAL_CHAPTER_ENTITY,2011,990EZ,true,177410,150123,50239,0,50239,PROPUBLICA_API
237432869,MISSISSIPPI GAMMA HOUSE ASSN OF SIGMA ALPHA EPSILON,HOUSE_CORPORATION,2011,990EZ,true,54657,54948,253135,132011,121124,PROPUBLICA_API
640315254,SIGMA ALPHA EPSILON FRATERNITY,LOCAL_CHAPTER_ENTITY,2011,990,true,462604,435907,59476,30512,28964,PROPUBLICA_API
640412138,ALPHA TAU OMEGA FRATERNITY,LOCAL_CHAPTER_ENTITY,2011,990,true,650281,602019,75530,0,75530,PROPUBLICA_API
582279145,RHO CHAPTER KAPPA ALPHA HOUSING CORPORATION,HOUSE_CORPORATION,2011,990,true,392183,365717,1012883,265255,747628,PROPUBLICA_API
237229883,MISSISSIPPI ALPHA CHAPTER HOUSE CORPORATION OF PHI DELTA THETA FRA,HOUSE_CORPORATION,2011,990,true,201026,141082,1735919,809524,926395,PROPUBLICA_API
640308935,PHI DELTA THETA FRATERNITY,LOCAL_CHAPTER_ENTITY,2011,990,true,803618,669103,225888,13870,212018,PROPUBLICA_API
237128453,LAMBDA CHI ALPHA FRATERNITY INC,LOCAL_CHAPTER_ENTITY,2011,990EZ,true,87949,79386,8992,0,8992,PROPUBLICA_API
576033531,PI KAPPA PHI FRATERNITY,LOCAL_CHAPTER_ENTITY,2011,990EZ,true,75540,71920,14977,0,14977,PROPUBLICA_API
576029857,KAPPA ALPHA PSI FRATERNITY,LOCAL_CHAPTER_ENTITY,2011,990EZ,true,1600,0,0,0,0,PROPUBLICA_API
521346179,ZETA PHI BETA SORORITY INC,LOCAL_CHAPTER_ENTITY,2011,990EZ,true,2420,2190,230,0,230,PROPUBLICA_API
570742538,CHI OMEGA FRATERNITY,LOCAL_CHAPTER_ENTITY,2011,990EZ,true,148959,158135,64726,4738,59988,PROPUBLICA_API
201554454,GAMMA PHI BETA SORORITY INC,LOCAL_CHAPTER_ENTITY,2011,990EZ,true,191903,186663,50481,0,50481,PROPUBLICA_API
576027420,PI KAPPA ALPHA FRATERNITY,LOCAL_CHAPTER_ENTITY,2011,990,true,235737,233352,3119,0,3119,PROPUBLICA_API
626042374,DELTA SIGMA HOUSE CORPORATION OF DELTA DELTA DELTA,HOUSE_CORPORATION,2011,990N,false,,,,,,PROPUBLICA_API
237123123,BETA THETA PI FRATERNITY,LOCAL_CHAPTER_ENTITY,2011,990EZ,true,48440,68255,1500,0,1500,PROPUBLICA_API
742188211,SIGMA PHI EPSILON EDUCATION FOUNDATION OF TEXAS ALPHA,EDUCATIONAL_FOUNDATION,2011,990,true,279978,119455,296802,74235,222567,PROPUBLICA_API
311023916,SIGMA GAMMA RHO SORORITY INC,LOCAL_CHAPTER_ENTITY,2011,990N,false,,,,,,PROPUBLICA_API
621414737,BETA SIGMA OF SIGMA CHI HOUSE CORPORATION,HOUSE_CORPORATION,2011,990,true,131998,147505,1779793,1621980,157813,PROPUBLICA_API
626047671,KAPPA DELTA SORORITY,LOCAL_CHAPTER_ENTITY,2011,990N,false,,,,,,PROPUBLICA_API
621386377,PI CHAPTER CHI OMEGA FRATERNITY HOUSE CORP,HOUSE_CORPORATION,2011,990N,false,,,,,,PROPUBLICA_API
626047975,CHI OMEGA FRATERNITY,LOCAL_CHAPTER_ENTITY,2011,990N,false,,,,,,PROPUBLICA_API
237150072,PHI DELTA THETA FRATERNITY TENNESSEE GAMMA CHAPTER,LOCAL_CHAPTER_ENTITY,2011,990N,false,,,,,,PROPUBLICA_API
626045032,ALPHA DELTA PI HOUSE CORP ALPHA KAPPA,HOUSE_CORPORATION,2011,990N,false,,,,,,PROPUBLICA_API
740898333,SIGMA ALPHA MU FRATERNITY,LOCAL_CHAPTER_ENTITY,2011,990,true,685530,627035,133274,37924,95350,PROPUBLICA_API
746084912,SIGMA GAMMA RHO SORORITY INC,LOCAL_CHAPTER_ENTITY,2011,990EZ,true,0,0,1,0,1,PROPUBLICA_API
741130614,SIGMA PHI EPSILON FRATERNITY INC,LOCAL_CHAPTER_ENTITY,2011,990,true,1201770,1219375,62802,0,62802,PROPUBLICA_API
742831564,ZETA BETA TAU FRATERNITY,LOCAL_CHAPTER_ENTITY,2011,990,true,754912,696490,94879,44897,49982,PROPUBLICA_API
746084213,CHI OMEGA FRATERNITY IOTA CHAPTER UNIV OF TX AT AUSTIN,LOCAL_CHAPTER_ENTITY,2011,990,true,317242,238925,275849,0,275849,PROPUBLICA_API
743004321,TEXAS DELTA CHI HOUSING CORP,HOUSE_CORPORATION,2011,990,true,-71305,0,617003,485443,131560,PROPUBLICA_API
741130608,PHI GAMMA DELTA FRATERNITY,LOCAL_CHAPTER_ENTITY,2011,990,true,1231714,1198784,93718,34060,59658,PROPUBLICA_API
741130611,SIGMA ALPHA EPSILON FRATERNITY,LOCAL_CHAPTER_ENTITY,2011,990,true,988815,1018459,450623,478238,-27615,PROPUBLICA_API
740555581,CHI OMEGA FRATERNITY,LOCAL_CHAPTER_ENTITY,2011,990,true,984274,746545,1468626,178202,1290424,PROPUBLICA_API
510165062,CHI OMEGA FRATERNITY,LOCAL_CHAPTER_ENTITY,2011,990,true,305483,307551,81303,0,81303,PROPUBLICA_API
741120034,PI KAPPA ALPHA FRATERNITY,LOCAL_CHAPTER_ENTITY,2011,990,true,611661,647017,155816,158516,-2700,PROPUBLICA_API
741116912,SIGMA CHI FRATERNITY,LOCAL_CHAPTER_ENTITY,2011,990,true,527635,489886,76144,12150,63994,PROPUBLICA_API
746060984,TEXAS ALPHA HOUSE CORPORATION OF PI BETA PHI,HOUSE_CORPORATION,2011,990,true,818314,592570,3478302,467492,3010810,PROPUBLICA_API
510207538,SIGMA CHI FRATERNITY,LOCAL_CHAPTER_ENTITY,2011,990,true,142238,143416,7773,0,7773,PROPUBLICA_API
134264657,GAMMA PHI BETA SORORITY INC,LOCAL_CHAPTER_ENTITY,2011,990EZ,true,196683,187547,28699,6325,22374,PROPUBLICA_API
732350514,TEXAS ETA CHAPTER OF PI BETA PHI HOUSE CORPORATION,HOUSE_CORPORATION,2011,990,true,227745,269100,1138204,153004,985200,PROPUBLICA_API
741219941,BETA XI OF KAPPA KAPPA GAMMA HOUSE ASSOCIATION,HOUSE_CORPORATION,2011,990,true,868777,998002,2079664,137442,1942222,PROPUBLICA_API
742205939,KAPPA DELTA SORORITY,LOCAL_CHAPTER_ENTITY,2011,990,true,241150,217896,121635,56658,64977,PROPUBLICA_API
742930349,ETA ALPHA HOUSE CORPORATION OF KAPPA DELTA SORORITY,HOUSE_CORPORATION,2011,990,true,477204,518660,1296053,1601094,-305041,PROPUBLICA_API
810575553,PHI GAMMA DELTA FRATERNITY,LOCAL_CHAPTER_ENTITY,2011,990,true,266463,260806,36019,10868,25151,PROPUBLICA_API
742155975,SIGMA EPSILON OF KAPPA DELTA HOUSE CORP,HOUSE_CORPORATION,2011,990,true,722971,664396,1764199,1786623,-22424,PROPUBLICA_API
273674898,PI KAPPA ALPHA FRATERNITY,LOCAL_CHAPTER_ENTITY,2011,990EZ,true,172421,172421,563,0,563,PROPUBLICA_API
626074044,CHI OMEGA FRATERNITY,LOCAL_CHAPTER_ENTITY,2011,990N,false,,,,,,PROPUBLICA_API
741116922,DELTA TAU DELTA FRATERNITY,LOCAL_CHAPTER_ENTITY,2011,990,true,788893,753529,108134,0,108134,PROPUBLICA_API
900652699,FIFTH DISTRICT OF OMEGA PSI PHI FRATERNITY INC,LOCAL_CHAPTER_ENTITY,2011,990EZ,true,29282,27194,119736,0,119736,PROPUBLICA_API
746082351,DELTA TAU DELTA BUILDING ASSN,PROPERTY_HOLDING_ENTITY,2011,990,true,7706,14581,1271045,210897,1060148,PROPUBLICA_API
621793998,KAPPA DELTA SORORITY,LOCAL_CHAPTER_ENTITY,2011,990,true,646680,612985,102746,0,102746,PROPUBLICA_API
742244833,DELTA TAU DELTA FRATERNITY,LOCAL_CHAPTER_ENTITY,2011,990,true,266675,260877,21014,0,21014,PROPUBLICA_API
621218011,ALPHA DELTA PI HOUSE CORPORATION,HOUSE_CORPORATION,2011,990,true,163079,86805,318437,2802,315635,PROPUBLICA_API
362426170,GAMMA PHI BETA SORORITY INC,NATIONAL_PARENT,2011,990,true,3894251,3151042,11856359,4026315,7830044,PROPUBLICA_API
620671306,KAPPA ALPHA ORDER,UNKNOWN,2011,990N,false,,,,,,PROPUBLICA_API
263623864,KAPPA SIGMA FRATERNITY,LOCAL_CHAPTER_ENTITY,2011,990,true,128918,132623,33061,0,33061,PROPUBLICA_API
530261012,ZETA PHI BETA SORORITY INC,NATIONAL_PARENT,2011,990,true,3608093,3683913,3615330,2524113,1091217,PROPUBLICA_API
010158948,SIGMA KAPPA SORORITY,NATIONAL_PARENT,2011,990,true,2945686,2506195,2659311,629331,2029980,PROPUBLICA_API
621781729,ZETA PHI BETA SORORITY INC PI ZETA CHAPTER,LOCAL_CHAPTER_ENTITY,2011,990EZ,true,32076,23076,9000,0,9000,PROPUBLICA_API
621466616,BETA TAU HOUSE CORPORATION OF KAPPA DELTA SORORITY,HOUSE_CORPORATION,2011,990N,false,,,,,,PROPUBLICA_API
381543609,SIGMA ALPHA IOTA FRATERNITY,NATIONAL_PARENT,2011,990,true,820062,728857,497550,62326,435224,PROPUBLICA_API
310406470,PHI DELTA THETA FRATERNITY,NATIONAL_PARENT,2011,990,true,3422987,3029511,6713880,832636,5881244,PROPUBLICA_API
626047662,KAPPA DELTA SORORITY,LOCAL_CHAPTER_ENTITY,2011,990EZ,true,137931,156785,33374,16488,16886,PROPUBLICA_API
231431779,KAPPA ALPHA PSI FRATERNITY INC,NATIONAL_PARENT,2011,990,true,8320210,7650757,6272906,455407,5817499,PROPUBLICA_API
361996950,ZETA TAU ALPHA INTL FRATERNITY & FRATERNITY HOUSING CORPORATION,NATIONAL_PARENT,2011,990,true,11551988,9923078,36792861,5805462,30987399,PROPUBLICA_API
350141875,ALPHA CHI OMEGA FRATERNITY INC,NATIONAL_PARENT,2011,990,true,6070889,5597737,9535421,6015611,3519810,PROPUBLICA_API
210577978,THETA CHI FRATERNITY INC,NATIONAL_PARENT,2011,990,true,2545113,2316676,3692804,149142,3543662,PROPUBLICA_API
382900287,PHI SIGMA RHO NATIONAL SORORITY,NATIONAL_PARENT,2011,990EZ,true,101497,124936,106875,1608,105267,PROPUBLICA_API
314164901,DELTA GAMMA FRATERNITY,NATIONAL_PARENT,2011,990,true,3769194,3039324,9300965,750776,8550189,PROPUBLICA_API
350459180,LAMBDA CHI ALPHA FRATERNITY INC,NATIONAL_PARENT,2011,990,true,4272353,4444524,3841156,1713787,2127369,PROPUBLICA_API
530125862,PHI GAMMA DELTA FRATERNITY,NATIONAL_PARENT,2011,990,true,3663391,3315560,10104695,153632,9951063,PROPUBLICA_API
362077508,ALPHA PHI INTERNATIONAL FRATERNITY INC,NATIONAL_PARENT,2011,990,true,5795223,5177625,9574857,572680,9002177,PROPUBLICA_API
430689936,SIGMA TAU GAMMA FRATERNITY,NATIONAL_PARENT,2011,990,true,1076162,1066053,751459,263116,488343,PROPUBLICA_API
361773950,SIGMA ALPHA EPSILON FRATERNITY,NATIONAL_PARENT,2011,990,true,5539647,5382947,4120178,1343456,2776722,PROPUBLICA_API
131714532,KAPPA SIGMA FRATERNITY,NATIONAL_PARENT,2011,990N,false,,,,,,PROPUBLICA_API
430769468,ALPHA EPSILON PI FRATERNITY INC,NATIONAL_PARENT,2011,990,true,2837404,2675650,3850475,0,3850475,PROPUBLICA_API
580191430,CHI PHI FRATERNITY INC,NATIONAL_PARENT,2011,990,true,1132401,1142222,881013,157107,723906,PROPUBLICA_API
440500006,KAPPA DELTA SORORITY INC,NATIONAL_PARENT,2011,990,true,6503877,2859224,30624865,4862393,25762472,PROPUBLICA_API
350267650,DELTA TAU DELTA FRATERNITY,NATIONAL_PARENT,2011,990,true,3715169,3188533,10066472,1193217,8873255,PROPUBLICA_API
362152330,ALPHA KAPPA ALPHA SORORITY INC,NATIONAL_PARENT,2011,990,true,14432994,13303405,30574744,6189850,24384894,PROPUBLICA_API
131496610,ZETA BETA TAU FRATERNITY,NATIONAL_PARENT,2011,990,true,1882097,1662903,1159577,349547,810030,PROPUBLICA_API
130604310,DELTA KAPPA EPSILON FRATERNITY,NATIONAL_PARENT,2011,990,true,1031216,925421,250092,163038,87054,PROPUBLICA_API
311353726,DELTA ZETA NATIONAL HOUSING CORPORATION,NATIONAL_PARENT,2011,990,true,2179655,1455049,15607253,5755811,9851442,PROPUBLICA_API
580310956,KAPPA ALPHA ORDER,NATIONAL_PARENT,2011,990,true,3126013,2769192,6662371,1654424,5007947,PROPUBLICA_API
361305568,KAPPA ALPHA THETA FRATERNITY,NATIONAL_PARENT,2011,990,true,5318529,4916131,28477417,19326010,9151407,PROPUBLICA_API
314359813,ALPHA SIGMA PHI FRATERNITY INC,NATIONAL_PARENT,2011,990,true,1812155,1434738,1276763,479173,797590,PROPUBLICA_API
310406478,PHI KAPPA TAU FRATERNITY,NATIONAL_PARENT,2011,990N,false,,,,,,PROPUBLICA_API
314221880,KAPPA KAPPA GAMMA FRATERNITY INC,NATIONAL_PARENT,2011,990,true,4627288,4297621,7199951,865259,6334692,PROPUBLICA_API
580638489,ALPHA DELTA PI SORORITY,NATIONAL_PARENT,2011,990,true,4037816,3690738,6671441,274027,6397414,PROPUBLICA_API
310406478,PHI KAPPA TAU FRATERNITY,NATIONAL_PARENT,2011,990,true,1637529,1541696,2663084,1036042,1627042,PROPUBLICA_API
370152140,ALPHA TAU OMEGA FRATERNITY,NATIONAL_PARENT,2011,990,true,3259396,2826651,5060452,865733,4194719,PROPUBLICA_API
362374316,DELTA DELTA DELTA,NATIONAL_PARENT,2011,990,true,5235833,4720499,13560553,1027729,12532824,PROPUBLICA_API
530215218,DELTA SIGMA THETA SORORITY INC,NATIONAL_PARENT,2011,990,true,17949866,18263717,32253214,12697583,19555631,PROPUBLICA_API
361773960,SIGMA CHI FRATERNITY,NATIONAL_PARENT,2011,990,true,3312631,3315801,8539320,1187960,7351360,PROPUBLICA_API
230967790,PHI KAPPA SIGMA FRATERNITY GRAND CHAPTER,NATIONAL_PARENT,2011,990,true,501498,540320,1079367,62290,1017077,PROPUBLICA_API
620950113,ALPHA OMICRON PI FRATERNITY INC,NATIONAL_PARENT,2011,990,true,3942872,3733594,18660020,3814180,14845840,PROPUBLICA_API
840405009,DELTA SIGMA PHI FRATERNITY INC NATIONAL HEADQUARTERS,NATIONAL_PARENT,2011,990,true,2405290,2197238,1970242,792266,1177976,PROPUBLICA_API
540628798,SIGMA NU FRATERNITY INC,NATIONAL_PARENT,2011,990N,false,,,,,,PROPUBLICA_API
730654150,SIGMA SIGMA SIGMA INC,NATIONAL_PARENT,2011,990,true,3810974,2069360,3932271,361607,3570664,PROPUBLICA_API
431971836,DELTA PHI EPSILON SORORITY INC,NATIONAL_PARENT,2011,990,true,1080274,1233521,3047399,1811948,1235451,PROPUBLICA_API
540379370,SIGMA PHI EPSILON FRATERNITY INC,NATIONAL_PARENT,2011,990,true,10914518,9487642,46900100,32860635,14039465,PROPUBLICA_API
562163357,THETA NU XI MULTICULTURAL SORORITY INCORPORATED,NATIONAL_PARENT,2011,990EZ,true,165689,103684,182892,0,182892,PROPUBLICA_API
386089059,CHI PSI FRATERNITY,NATIONAL_PARENT,2011,990,true,914136,812700,2862774,858374,2004400,PROPUBLICA_API
251072670,ALPHA EPSILON PHI SORORITY INC,NATIONAL_PARENT,2011,990,true,964068,1037513,1489863,180395,1309468,PROPUBLICA_API
362024274,SIGMA DELTA TAU SOCIETY,NATIONAL_PARENT,2011,990,true,2138829,1333669,3071584,881270,2190314,PROPUBLICA_API
223530740,LAMBDA THETA ALPHA,NATIONAL_PARENT,2011,990,true,304768,231235,358661,144738,213923,PROPUBLICA_API
042200265,PHI KAPPA THETA FRATERNITY,NATIONAL_PARENT,2011,990,true,747802,732454,384589,210056,174533,PROPUBLICA_API
131368460,TAU EPSILON PHI FRATERNITY INC,NATIONAL_PARENT,2011,990EZ,true,194024,429353,52241,47373,4868,PROPUBLICA_API
350868356,PHI DELTA THETA FRATERNITY,LOCAL_CHAPTER_ENTITY,2010,990N,false,,,,,,PROPUBLICA_API
593282583,PHI DELTA THETA CHAPTER HOUSE ASSOCIATION INC,HOUSE_CORPORATION,2010,990N,false,,,,,,PROPUBLICA_API
630164075,PHI DELTA THETA FRATERNITY,LOCAL_CHAPTER_ENTITY,2010,990N,false,,,,,,PROPUBLICA_API
631053272,PHI DELTA THETA FRATERNITY,LOCAL_CHAPTER_ENTITY,2010,990N,false,,,,,,PROPUBLICA_API
636050290,CHI OMEGA FRATERNITY,LOCAL_CHAPTER_ENTITY,2010,990N,false,,,,,,PROPUBLICA_API
640392826,CHI OMEGA FRATERNITY,LOCAL_CHAPTER_ENTITY,2010,990N,false,,,,,,PROPUBLICA_API
560548249,PHI GAMMA DELTA FRATERNITY,LOCAL_CHAPTER_ENTITY,2010,990N,false,,,,,,PROPUBLICA_API
636103404,PHI GAMMA DELTA FRATERNITY,LOCAL_CHAPTER_ENTITY,2010,990N,false,,,,,,PROPUBLICA_API
630188910,SIGMA DELTA TAU SOCIETY,UNKNOWN,2010,990N,false,,,,,,PROPUBLICA_API
380293927,SIGMA KAPPA CORPORATION,UNKNOWN,2010,990N,false,,,,,,PROPUBLICA_API
420467540,PHI KAPPA PSI FRATERNITY,LOCAL_CHAPTER_ENTITY,2010,990N,false,,,,,,PROPUBLICA_API
936036290,PHI KAPPA PSI FRATERNITY,LOCAL_CHAPTER_ENTITY,2010,990N,false,,,,,,PROPUBLICA_API
630733120,ZETA BETA TAU FRATERNITY,LOCAL_CHAPTER_ENTITY,2010,990N,false,,,,,,PROPUBLICA_API
636050218,ALPHA GAMMA DELTA FRATERNITY,LOCAL_CHAPTER_ENTITY,2010,990N,false,,,,,,PROPUBLICA_API
237114590,EPSILON CHI ZETA HOUSE CORPORATION OF LAMBDA CHI ALPHA FRATERNITY,HOUSE_CORPORATION,2010,990N,false,,,,,,PROPUBLICA_API
621370853,GAMMA PHI BETA SORORITY,LOCAL_CHAPTER_ENTITY,2010,990N,false,,,,,,PROPUBLICA_API
630115520,KAPPA DELTA SORORITY,LOCAL_CHAPTER_ENTITY,2010,990N,false,,,,,,PROPUBLICA_API
630188870,SIGMA ALPHA EPSILON FRATERNITY,LOCAL_CHAPTER_ENTITY,2010,990N,false,,,,,,PROPUBLICA_API
630233975,ZETA BETA TAU FRATERNITY,LOCAL_CHAPTER_ENTITY,2010,990N,false,,,,,,PROPUBLICA_API
631030493,PSI OF DELTA KAPPA EPSILON HOUSE CORPORATION OF UNIVERSITY ALABAMA,HOUSE_CORPORATION,2010,990,true,653128,520117,7727512,4717236,3010276,PROPUBLICA_API
566062593,DELTA KAPPA EPSILON COUNCIL,UNKNOWN,2010,990N,false,,,,,,PROPUBLICA_API
593078421,KAPPA ALPHA HOUSING ASSOCIATION OF FLORIDA INC,UNKNOWN,2010,990N,false,,,,,,PROPUBLICA_API
380293670,ALPHA DELTA PHI PENINSULAR CHAPTER,PROPERTY_HOLDING_ENTITY,2010,990N,false,,,,,,PROPUBLICA_API
386068594,ALPHA DELTA PHI INTERNATIONAL INC,UNKNOWN,2010,990N,false,,,,,,PROPUBLICA_API
630164090,PHI KAPPA SIGMA FRATERNITY,LOCAL_CHAPTER_ENTITY,2010,990N,false,,,,,,PROPUBLICA_API
581648136,IOTA ALUMNI OF PI KAPPA PHI INC,ALUMNI_CORPORATION,2010,990N,false,,,,,,PROPUBLICA_API
581793975,ZETA IOTA CHAPTER OF ALPHA DELTA PI HOUSE CORPORATION,HOUSE_CORPORATION,2010,990,true,40907,0,366935,0,366935,PROPUBLICA_API
630056950,DELTA CHI FRATERNITY,LOCAL_CHAPTER_ENTITY,2010,990N,false,,,,,,PROPUBLICA_API
716061509,CHI OMEGA FRATERNITY,LOCAL_CHAPTER_ENTITY,2010,990N,false,,,,,,PROPUBLICA_API
462071035,ALABAMA BETA CHAPTER OF THE SIGMA PHI EPSILON FRATERNITY,LOCAL_CHAPTER_ENTITY,2010,990,true,1587,10276,1,0,0,PROPUBLICA_API
710230717,PHI DELTA THETA FRATERNITY,LOCAL_CHAPTER_ENTITY,2010,990N,false,,,,,,PROPUBLICA_API
710243898,SIGMA ALPHA EPSILON FRATERNITY,LOCAL_CHAPTER_ENTITY,2010,990N,false,,,,,,PROPUBLICA_API
636066478,GAMMA PHI BETA SORORITY INC,LOCAL_CHAPTER_ENTITY,2010,990N,false,,,,,,PROPUBLICA_API
630289649,SIGMA CHI FRATERNITY,LOCAL_CHAPTER_ENTITY,2010,990N,false,,,,,,PROPUBLICA_API
202472978,ALPHA TAU OMEGA FRATERNITY,LOCAL_CHAPTER_ENTITY,2010,990,true,226738,230200,4019,0,4019,PROPUBLICA_API
581804021,CHI PHI FRATERNITY INC,LOCAL_CHAPTER_ENTITY,2010,990N,false,,,,,,PROPUBLICA_API
630838676,CHI PHI FRATERNITY INC,LOCAL_CHAPTER_ENTITY,2010,990N,false,,,,,,PROPUBLICA_API
631056750,ALPHA GAMMA RHO FRATERNITY,LOCAL_CHAPTER_ENTITY,2010,990N,false,,,,,,PROPUBLICA_API
320295070,PHI SIGMA KAPPA,UNKNOWN,2010,990N,false,,,,,,PROPUBLICA_API
593024291,SIGMA CHI FOUNDATION AT AUBURN UNIVERSITY INC,EDUCATIONAL_FOUNDATION,2010,990EZ,true,10798,14175,132865,0,132865,PROPUBLICA_API
630164590,PI KAPPA PHI FRATERNITY,LOCAL_CHAPTER_ENTITY,2010,990EZ,true,205984,117338,111110,0,111110,PROPUBLICA_API
264795406,PHI THETA CHAPTER HOUSE CORPORATION OF DELTA DELTA DELTA FRATERNITY,HOUSE_CORPORATION,2010,990N,false,,,,,,PROPUBLICA_API
200293448,DELTA TAU DELTA FRATERNITY,LOCAL_CHAPTER_ENTITY,2010,990N,false,,,,,,PROPUBLICA_API
237091513,ALABAMA GAMMA OF PI BETA PHI HOUSE ASSOCIATION INCORPORATED,HOUSE_CORPORATION,2010,990N,false,,,,,,PROPUBLICA_API
636053862,KAPPA DELTA SORORITY,LOCAL_CHAPTER_ENTITY,2010,990N,false,,,,,,PROPUBLICA_API
237044651,DELTA ZETA OF DELTA TAU INC,PROPERTY_HOLDING_ENTITY,2010,990N,false,,,,,,PROPUBLICA_API
596153391,CHI OMEGA FRATERNITY,LOCAL_CHAPTER_ENTITY,2010,990N,false,,,,,,PROPUBLICA_API
593350147,DELTA TAU DELTA FRATERNITY,LOCAL_CHAPTER_ENTITY,2010,990N,false,,,,,,PROPUBLICA_API
591755953,SIGMA ALPHA EPSILON FRATERNITY,LOCAL_CHAPTER_ENTITY,2010,990N,false,,,,,,PROPUBLICA_API
590627917,BETA THETA PI FRATERNITY,LOCAL_CHAPTER_ENTITY,2010,990N,false,,,,,,PROPUBLICA_API
590638774,KAPPA DELTA SORORITY,LOCAL_CHAPTER_ENTITY,2010,990N,false,,,,,,PROPUBLICA_API
203675713,CHI PHI FRATERNITY,LOCAL_CHAPTER_ENTITY,2010,990N,false,,,,,,PROPUBLICA_API
590657429,ALPHA EPSILON PI FRATERNITY,LOCAL_CHAPTER_ENTITY,2010,990N,false,,,,,,PROPUBLICA_API
590628020,KAPPA ALPHA ORDER,UNKNOWN,2010,990N,false,,,,,,PROPUBLICA_API
596141908,FLORIDA ALPHA ALUMNI OF SIGMA PHI EPSILON INC,ALUMNI_CORPORATION,2010,990EZ,true,187992,172774,620850,175427,445423,PROPUBLICA_API
580560996,ALPHA EPSILON PI FRATERNITY,LOCAL_CHAPTER_ENTITY,2010,990N,false,,,,,,PROPUBLICA_API
592643047,FLORIDA DELTA OF PI BETA PHI HOUSE CORPORATION,HOUSE_CORPORATION,2010,990N,false,,,,,,PROPUBLICA_API
581657154,GAMMA PHI BETA SORORITY INC,LOCAL_CHAPTER_ENTITY,2010,990N,false,,,,,,PROPUBLICA_API
581625992,BETA THETA PI FRATERNITY,LOCAL_CHAPTER_ENTITY,2010,990N,false,,,,,,PROPUBLICA_API
586067925,KAPPA DELTA SORORITY,LOCAL_CHAPTER_ENTITY,2010,990N,false,,,,,,PROPUBLICA_API
581025461,PHI GAMMA DELTA FRATERNITY,LOCAL_CHAPTER_ENTITY,2010,990N,false,,,,,,PROPUBLICA_API
582281629,ALPHA ETA EDUCATIONAL FOUNDATION OF ALPHA GAMMA RHO FRATERNITY INC,EDUCATIONAL_FOUNDATION,2010,990EZ,true,28133,21150,55072,0,55072,PROPUBLICA_API
911981486,GEORGIA DELTA OF SIGMA PHI EPSILON INC,UNKNOWN,2010,990,true,367000,379714,281,0,281,PROPUBLICA_API
580587177,THETA CHI FRATERNITY INC,LOCAL_CHAPTER_ENTITY,2010,990N,false,,,,,,PROPUBLICA_API
581847110,DELTA BETA ALUMNI OF THETA CHI INC,ALUMNI_CORPORATION,2010,990N,false,,,,,,PROPUBLICA_API
900526100,PHI KAPPA THETA FRATERNITY,LOCAL_CHAPTER_ENTITY,2010,990EZ,true,45129,41100,230379,62602,167777,PROPUBLICA_API
310909146,PHI KAPPA PSI-GEORGIA ALPHA CHAPTER,LOCAL_CHAPTER_ENTITY,2010,990EZ,true,126864,131711,2680,0,2680,PROPUBLICA_API
586035098,ALPHA GAMMA RHO FRATERNITY,LOCAL_CHAPTER_ENTITY,2010,990,true,116696,92004,1316488,566254,750234,PROPUBLICA_API
580590521,PI KAPPA ALPHA FRATERNITY,LOCAL_CHAPTER_ENTITY,2010,990N,false,,,,,,PROPUBLICA_API
580591246,TAU EPSILON PHI FRATERNITY,LOCAL_CHAPTER_ENTITY,2010,990N,false,,,,,,PROPUBLICA_API
580581459,SIGMA ALPHA EPSILON FRATERNITY,LOCAL_CHAPTER_ENTITY,2010,990N,false,,,,,,PROPUBLICA_API
580574987,PI KAPPA PHI FRATERNITY,LOCAL_CHAPTER_ENTITY,2010,990N,false,,,,,,PROPUBLICA_API
580574873,CHI OMEGA FRATERNITY,LOCAL_CHAPTER_ENTITY,2010,990N,false,,,,,,PROPUBLICA_API
610469791,KAPPA DELTA SORORITY,LOCAL_CHAPTER_ENTITY,2010,990N,false,,,,,,PROPUBLICA_API
610446350,CHI OMEGA FRATERNITY,LOCAL_CHAPTER_ENTITY,2010,990N,false,,,,,,PROPUBLICA_API
616034813,EPSILON OMEGA OF KAPPA DELTA HOUSE,PROPERTY_HOLDING_ENTITY,2010,990N,false,,,,,,PROPUBLICA_API
310905748,LAMBDA ALPHA OF CHI OMEGA HOUSE CORPORATION INCORPORATED,HOUSE_CORPORATION,2010,990N,false,,,,,,PROPUBLICA_API
616042960,KAPPA ALPHA ORDER,UNKNOWN,2010,990N,false,,,,,,PROPUBLICA_API
611269807,DELTA SIGMA PHI FRATERNITY INC,LOCAL_CHAPTER_ENTITY,2010,990N,false,,,,,,PROPUBLICA_API
610448235,SIGMA NU FRATERNITY,LOCAL_CHAPTER_ENTITY,2010,990EZ,true,194231,190868,4991,0,4991,PROPUBLICA_API
510164540,UPSILON KAPPA OF PHI GAMMA DELTA HOUSE CORP,HOUSE_CORPORATION,2010,990N,false,,,,,,PROPUBLICA_API
616042959,KAPPA ALPHA ORDER,UNKNOWN,2010,990N,false,,,,,,PROPUBLICA_API
610242405,KAPPA KAPPA GAMMA FRATERNITY,LOCAL_CHAPTER_ENTITY,2010,990N,false,,,,,,PROPUBLICA_API
720603683,DELTA KAPPA OF ZETA TAU ALPHA HOUSE CORPORATION,HOUSE_CORPORATION,2010,990N,false,,,,,,PROPUBLICA_API
726021413,CHI OMEGA FRATERNITY,LOCAL_CHAPTER_ENTITY,2010,990N,false,,,,,,PROPUBLICA_API
576025458,KAPPA DELTA SORORITY,LOCAL_CHAPTER_ENTITY,2010,990N,false,,,,,,PROPUBLICA_API
620495178,TENNESSEE KAPPA CHAPTER OF SIGMA ALPHA EPSILON,LOCAL_CHAPTER_ENTITY,2010,990N,false,,,,,,PROPUBLICA_API
237359145,SIGMA PI FRATERNITY HOUSING CORP,HOUSE_CORPORATION,2010,990,true,139009,143659,584621,460481,124140,PROPUBLICA_API
721023591,DELTA CHI HOUSE CORPORATION,HOUSE_CORPORATION,2010,990EZ,true,34025,36590,19165,0,19165,PROPUBLICA_API
556028175,ALPHA GAMMA DELTA FRATERNITY,LOCAL_CHAPTER_ENTITY,2010,990N,false,,,,,,PROPUBLICA_API
720873120,ALPHA GAMMA RHO FRATERNITY,LOCAL_CHAPTER_ENTITY,2010,990,true,70070,67356,25313,8093,17220,PROPUBLICA_API
320299158,BETA THETA PI FRATERNITY,LOCAL_CHAPTER_ENTITY,2010,990N,false,,,,,,PROPUBLICA_API
620256693,KAPPA SIGMA FRATERNITY,LOCAL_CHAPTER_ENTITY,2010,990N,false,,,,,,PROPUBLICA_API
626111214,KAPPA SIGMA FRATERNITY,PROPERTY_HOLDING_ENTITY,2010,990N,false,,,,,,PROPUBLICA_API
726032539,HOUSE CORPORATION OF DELTA TAU DELTA L S U INC,HOUSE_CORPORATION,2010,990EZ,true,1426,0,143523,0,143523,PROPUBLICA_API
726027982,PI KAPPA ALPHA FRATERNITY,LOCAL_CHAPTER_ENTITY,2010,990N,false,,,,,,PROPUBLICA_API
720482627,PI KAPPA ALPHA FATERNITY,UNKNOWN,2010,990N,false,,,,,,PROPUBLICA_API
237069145,DELTA OMEGA HOUSE CORPORATION OF DELTA DELTA DELTA FRATERNITY,HOUSE_CORPORATION,2010,990N,false,,,,,,PROPUBLICA_API
726027219,DELTA KAPPA HOUSE CORP KAPPA ALPHA THETA,HOUSE_CORPORATION,2010,990N,false,,,,,,PROPUBLICA_API
726034315,SIGMA GAMMA RHO SORORITY INC,LOCAL_CHAPTER_ENTITY,2010,990N,false,,,,,,PROPUBLICA_API
720416943,KAPPA ALPHA ORDER,UNKNOWN,2010,990N,false,,,,,,PROPUBLICA_API
726027878,KAPPA DELTA SORORITY,LOCAL_CHAPTER_ENTITY,2010,990N,false,,,,,,PROPUBLICA_API
430661687,ALPHA EPSILON PI FRATERNITY,LOCAL_CHAPTER_ENTITY,2010,990N,false,,,,,,PROPUBLICA_API
436065825,SOCIETY OF BETA SIGMA PSI,UNKNOWN,2010,990N,false,,,,,,PROPUBLICA_API
640120597,KAPPA ALPHA ORDER,UNKNOWN,2010,990N,false,,,,,,PROPUBLICA_API
203723722,MSU DELTA CHI ALUMNI ASSOCIATION INC,ALUMNI_CORPORATION,2010,990N,false,,,,,,PROPUBLICA_API
640310946,SIGMA ALPHA EPSILON FRATERNITY,LOCAL_CHAPTER_ENTITY,2010,990N,false,,,,,,PROPUBLICA_API
237279442,KAPPA ALPHA PSI FRATERNITY INC,LOCAL_CHAPTER_ENTITY,2010,990EZ,true,39722,36944,101152,19213,81939,PROPUBLICA_API
640390595,LAMBDA CHI ALPHA FRATERNITY INC,LOCAL_CHAPTER_ENTITY,2010,990N,false,,,,,,PROPUBLICA_API
436031386,DELTA XI BLDG CORP OF DELTA DELTA DELTA,UNKNOWN,2010,990N,false,,,,,,PROPUBLICA_API
431098570,KAPPA DELTA SORORITY,LOCAL_CHAPTER_ENTITY,2010,990N,false,,,,,,PROPUBLICA_API
430156640,ALPHA GAMMA RHO FRATERNITY,LOCAL_CHAPTER_ENTITY,2010,990N,false,,,,,,PROPUBLICA_API
237432859,SIGMA NU FRATERNITY,LOCAL_CHAPTER_ENTITY,2010,990N,false,,,,,,PROPUBLICA_API
730580030,DELTA TAU DELTA FRATERNITY,LOCAL_CHAPTER_ENTITY,2010,990N,false,,,,,,PROPUBLICA_API
311128130,PHI KAPPA PSI FRATERNITY,LOCAL_CHAPTER_ENTITY,2010,990EZ,true,31949,26322,8110,0,8110,PROPUBLICA_API
730181175,CHI OMEGA FRATERNITY,LOCAL_CHAPTER_ENTITY,2010,990,true,186070,163400,46755,0,46755,PROPUBLICA_API
730589443,PHI GAMMA DELTA FRATERNITY,LOCAL_CHAPTER_ENTITY,2010,990EZ,true,227449,210132,28500,2928,25572,PROPUBLICA_API
731440348,ALPHA PHI LUCY FINNERTY EDUCATIONAL FUND,UNKNOWN,2010,990PF,true,16375,8352,637066,0,637066,PROPUBLICA_API
736103379,BETA THETA PI CORPORATION OF OKLA,UNKNOWN,2010,990N,false,,,,,,PROPUBLICA_API
640330884,KAPPA DELTA SORORITY,LOCAL_CHAPTER_ENTITY,2010,990N,false,,,,,,PROPUBLICA_API
736103379,BETA THETA PI CORPORATION OF OKLA,UNKNOWN,2010,990EZ,true,94393,119746,283042,0,283042,PROPUBLICA_API
640307108,CHI OMEGA FRATERNITY,LOCAL_CHAPTER_ENTITY,2010,990N,false,,,,,,PROPUBLICA_API
237432869,MISSISSIPPI GAMMA HOUSE ASSN OF SIGMA ALPHA EPSILON,HOUSE_CORPORATION,2010,990N,false,,,,,,PROPUBLICA_API
640315254,SIGMA ALPHA EPSILON FRATERNITY,LOCAL_CHAPTER_ENTITY,2010,990N,false,,,,,,PROPUBLICA_API
576033523,KAPPA ALPHA ORDER,UNKNOWN,2010,990N,false,,,,,,PROPUBLICA_API
237128453,LAMBDA CHI ALPHA FRATERNITY INC,LOCAL_CHAPTER_ENTITY,2010,990EZ,true,75382,75406,429,0,429,PROPUBLICA_API
576033531,PI KAPPA PHI FRATERNITY,LOCAL_CHAPTER_ENTITY,2010,990N,false,,,,,,PROPUBLICA_API
570742538,CHI OMEGA FRATERNITY,LOCAL_CHAPTER_ENTITY,2010,990N,false,,,,,,PROPUBLICA_API
201554454,GAMMA PHI BETA SORORITY INC,LOCAL_CHAPTER_ENTITY,2010,990N,false,,,,,,PROPUBLICA_API
576034368,ALPHA TAU OMEGA FRATERNITY,LOCAL_CHAPTER_ENTITY,2010,990N,false,,,,,,PROPUBLICA_API
382900287,PHI SIGMA RHO NATIONAL SORORITY,NATIONAL_PARENT,2010,990N,false,,,,,,PROPUBLICA_API
576027420,PI KAPPA ALPHA FRATERNITY,LOCAL_CHAPTER_ENTITY,2010,990,true,209152,220779,734,0,734,PROPUBLICA_API
626042374,DELTA SIGMA HOUSE CORPORATION OF DELTA DELTA DELTA,HOUSE_CORPORATION,2010,990N,false,,,,,,PROPUBLICA_API
741130603,ALPHA EPSILON PI FRATERNITY,LOCAL_CHAPTER_ENTITY,2010,990N,false,,,,,,PROPUBLICA_API
311023916,SIGMA GAMMA RHO SORORITY INC,LOCAL_CHAPTER_ENTITY,2010,990N,false,,,,,,PROPUBLICA_API
621414737,BETA SIGMA OF SIGMA CHI HOUSE CORPORATION,HOUSE_CORPORATION,2010,990EZ,true,-7988,22177,174711,1391,173320,PROPUBLICA_API
626047671,KAPPA DELTA SORORITY,LOCAL_CHAPTER_ENTITY,2010,990N,false,,,,,,PROPUBLICA_API
621386377,PI CHAPTER CHI OMEGA FRATERNITY HOUSE CORP,HOUSE_CORPORATION,2010,990N,false,,,,,,PROPUBLICA_API
626047975,CHI OMEGA FRATERNITY,LOCAL_CHAPTER_ENTITY,2010,990N,false,,,,,,PROPUBLICA_API
626045032,ALPHA DELTA PI HOUSE CORP ALPHA KAPPA,HOUSE_CORPORATION,2010,990N,false,,,,,,PROPUBLICA_API
746084912,SIGMA GAMMA RHO SORORITY INC,LOCAL_CHAPTER_ENTITY,2010,990EZ,true,0,0,1,0,1,PROPUBLICA_API
260084683,ALUMNI CORPORATION OF ETA CHAPTER OF THE DELTA SIGMA PHI FRATERNITY,ALUMNI_CORPORATION,2010,990N,false,,,,,,PROPUBLICA_API
746084213,CHI OMEGA FRATERNITY IOTA CHAPTER UNIV OF TX AT AUSTIN,LOCAL_CHAPTER_ENTITY,2010,990N,false,,,,,,PROPUBLICA_API
740481786,ALPHA EPSILON PHI SORORITY OMEGA CHAPTER,LOCAL_CHAPTER_ENTITY,2010,990N,false,,,,,,PROPUBLICA_API
741493205,KAPPA CHAPTER OF ZETA TAU ALPHA HOUSE CORPORATION,HOUSE_CORPORATION,2010,990N,false,,,,,,PROPUBLICA_API
742061485,PI KAPPA PHI FRATERNITY DELTA OMEGA CHAPTER,LOCAL_CHAPTER_ENTITY,2010,990EZ,true,85801,82223,347295,180870,166425,PROPUBLICA_API
134264657,GAMMA PHI BETA SORORITY INC,LOCAL_CHAPTER_ENTITY,2010,990N,false,,,,,,PROPUBLICA_API
510165062,CHI OMEGA FRATERNITY,LOCAL_CHAPTER_ENTITY,2010,990N,false,,,,,,PROPUBLICA_API
741932980,XI KAPPA OF CHI OMEGA HOUSE CORP,HOUSE_CORPORATION,2010,990N,false,,,,,,PROPUBLICA_API
732350514,TEXAS ETA CHAPTER OF PI BETA PHI HOUSE CORPORATION,HOUSE_CORPORATION,2010,990N,false,,,,,,PROPUBLICA_API
742205743,KAPPA ALPHA ORDER,UNKNOWN,2010,990N,false,,,,,,PROPUBLICA_API
741184325,GAMMA-UPSILON CHAPTER OF TAU KAPPA EPSILON FRATERNITY,LOCAL_CHAPTER_ENTITY,2010,990N,false,,,,,,PROPUBLICA_API
626074044,CHI OMEGA FRATERNITY,LOCAL_CHAPTER_ENTITY,2010,990N,false,,,,,,PROPUBLICA_API
620671306,KAPPA ALPHA ORDER,UNKNOWN,2010,990N,false,,,,,,PROPUBLICA_API
621781729,ZETA PHI BETA SORORITY INC PI ZETA CHAPTER,LOCAL_CHAPTER_ENTITY,2010,990EZ,true,27820,24795,0,0,0,PROPUBLICA_API
521346179,ZETA PHI BETA SORORITY INC,LOCAL_CHAPTER_ENTITY,2010,990EZ,true,1068,1378,310,0,310,PROPUBLICA_API
621466616,BETA TAU HOUSE CORPORATION OF KAPPA DELTA SORORITY,HOUSE_CORPORATION,2010,990N,false,,,,,,PROPUBLICA_API
626047662,KAPPA DELTA SORORITY,LOCAL_CHAPTER_ENTITY,2010,990N,false,,,,,,PROPUBLICA_API
430765719,THETA TAU,NATIONAL_PARENT,2010,990N,false,,,,,,PROPUBLICA_API
362152330,ALPHA KAPPA ALPHA SORORITY INC,NATIONAL_PARENT,2010,990,true,19231435,19643283,28323359,4668687,23654672,PROPUBLICA_API
420212285,DELTA CHI FRATERNITY,NATIONAL_PARENT,2010,990N,false,,,,,,PROPUBLICA_API
540628798,SIGMA NU FRATERNITY INC,NATIONAL_PARENT,2010,990N,false,,,,,,PROPUBLICA_API
223530740,LAMBDA THETA ALPHA,NATIONAL_PARENT,2010,990N,false,,,,,,PROPUBLICA_API
131368460,TAU EPSILON PHI FRATERNITY INC,NATIONAL_PARENT,2010,990N,false,,,,,,PROPUBLICA_API
350868356,PHI DELTA THETA FRATERNITY,LOCAL_CHAPTER_ENTITY,2009,990N,false,,,,,,PROPUBLICA_API
592339079,PHI DELTA THETA FRATERNITY,LOCAL_CHAPTER_ENTITY,2009,990N,false,,,,,,PROPUBLICA_API
593282583,PHI DELTA THETA CHAPTER HOUSE ASSOCIATION INC,HOUSE_CORPORATION,2009,990N,false,,,,,,PROPUBLICA_API
630164075,PHI DELTA THETA FRATERNITY,LOCAL_CHAPTER_ENTITY,2009,990N,false,,,,,,PROPUBLICA_API
631053272,PHI DELTA THETA FRATERNITY,LOCAL_CHAPTER_ENTITY,2009,990N,false,,,,,,PROPUBLICA_API
596135388,CHI OMEGA HOUSING CORPORATION,HOUSE_CORPORATION,2009,990N,false,,,,,,PROPUBLICA_API
636050290,CHI OMEGA FRATERNITY,LOCAL_CHAPTER_ENTITY,2009,990N,false,,,,,,PROPUBLICA_API
640392826,CHI OMEGA FRATERNITY,LOCAL_CHAPTER_ENTITY,2009,990N,false,,,,,,PROPUBLICA_API
630164080,PHI GAMMA DELTA FRATERNITY,LOCAL_CHAPTER_ENTITY,2009,990N,false,,,,,,PROPUBLICA_API
380293927,SIGMA KAPPA CORPORATION,UNKNOWN,2009,990N,false,,,,,,PROPUBLICA_API
420467540,PHI KAPPA PSI FRATERNITY,LOCAL_CHAPTER_ENTITY,2009,990N,false,,,,,,PROPUBLICA_API
936036290,PHI KAPPA PSI FRATERNITY,LOCAL_CHAPTER_ENTITY,2009,990N,false,,,,,,PROPUBLICA_API
320257409,BETA MU HOUSE CORP OF ALPHA PHI INTERNATIONAL FRATERNITY INC,HOUSE_CORPORATION,2009,990N,false,,,,,,PROPUBLICA_API
941367157,ALPHA PHI BUILDING CORPORATION,HOUSE_CORPORATION,2009,990N,false,,,,,,PROPUBLICA_API
630188910,SIGMA DELTA TAU SOCIETY,UNKNOWN,2009,990N,false,,,,,,PROPUBLICA_API
630289653,THETA CHI FRATERNITY INC,LOCAL_CHAPTER_ENTITY,2009,990N,false,,,,,,PROPUBLICA_API
631004292,GAMMA PHI BETA SORORITY INC,LOCAL_CHAPTER_ENTITY,2009,990N,false,,,,,,PROPUBLICA_API
630818055,ALABAMA BETA OF PI BETA PHI HOUSE ASSOCIATION INCORPORATED,HOUSE_CORPORATION,2009,990N,false,,,,,,PROPUBLICA_API
630980702,KAPPA DELTA SORORITY,LOCAL_CHAPTER_ENTITY,2009,990N,false,,,,,,PROPUBLICA_API
630733120,ZETA BETA TAU FRATERNITY,LOCAL_CHAPTER_ENTITY,2009,990N,false,,,,,,PROPUBLICA_API
630120537,LAMBDA CHI ALPHA FRATERNITY INC,LOCAL_CHAPTER_ENTITY,2009,990N,false,,,,,,PROPUBLICA_API
636049922,HOUSE BOARD OF GAMMA PI OF KAPPA KAPPA GAMMA,UNKNOWN,2009,990N,false,,,,,,PROPUBLICA_API
237114590,EPSILON CHI ZETA HOUSE CORPORATION OF LAMBDA CHI ALPHA FRATERNITY,HOUSE_CORPORATION,2009,990N,false,,,,,,PROPUBLICA_API
621370853,GAMMA PHI BETA SORORITY,LOCAL_CHAPTER_ENTITY,2009,990N,false,,,,,,PROPUBLICA_API
630115520,KAPPA DELTA SORORITY,LOCAL_CHAPTER_ENTITY,2009,990N,false,,,,,,PROPUBLICA_API
630188870,SIGMA ALPHA EPSILON FRATERNITY,LOCAL_CHAPTER_ENTITY,2009,990N,false,,,,,,PROPUBLICA_API
630233975,ZETA BETA TAU FRATERNITY,LOCAL_CHAPTER_ENTITY,2009,990N,false,,,,,,PROPUBLICA_API
593078421,KAPPA ALPHA HOUSING ASSOCIATION OF FLORIDA INC,UNKNOWN,2009,990N,false,,,,,,PROPUBLICA_API
741132044,KAPPA SIGMA FRATERNITY,LOCAL_CHAPTER_ENTITY,2009,990N,false,,,,,,PROPUBLICA_API
380293670,ALPHA DELTA PHI PENINSULAR CHAPTER,PROPERTY_HOLDING_ENTITY,2009,990N,false,,,,,,PROPUBLICA_API
580596934,PI KAPPA PHI FRATERNITY,LOCAL_CHAPTER_ENTITY,2009,990N,false,,,,,,PROPUBLICA_API
630164600,PI KAPPA PHI FRATERNITY,LOCAL_CHAPTER_ENTITY,2009,990N,false,,,,,,PROPUBLICA_API
630007530,ALPHA TAU OMEGA FRATERNITY,LOCAL_CHAPTER_ENTITY,2009,990N,false,,,,,,PROPUBLICA_API
430349090,THE ALPHA KAPPA CHAPTER OF THE KAPPA ALPHA FRATERNITY,LOCAL_CHAPTER_ENTITY,2009,990N,false,,,,,,PROPUBLICA_API
630289642,KAPPA ALPHA ORDER,UNKNOWN,2009,990N,false,,,,,,PROPUBLICA_API
630020370,KAPPA SIGMA FRATERNITY,LOCAL_CHAPTER_ENTITY,2009,990N,false,,,,,,PROPUBLICA_API
386068594,ALPHA DELTA PHI INTERNATIONAL INC,UNKNOWN,2009,990N,false,,,,,,PROPUBLICA_API
630457980,BETA THETA PI FRATERNITY,LOCAL_CHAPTER_ENTITY,2009,990N,false,,,,,,PROPUBLICA_API
630164090,PHI KAPPA SIGMA FRATERNITY,LOCAL_CHAPTER_ENTITY,2009,990N,false,,,,,,PROPUBLICA_API
581648136,IOTA ALUMNI OF PI KAPPA PHI INC,ALUMNI_CORPORATION,2009,990N,false,,,,,,PROPUBLICA_API
351780304,PI KAPPA PHI INC,UNKNOWN,2009,990N,false,,,,,,PROPUBLICA_API
581793975,ZETA IOTA CHAPTER OF ALPHA DELTA PI HOUSE CORPORATION,HOUSE_CORPORATION,2009,990,true,39182,0,326028,0,326028,PROPUBLICA_API
630056950,DELTA CHI FRATERNITY,LOCAL_CHAPTER_ENTITY,2009,990N,false,,,,,,PROPUBLICA_API
716061509,CHI OMEGA FRATERNITY,LOCAL_CHAPTER_ENTITY,2009,990N,false,,,,,,PROPUBLICA_API
630164580,PI KAPPA ALPHA FRATERNITY,LOCAL_CHAPTER_ENTITY,2009,990N,false,,,,,,PROPUBLICA_API
631006177,GAMMA ALPHA OF PI KAPPA ALPHA HOUSE CORPORATIONS,UNKNOWN,2009,990N,false,,,,,,PROPUBLICA_API
630289650,SIGMA CHI FRATERNITY,LOCAL_CHAPTER_ENTITY,2009,990N,false,,,,,,PROPUBLICA_API
630188940,SIGMA NU FRATERNITY,LOCAL_CHAPTER_ENTITY,2009,990N,false,,,,,,PROPUBLICA_API
710245516,SIGMA CHI FRATERNITY,LOCAL_CHAPTER_ENTITY,2009,990N,false,,,,,,PROPUBLICA_API
636050218,ALPHA GAMMA DELTA FRATERNITY,LOCAL_CHAPTER_ENTITY,2009,990N,false,,,,,,PROPUBLICA_API
636061057,PI KAPPA ALPHA FRATERNITY,PROPERTY_HOLDING_ENTITY,2009,990N,false,,,,,,PROPUBLICA_API
462071035,ALABAMA BETA CHAPTER OF THE SIGMA PHI EPSILON FRATERNITY,LOCAL_CHAPTER_ENTITY,2009,990,true,17483,9124,8689,0,8689,PROPUBLICA_API
710230717,PHI DELTA THETA FRATERNITY,LOCAL_CHAPTER_ENTITY,2009,990N,false,,,,,,PROPUBLICA_API
710237930,KAPPA SIGMA FRATERNITY,LOCAL_CHAPTER_ENTITY,2009,990N,false,,,,,,PROPUBLICA_API
710243898,SIGMA ALPHA EPSILON FRATERNITY,LOCAL_CHAPTER_ENTITY,2009,990N,false,,,,,,PROPUBLICA_API
237153933,SIGMA NU BUILDING BETA THETA CHAPTER,PROPERTY_HOLDING_ENTITY,2009,990N,false,,,,,,PROPUBLICA_API
630188930,SIGMA NU FRATERNITY,LOCAL_CHAPTER_ENTITY,2009,990N,false,,,,,,PROPUBLICA_API
636066478,GAMMA PHI BETA SORORITY INC,LOCAL_CHAPTER_ENTITY,2009,990N,false,,,,,,PROPUBLICA_API
581804021,CHI PHI FRATERNITY INC,LOCAL_CHAPTER_ENTITY,2009,990N,false,,,,,,PROPUBLICA_API
630838676,CHI PHI FRATERNITY INC,LOCAL_CHAPTER_ENTITY,2009,990N,false,,,,,,PROPUBLICA_API
631056750,ALPHA GAMMA RHO FRATERNITY,LOCAL_CHAPTER_ENTITY,2009,990N,false,,,,,,PROPUBLICA_API
630164590,PI KAPPA PHI FRATERNITY,LOCAL_CHAPTER_ENTITY,2009,990N,false,,,,,,PROPUBLICA_API
593024291,SIGMA CHI FOUNDATION AT AUBURN UNIVERSITY INC,EDUCATIONAL_FOUNDATION,2009,990EZ,true,24916,4158,136242,0,136242,PROPUBLICA_API
911903532,ALABAMA BETA CHAPTER OF THE PHI DELTA THETA FRATERNITY,LOCAL_CHAPTER_ENTITY,2009,990N,false,,,,,,PROPUBLICA_API
200293448,DELTA TAU DELTA FRATERNITY,LOCAL_CHAPTER_ENTITY,2009,990N,false,,,,,,PROPUBLICA_API
237091513,ALABAMA GAMMA OF PI BETA PHI HOUSE ASSOCIATION INCORPORATED,HOUSE_CORPORATION,2009,990N,false,,,,,,PROPUBLICA_API
636053862,KAPPA DELTA SORORITY,LOCAL_CHAPTER_ENTITY,2009,990N,false,,,,,,PROPUBLICA_API
237044651,DELTA ZETA OF DELTA TAU INC,PROPERTY_HOLDING_ENTITY,2009,990N,false,,,,,,PROPUBLICA_API
596153391,CHI OMEGA FRATERNITY,LOCAL_CHAPTER_ENTITY,2009,990N,false,,,,,,PROPUBLICA_API
593350147,DELTA TAU DELTA FRATERNITY,LOCAL_CHAPTER_ENTITY,2009,990N,false,,,,,,PROPUBLICA_API
590639987,SIGMA ALPHA EPSILON FRATERNITY,LOCAL_CHAPTER_ENTITY,2009,990N,false,,,,,,PROPUBLICA_API
591755953,SIGMA ALPHA EPSILON FRATERNITY,LOCAL_CHAPTER_ENTITY,2009,990N,false,,,,,,PROPUBLICA_API
590627917,BETA THETA PI FRATERNITY,LOCAL_CHAPTER_ENTITY,2009,990N,false,,,,,,PROPUBLICA_API
590682455,ALPHA EPSILON PHI SORORITY,LOCAL_CHAPTER_ENTITY,2009,990N,false,,,,,,PROPUBLICA_API
590638774,KAPPA DELTA SORORITY,LOCAL_CHAPTER_ENTITY,2009,990N,false,,,,,,PROPUBLICA_API
203675713,CHI PHI FRATERNITY,LOCAL_CHAPTER_ENTITY,2009,990N,false,,,,,,PROPUBLICA_API
590657429,ALPHA EPSILON PI FRATERNITY,LOCAL_CHAPTER_ENTITY,2009,990N,false,,,,,,PROPUBLICA_API
590628020,KAPPA ALPHA ORDER,UNKNOWN,2009,990N,false,,,,,,PROPUBLICA_API
596141908,FLORIDA ALPHA ALUMNI OF SIGMA PHI EPSILON INC,ALUMNI_CORPORATION,2009,990EZ,true,216351,216986,630193,199989,430204,PROPUBLICA_API
592643047,FLORIDA DELTA OF PI BETA PHI HOUSE CORPORATION,HOUSE_CORPORATION,2009,990N,false,,,,,,PROPUBLICA_API
436049304,KAPPA ALPHA ORDER,UNKNOWN,2009,990N,false,,,,,,PROPUBLICA_API
596139328,BETA PI OF KAPPA DELTA HOUSE CORP,HOUSE_CORPORATION,2009,990N,false,,,,,,PROPUBLICA_API
596203032,PHI MU FRATERNITY,PROPERTY_HOLDING_ENTITY,2009,990N,false,,,,,,PROPUBLICA_API
581657154,GAMMA PHI BETA SORORITY INC,LOCAL_CHAPTER_ENTITY,2009,990N,false,,,,,,PROPUBLICA_API
586067925,KAPPA DELTA SORORITY,LOCAL_CHAPTER_ENTITY,2009,990N,false,,,,,,PROPUBLICA_API
581025461,PHI GAMMA DELTA FRATERNITY,LOCAL_CHAPTER_ENTITY,2009,990N,false,,,,,,PROPUBLICA_API
581625992,BETA THETA PI FRATERNITY,LOCAL_CHAPTER_ENTITY,2009,990N,false,,,,,,PROPUBLICA_API
580587177,THETA CHI FRATERNITY INC,LOCAL_CHAPTER_ENTITY,2009,990N,false,,,,,,PROPUBLICA_API
900526100,PHI KAPPA THETA FRATERNITY,LOCAL_CHAPTER_ENTITY,2009,990N,false,,,,,,PROPUBLICA_API
911981486,GEORGIA DELTA OF SIGMA PHI EPSILON INC,UNKNOWN,2009,990N,false,,,,,,PROPUBLICA_API
310909146,PHI KAPPA PSI-GEORGIA ALPHA CHAPTER,LOCAL_CHAPTER_ENTITY,2009,990EZ,true,170539,179275,7527,0,7527,PROPUBLICA_API
580590521,PI KAPPA ALPHA FRATERNITY,LOCAL_CHAPTER_ENTITY,2009,990N,false,,,,,,PROPUBLICA_API
580591246,TAU EPSILON PHI FRATERNITY,LOCAL_CHAPTER_ENTITY,2009,990N,false,,,,,,PROPUBLICA_API
580560996,ALPHA EPSILON PI FRATERNITY,LOCAL_CHAPTER_ENTITY,2009,990N,false,,,,,,PROPUBLICA_API
580596852,LAMBDA CHI ALPHA FRATERNITY INC,LOCAL_CHAPTER_ENTITY,2009,990N,false,,,,,,PROPUBLICA_API
616042959,KAPPA ALPHA ORDER,UNKNOWN,2009,990N,false,,,,,,PROPUBLICA_API
580574873,CHI OMEGA FRATERNITY,LOCAL_CHAPTER_ENTITY,2009,990N,false,,,,,,PROPUBLICA_API
610469791,KAPPA DELTA SORORITY,LOCAL_CHAPTER_ENTITY,2009,990N,false,,,,,,PROPUBLICA_API
610446350,CHI OMEGA FRATERNITY,LOCAL_CHAPTER_ENTITY,2009,990N,false,,,,,,PROPUBLICA_API
616034813,EPSILON OMEGA OF KAPPA DELTA HOUSE,PROPERTY_HOLDING_ENTITY,2009,990N,false,,,,,,PROPUBLICA_API
310905748,LAMBDA ALPHA OF CHI OMEGA HOUSE CORPORATION INCORPORATED,HOUSE_CORPORATION,2009,990N,false,,,,,,PROPUBLICA_API
626111214,KAPPA SIGMA FRATERNITY,PROPERTY_HOLDING_ENTITY,2009,990N,false,,,,,,PROPUBLICA_API
616042960,KAPPA ALPHA ORDER,UNKNOWN,2009,990N,false,,,,,,PROPUBLICA_API
610444977,DELTA TAU DELTA FRATERNITY,LOCAL_CHAPTER_ENTITY,2009,990N,false,,,,,,PROPUBLICA_API
610448235,SIGMA NU FRATERNITY,LOCAL_CHAPTER_ENTITY,2009,990N,false,,,,,,PROPUBLICA_API
510164540,UPSILON KAPPA OF PHI GAMMA DELTA HOUSE CORP,HOUSE_CORPORATION,2009,990N,false,,,,,,PROPUBLICA_API
610242405,KAPPA KAPPA GAMMA FRATERNITY,LOCAL_CHAPTER_ENTITY,2009,990N,false,,,,,,PROPUBLICA_API
720603683,DELTA KAPPA OF ZETA TAU ALPHA HOUSE CORPORATION,HOUSE_CORPORATION,2009,990N,false,,,,,,PROPUBLICA_API
726021413,CHI OMEGA FRATERNITY,LOCAL_CHAPTER_ENTITY,2009,990N,false,,,,,,PROPUBLICA_API
576025458,KAPPA DELTA SORORITY,LOCAL_CHAPTER_ENTITY,2009,990N,false,,,,,,PROPUBLICA_API
620495178,TENNESSEE KAPPA CHAPTER OF SIGMA ALPHA EPSILON,LOCAL_CHAPTER_ENTITY,2009,990N,false,,,,,,PROPUBLICA_API
721023591,DELTA CHI HOUSE CORPORATION,HOUSE_CORPORATION,2009,990N,false,,,,,,PROPUBLICA_API
237359145,SIGMA PI FRATERNITY HOUSING CORP,HOUSE_CORPORATION,2009,990N,false,,,,,,PROPUBLICA_API
611120060,SIGMA PI FRATERNITY INTERNATIONAL INC,NATIONAL_PARENT,2009,990N,false,,,,,,PROPUBLICA_API
556028175,ALPHA GAMMA DELTA FRATERNITY,LOCAL_CHAPTER_ENTITY,2009,990N,false,,,,,,PROPUBLICA_API
720961914,DELTA CHI FRATERNITY,LOCAL_CHAPTER_ENTITY,2009,990N,false,,,,,,PROPUBLICA_API
620256693,KAPPA SIGMA FRATERNITY,LOCAL_CHAPTER_ENTITY,2009,990N,false,,,,,,PROPUBLICA_API
726027982,PI KAPPA ALPHA FRATERNITY,LOCAL_CHAPTER_ENTITY,2009,990N,false,,,,,,PROPUBLICA_API
720482627,PI KAPPA ALPHA FATERNITY,UNKNOWN,2009,990N,false,,,,,,PROPUBLICA_API
237069145,DELTA OMEGA HOUSE CORPORATION OF DELTA DELTA DELTA FRATERNITY,HOUSE_CORPORATION,2009,990N,false,,,,,,PROPUBLICA_API
726034315,SIGMA GAMMA RHO SORORITY INC,LOCAL_CHAPTER_ENTITY,2009,990N,false,,,,,,PROPUBLICA_API
720416943,KAPPA ALPHA ORDER,UNKNOWN,2009,990N,false,,,,,,PROPUBLICA_API
264121711,LAMBDA KAPPA KAPPA CHAPTER OF OMEGA PSI PHI FRATERNITY,LOCAL_CHAPTER_ENTITY,2009,990N,false,,,,,,PROPUBLICA_API
726027878,KAPPA DELTA SORORITY,LOCAL_CHAPTER_ENTITY,2009,990N,false,,,,,,PROPUBLICA_API
430661687,ALPHA EPSILON PI FRATERNITY,LOCAL_CHAPTER_ENTITY,2009,990N,false,,,,,,PROPUBLICA_API
726027219,DELTA KAPPA HOUSE CORP KAPPA ALPHA THETA,HOUSE_CORPORATION,2009,990N,false,,,,,,PROPUBLICA_API
640120597,KAPPA ALPHA ORDER,UNKNOWN,2009,990N,false,,,,,,PROPUBLICA_API
237279442,KAPPA ALPHA PSI FRATERNITY INC,LOCAL_CHAPTER_ENTITY,2009,990N,false,,,,,,PROPUBLICA_API
640310946,SIGMA ALPHA EPSILON FRATERNITY,LOCAL_CHAPTER_ENTITY,2009,990N,false,,,,,,PROPUBLICA_API
436075111,SIGMA ALPHA EPSILON CLUB OF COLUMBIA MISSOURI,UNKNOWN,2009,990N,false,,,,,,PROPUBLICA_API
640390595,LAMBDA CHI ALPHA FRATERNITY INC,LOCAL_CHAPTER_ENTITY,2009,990N,false,,,,,,PROPUBLICA_API
340435674,MISSISSIPPI STATE UNIVERSITY DELTA CHI BUILDING CORPORATION,HOUSE_CORPORATION,2009,990N,false,,,,,,PROPUBLICA_API
436065825,SOCIETY OF BETA SIGMA PSI,UNKNOWN,2009,990N,false,,,,,,PROPUBLICA_API
436059582,GAMMA PHI BETA SORORITY INC,LOCAL_CHAPTER_ENTITY,2009,990N,false,,,,,,PROPUBLICA_API
436050433,ALPHA PHI HOUSE CORPORATION BOARD- UNIVERSITY OF MISSOURI,HOUSE_CORPORATION,2009,990N,false,,,,,,PROPUBLICA_API
430456430,PHI DELTA THETA FRATERNITY,LOCAL_CHAPTER_ENTITY,2009,990N,false,,,,,,PROPUBLICA_API
436052199,BETA THETA PI FRATERNITY,LOCAL_CHAPTER_ENTITY,2009,990N,false,,,,,,PROPUBLICA_API
436061869,ALPHA CHI OMEGA HOUSE CORP FOR ALPHA NU CHAPTER,HOUSE_CORPORATION,2009,990N,false,,,,,,PROPUBLICA_API
431098570,KAPPA DELTA SORORITY,LOCAL_CHAPTER_ENTITY,2009,990N,false,,,,,,PROPUBLICA_API
430156640,ALPHA GAMMA RHO FRATERNITY,LOCAL_CHAPTER_ENTITY,2009,990N,false,,,,,,PROPUBLICA_API
431080165,KAPPA KAPPA GAMMA HOUSE CORP OF COLUMBIA,HOUSE_CORPORATION,2009,990N,false,,,,,,PROPUBLICA_API
730583070,LAMBDA CHI ALPHA FRATERNITY INC,LOCAL_CHAPTER_ENTITY,2009,990N,false,,,,,,PROPUBLICA_API
730580030,DELTA TAU DELTA FRATERNITY,LOCAL_CHAPTER_ENTITY,2009,990N,false,,,,,,PROPUBLICA_API
311128130,PHI KAPPA PSI FRATERNITY,LOCAL_CHAPTER_ENTITY,2009,990N,false,,,,,,PROPUBLICA_API
730589378,TRUSTEES OF OKLAHOMA ALPHA CHAPTER OF PI BETA PHI FRATERNITY INC,LOCAL_CHAPTER_ENTITY,2009,990N,false,,,,,,PROPUBLICA_API
730589443,PHI GAMMA DELTA FRATERNITY,LOCAL_CHAPTER_ENTITY,2009,990N,false,,,,,,PROPUBLICA_API
640330884,KAPPA DELTA SORORITY,LOCAL_CHAPTER_ENTITY,2009,990N,false,,,,,,PROPUBLICA_API
237160987,TAU OF CHI OMEGA FRATERNITY HOUSE CORPORATION,HOUSE_CORPORATION,2009,990N,false,,,,,,PROPUBLICA_API
640307108,CHI OMEGA FRATERNITY,LOCAL_CHAPTER_ENTITY,2009,990N,false,,,,,,PROPUBLICA_API
237432869,MISSISSIPPI GAMMA HOUSE ASSN OF SIGMA ALPHA EPSILON,HOUSE_CORPORATION,2009,990N,false,,,,,,PROPUBLICA_API
640315254,SIGMA ALPHA EPSILON FRATERNITY,LOCAL_CHAPTER_ENTITY,2009,990N,false,,,,,,PROPUBLICA_API
237229883,MISSISSIPPI ALPHA CHAPTER HOUSE CORPORATION OF PHI DELTA THETA FRA,HOUSE_CORPORATION,2009,990N,false,,,,,,PROPUBLICA_API
640308935,PHI DELTA THETA FRATERNITY,LOCAL_CHAPTER_ENTITY,2009,990N,false,,,,,,PROPUBLICA_API
576033523,KAPPA ALPHA ORDER,UNKNOWN,2009,990N,false,,,,,,PROPUBLICA_API
237128453,LAMBDA CHI ALPHA FRATERNITY INC,LOCAL_CHAPTER_ENTITY,2009,990N,false,,,,,,PROPUBLICA_API
576033531,PI KAPPA PHI FRATERNITY,LOCAL_CHAPTER_ENTITY,2009,990N,false,,,,,,PROPUBLICA_API
570742538,CHI OMEGA FRATERNITY,LOCAL_CHAPTER_ENTITY,2009,990N,false,,,,,,PROPUBLICA_API
201554454,GAMMA PHI BETA SORORITY INC,LOCAL_CHAPTER_ENTITY,2009,990N,false,,,,,,PROPUBLICA_API
576034368,ALPHA TAU OMEGA FRATERNITY,LOCAL_CHAPTER_ENTITY,2009,990N,false,,,,,,PROPUBLICA_API
576027420,PI KAPPA ALPHA FRATERNITY,LOCAL_CHAPTER_ENTITY,2009,990,true,268623,264464,12361,0,12361,PROPUBLICA_API
626075139,EPSILON ETA CHAPTER OF SIGMA NU FRATERNITY,LOCAL_CHAPTER_ENTITY,2009,990N,false,,,,,,PROPUBLICA_API
621414737,BETA SIGMA OF SIGMA CHI HOUSE CORPORATION,HOUSE_CORPORATION,2009,990N,false,,,,,,PROPUBLICA_API
626042374,DELTA SIGMA HOUSE CORPORATION OF DELTA DELTA DELTA,HOUSE_CORPORATION,2009,990N,false,,,,,,PROPUBLICA_API
741130603,ALPHA EPSILON PI FRATERNITY,LOCAL_CHAPTER_ENTITY,2009,990N,false,,,,,,PROPUBLICA_API
382900287,PHI SIGMA RHO NATIONAL SORORITY,NATIONAL_PARENT,2009,990N,false,,,,,,PROPUBLICA_API
626047671,KAPPA DELTA SORORITY,LOCAL_CHAPTER_ENTITY,2009,990N,false,,,,,,PROPUBLICA_API
621386377,PI CHAPTER CHI OMEGA FRATERNITY HOUSE CORP,HOUSE_CORPORATION,2009,990N,false,,,,,,PROPUBLICA_API
626047975,CHI OMEGA FRATERNITY,LOCAL_CHAPTER_ENTITY,2009,990N,false,,,,,,PROPUBLICA_API
740898333,SIGMA ALPHA MU FRATERNITY,LOCAL_CHAPTER_ENTITY,2009,990N,false,,,,,,PROPUBLICA_API
626045032,ALPHA DELTA PI HOUSE CORP ALPHA KAPPA,HOUSE_CORPORATION,2009,990N,false,,,,,,PROPUBLICA_API
742831564,ZETA BETA TAU FRATERNITY,LOCAL_CHAPTER_ENTITY,2009,990N,false,,,,,,PROPUBLICA_API
746084912,SIGMA GAMMA RHO SORORITY INC,LOCAL_CHAPTER_ENTITY,2009,990EZ,true,0,0,1,0,1,PROPUBLICA_API
741120034,PI KAPPA ALPHA FRATERNITY,LOCAL_CHAPTER_ENTITY,2009,990N,false,,,,,,PROPUBLICA_API
740555581,CHI OMEGA FRATERNITY,LOCAL_CHAPTER_ENTITY,2009,990N,false,,,,,,PROPUBLICA_API
746084213,CHI OMEGA FRATERNITY IOTA CHAPTER UNIV OF TX AT AUSTIN,LOCAL_CHAPTER_ENTITY,2009,990N,false,,,,,,PROPUBLICA_API
741493205,KAPPA CHAPTER OF ZETA TAU ALPHA HOUSE CORPORATION,HOUSE_CORPORATION,2009,990N,false,,,,,,PROPUBLICA_API
134264657,GAMMA PHI BETA SORORITY INC,LOCAL_CHAPTER_ENTITY,2009,990N,false,,,,,,PROPUBLICA_API
510165062,CHI OMEGA FRATERNITY,LOCAL_CHAPTER_ENTITY,2009,990N,false,,,,,,PROPUBLICA_API
741932980,XI KAPPA OF CHI OMEGA HOUSE CORP,HOUSE_CORPORATION,2009,990N,false,,,,,,PROPUBLICA_API
732350514,TEXAS ETA CHAPTER OF PI BETA PHI HOUSE CORPORATION,HOUSE_CORPORATION,2009,990N,false,,,,,,PROPUBLICA_API
741219941,BETA XI OF KAPPA KAPPA GAMMA HOUSE ASSOCIATION,HOUSE_CORPORATION,2009,990N,false,,,,,,PROPUBLICA_API
742205743,KAPPA ALPHA ORDER,UNKNOWN,2009,990N,false,,,,,,PROPUBLICA_API
742061485,PI KAPPA PHI FRATERNITY DELTA OMEGA CHAPTER,LOCAL_CHAPTER_ENTITY,2009,990N,false,,,,,,PROPUBLICA_API
741116922,DELTA TAU DELTA FRATERNITY,LOCAL_CHAPTER_ENTITY,2009,990N,false,,,,,,PROPUBLICA_API
746082351,DELTA TAU DELTA BUILDING ASSN,PROPERTY_HOLDING_ENTITY,2009,990N,false,,,,,,PROPUBLICA_API
626074044,CHI OMEGA FRATERNITY,LOCAL_CHAPTER_ENTITY,2009,990N,false,,,,,,PROPUBLICA_API
742244833,DELTA TAU DELTA FRATERNITY,LOCAL_CHAPTER_ENTITY,2009,990N,false,,,,,,PROPUBLICA_API
621793998,KAPPA DELTA SORORITY,LOCAL_CHAPTER_ENTITY,2009,990N,false,,,,,,PROPUBLICA_API
620671306,KAPPA ALPHA ORDER,UNKNOWN,2009,990N,false,,,,,,PROPUBLICA_API
521346179,ZETA PHI BETA SORORITY INC,LOCAL_CHAPTER_ENTITY,2009,990N,false,,,,,,PROPUBLICA_API
621466616,BETA TAU HOUSE CORPORATION OF KAPPA DELTA SORORITY,HOUSE_CORPORATION,2009,990N,false,,,,,,PROPUBLICA_API
626047662,KAPPA DELTA SORORITY,LOCAL_CHAPTER_ENTITY,2009,990N,false,,,,,,PROPUBLICA_API
430765719,THETA TAU,NATIONAL_PARENT,2009,990N,false,,,,,,PROPUBLICA_API
131306360,SIGMA ALPHA MU FRATERNITY INC,NATIONAL_PARENT,2009,990N,false,,,,,,PROPUBLICA_API
130604310,DELTA KAPPA EPSILON FRATERNITY,NATIONAL_PARENT,2009,990N,false,,,,,,PROPUBLICA_API
540628798,SIGMA NU FRATERNITY INC,NATIONAL_PARENT,2009,990N,false,,,,,,PROPUBLICA_API
386089059,CHI PSI FRATERNITY,NATIONAL_PARENT,2009,990N,false,,,,,,PROPUBLICA_API
223530740,LAMBDA THETA ALPHA,NATIONAL_PARENT,2009,990N,false,,,,,,PROPUBLICA_API
042200265,PHI KAPPA THETA FRATERNITY,NATIONAL_PARENT,2009,990N,false,,,,,,PROPUBLICA_API
131368460,TAU EPSILON PHI FRATERNITY INC,NATIONAL_PARENT,2009,990N,false,,,,,,PROPUBLICA_API
640723232,KAPPA ALPHA CHAPTER OF PHI MU FRATERNITY HOUSE CORPORATION,HOUSE_CORPORATION,2008,990N,false,,,,,,PROPUBLICA_API
593078421,KAPPA ALPHA HOUSING ASSOCIATION OF FLORIDA INC,UNKNOWN,2008,990N,false,,,,,,PROPUBLICA_API
380293670,ALPHA DELTA PHI PENINSULAR CHAPTER,PROPERTY_HOLDING_ENTITY,2008,990N,false,,,,,,PROPUBLICA_API
630164090,PHI KAPPA SIGMA FRATERNITY,LOCAL_CHAPTER_ENTITY,2008,990N,false,,,,,,PROPUBLICA_API
386068594,ALPHA DELTA PHI INTERNATIONAL INC,UNKNOWN,2008,990N,false,,,,,,PROPUBLICA_API
462071035,ALABAMA BETA CHAPTER OF THE SIGMA PHI EPSILON FRATERNITY,LOCAL_CHAPTER_ENTITY,2008,990,true,443595,445591,330,0,330,PROPUBLICA_API
237226508,TAU KAPPA EPSILON FRATERNITY INC,LOCAL_CHAPTER_ENTITY,2008,990N,false,,,,,,PROPUBLICA_API
630164590,PI KAPPA PHI FRATERNITY,LOCAL_CHAPTER_ENTITY,2008,990N,false,,,,,,PROPUBLICA_API
593024291,SIGMA CHI FOUNDATION AT AUBURN UNIVERSITY INC,EDUCATIONAL_FOUNDATION,2008,990EZ,true,7692,4150,115484,0,115484,PROPUBLICA_API
200293448,DELTA TAU DELTA FRATERNITY,LOCAL_CHAPTER_ENTITY,2008,990N,false,,,,,,PROPUBLICA_API
237091513,ALABAMA GAMMA OF PI BETA PHI HOUSE ASSOCIATION INCORPORATED,HOUSE_CORPORATION,2008,990N,false,,,,,,PROPUBLICA_API
237044651,DELTA ZETA OF DELTA TAU INC,PROPERTY_HOLDING_ENTITY,2008,990N,false,,,,,,PROPUBLICA_API
310909146,PHI KAPPA PSI-GEORGIA ALPHA CHAPTER,LOCAL_CHAPTER_ENTITY,2008,990N,false,,,,,,PROPUBLICA_API
626111214,KAPPA SIGMA FRATERNITY,PROPERTY_HOLDING_ENTITY,2008,990N,false,,,,,,PROPUBLICA_API
616042960,KAPPA ALPHA ORDER,UNKNOWN,2008,990N,false,,,,,,PROPUBLICA_API
610444977,DELTA TAU DELTA FRATERNITY,LOCAL_CHAPTER_ENTITY,2008,990N,false,,,,,,PROPUBLICA_API
611269807,DELTA SIGMA PHI FRATERNITY INC,LOCAL_CHAPTER_ENTITY,2008,990N,false,,,,,,PROPUBLICA_API
610448235,SIGMA NU FRATERNITY,LOCAL_CHAPTER_ENTITY,2008,990N,false,,,,,,PROPUBLICA_API
510164540,UPSILON KAPPA OF PHI GAMMA DELTA HOUSE CORP,HOUSE_CORPORATION,2008,990N,false,,,,,,PROPUBLICA_API
721023591,DELTA CHI HOUSE CORPORATION,HOUSE_CORPORATION,2008,990N,false,,,,,,PROPUBLICA_API
237359145,SIGMA PI FRATERNITY HOUSING CORP,HOUSE_CORPORATION,2008,990N,false,,,,,,PROPUBLICA_API
720961914,DELTA CHI FRATERNITY,LOCAL_CHAPTER_ENTITY,2008,990N,false,,,,,,PROPUBLICA_API
616042959,KAPPA ALPHA ORDER,UNKNOWN,2008,990N,false,,,,,,PROPUBLICA_API
620256693,KAPPA SIGMA FRATERNITY,LOCAL_CHAPTER_ENTITY,2008,990N,false,,,,,,PROPUBLICA_API
720482627,PI KAPPA ALPHA FATERNITY,UNKNOWN,2008,990N,false,,,,,,PROPUBLICA_API
726034315,SIGMA GAMMA RHO SORORITY INC,LOCAL_CHAPTER_ENTITY,2008,990N,false,,,,,,PROPUBLICA_API
264121711,LAMBDA KAPPA KAPPA CHAPTER OF OMEGA PSI PHI FRATERNITY,LOCAL_CHAPTER_ENTITY,2008,990N,false,,,,,,PROPUBLICA_API
340435674,MISSISSIPPI STATE UNIVERSITY DELTA CHI BUILDING CORPORATION,HOUSE_CORPORATION,2008,990N,false,,,,,,PROPUBLICA_API
311128130,PHI KAPPA PSI FRATERNITY,LOCAL_CHAPTER_ENTITY,2008,990N,false,,,,,,PROPUBLICA_API
208655786,GAMMA CHI CHAPTER OF THE ALPHA EPSILON PI CHAPTER,LOCAL_CHAPTER_ENTITY,2008,990N,false,,,,,,PROPUBLICA_API
576033531,PI KAPPA PHI FRATERNITY,LOCAL_CHAPTER_ENTITY,2008,990N,false,,,,,,PROPUBLICA_API
576027420,PI KAPPA ALPHA FRATERNITY,LOCAL_CHAPTER_ENTITY,2008,990N,false,,,,,,PROPUBLICA_API
576034368,ALPHA TAU OMEGA FRATERNITY,LOCAL_CHAPTER_ENTITY,2008,990N,false,,,,,,PROPUBLICA_API
621414737,BETA SIGMA OF SIGMA CHI HOUSE CORPORATION,HOUSE_CORPORATION,2008,990N,false,,,,,,PROPUBLICA_API
746084912,SIGMA GAMMA RHO SORORITY INC,LOCAL_CHAPTER_ENTITY,2008,990N,false,,,,,,PROPUBLICA_API
382900287,PHI SIGMA RHO NATIONAL SORORITY,NATIONAL_PARENT,2008,990N,false,,,,,,PROPUBLICA_API
742061485,PI KAPPA PHI FRATERNITY DELTA OMEGA CHAPTER,LOCAL_CHAPTER_ENTITY,2008,990N,false,,,,,,PROPUBLICA_API
742930349,ETA ALPHA HOUSE CORPORATION OF KAPPA DELTA SORORITY,HOUSE_CORPORATION,2008,990N,false,,,,,,PROPUBLICA_API
621793998,KAPPA DELTA SORORITY,LOCAL_CHAPTER_ENTITY,2008,990N,false,,,,,,PROPUBLICA_API
521346179,ZETA PHI BETA SORORITY INC,LOCAL_CHAPTER_ENTITY,2008,990N,false,,,,,,PROPUBLICA_API
621781729,ZETA PHI BETA SORORITY INC PI ZETA CHAPTER,LOCAL_CHAPTER_ENTITY,2008,990N,false,,,,,,PROPUBLICA_API
361773950,SIGMA ALPHA EPSILON FRATERNITY,NATIONAL_PARENT,2008,990N,false,,,,,,PROPUBLICA_API
350868356,PHI DELTA THETA FRATERNITY,LOCAL_CHAPTER_ENTITY,2007,990N,false,,,,,,PROPUBLICA_API
621370853,GAMMA PHI BETA SORORITY,LOCAL_CHAPTER_ENTITY,2007,990N,false,,,,,,PROPUBLICA_API
380293670,ALPHA DELTA PHI PENINSULAR CHAPTER,PROPERTY_HOLDING_ENTITY,2007,990N,false,,,,,,PROPUBLICA_API
386068594,ALPHA DELTA PHI INTERNATIONAL INC,UNKNOWN,2007,990N,false,,,,,,PROPUBLICA_API
237091513,ALABAMA GAMMA OF PI BETA PHI HOUSE ASSOCIATION INCORPORATED,HOUSE_CORPORATION,2007,990N,false,,,,,,PROPUBLICA_API
237044651,DELTA ZETA OF DELTA TAU INC,PROPERTY_HOLDING_ENTITY,2007,990N,false,,,,,,PROPUBLICA_API
616042960,KAPPA ALPHA ORDER,UNKNOWN,2007,990N,false,,,,,,PROPUBLICA_API
616038042,DELTA GAMMA FRATERNITY,LOCAL_CHAPTER_ENTITY,2007,990N,false,,,,,,PROPUBLICA_API
611269807,DELTA SIGMA PHI FRATERNITY INC,LOCAL_CHAPTER_ENTITY,2007,990N,false,,,,,,PROPUBLICA_API
510164540,UPSILON KAPPA OF PHI GAMMA DELTA HOUSE CORP,HOUSE_CORPORATION,2007,990N,false,,,,,,PROPUBLICA_API
721023591,DELTA CHI HOUSE CORPORATION,HOUSE_CORPORATION,2007,990N,false,,,,,,PROPUBLICA_API
237359145,SIGMA PI FRATERNITY HOUSING CORP,HOUSE_CORPORATION,2007,990N,false,,,,,,PROPUBLICA_API
620256693,KAPPA SIGMA FRATERNITY,LOCAL_CHAPTER_ENTITY,2007,990N,false,,,,,,PROPUBLICA_API
726036072,DELTA GAMMA FRATERNITY,LOCAL_CHAPTER_ENTITY,2007,990N,false,,,,,,PROPUBLICA_API
200085199,SIGMA GAMMA RHO SORORITY INC,LOCAL_CHAPTER_ENTITY,2007,990N,false,,,,,,PROPUBLICA_API
726034315,SIGMA GAMMA RHO SORORITY INC,LOCAL_CHAPTER_ENTITY,2007,990N,false,,,,,,PROPUBLICA_API
311128130,PHI KAPPA PSI FRATERNITY,LOCAL_CHAPTER_ENTITY,2007,990N,false,,,,,,PROPUBLICA_API
576033523,KAPPA ALPHA ORDER,UNKNOWN,2007,990N,false,,,,,,PROPUBLICA_API
626074381,DELTA GAMMA FRATERNITY,LOCAL_CHAPTER_ENTITY,2007,990N,false,,,,,,PROPUBLICA_API
621414737,BETA SIGMA OF SIGMA CHI HOUSE CORPORATION,HOUSE_CORPORATION,2007,990N,false,,,,,,PROPUBLICA_API
626042374,DELTA SIGMA HOUSE CORPORATION OF DELTA DELTA DELTA,HOUSE_CORPORATION,2007,990N,false,,,,,,PROPUBLICA_API
742657125,SIGMA GAMMA RHO SORORITY INC MU UPSILON CHAPTER,LOCAL_CHAPTER_ENTITY,2007,990N,false,,,,,,PROPUBLICA_API
382900287,PHI SIGMA RHO NATIONAL SORORITY,NATIONAL_PARENT,2007,990N,false,,,,,,PROPUBLICA_API
742061485,PI KAPPA PHI FRATERNITY DELTA OMEGA CHAPTER,LOCAL_CHAPTER_ENTITY,2007,990N,false,,,,,,PROPUBLICA_API
621781729,ZETA PHI BETA SORORITY INC PI ZETA CHAPTER,LOCAL_CHAPTER_ENTITY,2007,990N,false,,,,,,PROPUBLICA_API
530215218,DELTA SIGMA THETA SORORITY INC,NATIONAL_PARENT,2007,990N,false,,,,,,PROPUBLICA_API
621370853,GAMMA PHI BETA SORORITY,LOCAL_CHAPTER_ENTITY,2006,990N,false,,,,,,PROPUBLICA_API
386068594,ALPHA DELTA PHI INTERNATIONAL INC,UNKNOWN,2006,990N,false,,,,,,PROPUBLICA_API
311321639,SIGMA GAMMA RHO SORORITY INC,LOCAL_CHAPTER_ENTITY,2006,990N,false,,,,,,PROPUBLICA_API
616038042,DELTA GAMMA FRATERNITY,LOCAL_CHAPTER_ENTITY,2006,990N,false,,,,,,PROPUBLICA_API
510164540,UPSILON KAPPA OF PHI GAMMA DELTA HOUSE CORP,HOUSE_CORPORATION,2006,990N,false,,,,,,PROPUBLICA_API
626111214,KAPPA SIGMA FRATERNITY,PROPERTY_HOLDING_ENTITY,2006,990N,false,,,,,,PROPUBLICA_API
237359145,SIGMA PI FRATERNITY HOUSING CORP,HOUSE_CORPORATION,2006,990N,false,,,,,,PROPUBLICA_API
616042959,KAPPA ALPHA ORDER,UNKNOWN,2006,990N,false,,,,,,PROPUBLICA_API
726034315,SIGMA GAMMA RHO SORORITY INC,LOCAL_CHAPTER_ENTITY,2006,990N,false,,,,,,PROPUBLICA_API
237109792,DELTA GAMMA FRATERNITY,LOCAL_CHAPTER_ENTITY,2006,990N,false,,,,,,PROPUBLICA_API
626074381,DELTA GAMMA FRATERNITY,LOCAL_CHAPTER_ENTITY,2006,990N,false,,,,,,PROPUBLICA_API
621414737,BETA SIGMA OF SIGMA CHI HOUSE CORPORATION,HOUSE_CORPORATION,2006,990N,false,,,,,,PROPUBLICA_API
521344974,ZETA PHI BETA SORORITY INC,LOCAL_CHAPTER_ENTITY,2006,990N,false,,,,,,PROPUBLICA_API
382900287,PHI SIGMA RHO NATIONAL SORORITY,NATIONAL_PARENT,2006,990N,false,,,,,,PROPUBLICA_API
510207538,SIGMA CHI FRATERNITY,LOCAL_CHAPTER_ENTITY,2006,990N,false,,,,,,PROPUBLICA_API
746061146,KAPPA ALPHA THETA FRATERNITY,LOCAL_CHAPTER_ENTITY,2006,990N,false,,,,,,PROPUBLICA_API
621781729,ZETA PHI BETA SORORITY INC PI ZETA CHAPTER,LOCAL_CHAPTER_ENTITY,2006,990N,false,,,,,,PROPUBLICA_API
562163357,THETA NU XI MULTICULTURAL SORORITY INCORPORATED,NATIONAL_PARENT,2006,990N,false,,,,,,PROPUBLICA_API
621370853,GAMMA PHI BETA SORORITY,LOCAL_CHAPTER_ENTITY,2005,990N,false,,,,,,PROPUBLICA_API
380293670,ALPHA DELTA PHI PENINSULAR CHAPTER,PROPERTY_HOLDING_ENTITY,2005,990N,false,,,,,,PROPUBLICA_API
386068594,ALPHA DELTA PHI INTERNATIONAL INC,UNKNOWN,2005,990N,false,,,,,,PROPUBLICA_API
630164580,PI KAPPA ALPHA FRATERNITY,LOCAL_CHAPTER_ENTITY,2005,990N,false,,,,,,PROPUBLICA_API
630188940,SIGMA NU FRATERNITY,LOCAL_CHAPTER_ENTITY,2005,990N,false,,,,,,PROPUBLICA_API
610469791,KAPPA DELTA SORORITY,LOCAL_CHAPTER_ENTITY,2005,990N,false,,,,,,PROPUBLICA_API
616038042,DELTA GAMMA FRATERNITY,LOCAL_CHAPTER_ENTITY,2005,990N,false,,,,,,PROPUBLICA_API
611269807,DELTA SIGMA PHI FRATERNITY INC,LOCAL_CHAPTER_ENTITY,2005,990N,false,,,,,,PROPUBLICA_API
510164540,UPSILON KAPPA OF PHI GAMMA DELTA HOUSE CORP,HOUSE_CORPORATION,2005,990N,false,,,,,,PROPUBLICA_API
626111214,KAPPA SIGMA FRATERNITY,PROPERTY_HOLDING_ENTITY,2005,990N,false,,,,,,PROPUBLICA_API
721023591,DELTA CHI HOUSE CORPORATION,HOUSE_CORPORATION,2005,990N,false,,,,,,PROPUBLICA_API
310896719,ALPHA BETA LAMBDA CHAPTER OF ALPHA PHI ALPHA FRATERNITY INC,LOCAL_CHAPTER_ENTITY,2005,990N,false,,,,,,PROPUBLICA_API
720961914,DELTA CHI FRATERNITY,LOCAL_CHAPTER_ENTITY,2005,990N,false,,,,,,PROPUBLICA_API
616042959,KAPPA ALPHA ORDER,UNKNOWN,2005,990N,false,,,,,,PROPUBLICA_API
726034315,SIGMA GAMMA RHO SORORITY INC,LOCAL_CHAPTER_ENTITY,2005,990N,false,,,,,,PROPUBLICA_API
436065825,SOCIETY OF BETA SIGMA PSI,UNKNOWN,2005,990N,false,,,,,,PROPUBLICA_API
570742538,CHI OMEGA FRATERNITY,LOCAL_CHAPTER_ENTITY,2005,990N,false,,,,,,PROPUBLICA_API
626074381,DELTA GAMMA FRATERNITY,LOCAL_CHAPTER_ENTITY,2005,990N,false,,,,,,PROPUBLICA_API
621414737,BETA SIGMA OF SIGMA CHI HOUSE CORPORATION,HOUSE_CORPORATION,2005,990N,false,,,,,,PROPUBLICA_API
626045032,ALPHA DELTA PI HOUSE CORP ALPHA KAPPA,HOUSE_CORPORATION,2005,990N,false,,,,,,PROPUBLICA_API
510207538,SIGMA CHI FRATERNITY,LOCAL_CHAPTER_ENTITY,2005,990N,false,,,,,,PROPUBLICA_API
382900287,PHI SIGMA RHO NATIONAL SORORITY,NATIONAL_PARENT,2005,990N,false,,,,,,PROPUBLICA_API
621781729,ZETA PHI BETA SORORITY INC PI ZETA CHAPTER,LOCAL_CHAPTER_ENTITY,2005,990N,false,,,,,,PROPUBLICA_API
562163357,THETA NU XI MULTICULTURAL SORORITY INCORPORATED,NATIONAL_PARENT,2005,990N,false,,,,,,PROPUBLICA_API
621370853,GAMMA PHI BETA SORORITY,LOCAL_CHAPTER_ENTITY,2004,990N,false,,,,,,PROPUBLICA_API
380293670,ALPHA DELTA PHI PENINSULAR CHAPTER,PROPERTY_HOLDING_ENTITY,2004,990N,false,,,,,,PROPUBLICA_API
710958302,CENTRAL MISSOURI SIGMA CHI ALUMNI,ALUMNI_CORPORATION,2004,990N,false,,,,,,PROPUBLICA_API
621414737,BETA SIGMA OF SIGMA CHI HOUSE CORPORATION,HOUSE_CORPORATION,2004,990N,false,,,,,,PROPUBLICA_API
382900287,PHI SIGMA RHO NATIONAL SORORITY,NATIONAL_PARENT,2004,990N,false,,,,,,PROPUBLICA_API
746061146,KAPPA ALPHA THETA FRATERNITY,LOCAL_CHAPTER_ENTITY,2004,990N,false,,,,,,PROPUBLICA_API
621218011,ALPHA DELTA PI HOUSE CORPORATION,HOUSE_CORPORATION,2003,990N,false,,,,,,PROPUBLICA_API
621218011,ALPHA DELTA PI HOUSE CORPORATION,HOUSE_CORPORATION,2002,990N,false,,,,,,PROPUBLICA_API