campus,chapter,council,candidate_legal_name,candidate_ein,candidate_city,candidate_state,candidate_entity_type,match_score,match_confidence,name_evidence,location_evidence,group_exemption_evidence,designation_evidence,recommended_action,source
University of Alabama,Kappa Kappa Gamma,Panhellenic,EPSILON SIGMA HOUSE CORPORATION OF KAPPA KAPPA GAMMA FATERNITY,541055296,TUSCALOOSA,AL,HOUSE_CORPORATION,73,MEDIUM_CONFIDENCE,"org name ""Kappa Kappa Gamma"" present as a phrase",campus city match (TUSCALOOSA),,,REVIEW,IRS_EO_BMF
University of Alabama,Kappa Kappa Gamma,Panhellenic,EPSILON PHI HOUSE CORP OF KAPPA KAPPA GAMMA,592021459,TUSCALOOSA,AL,HOUSE_CORPORATION,73,MEDIUM_CONFIDENCE,"org name ""Kappa Kappa Gamma"" present as a phrase",campus city match (TUSCALOOSA),,,REVIEW,IRS_EO_BMF
University of Alabama,Kappa Kappa Gamma,Panhellenic,BETA THETA HOUSE CORPORATION OF KAPPA KAPPA GAMMA FRATERNITY,730738019,TUSCALOOSA,AL,HOUSE_CORPORATION,73,MEDIUM_CONFIDENCE,"org name ""Kappa Kappa Gamma"" present as a phrase",campus city match (TUSCALOOSA),,,REVIEW,IRS_EO_BMF
University of Alabama,Kappa Kappa Gamma,Panhellenic,BETA CHI HOUSE CORPORATION OF KAPPA KAPPA GAMMA,820640644,TUSCALOOSA,AL,HOUSE_CORPORATION,73,MEDIUM_CONFIDENCE,"org name ""Kappa Kappa Gamma"" present as a phrase",campus city match (TUSCALOOSA),,,REVIEW,IRS_EO_BMF
University of Florida,Phi Kappa Psi,ifc,PHI KAPPA PSI FLORIDA ALPHA INC,592982321,TALLAHASSEE,FL,UNKNOWN,63,MEDIUM_CONFIDENCE,"org name ""Phi Kappa Psi"" present as a phrase",same state only,,"designation ""Florida Alpha"" present",REVIEW,IRS_EO_BMF
University of Alabama,Kappa Alpha Psi,NPHC,TALLASYLACA CHAPTER OF KAPPA ALPHA PSI FOUNDATION,204144568,SYLACAUGA,AL,EDUCATIONAL_FOUNDATION,48,MEDIUM_CONFIDENCE,"org name ""Kappa Alpha Psi"" present as a phrase",same state only,,,REVIEW,IRS_EO_BMF
University of Alabama,Kappa Alpha Psi,NPHC,ANNISTON PIEDMONT ALUMNI CHAPTER OF KAPPA ALPHA PSI INC,510196167,ANNISTON,AL,ALUMNI_CORPORATION,48,MEDIUM_CONFIDENCE,"org name ""Kappa Alpha Psi"" present as a phrase",same state only,,,REVIEW,IRS_EO_BMF
University of Alabama,Chi Omega,Panhellenic,ALPHA BETA OF CHI OMEGA HOUSE CORPORATION,630832330,AUBURN,AL,HOUSE_CORPORATION,48,MEDIUM_CONFIDENCE,"org name ""Chi Omega"" present as a phrase",same state only,,,REVIEW,IRS_EO_BMF
University of Alabama,Kappa Alpha Psi,NPHC,BIRMINGHAM ALUMNI CHAPTER KAPPA ALPHA PSI FRATERNITY INC,237279445,BIRMINGHAM,AL,ALUMNI_CORPORATION,48,MEDIUM_CONFIDENCE,"org name ""Kappa Alpha Psi"" present as a phrase",same state only,,,REVIEW,IRS_EO_BMF
University of Alabama,Kappa Alpha Psi,NPHC,TUSCALOOSA ALIMNI KAPPA ALPHA PSI FOUNDATION,465119094,DEMOPOLIS,AL,EDUCATIONAL_FOUNDATION,48,MEDIUM_CONFIDENCE,"org name ""Kappa Alpha Psi"" present as a phrase",same state only,,,REVIEW,IRS_EO_BMF
University of Alabama,Kappa Alpha Psi,NPHC,THE NORTHPORT AL ALUMNI CHAPTER OF KAPPA ALPHA PSI FRATERNITY INC,521229199,NORTHPORT,AL,PROPERTY_HOLDING_ENTITY,48,MEDIUM_CONFIDENCE,"org name ""Kappa Alpha Psi"" present as a phrase",same state only,,,REVIEW,IRS_EO_BMF
University of Alabama,Kappa Alpha Psi,NPHC,KAPPA ALPHA PSI GUIDE RIGHT FOUNDATION OF MONTGOMERY INC,800074492,MONTGOMERY,AL,EDUCATIONAL_FOUNDATION,48,MEDIUM_CONFIDENCE,"org name ""Kappa Alpha Psi"" present as a phrase",same state only,,,REVIEW,IRS_EO_BMF
University of Alabama,Kappa Alpha Psi,NPHC,ALABASTER-PELHAM ALUMNI CHAPTER OF KAPPA ALPHA PSI FRATERNITY INC,883099068,PLEASANT GRV,AL,ALUMNI_CORPORATION,48,MEDIUM_CONFIDENCE,"org name ""Kappa Alpha Psi"" present as a phrase",same state only,,,REVIEW,IRS_EO_BMF
University of Alabama,Delta Gamma,Panhellenic,DELTA GAMMA ALUMNI ASSOCIATION,333007796,HUNTSVILLE,AL,ALUMNI_CORPORATION,48,MEDIUM_CONFIDENCE,"org name ""Delta Gamma"" present as a phrase",same state only,,,REVIEW,IRS_EO_BMF
University of Alabama,Zeta Phi Beta,NPHC,ALABAMA ASSOC ZETA PHI BETA SORORITY INC FOUNDATION,900516861,HOOVER,AL,EDUCATIONAL_FOUNDATION,48,MEDIUM_CONFIDENCE,"org name ""Zeta Phi Beta"" present as a phrase",same state only,,,REVIEW,IRS_EO_BMF
University of Alabama,Pi Beta Phi,Panhellenic,ALABAMA ALPHA OF PI BETA PHI HOUSE CORPORATION INC,581948475,HOOVER,AL,HOUSE_CORPORATION,48,MEDIUM_CONFIDENCE,"org name ""Pi Beta Phi"" present as a phrase",same state only,,,REVIEW,IRS_EO_BMF
University of Alabama,Alpha Gamma Delta,Panhellenic,MONTGOMERY ALUMNAE CHAPTER OF ALPHA GAMMA DELTA FRATERNITY,310971825,MONTGOMERY,AL,ALUMNI_CORPORATION,48,MEDIUM_CONFIDENCE,"org name ""Alpha Gamma Delta"" present as a phrase",same state only,,,REVIEW,IRS_EO_BMF
University of Alabama,Pi Beta Phi,Panhellenic,ALABAMA GAMMA OF PI BETA PHI HOUSE ASSOCIATION INCORPORATED,237091513,OPELIKA,AL,HOUSE_CORPORATION,48,MEDIUM_CONFIDENCE,"org name ""Pi Beta Phi"" present as a phrase",same state only,,,REVIEW,IRS_EO_BMF
University of Alabama,Sigma Alpha Epsilon,IFC,ALABAMA IOTA OF SIGMA ALPHA EPSILON ALUMNI ASSOCIATION,452463705,BIRMINGHAM,AL,ALUMNI_CORPORATION,48,MEDIUM_CONFIDENCE,"org name ""Sigma Alpha Epsilon"" present as a phrase",same state only,,,REVIEW,IRS_EO_BMF
University of Alabama,Phi Beta Sigma,NPHC,BETA EPSILON SIGMA CHAPTER FOUNDATION OF PHI BETA SIGMA FRAT,471593450,HUNTSVILLE,AL,EDUCATIONAL_FOUNDATION,48,MEDIUM_CONFIDENCE,"org name ""Phi Beta Sigma"" present as a phrase",same state only,,,REVIEW,IRS_EO_BMF
University of Alabama,Alpha Tau Omega,IFC,ALPHA TAU OMEGA HOUSE CORPORATION THETA ETA CHAPTER,850824093,FLORENCE,AL,HOUSE_CORPORATION,48,MEDIUM_CONFIDENCE,"org name ""Alpha Tau Omega"" present as a phrase",same state only,,,REVIEW,IRS_EO_BMF
University of Alabama,Phi Beta Sigma,NPHC,ALPHA CHI SIGMA ALUMNI CHAPTER PHI BETA SIGMA FRATERNITY INC,932655240,DOTHAN,AL,ALUMNI_CORPORATION,48,MEDIUM_CONFIDENCE,"org name ""Phi Beta Sigma"" present as a phrase",same state only,,,REVIEW,IRS_EO_BMF
University of Alabama,Delta Delta Delta,Panhellenic,DELTA MU CHAPTER OF DELTA DELTA DELTA FRATERNITY HOUSE ASSOCIATION,636053401,CAMDEN,AL,HOUSE_CORPORATION,48,MEDIUM_CONFIDENCE,"org name ""Delta Delta Delta"" present as a phrase",same state only,,,REVIEW,IRS_EO_BMF
University of Alabama,Delta Chi,IFC,AUBURN DELTA CHI ALUMNI CONTROL BOARD INC,630837474,MOBILE,AL,PROPERTY_HOLDING_ENTITY,48,MEDIUM_CONFIDENCE,"org name ""Delta Chi"" present as a phrase",same state only,,,REVIEW,IRS_EO_BMF
University of Alabama,Pi Kappa Alpha,IFC,PI KAPPA ALPHA FRATERNITY,636061057,AUBURN,AL,PROPERTY_HOLDING_ENTITY,48,MEDIUM_CONFIDENCE,"org name ""Pi Kappa Alpha"" present as a phrase",same state only,,,REVIEW,IRS_EO_BMF
University of Alabama,Sigma Nu,IFC,IOTA LAMBDA HOUSE CORPORATION OF SIGMA NU FRATERNITY INC,334734684,JACKSONVILLE,AL,HOUSE_CORPORATION,48,MEDIUM_CONFIDENCE,"org name ""Sigma Nu"" present as a phrase",same state only,,,REVIEW,IRS_EO_BMF
University of Alabama,Alpha Phi Alpha,NPHC,DELTA THETA LAMBDA CHAPTR EDUCATION FOUNDATION ALPHA PHI ALPHA FRAT,631209004,NORMAL,AL,EDUCATIONAL_FOUNDATION,48,MEDIUM_CONFIDENCE,"org name ""Alpha Phi Alpha"" present as a phrase",same state only,,,REVIEW,IRS_EO_BMF
University of Alabama,Delta Delta Delta,Panhellenic,PHI THETA CHAPTER HOUSE CORPORATION OF DELTA DELTA DELTA FRATERNITY,264795406,AUBURN,AL,HOUSE_CORPORATION,48,MEDIUM_CONFIDENCE,"org name ""Delta Delta Delta"" present as a phrase",same state only,,,REVIEW,IRS_EO_BMF
University of Alabama,Delta Chi,IFC,DELTA CHI ALUMNI-ACTIVE FRATERNAL ASSOCIATION AND HOUSING CORP,581922583,MONTEVALLO,AL,HOUSE_CORPORATION,48,MEDIUM_CONFIDENCE,"org name ""Delta Chi"" present as a phrase",same state only,,,REVIEW,IRS_EO_BMF
University of Alabama,Delta Chi,IFC,TROY DELTA CHI EDUCATION FOUNDATION,851864576,DOTHAN,AL,EDUCATIONAL_FOUNDATION,48,MEDIUM_CONFIDENCE,"org name ""Delta Chi"" present as a phrase",same state only,,,REVIEW,IRS_EO_BMF
University of Alabama,Phi Kappa Sigma,IFC,PHI KAPPA SIGMA ALUMNI ASSN OF SOUTH ALABAMA,383910200,MOBILE,AL,ALUMNI_CORPORATION,48,MEDIUM_CONFIDENCE,"org name ""Phi Kappa Sigma"" present as a phrase",same state only,,,REVIEW,IRS_EO_BMF
University of Alabama,Sigma Chi,IFC,SIGMA CHI FOUNDATION AT AUBURN UNIVERSITY INC,593024291,BIRMINGHAM,AL,EDUCATIONAL_FOUNDATION,48,MEDIUM_CONFIDENCE,"org name ""Sigma Chi"" present as a phrase",same state only,,,REVIEW,IRS_EO_BMF
University of Alabama,Sigma Chi,IFC,SIGMA CHI HOUSE CORP OF TROY STATE UNIVERSITY,630847855,PIKE ROAD,AL,HOUSE_CORPORATION,48,MEDIUM_CONFIDENCE,"org name ""Sigma Chi"" present as a phrase",same state only,,,REVIEW,IRS_EO_BMF
University of Alabama,Sigma Nu,IFC,SIGMA NU BUILDING BETA THETA CHAPTER,237153933,AUBURN,AL,PROPERTY_HOLDING_ENTITY,48,MEDIUM_CONFIDENCE,"org name ""Sigma Nu"" present as a phrase",same state only,,,REVIEW,IRS_EO_BMF
University of Alabama,Alpha Phi Alpha,NPHC,ALABAMA DISTRICT EDUCATIONAL FOUNDATION - ALPHA PHI ALPHA FRATE,474859126,HOOVER,AL,EDUCATIONAL_FOUNDATION,48,MEDIUM_CONFIDENCE,"org name ""Alpha Phi Alpha"" present as a phrase",same state only,,,REVIEW,IRS_EO_BMF
University of Arkansas,Chi Omega,Panhellenic,OMICRON ZETA CHAPTER OF CHI OMEGA FRATERNITY HOUSE CORPORATION,710588670,STATE UNIV,AR,HOUSE_CORPORATION,48,MEDIUM_CONFIDENCE,"org name ""Chi Omega"" present as a phrase",same state only,,,REVIEW,IRS_EO_BMF
University of Alabama,Sigma Chi,IFC,ETA RHO CHAPTER OF SIGMA CHI HOUSING CORP,630830703,ARAB,AL,HOUSE_CORPORATION,48,MEDIUM_CONFIDENCE,"org name ""Sigma Chi"" present as a phrase",same state only,,,REVIEW,IRS_EO_BMF
University of Alabama,Sigma Nu,IFC,IOTA LAMBDA ALUMNI CHAPTER OF SIGMA NU FRATERNITY,991477327,JACKSONVILLE,AL,ALUMNI_CORPORATION,48,MEDIUM_CONFIDENCE,"org name ""Sigma Nu"" present as a phrase",same state only,,,REVIEW,IRS_EO_BMF
University of Alabama,Alpha Phi Alpha,NPHC,OMICRON LAMBDA CHAPTER ALPHA PHI ALPHA EDUCATION FOUNDATION INC,582089794,BIRMINGHAM,AL,EDUCATIONAL_FOUNDATION,48,MEDIUM_CONFIDENCE,"org name ""Alpha Phi Alpha"" present as a phrase",same state only,,,REVIEW,IRS_EO_BMF
University of Alabama,Alpha Phi Alpha,NPHC,RHO ETA LAMBDA CHAPTER EDUCATION FOUNDATION ALPHA PHI ALPHA FRATERN,861122287,MADISON,AL,EDUCATIONAL_FOUNDATION,48,MEDIUM_CONFIDENCE,"org name ""Alpha Phi Alpha"" present as a phrase",same state only,,,REVIEW,IRS_EO_BMF
University of Arkansas,Pi Kappa Alpha,IFC,PI KAPPA ALPHA HOUSE CORPORATION EPSILON PHI CHAPTER,237401372,LITTLE ROCK,AR,HOUSE_CORPORATION,48,MEDIUM_CONFIDENCE,"org name ""Pi Kappa Alpha"" present as a phrase",same state only,,,REVIEW,IRS_EO_BMF
University of Arkansas,Alpha Tau Omega,IFC,ALPHA TAU OMEGA FRATERNITY,300071085,JONESBORO,AR,PROPERTY_HOLDING_ENTITY,48,MEDIUM_CONFIDENCE,"org name ""Alpha Tau Omega"" present as a phrase",same state only,,,REVIEW,IRS_EO_BMF
University of Arkansas,Sigma Chi,IFC,SIGMA CHI BUILDING CORPORATION,710566015,LITTLE ROCK,AR,HOUSE_CORPORATION,48,MEDIUM_CONFIDENCE,"org name ""Sigma Chi"" present as a phrase",same state only,,,REVIEW,IRS_EO_BMF
University of Georgia,Phi Mu,Panhellenic,GAMMA LAMBDA OF PHI MU FRATERNITY HOUSE CORPORATION,560884215,PEACHTREE CTY,GA,HOUSE_CORPORATION,48,MEDIUM_CONFIDENCE,"org name ""Phi Mu"" present as a phrase",same state only,,,REVIEW,IRS_EO_BMF
University of Georgia,Phi Mu,Panhellenic,PHI MU ALUMNAE CHAPTER,383807631,PEACHTREE CTY,GA,ALUMNI_CORPORATION,48,MEDIUM_CONFIDENCE,"org name ""Phi Mu"" present as a phrase",same state only,in group 0763 (unverified),,REVIEW,IRS_EO_BMF
University of Georgia,Phi Mu,Panhellenic,PHI MU FOUNDATION,626042543,PEACHTREE CTY,GA,EDUCATIONAL_FOUNDATION,48,MEDIUM_CONFIDENCE,"org name ""Phi Mu"" present as a phrase",same state only,,,REVIEW,IRS_EO_BMF
University of Arkansas,Kappa Alpha Order,IFC,ARKANSAS KAPPA ALPHA ORDER BUILDING CORP INC,710576496,JONESBORO,AR,PROPERTY_HOLDING_ENTITY,48,MEDIUM_CONFIDENCE,"org name ""Kappa Alpha Order"" present as a phrase",same state only,,,REVIEW,IRS_EO_BMF
Auburn University,Kappa Alpha Psi,NPHC,ANNISTON PIEDMONT ALUMNI CHAPTER OF KAPPA ALPHA PSI INC,510196167,ANNISTON,AL,ALUMNI_CORPORATION,48,MEDIUM_CONFIDENCE,"org name ""Kappa Alpha Psi"" present as a phrase",same state only,,,REVIEW,IRS_EO_BMF
Auburn University,Phi Beta Sigma,NPHC,ALPHA CHI SIGMA ALUMNI CHAPTER PHI BETA SIGMA FRATERNITY INC,932655240,DOTHAN,AL,ALUMNI_CORPORATION,48,MEDIUM_CONFIDENCE,"org name ""Phi Beta Sigma"" present as a phrase",same state only,,,REVIEW,IRS_EO_BMF
Auburn University,Kappa Alpha Psi,NPHC,TALLASYLACA CHAPTER OF KAPPA ALPHA PSI FOUNDATION,204144568,SYLACAUGA,AL,EDUCATIONAL_FOUNDATION,48,MEDIUM_CONFIDENCE,"org name ""Kappa Alpha Psi"" present as a phrase",same state only,,,REVIEW,IRS_EO_BMF
Auburn University,Kappa Alpha Psi,NPHC,BIRMINGHAM ALUMNI CHAPTER KAPPA ALPHA PSI FRATERNITY INC,237279445,BIRMINGHAM,AL,ALUMNI_CORPORATION,48,MEDIUM_CONFIDENCE,"org name ""Kappa Alpha Psi"" present as a phrase",same state only,,,REVIEW,IRS_EO_BMF
Auburn University,Kappa Alpha Psi,NPHC,KAPPA ALPHA PSI GUIDE RIGHT FOUNDATION OF MONTGOMERY INC,800074492,MONTGOMERY,AL,EDUCATIONAL_FOUNDATION,48,MEDIUM_CONFIDENCE,"org name ""Kappa Alpha Psi"" present as a phrase",same state only,,,REVIEW,IRS_EO_BMF
Auburn University,Kappa Alpha Psi,NPHC,ALABASTER-PELHAM ALUMNI CHAPTER OF KAPPA ALPHA PSI FRATERNITY INC,883099068,PLEASANT GRV,AL,ALUMNI_CORPORATION,48,MEDIUM_CONFIDENCE,"org name ""Kappa Alpha Psi"" present as a phrase",same state only,,,REVIEW,IRS_EO_BMF
Auburn University,Phi Beta Sigma,NPHC,BETA EPSILON SIGMA CHAPTER FOUNDATION OF PHI BETA SIGMA FRAT,471593450,HUNTSVILLE,AL,EDUCATIONAL_FOUNDATION,48,MEDIUM_CONFIDENCE,"org name ""Phi Beta Sigma"" present as a phrase",same state only,,,REVIEW,IRS_EO_BMF
Auburn University,Kappa Alpha Psi,NPHC,TUSCALOOSA ALIMNI KAPPA ALPHA PSI FOUNDATION,465119094,DEMOPOLIS,AL,EDUCATIONAL_FOUNDATION,48,MEDIUM_CONFIDENCE,"org name ""Kappa Alpha Psi"" present as a phrase",same state only,,,REVIEW,IRS_EO_BMF
Auburn University,Kappa Alpha Psi,NPHC,THE NORTHPORT AL ALUMNI CHAPTER OF KAPPA ALPHA PSI FRATERNITY INC,521229199,NORTHPORT,AL,PROPERTY_HOLDING_ENTITY,48,MEDIUM_CONFIDENCE,"org name ""Kappa Alpha Psi"" present as a phrase",same state only,,,REVIEW,IRS_EO_BMF
Auburn University,Sigma Nu,IFC,IOTA LAMBDA HOUSE CORPORATION OF SIGMA NU FRATERNITY INC,334734684,JACKSONVILLE,AL,HOUSE_CORPORATION,48,MEDIUM_CONFIDENCE,"org name ""Sigma Nu"" present as a phrase",same state only,,,REVIEW,IRS_EO_BMF
Auburn University,Sigma Nu,IFC,IOTA LAMBDA ALUMNI CHAPTER OF SIGMA NU FRATERNITY,991477327,JACKSONVILLE,AL,ALUMNI_CORPORATION,48,MEDIUM_CONFIDENCE,"org name ""Sigma Nu"" present as a phrase",same state only,,,REVIEW,IRS_EO_BMF
Auburn University,Chi Omega,Panhellenic,CHI OMEGA HOUSING CORPORATION,596135388,TUSCALOOSA,AL,HOUSE_CORPORATION,48,MEDIUM_CONFIDENCE,"org name ""Chi Omega"" present as a phrase",same state only,,,REVIEW,IRS_EO_BMF
Auburn University,Chi Omega,Panhellenic,THE NU BETA CHAPTER OF THE CHI OMEGA HOUSE ASSOCIATION INC,636091968,TUSCALOOSA,AL,HOUSE_CORPORATION,48,MEDIUM_CONFIDENCE,"org name ""Chi Omega"" present as a phrase",same state only,,,REVIEW,IRS_EO_BMF
Auburn University,Sigma Pi,IFC,SIGMA PI MISSISSIPPI HOUSE CORPORATION,371866424,TUSCALOOSA,AL,HOUSE_CORPORATION,48,MEDIUM_CONFIDENCE,"org name ""Sigma Pi"" present as a phrase",same state only,,,REVIEW,IRS_EO_BMF
Auburn University,Alpha Delta Pi,Panhellenic,DELTA SIGMA CHAPTER OF ALPHA DELTA PI HOUSE CORPORATION,474051390,TUSCALOOSA,AL,HOUSE_CORPORATION,48,MEDIUM_CONFIDENCE,"org name ""Alpha Delta Pi"" present as a phrase",same state only,,,REVIEW,IRS_EO_BMF
Auburn University,Alpha Delta Pi,Panhellenic,GAMMA IOTA CHAPTER OF ALPHA DELTA PI HOUSE CORPORATION,590641930,TUSCALOOSA,AL,HOUSE_CORPORATION,48,MEDIUM_CONFIDENCE,"org name ""Alpha Delta Pi"" present as a phrase",same state only,,,REVIEW,IRS_EO_BMF
Auburn University,Theta Chi,IFC,UNIVERSITY OF ALABAMA CHAPTER OF THETA CHI HOUSING CORPORATION,451298367,TUSCALOOSA,AL,HOUSE_CORPORATION,48,MEDIUM_CONFIDENCE,"org name ""Theta Chi"" present as a phrase",same state only,,,REVIEW,IRS_EO_BMF
Auburn University,Sigma Alpha Epsilon,IFC,ALABAMA IOTA OF SIGMA ALPHA EPSILON ALUMNI ASSOCIATION,452463705,BIRMINGHAM,AL,ALUMNI_CORPORATION,48,MEDIUM_CONFIDENCE,"org name ""Sigma Alpha Epsilon"" present as a phrase",same state only,,,REVIEW,IRS_EO_BMF
Auburn University,Sigma Chi,IFC,PSI CHAPTER OF SIGMA CHI HOUSE CORP,546038429,TUSCALOOSA,AL,HOUSE_CORPORATION,48,MEDIUM_CONFIDENCE,"org name ""Sigma Chi"" present as a phrase",same state only,,,REVIEW,IRS_EO_BMF
Auburn University,Sigma Chi,IFC,ETA RHO CHAPTER OF SIGMA CHI HOUSING CORP,630830703,ARAB,AL,HOUSE_CORPORATION,48,MEDIUM_CONFIDENCE,"org name ""Sigma Chi"" present as a phrase",same state only,,,REVIEW,IRS_EO_BMF
Auburn University,Delta Chi,IFC,DELTA CHI ALUMNI-ACTIVE FRATERNAL ASSOCIATION AND HOUSING CORP,581922583,MONTEVALLO,AL,HOUSE_CORPORATION,48,MEDIUM_CONFIDENCE,"org name ""Delta Chi"" present as a phrase",same state only,,,REVIEW,IRS_EO_BMF
Auburn University,Alpha Delta Pi,Panhellenic,ZETA IOTA CHAPTER OF ALPHA DELTA PI HOUSE CORPORATION,581793975,TUSCALOOSA,AL,HOUSE_CORPORATION,48,MEDIUM_CONFIDENCE,"org name ""Alpha Delta Pi"" present as a phrase",same state only,,,REVIEW,IRS_EO_BMF
Auburn University,Alpha Gamma Delta,Panhellenic,MONTGOMERY ALUMNAE CHAPTER OF ALPHA GAMMA DELTA FRATERNITY,310971825,MONTGOMERY,AL,ALUMNI_CORPORATION,48,MEDIUM_CONFIDENCE,"org name ""Alpha Gamma Delta"" present as a phrase",same state only,,,REVIEW,IRS_EO_BMF
Auburn University,Delta Kappa Epsilon,IFC,PSI OF DELTA KAPPA EPSILON HOUSE CORPORATION OF UNIVERSITY ALABAMA,631030493,TUSCALOOSA,AL,HOUSE_CORPORATION,48,MEDIUM_CONFIDENCE,"org name ""Delta Kappa Epsilon"" present as a phrase",same state only,,,REVIEW,IRS_EO_BMF
Auburn University,Sigma Chi,IFC,SIGMA CHI HOUSE CORP OF TROY STATE UNIVERSITY,630847855,PIKE ROAD,AL,HOUSE_CORPORATION,48,MEDIUM_CONFIDENCE,"org name ""Sigma Chi"" present as a phrase",same state only,,,REVIEW,IRS_EO_BMF
Auburn University,Delta Chi,IFC,DELTA CHI-UNIVERSITY OF ALABAMA CHAPTER HOUSE CORPORATION,272795242,TUSCALOOSA,AL,HOUSE_CORPORATION,48,MEDIUM_CONFIDENCE,"org name ""Delta Chi"" present as a phrase",same state only,,,REVIEW,IRS_EO_BMF
Auburn University,Pi Kappa Phi,IFC,IOTA ALUMNI OF PI KAPPA PHI INC,581648136,TUSCALOOSA,AL,ALUMNI_CORPORATION,48,MEDIUM_CONFIDENCE,"org name ""Pi Kappa Phi"" present as a phrase",same state only,,,REVIEW,IRS_EO_BMF
Auburn University,Kappa Kappa Gamma,Panhellenic,EPSILON SIGMA HOUSE CORPORATION OF KAPPA KAPPA GAMMA FATERNITY,541055296,TUSCALOOSA,AL,HOUSE_CORPORATION,48,MEDIUM_CONFIDENCE,"org name ""Kappa Kappa Gamma"" present as a phrase",same state only,,,REVIEW,IRS_EO_BMF
Auburn University,Kappa Kappa Gamma,Panhellenic,BETA THETA HOUSE CORPORATION OF KAPPA KAPPA GAMMA FRATERNITY,730738019,TUSCALOOSA,AL,HOUSE_CORPORATION,48,MEDIUM_CONFIDENCE,"org name ""Kappa Kappa Gamma"" present as a phrase",same state only,,,REVIEW,IRS_EO_BMF
Auburn University,Alpha Xi Delta,Panhellenic,ALPHA XI DELTA BUILDING CORPORATION,480764903,TUSCALOOSA,AL,HOUSE_CORPORATION,48,MEDIUM_CONFIDENCE,"org name ""Alpha Xi Delta"" present as a phrase",same state only,,,REVIEW,IRS_EO_BMF
Auburn University,Phi Delta Theta,IFC,PHI DELTA THETA CHAPTER HOUSE ASSOCIATION INC,593282583,TUSCALOOSA,AL,HOUSE_CORPORATION,48,MEDIUM_CONFIDENCE,"org name ""Phi Delta Theta"" present as a phrase",same state only,,,REVIEW,IRS_EO_BMF
Auburn University,Delta Delta Delta,Panhellenic,DELTA MU CHAPTER OF DELTA DELTA DELTA FRATERNITY HOUSE ASSOCIATION,636053401,CAMDEN,AL,HOUSE_CORPORATION,48,MEDIUM_CONFIDENCE,"org name ""Delta Delta Delta"" present as a phrase",same state only,,,REVIEW,IRS_EO_BMF
Auburn University,Delta Chi,IFC,TROY DELTA CHI EDUCATION FOUNDATION,851864576,DOTHAN,AL,EDUCATIONAL_FOUNDATION,48,MEDIUM_CONFIDENCE,"org name ""Delta Chi"" present as a phrase",same state only,,,REVIEW,IRS_EO_BMF
Auburn University,Phi Sigma Kappa,IFC,OMICRON DEUTERON HOUSE CORPORATION OF PHI SIGMA KAPPA,371754619,TUSCALOOSA,AL,HOUSE_CORPORATION,48,MEDIUM_CONFIDENCE,"org name ""Phi Sigma Kappa"" present as a phrase",same state only,,,REVIEW,IRS_EO_BMF
Auburn University,Kappa Kappa Gamma,Panhellenic,EPSILON PHI HOUSE CORP OF KAPPA KAPPA GAMMA,592021459,TUSCALOOSA,AL,HOUSE_CORPORATION,48,MEDIUM_CONFIDENCE,"org name ""Kappa Kappa Gamma"" present as a phrase",same state only,,,REVIEW,IRS_EO_BMF
Auburn University,Kappa Kappa Gamma,Panhellenic,BETA CHI HOUSE CORPORATION OF KAPPA KAPPA GAMMA,820640644,TUSCALOOSA,AL,HOUSE_CORPORATION,48,MEDIUM_CONFIDENCE,"org name ""Kappa Kappa Gamma"" present as a phrase",same state only,,,REVIEW,IRS_EO_BMF
Auburn University,Alpha Xi Delta,Panhellenic,ALPHA XI DELTA BUILDING CORPORATION OF BIRMINGHAM ALABAMA INC,721374531,CHELSEA,AL,HOUSE_CORPORATION,48,MEDIUM_CONFIDENCE,"org name ""Alpha Xi Delta"" present as a phrase",same state only,,,REVIEW,IRS_EO_BMF
Auburn University,Phi Kappa Tau,ifc,PHI KAPPA TAU HOUSE CORP AT OLE MISS,640466827,TUSCALOOSA,AL,HOUSE_CORPORATION,48,MEDIUM_CONFIDENCE,"org name ""Phi Kappa Tau"" present as a phrase",same state only,,,REVIEW,IRS_EO_BMF
Auburn University,Lambda Chi Alpha,IFC,EPSILON CHI ZETA HOUSE CORPORATION OF LAMBDA CHI ALPHA FRATERNITY,237114590,TUSCALOOSA,AL,HOUSE_CORPORATION,48,MEDIUM_CONFIDENCE,"org name ""Lambda Chi Alpha"" present as a phrase",same state only,,,REVIEW,IRS_EO_BMF
Auburn University,Alpha Gamma Rho,IFC,THE ALPHA GAMMA RHO EDUCATIONAL FOUNDATION OF ALPHA GAMMA RHO,631178179,MONTGOMERY,AL,EDUCATIONAL_FOUNDATION,48,MEDIUM_CONFIDENCE,"org name ""Alpha Gamma Rho"" present as a phrase",same state only,,,REVIEW,IRS_EO_BMF
Auburn University,Delta Sigma Phi,IFC,ETA PSI ALUMNI CHAPTER OF DELTA SIGMA PHI,851661052,PRATTVILLE,AL,ALUMNI_CORPORATION,48,MEDIUM_CONFIDENCE,"org name ""Delta Sigma Phi"" present as a phrase",same state only,,,REVIEW,IRS_EO_BMF
Auburn University,Alpha Tau Omega,IFC,ALPHA TAU OMEGA HOUSE CORPORATION THETA ETA CHAPTER,850824093,FLORENCE,AL,HOUSE_CORPORATION,48,MEDIUM_CONFIDENCE,"org name ""Alpha Tau Omega"" present as a phrase",same state only,,,REVIEW,IRS_EO_BMF
Auburn University,Lambda Chi Alpha,IFC,ALPHA PHI ZETA HOUSE CORPORATION OF LAMBDA CHI ALPHA FRATERNITY,237109085,TUSCALOOSA,AL,HOUSE_CORPORATION,48,MEDIUM_CONFIDENCE,"org name ""Lambda Chi Alpha"" present as a phrase",same state only,,,REVIEW,IRS_EO_BMF
Auburn University,Delta Gamma,Panhellenic,DELTA GAMMA ALUMNI ASSOCIATION,333007796,HUNTSVILLE,AL,ALUMNI_CORPORATION,48,MEDIUM_CONFIDENCE,"org name ""Delta Gamma"" present as a phrase",same state only,,,REVIEW,IRS_EO_BMF
Auburn University,Phi Mu,Panhellenic,PHI MU HOUSE CORPORATION,630893932,TUSCALOOSA,AL,HOUSE_CORPORATION,48,MEDIUM_CONFIDENCE,"org name ""Phi Mu"" present as a phrase",same state only,,,REVIEW,IRS_EO_BMF
Auburn University,Pi Beta Phi,Panhellenic,ALABAMA ALPHA OF PI BETA PHI HOUSE CORPORATION INC,581948475,HOOVER,AL,HOUSE_CORPORATION,48,MEDIUM_CONFIDENCE,"org name ""Pi Beta Phi"" present as a phrase",same state only,,,REVIEW,IRS_EO_BMF
Auburn University,Zeta Phi Beta,NPHC,ALABAMA ASSOC ZETA PHI BETA SORORITY INC FOUNDATION,900516861,HOOVER,AL,EDUCATIONAL_FOUNDATION,48,MEDIUM_CONFIDENCE,"org name ""Zeta Phi Beta"" present as a phrase",same state only,,,REVIEW,IRS_EO_BMF
Auburn University,Phi Mu,Panhellenic,KAPPA ALPHA CHAPTER OF PHI MU FRATERNITY HOUSE CORPORATION,640723232,TUSCALOOSA,AL,HOUSE_CORPORATION,48,MEDIUM_CONFIDENCE,"org name ""Phi Mu"" present as a phrase",same state only,,,REVIEW,IRS_EO_BMF
Auburn University,Pi Beta Phi,Panhellenic,ALABAMA BETA OF PI BETA PHI HOUSE ASSOCIATION INCORPORATED,630818055,TUSCALOOSA,AL,HOUSE_CORPORATION,48,MEDIUM_CONFIDENCE,"org name ""Pi Beta Phi"" present as a phrase",same state only,,,REVIEW,IRS_EO_BMF
University of Florida,Delta Gamma,Panhellenic,DELTA GAMMA FRATERNITY JACKSONVILLE ALUMNAE CHAPTER,596196541,JACKSONVILLE,FL,ALUMNI_CORPORATION,48,MEDIUM_CONFIDENCE,"org name ""Delta Gamma"" present as a phrase",same state only,in group 0461 (unverified),,REVIEW,IRS_EO_BMF
University of Florida,Theta Chi,IFC,GAMMA RHO OF THETA CHI FOUNDATION INC,473080323,TALLAHASSEE,FL,EDUCATIONAL_FOUNDATION,48,MEDIUM_CONFIDENCE,"org name ""Theta Chi"" present as a phrase",same state only,,,REVIEW,IRS_EO_BMF
University of Georgia,Phi Mu,Panhellenic,DELTA BETA BUILDING ASSOCIATION OF PHI MU,376047186,PEACHTREE CTY,GA,HOUSE_CORPORATION,48,MEDIUM_CONFIDENCE,"org name ""Phi Mu"" present as a phrase",same state only,,,REVIEW,IRS_EO_BMF
University of Georgia,Phi Mu,Panhellenic,PHI MU FRATERNITY HOUSING CORP,620798908,PEACHTREE CTY,GA,HOUSE_CORPORATION,48,MEDIUM_CONFIDENCE,"org name ""Phi Mu"" present as a phrase",same state only,,,REVIEW,IRS_EO_BMF
University of Florida,Chi Omega,Panhellenic,PI MU CHAPTER OF CHI OMEGA HOUSE CORPORATION INC,261553365,ESTERO,FL,HOUSE_CORPORATION,48,MEDIUM_CONFIDENCE,"org name ""Chi Omega"" present as a phrase",same state only,,,REVIEW,IRS_EO_BMF
University of Florida,Chi Omega,Panhellenic,CHI OMEGA SOCIAL ACTION AND SCHOLARSHIP FOUNDATION,261826994,TALLAHASSEE,FL,SCHOLARSHIP_FOUNDATION,48,MEDIUM_CONFIDENCE,"org name ""Chi Omega"" present as a phrase",same state only,,,REVIEW,IRS_EO_BMF
University of Florida,Chi Omega,Panhellenic,UPSILON DELTA HOUSE CORPORATION OF CHI OMEGA FRATERNITY,364768451,FT LAUDERDALE,FL,HOUSE_CORPORATION,48,MEDIUM_CONFIDENCE,"org name ""Chi Omega"" present as a phrase",same state only,,,REVIEW,IRS_EO_BMF
University of Florida,Chi Omega,Panhellenic,UPSILON BETA OF CHI OMEGA HOUSE CORPORATION,383726313,WINTER PARK,FL,HOUSE_CORPORATION,48,MEDIUM_CONFIDENCE,"org name ""Chi Omega"" present as a phrase",same state only,,,REVIEW,IRS_EO_BMF
University of Florida,Chi Omega,Panhellenic,CHI OMEGA ALUMNAE OF TAMPA BAY,831815326,TAMPA,FL,ALUMNI_CORPORATION,48,MEDIUM_CONFIDENCE,"org name ""Chi Omega"" present as a phrase",same state only,,,REVIEW,IRS_EO_BMF
University of Florida,Alpha Phi Alpha,NPHC,ALPHA PHI ALPHA FOUNDATION OF MANASOTA INC,651128836,BRADENTON,FL,EDUCATIONAL_FOUNDATION,48,MEDIUM_CONFIDENCE,"org name ""Alpha Phi Alpha"" present as a phrase",same state only,,,REVIEW,IRS_EO_BMF
University of Florida,Zeta Phi Beta,NPHC,TAU ZETA ALUMNI CHAPTER ZETA PHI BETA SORORITY INC STORKS NEST,593205917,QUINCY,FL,ALUMNI_CORPORATION,48,MEDIUM_CONFIDENCE,"org name ""Zeta Phi Beta"" present as a phrase",same state only,,,REVIEW,IRS_EO_BMF
University of Florida,Delta Delta Delta,Panhellenic,BETA LAMBDA HOUSE CORPORATION OF DELTA DELTA DELTA INC,592281763,LAKE MARY,FL,HOUSE_CORPORATION,48,MEDIUM_CONFIDENCE,"org name ""Delta Delta Delta"" present as a phrase",same state only,,,REVIEW,IRS_EO_BMF
University of Florida,Kappa Alpha Psi,NPHC,MIAMI ALUMNI CHAPTER KAPPA ALPHA PSI FRATERNITY INC,237279512,MIAMI,FL,ALUMNI_CORPORATION,48,MEDIUM_CONFIDENCE,"org name ""Kappa Alpha Psi"" present as a phrase",same state only,,,REVIEW,IRS_EO_BMF
University of Florida,Kappa Alpha Psi,NPHC,TAMPA ALUMNI CHAPTER OF KAPPA ALPHA PSI FRATERNITY INC,237279550,TAMPA,FL,ALUMNI_CORPORATION,48,MEDIUM_CONFIDENCE,"org name ""Kappa Alpha Psi"" present as a phrase",same state only,,,REVIEW,IRS_EO_BMF
University of Florida,Kappa Alpha Psi,NPHC,ST PETERSBURG FL ALUMNI CHAPTER KAPPA ALPHA PSI FRATERNITIY INC,237279548,CLEARWATER,FL,ALUMNI_CORPORATION,48,MEDIUM_CONFIDENCE,"org name ""Kappa Alpha Psi"" present as a phrase",same state only,,,REVIEW,IRS_EO_BMF
University of Florida,Kappa Alpha Psi,NPHC,FORT MYERS ALUMNI CHAPTER OF KAPPA ALPHA PSI EDUCATION FOUNDATION INC,263262926,FORT MYERS,FL,EDUCATIONAL_FOUNDATION,48,MEDIUM_CONFIDENCE,"org name ""Kappa Alpha Psi"" present as a phrase",same state only,,,REVIEW,IRS_EO_BMF
University of Florida,Kappa Alpha Psi,NPHC,ORLANDO ALUMNI CHAPTER OF KAPPA ALPHA PSI FRATERNITY INC,593611545,ORLANDO,FL,ALUMNI_CORPORATION,48,MEDIUM_CONFIDENCE,"org name ""Kappa Alpha Psi"" present as a phrase",same state only,,,REVIEW,IRS_EO_BMF
University of Florida,Chi Phi,IFC,THETA DELTA CHAPTER OF THE CHI PHI FRATERNITY HOUSING CORPORATION,593492454,TAMPA,FL,HOUSE_CORPORATION,48,MEDIUM_CONFIDENCE,"org name ""Chi Phi"" present as a phrase",same state only,in group 0409 (unverified),,REVIEW,IRS_EO_BMF
University of Florida,Lambda Chi Alpha,IFC,EPSILON MUZETA OF LAMBDA CHI ALPHA HOUSE CORPORATED INCORPORATED,237268244,ORLANDO,FL,PROPERTY_HOLDING_ENTITY,48,MEDIUM_CONFIDENCE,"org name ""Lambda Chi Alpha"" present as a phrase",same state only,,,REVIEW,IRS_EO_BMF
University of Florida,Kappa Alpha Psi,NPHC,KAPPA ALPHA PSI FRATERNITY INC COCOA MERRITT ISLAND ALUMNI CHAPTE,510225627,ROCKLEDGE,FL,ALUMNI_CORPORATION,48,MEDIUM_CONFIDENCE,"org name ""Kappa Alpha Psi"" present as a phrase",same state only,,,REVIEW,IRS_EO_BMF
University of Florida,Kappa Alpha Psi,NPHC,THE WINTER PARK ALUMNI CHAPTER OF KAPPA ALPHA PSI FRATERNITY,521779860,WINTER PARK,FL,ALUMNI_CORPORATION,48,MEDIUM_CONFIDENCE,"org name ""Kappa Alpha Psi"" present as a phrase",same state only,,,REVIEW,IRS_EO_BMF
University of Florida,Kappa Alpha Psi,NPHC,KAPPA ALPHA PSI GUIDE RIGHT FOUNDATION OF ST PETERSBURG INC,562473863,ST PETERSBURG,FL,EDUCATIONAL_FOUNDATION,48,MEDIUM_CONFIDENCE,"org name ""Kappa Alpha Psi"" present as a phrase",same state only,,,REVIEW,IRS_EO_BMF
University of Florida,Kappa Alpha Psi,NPHC,DAYTONA BEACH ALUMNI CHAPTER KAPPA ALPHA PSI FRATERNITY INC,593276771,DAYTONA BEACH,FL,ALUMNI_CORPORATION,48,MEDIUM_CONFIDENCE,"org name ""Kappa Alpha Psi"" present as a phrase",same state only,,,REVIEW,IRS_EO_BMF
University of Florida,Kappa Alpha Psi,NPHC,KAPPA ALPHA PSI GUIDE RIGHT FOUNDATION OF TALLAHASSEE INC,593675137,TALLAHASSEE,FL,EDUCATIONAL_FOUNDATION,48,MEDIUM_CONFIDENCE,"org name ""Kappa Alpha Psi"" present as a phrase",same state only,,,REVIEW,IRS_EO_BMF
University of Florida,Kappa Alpha Psi,NPHC,SOUTHERN PROVINCE OF KAPPA ALPHA PSI FOUNDATION INC,680536759,TALLAHASSEE,FL,EDUCATIONAL_FOUNDATION,48,MEDIUM_CONFIDENCE,"org name ""Kappa Alpha Psi"" present as a phrase",same state only,,,REVIEW,IRS_EO_BMF
University of Florida,Kappa Alpha Psi,NPHC,KAPPA ALPHA PSI RICHMOND-PERRIN FL ALUMNI FOUNDATION INC,861114777,HOMESTEAD,FL,EDUCATIONAL_FOUNDATION,48,MEDIUM_CONFIDENCE,"org name ""Kappa Alpha Psi"" present as a phrase",same state only,,,REVIEW,IRS_EO_BMF
University of Florida,Chi Phi,IFC,XI DELTA HOUSING CORPORATION OF CHI PHI,454864440,MELBOURNE,FL,HOUSE_CORPORATION,48,MEDIUM_CONFIDENCE,"org name ""Chi Phi"" present as a phrase",same state only,,,REVIEW,IRS_EO_BMF
University of Florida,Sigma Alpha Epsilon,IFC,SIGMA ALPHA EPSILON - CENTRAL FLORIDA ALUMNI ASSOCIATION,334423756,CANTONMENT,FL,ALUMNI_CORPORATION,48,MEDIUM_CONFIDENCE,"org name ""Sigma Alpha Epsilon"" present as a phrase",same state only,in group 0228 (unverified),,REVIEW,IRS_EO_BMF
University of Florida,Kappa Alpha Psi,NPHC,MIRAMAR PEMBROKE PINES FL ALUMNI CHPTR KAPPA ALPHA PSI FRTRNTY INC,372021805,PEMBROKE PNES,FL,ALUMNI_CORPORATION,48,MEDIUM_CONFIDENCE,"org name ""Kappa Alpha Psi"" present as a phrase",same state only,,,REVIEW,IRS_EO_BMF
University of Florida,Kappa Alpha Psi,NPHC,KAPPA ALPHA PSI GUIDERIGHT DEV FOUNDATION OF DAYTONA INC,562381235,DAYTONA BEACH,FL,EDUCATIONAL_FOUNDATION,48,MEDIUM_CONFIDENCE,"org name ""Kappa Alpha Psi"" present as a phrase",same state only,,,REVIEW,IRS_EO_BMF
University of Florida,Kappa Alpha Psi,NPHC,KAPPA ALPHA PSI JACKSONVILLE FOUNDATION INC,593503848,JACKSONVILLE,FL,EDUCATIONAL_FOUNDATION,48,MEDIUM_CONFIDENCE,"org name ""Kappa Alpha Psi"" present as a phrase",same state only,,,REVIEW,IRS_EO_BMF
University of Florida,Kappa Alpha Psi,NPHC,KAPPA ALPHA PSI MPPAC FOUNDATION INC,800833994,PEMBROKE PNES,FL,EDUCATIONAL_FOUNDATION,48,MEDIUM_CONFIDENCE,"org name ""Kappa Alpha Psi"" present as a phrase",same state only,,,REVIEW,IRS_EO_BMF
University of Florida,Sigma Alpha Epsilon,IFC,FLORIDA CHI ALUMNI ASSOCIATION OF SIGMA ALPHA EPSILON IN TAMPA BAY,465606643,TAMPA,FL,ALUMNI_CORPORATION,48,MEDIUM_CONFIDENCE,"org name ""Sigma Alpha Epsilon"" present as a phrase",same state only,,,REVIEW,IRS_EO_BMF
University of Florida,Pi Kappa Phi,IFC,ZETA ZETA ALUMNI ASSOCIATION OF PI KAPPA PHI I INC,453344878,ORANGE PARK,FL,ALUMNI_CORPORATION,48,MEDIUM_CONFIDENCE,"org name ""Pi Kappa Phi"" present as a phrase",same state only,,,REVIEW,IRS_EO_BMF
University of Florida,Alpha Epsilon Pi,IFC,ALPHA EPSILON PI FRATERNITY ALUMNI NETWORKING GROUP INC,463488027,PLANTATION,FL,ALUMNI_CORPORATION,48,MEDIUM_CONFIDENCE,"org name ""Alpha Epsilon Pi"" present as a phrase",same state only,,,REVIEW,IRS_EO_BMF
University of Florida,Pi Kappa Alpha,IFC,PI KAPPA ALPHA HOUSE FOUNDATION OF MELBOURNE INC,591232120,MELBOURNE,FL,EDUCATIONAL_FOUNDATION,48,MEDIUM_CONFIDENCE,"org name ""Pi Kappa Alpha"" present as a phrase",same state only,,,REVIEW,IRS_EO_BMF
University of Florida,Delta Chi,IFC,EMBRY-RIDDLE CHAPTER OF DELTA CHI FRATERNITY BUILDING CORPORATION IN,237437667,APOLLO BEACH,FL,HOUSE_CORPORATION,48,MEDIUM_CONFIDENCE,"org name ""Delta Chi"" present as a phrase",same state only,,,REVIEW,IRS_EO_BMF
University of Florida,Sigma Chi,IFC,ETA IOTA HOUSE CORPORATION OF THE SIGMA CHI INTERNATIONAL FRATERNITY,810593541,DAYTONA BEACH,FL,HOUSE_CORPORATION,48,MEDIUM_CONFIDENCE,"org name ""Sigma Chi"" present as a phrase",same state only,,,REVIEW,IRS_EO_BMF
University of Florida,Beta Theta Pi,IFC,FLORIDA BETA THETA PI ALUMNI ASSOCIATION INC,113826169,TAMPA,FL,ALUMNI_CORPORATION,48,MEDIUM_CONFIDENCE,"org name ""Beta Theta Pi"" present as a phrase",same state only,,,REVIEW,IRS_EO_BMF
University of Florida,Alpha Gamma Rho,IFC,ALPHA GAMMA RHO CHAPTER HOUSE ASSOC,237259803,ORANGE CITY,FL,HOUSE_CORPORATION,48,MEDIUM_CONFIDENCE,"org name ""Alpha Gamma Rho"" present as a phrase",same state only,,,REVIEW,IRS_EO_BMF
University of Florida,Phi Gamma Delta,IFC,PHI GAMMA DELTA OF MICHIGAN FOUNDATION,311807203,SARASOTA,FL,EDUCATIONAL_FOUNDATION,48,MEDIUM_CONFIDENCE,"org name ""Phi Gamma Delta"" present as a phrase",same state only,,,REVIEW,IRS_EO_BMF
University of Florida,Sigma Phi Epsilon,IFC,SIGMA PHI EPSILON FLORIDA NU CHAPTER ALUMNI ASSOCIATION INC,650765057,MIAMI,FL,ALUMNI_CORPORATION,48,MEDIUM_CONFIDENCE,"org name ""Sigma Phi Epsilon"" present as a phrase",same state only,,,REVIEW,IRS_EO_BMF
University of Florida,Sigma Chi,IFC,SARASOTA AREA ALUMNI CHAPTER OF SIGMA CHI,812802896,ARCADIA,FL,ALUMNI_CORPORATION,48,MEDIUM_CONFIDENCE,"org name ""Sigma Chi"" present as a phrase",same state only,,,REVIEW,IRS_EO_BMF
University of Florida,Alpha Gamma Rho,IFC,ALPHA GAMMA EDUCATIONAL FOUNDATION OF ALPHA GAMMA RHO FRATERNITY INC,592226772,TALLAHASSEE,FL,EDUCATIONAL_FOUNDATION,48,MEDIUM_CONFIDENCE,"org name ""Alpha Gamma Rho"" present as a phrase",same state only,,,REVIEW,IRS_EO_BMF
University of Florida,Alpha Kappa Delta Phi,MGC,USF ALPHA KAPPA DELTA PHI CHAPTER ALUMNAE ASSOCIATION,471723126,TAMPA,FL,ALUMNI_CORPORATION,48,MEDIUM_CONFIDENCE,"org name ""Alpha Kappa Delta Phi"" present as a phrase",same state only,,,REVIEW,IRS_EO_BMF
University of Florida,Kappa Kappa Gamma,Panhellenic,ETA ETA HOUSE CORPORATION OF KAPPA KAPPA GAMMA FRATERNITY,223892224,TAMPA,FL,HOUSE_CORPORATION,48,MEDIUM_CONFIDENCE,"org name ""Kappa Kappa Gamma"" present as a phrase",same state only,,,REVIEW,IRS_EO_BMF
University of Florida,Alpha Delta Pi,Panhellenic,EPSILON LAMBOA CHAPTER OF ALPHA DELTA PI HOUSE CORPORATION,593023149,TAMPA,FL,HOUSE_CORPORATION,48,MEDIUM_CONFIDENCE,"org name ""Alpha Delta Pi"" present as a phrase",same state only,,,REVIEW,IRS_EO_BMF
University of Florida,Delta Tau Delta,IFC,GREATER TAMPA BAY ALUMNI CHAPTER OF DELTA TAU DELTA FRATERNITY INC,393381869,VALRICO,FL,ALUMNI_CORPORATION,48,MEDIUM_CONFIDENCE,"org name ""Delta Tau Delta"" present as a phrase",same state only,,,REVIEW,IRS_EO_BMF
University of Florida,Alpha Delta Pi,Panhellenic,ZETA OMEGA CHAPTER OF ALPHA DELTA PI HOUSE CORPORATION,592799282,ORLANDO,FL,HOUSE_CORPORATION,48,MEDIUM_CONFIDENCE,"org name ""Alpha Delta Pi"" present as a phrase",same state only,,,REVIEW,IRS_EO_BMF
University of Georgia,Alpha Gamma Delta,Panhellenic,GAMMA PHI CHAPTER OF ALPHA GAMMA DELTA FRAT HOUSE ASSOC INC,581801729,DECATUR,GA,PROPERTY_HOLDING_ENTITY,48,MEDIUM_CONFIDENCE,"org name ""Alpha Gamma Delta"" present as a phrase",same state only,,,REVIEW,IRS_EO_BMF
University of Georgia,Kappa Delta,Panhellenic,STATESBORO GEORGIA KAPPA DELTA ALUMNAE,843633328,STATESBORO,GA,ALUMNI_CORPORATION,48,MEDIUM_CONFIDENCE,"org name ""Kappa Delta"" present as a phrase",same state only,,,REVIEW,IRS_EO_BMF
University of Georgia,Kappa Delta,Panhellenic,ETA MU HOUSE CORPORATION OF KAPPA DELTA SORORITY,464440440,SAVANNAH,GA,HOUSE_CORPORATION,48,MEDIUM_CONFIDENCE,"org name ""Kappa Delta"" present as a phrase",same state only,,,REVIEW,IRS_EO_BMF
University of Georgia,Alpha Delta Pi,Panhellenic,ALPHA DELTA PI INTERNATIONAL HOUSING INC,262782177,ATLANTA,GA,PROPERTY_HOLDING_ENTITY,48,MEDIUM_CONFIDENCE,"org name ""Alpha Delta Pi"" present as a phrase",same state only,,,REVIEW,IRS_EO_BMF
University of Georgia,Alpha Delta Pi,Panhellenic,ALPHA DELTA PI FOUNDATION INC,581507941,ATLANTA,GA,EDUCATIONAL_FOUNDATION,48,MEDIUM_CONFIDENCE,"org name ""Alpha Delta Pi"" present as a phrase",same state only,,,REVIEW,IRS_EO_BMF
University of Georgia,Alpha Delta Pi,Panhellenic,EPSILON PI CHAPTER OF ALPHA DELTA PI HOUSE CORPORATION,581351063,TWIN CITY,GA,HOUSE_CORPORATION,48,MEDIUM_CONFIDENCE,"org name ""Alpha Delta Pi"" present as a phrase",same state only,,,REVIEW,IRS_EO_BMF
University of Georgia,Alpha Delta Pi,Panhellenic,ZETA OMICRON OF ALPHA DELTA PI HOUSE CORPORATION,581841904,ATLANTA,GA,HOUSE_CORPORATION,48,MEDIUM_CONFIDENCE,"org name ""Alpha Delta Pi"" present as a phrase",same state only,,,REVIEW,IRS_EO_BMF
University of Georgia,Omega Psi Phi,NPHC,GEORGIA STATE OMEGA PSI PHI FOUNDATION INC,582589719,MARIETTA,GA,EDUCATIONAL_FOUNDATION,48,MEDIUM_CONFIDENCE,"org name ""Omega Psi Phi"" present as a phrase",same state only,,,REVIEW,IRS_EO_BMF
University of Georgia,Kappa Sigma,IFC,EPSILON OMEGA CHAPTER OF KAPPA SIGMA HOUSE CORP,237246721,SANDY SPRINGS,GA,HOUSE_CORPORATION,48,MEDIUM_CONFIDENCE,"org name ""Kappa Sigma"" present as a phrase",same state only,,,REVIEW,IRS_EO_BMF
University of Georgia,Sigma Nu,IFC,SIGMA NU ALUMNI ASSOCIATION OF SPSU,271421774,POWDER SPGS,GA,ALUMNI_CORPORATION,48,MEDIUM_CONFIDENCE,"org name ""Sigma Nu"" present as a phrase",same state only,,,REVIEW,IRS_EO_BMF
University of Georgia,Sigma Phi Epsilon,IFC,ALABAMA THETA ALUMNI CORPORATION OF SIGMA PHI EPSILON,922940603,DULUTH,GA,ALUMNI_CORPORATION,48,MEDIUM_CONFIDENCE,"org name ""Sigma Phi Epsilon"" present as a phrase",same state only,,,REVIEW,IRS_EO_BMF
University of Georgia,Phi Kappa Tau,IFC,GEORGIA OF PHI KAPPA TAU INC,581924027,ATLANTA,GA,PROPERTY_HOLDING_ENTITY,48,MEDIUM_CONFIDENCE,"org name ""Phi Kappa Tau"" present as a phrase",same state only,,,REVIEW,IRS_EO_BMF
University of Georgia,Kappa Sigma,IFC,KAPPA SIGMA HOUSE CORP,586036239,GAINESVILLE,GA,HOUSE_CORPORATION,48,MEDIUM_CONFIDENCE,"org name ""Kappa Sigma"" present as a phrase",same state only,,,REVIEW,IRS_EO_BMF
University of Georgia,Sigma Nu,IFC,SIGMA NU FRATERNITY HOME ASSOCIATION INC,581679853,ATLANTA,GA,PROPERTY_HOLDING_ENTITY,48,MEDIUM_CONFIDENCE,"org name ""Sigma Nu"" present as a phrase",same state only,,,REVIEW,IRS_EO_BMF
University of Georgia,Sigma Phi Epsilon,IFC,SIGMA PHI EPSILON HOUSING CORPORATION INC,582467091,WATKINSVILLE,GA,HOUSE_CORPORATION,48,MEDIUM_CONFIDENCE,"org name ""Sigma Phi Epsilon"" present as a phrase",same state only,,,REVIEW,IRS_EO_BMF
University of Georgia,Kappa Alpha Order,IFC,EPSILON OF KAPPA ALPHA ORDER HOUSE CORPORATION,581887915,SANDY SPRINGS,GA,HOUSE_CORPORATION,48,MEDIUM_CONFIDENCE,"org name ""Kappa Alpha Order"" present as a phrase",same state only,,,REVIEW,IRS_EO_BMF
University of Georgia,Theta Chi,IFC,THE CHI CHAPTER OF THE THETA CHI FRATERNITY HOUSE CORPORATION,841679676,BROOKHAVEN,GA,HOUSE_CORPORATION,48,MEDIUM_CONFIDENCE,"org name ""Theta Chi"" present as a phrase",same state only,,,REVIEW,IRS_EO_BMF
University of Georgia,Kappa Alpha Order,IFC,DELTA THETA HOUSE CORPORATION OF KAPPA ALPHA ORDER,582028494,STATESBORO,GA,HOUSE_CORPORATION,48,MEDIUM_CONFIDENCE,"org name ""Kappa Alpha Order"" present as a phrase",same state only,,,REVIEW,IRS_EO_BMF
University of Georgia,Delta Phi Lambda,MGC,DELTA PHI LAMBDA FOUNDATION,274378116,ATLANTA,GA,EDUCATIONAL_FOUNDATION,48,MEDIUM_CONFIDENCE,"org name ""Delta Phi Lambda"" present as a phrase",same state only,,,REVIEW,IRS_EO_BMF
University of Georgia,Lambda Theta Alpha,MGC,LAMBDA THETA ALPHA FOUNDATION INC,812487539,MARIETTA,GA,EDUCATIONAL_FOUNDATION,48,MEDIUM_CONFIDENCE,"org name ""Lambda Theta Alpha"" present as a phrase",same state only,,,REVIEW,IRS_EO_BMF
University of Georgia,Chi Omega,Panhellenic,PSI LAMBDA CHAPTER OF CHI OMEGA HOUSE CORPORATION,364460705,VALDOSTA,GA,HOUSE_CORPORATION,48,MEDIUM_CONFIDENCE,"org name ""Chi Omega"" present as a phrase",same state only,,,REVIEW,IRS_EO_BMF
University of Georgia,Chi Omega,Panhellenic,NU KAPPA CHAPTER OF CHI OMEGA HOUSE CORPORATION,581363157,STATESBORO,GA,HOUSE_CORPORATION,48,MEDIUM_CONFIDENCE,"org name ""Chi Omega"" present as a phrase",same state only,,,REVIEW,IRS_EO_BMF
University of Kentucky,Kappa Alpha Psi,NPHC,FRANKFORT ALUMNI CHAPTER OF KAPPA ALPHA PSI FRATERNITY,510161918,FRANKFORT,KY,ALUMNI_CORPORATION,48,MEDIUM_CONFIDENCE,"org name ""Kappa Alpha Psi"" present as a phrase",same state only,,,REVIEW,IRS_EO_BMF
University of Georgia,Kappa Alpha Psi,NPHC,ALBANY ALUMNI CHAPTER OF KAPPA ALPHA PSI INC,237279432,ALBANY,GA,ALUMNI_CORPORATION,48,MEDIUM_CONFIDENCE,"org name ""Kappa Alpha Psi"" present as a phrase",same state only,,,REVIEW,IRS_EO_BMF
University of Georgia,Kappa Alpha Psi,NPHC,DELTA CHAPTER OF KAPPA ALPHA PSI FRATERNITY ALUMNI ASSOSCIATION,471328008,ATLANTA,GA,ALUMNI_CORPORATION,48,MEDIUM_CONFIDENCE,"org name ""Kappa Alpha Psi"" present as a phrase",same state only,,,REVIEW,IRS_EO_BMF
University of Georgia,Kappa Alpha Psi,NPHC,LAWRENCEVILLE-DULUTH ALUMNI CHAPTER OF KAPPA ALPHA PSI INC,680663861,DULUTH,GA,ALUMNI_CORPORATION,48,MEDIUM_CONFIDENCE,"org name ""Kappa Alpha Psi"" present as a phrase",same state only,,,REVIEW,IRS_EO_BMF
University of Georgia,Alpha Sigma Phi,IFC,ZETA ETA ALUMNI ASSOCIATION OF ALPHA SIGMA PHI FRATERNITY INC,844768397,BROOKHAVEN,GA,ALUMNI_CORPORATION,48,MEDIUM_CONFIDENCE,"org name ""Alpha Sigma Phi"" present as a phrase",same state only,,,REVIEW,IRS_EO_BMF
University of Georgia,Delta Tau Delta,IFC,EPSILON ALPHA OF DELTA TAU DELTA HOUSE CORPORATION,581961883,DACULA,GA,HOUSE_CORPORATION,48,MEDIUM_CONFIDENCE,"org name ""Delta Tau Delta"" present as a phrase",same state only,,,REVIEW,IRS_EO_BMF
University of Kentucky,Delta Zeta,Panhellenic,DELTA ZETA HOUSE CORPORATION,616034334,LOUISVILLE,KY,HOUSE_CORPORATION,48,MEDIUM_CONFIDENCE,"org name ""Delta Zeta"" present as a phrase",same state only,,,REVIEW,IRS_EO_BMF
University of Georgia,Kappa Alpha Psi,NPHC,KAPPA ALPHA PSI-MACON WARNER ALUMNI CHAPTER,237279469,MACON,GA,ALUMNI_CORPORATION,48,MEDIUM_CONFIDENCE,"org name ""Kappa Alpha Psi"" present as a phrase",same state only,,,REVIEW,IRS_EO_BMF
University of Georgia,Kappa Alpha Psi,NPHC,LAWRENCEVILLE-DULUTH ALUMNI CHAPTER OF KAPPA ALPHA PSI FOUNDATION INC,263822536,GRAYSON,GA,EDUCATIONAL_FOUNDATION,48,MEDIUM_CONFIDENCE,"org name ""Kappa Alpha Psi"" present as a phrase",same state only,,,REVIEW,IRS_EO_BMF
University of Georgia,Kappa Alpha Psi,NPHC,STONE MOUNTAIN-LITHONIA ALUMNI CHAPTER OF KAPPA ALPHA PSI,521612762,JONESBORO,GA,ALUMNI_CORPORATION,48,MEDIUM_CONFIDENCE,"org name ""Kappa Alpha Psi"" present as a phrase",same state only,,,REVIEW,IRS_EO_BMF
University of Georgia,Kappa Alpha Psi,NPHC,BRUNSWICK ALUMNI OF CHAPTER KAPPA ALPHA PSI FRATERNITY INC,521847286,BRUNSWICK,GA,ALUMNI_CORPORATION,48,MEDIUM_CONFIDENCE,"org name ""Kappa Alpha Psi"" present as a phrase",same state only,,,REVIEW,IRS_EO_BMF
University of Georgia,Kappa Alpha Psi,NPHC,STATESBORO GA ALUMNI KAPPA ALPHA PSI FRATERNITY,760806689,STATESBORO,GA,ALUMNI_CORPORATION,48,MEDIUM_CONFIDENCE,"org name ""Kappa Alpha Psi"" present as a phrase",same state only,,,REVIEW,IRS_EO_BMF
University of Georgia,Phi Delta Theta,IFC,PHI DELTA THETA GEORGIA DELTA ALUMNI ASSOCIATION,586044283,BROOKHAVEN,GA,PROPERTY_HOLDING_ENTITY,48,MEDIUM_CONFIDENCE,"org name ""Phi Delta Theta"" present as a phrase",same state only,,,REVIEW,IRS_EO_BMF
University of Georgia,Pi Kappa Alpha,IFC,BETA KAPPA OF PI KAPPA ALPHA INC,580898902,DUNWOODY,GA,PROPERTY_HOLDING_ENTITY,48,MEDIUM_CONFIDENCE,"org name ""Pi Kappa Alpha"" present as a phrase",same state only,,,REVIEW,IRS_EO_BMF
University of Georgia,Chi Omega,Panhellenic,HOUSE CORPORATION OF THE PHI KAPPA CHAPTER FOR CHI OMEGA INC,200437772,CARROLLTON,GA,HOUSE_CORPORATION,48,MEDIUM_CONFIDENCE,"org name ""Chi Omega"" present as a phrase",same state only,,,REVIEW,IRS_EO_BMF
University of Kentucky,Kappa Alpha Psi,NPHC,BOWLING GREEN ALUMNI CHAPTER OF KAPPA ALPHA PSI FRATERNITY INC,510209101,ALVATON,KY,ALUMNI_CORPORATION,48,MEDIUM_CONFIDENCE,"org name ""Kappa Alpha Psi"" present as a phrase",same state only,,,REVIEW,IRS_EO_BMF
University of Kentucky,Kappa Delta,Panhellenic,KAPPA DELTA HOUSE CORPORATION FOR DELTA GAMMA INC,610710367,BOWLING GREEN,KY,HOUSE_CORPORATION,48,MEDIUM_CONFIDENCE,"org name ""Kappa Delta"" present as a phrase",same state only,,,REVIEW,IRS_EO_BMF
University of Kentucky,Phi Kappa Tau,IFC,PHI KAPPA TAU HOUSE ASSOCIATION OF LEXINGTON KY,301397369,PROSPECT,KY,HOUSE_CORPORATION,48,MEDIUM_CONFIDENCE,"org name ""Phi Kappa Tau"" present as a phrase",same state only,,,REVIEW,IRS_EO_BMF
University of Kentucky,Alpha Delta Pi,Panhellenic,EPSILON DELTA CHAPTER OF ALPHA DELTA PI HOUSE CORPORATION,611189431,BOWLING GREEN,KY,HOUSE_CORPORATION,48,MEDIUM_CONFIDENCE,"org name ""Alpha Delta Pi"" present as a phrase",same state only,,,REVIEW,IRS_EO_BMF
University of Kentucky,Lambda Chi Alpha,IFC,LAMBDA CHI ALPHA HOUSING CORPORATION UNIVERSITY OF LOUISVIL,310920298,LOUISVILLE,KY,HOUSE_CORPORATION,48,MEDIUM_CONFIDENCE,"org name ""Lambda Chi Alpha"" present as a phrase",same state only,,,REVIEW,IRS_EO_BMF
University of Kentucky,Alpha Delta Pi,Panhellenic,ALPHA DELTA PI ALUMNAE ASSOCIATION LOUISVILLE CHAPTER CO,611224659,LOUISVILLE,KY,ALUMNI_CORPORATION,48,MEDIUM_CONFIDENCE,"org name ""Alpha Delta Pi"" present as a phrase",same state only,,,REVIEW,IRS_EO_BMF
University of Kentucky,Pi Beta Phi,Panhellenic,KENTUCKY BETA OF PI BETA PHI HOUSE ASSOCIATION INC,610591002,NICHOLASVILLE,KY,HOUSE_CORPORATION,48,MEDIUM_CONFIDENCE,"org name ""Pi Beta Phi"" present as a phrase",same state only,,,REVIEW,IRS_EO_BMF
University of Kentucky,Delta Gamma,Panhellenic,KAPPA DELTA HOUSE CORPORATION FOR DELTA GAMMA INC,610710367,BOWLING GREEN,KY,HOUSE_CORPORATION,48,MEDIUM_CONFIDENCE,"org name ""Delta Gamma"" present as a phrase",same state only,,,REVIEW,IRS_EO_BMF
University of Kentucky,Theta Chi,IFC,ETA GAMMA ALUMNI CORPORATION THETA CHI FRATERNITY,880948140,MOREHEAD,KY,ALUMNI_CORPORATION,48,MEDIUM_CONFIDENCE,"org name ""Theta Chi"" present as a phrase",same state only,,,REVIEW,IRS_EO_BMF
University of Kentucky,Chi Omega,Panhellenic,CHI THETA HOUSING CORPORATION OF CHI OMEGA SORORITY,610906174,BOWLING GREEN,KY,HOUSE_CORPORATION,48,MEDIUM_CONFIDENCE,"org name ""Chi Omega"" present as a phrase",same state only,,,REVIEW,IRS_EO_BMF
University of Kentucky,Lambda Chi Alpha,IFC,LAMBDA CHI ALPHA HOUSE CORPORATION OF MURRAY STATE UNIVERSITY,237148456,MURRAY,KY,HOUSE_CORPORATION,48,MEDIUM_CONFIDENCE,"org name ""Lambda Chi Alpha"" present as a phrase",same state only,,,REVIEW,IRS_EO_BMF
University of Kentucky,Kappa Sigma,IFC,BETA NU OF KAPPA SIGMA HOUSE CORPORATION,237181426,LOUISVILLE,KY,HOUSE_CORPORATION,48,MEDIUM_CONFIDENCE,"org name ""Kappa Sigma"" present as a phrase",same state only,,,REVIEW,IRS_EO_BMF
University of Kentucky,Alpha Delta Pi,Panhellenic,BETA PSI HOUSE CORPORATION OF ALPHA DELTA PI,237353518,VERSAILLES,KY,HOUSE_CORPORATION,48,MEDIUM_CONFIDENCE,"org name ""Alpha Delta Pi"" present as a phrase",same state only,,,REVIEW,IRS_EO_BMF
University of Kentucky,Alpha Tau Omega,IFC,MURRAY ALPHA TAU OMEGA HOUSING CORPORATION,610734682,MURRAY,KY,HOUSE_CORPORATION,48,MEDIUM_CONFIDENCE,"org name ""Alpha Tau Omega"" present as a phrase",same state only,,,REVIEW,IRS_EO_BMF
University of Kentucky,Beta Theta Pi,IFC,EPSILON ALUMNI ASSOCIATION OF BETA THETA PI,923292729,SHELBYVILLE,KY,ALUMNI_CORPORATION,48,MEDIUM_CONFIDENCE,"org name ""Beta Theta Pi"" present as a phrase",same state only,,,REVIEW,IRS_EO_BMF
Louisiana State University,Delta Tau Delta,IFC,BETA XI CHAPTER DELTA TAU DELTA FRATERNITY OF NEW ORLEANS LA INC,721099349,NEW ORLEANS,LA,PROPERTY_HOLDING_ENTITY,48,MEDIUM_CONFIDENCE,"org name ""Delta Tau Delta"" present as a phrase",same state only,,,REVIEW,IRS_EO_BMF
University of Kentucky,Beta Theta Pi,IFC,EPSILON OMICRON CHAPTER HOUSE CORPORATION OF BETA THETA PI FRATE,472034147,CRESTVIEW HLS,KY,HOUSE_CORPORATION,48,MEDIUM_CONFIDENCE,"org name ""Beta Theta Pi"" present as a phrase",same state only,,,REVIEW,IRS_EO_BMF
Louisiana State University,Delta Tau Delta,IFC,DELTA TAU DELTA HAMMOND ALUMNI CHAPTER,823842442,HAMMOND,LA,ALUMNI_CORPORATION,48,MEDIUM_CONFIDENCE,"org name ""Delta Tau Delta"" present as a phrase",same state only,,,REVIEW,IRS_EO_BMF
Louisiana State University,Phi Beta Sigma,NPHC,THETA PI SIGMA ALUMNI CHAPTER OF PHI BETA SIGMA FRATERNITY INC,333130091,MONROE,LA,ALUMNI_CORPORATION,48,MEDIUM_CONFIDENCE,"org name ""Phi Beta Sigma"" present as a phrase",same state only,,,REVIEW,IRS_EO_BMF
Louisiana State University,Alpha Delta Pi,Panhellenic,ALPHA DELTA PI HOUSE CORPORATION DELTA ETA CHAPTER,726032578,LAKE CHARLES,LA,HOUSE_CORPORATION,48,MEDIUM_CONFIDENCE,"org name ""Alpha Delta Pi"" present as a phrase",same state only,,,REVIEW,IRS_EO_BMF
Louisiana State University,Alpha Phi Alpha,NPHC,SCHOLARSHIP FOUNDATION OF THE SIGMA LAMBDA CHAPTER OF ALPHA PHI ALPHA,721299423,NEW ORLEANS,LA,SCHOLARSHIP_FOUNDATION,48,MEDIUM_CONFIDENCE,"org name ""Alpha Phi Alpha"" present as a phrase",same state only,,,REVIEW,IRS_EO_BMF
Louisiana State University,Kappa Alpha Psi,NPHC,ALEXANDRIA ALUMNI CHAPTER OF KAPPA ALPHA PSI SCHOLARSHIP AND GUIDE,311788115,ALEXANDRIA,LA,SCHOLARSHIP_FOUNDATION,48,MEDIUM_CONFIDENCE,"org name ""Kappa Alpha Psi"" present as a phrase",same state only,,,REVIEW,IRS_EO_BMF
Louisiana State University,Kappa Alpha Psi,NPHC,KENNER METROPOLITAN ALUMNI CHAPTER OF KAPPA ALPHA PSI FRATERNITY INC,521359305,NEW ORLEANS,LA,ALUMNI_CORPORATION,48,MEDIUM_CONFIDENCE,"org name ""Kappa Alpha Psi"" present as a phrase",same state only,,,REVIEW,IRS_EO_BMF
Louisiana State University,Kappa Alpha Psi,NPHC,BOSSIER CITY ALUMNI CHAPTER OF KAPPA ALPHA PSI FRATERNITY,521976866,BOSSIER CITY,LA,ALUMNI_CORPORATION,48,MEDIUM_CONFIDENCE,"org name ""Kappa Alpha Psi"" present as a phrase",same state only,,,REVIEW,IRS_EO_BMF
Louisiana State University,Alpha Phi Alpha,NPHC,EDUCATION FOUNDATION OF EPSILON PSI LAMBDA CHAPTER OF ALPHA PHI ALPHA,721456929,ALEXANDRIA,LA,EDUCATIONAL_FOUNDATION,48,MEDIUM_CONFIDENCE,"org name ""Alpha Phi Alpha"" present as a phrase",same state only,,,REVIEW,IRS_EO_BMF
Louisiana State University,Kappa Alpha Psi,NPHC,GRETNA ALUMNI CHAPTER OF KAPPA ALPHA PSI FRATERNITY INC,237279482,KENNER,LA,ALUMNI_CORPORATION,48,MEDIUM_CONFIDENCE,"org name ""Kappa Alpha Psi"" present as a phrase",same state only,,,REVIEW,IRS_EO_BMF
Louisiana State University,Pi Kappa Phi,IFC,BETA OMICRON ALUMNI CHAPTER OF PI KAPPA PHI FRATERNITY HOUSING CORPO,582584323,KENNER,LA,ALUMNI_CORPORATION,48,MEDIUM_CONFIDENCE,"org name ""Pi Kappa Phi"" present as a phrase",same state only,in group 0424 (unverified),,REVIEW,IRS_EO_BMF
Louisiana State University,Alpha Phi Alpha,NPHC,EDUCATION FOUNDATION OF PI PI LAMBDA CHAP ALPHA PHI ALPHA FRAT,742868973,SLIDELL,LA,EDUCATIONAL_FOUNDATION,48,MEDIUM_CONFIDENCE,"org name ""Alpha Phi Alpha"" present as a phrase",same state only,,,REVIEW,IRS_EO_BMF
Louisiana State University,Kappa Alpha Psi,NPHC,KAPPA ALPHA PSI LAKE AREA FOUNDATION,204969095,LAKE CHARLES,LA,EDUCATIONAL_FOUNDATION,48,MEDIUM_CONFIDENCE,"org name ""Kappa Alpha Psi"" present as a phrase",same state only,,,REVIEW,IRS_EO_BMF
Louisiana State University,Kappa Alpha Psi,NPHC,HOUMA-THIBODAUX ALUMNI CHAPTER OF KAPPA ALPHA PSI FRATERNITY,232996261,THIBODAUX,LA,ALUMNI_CORPORATION,48,MEDIUM_CONFIDENCE,"org name ""Kappa Alpha Psi"" present as a phrase",same state only,,,REVIEW,IRS_EO_BMF
Louisiana State University,Kappa Alpha Psi,NPHC,KAPPA ALPHA PSI LAFAYETTE ALUMNI LEADERSHIP FOUNDATION,454049461,LAFAYETTE,LA,EDUCATIONAL_FOUNDATION,48,MEDIUM_CONFIDENCE,"org name ""Kappa Alpha Psi"" present as a phrase",same state only,,,REVIEW,IRS_EO_BMF
Louisiana State University,Kappa Alpha Psi,NPHC,HAMMOND LA ALUMNI CHAPTER BROTHER MEMBERS OF KAPPA ALPHA PSI,611502596,HAMMOND,LA,ALUMNI_CORPORATION,48,MEDIUM_CONFIDENCE,"org name ""Kappa Alpha Psi"" present as a phrase",same state only,,,REVIEW,IRS_EO_BMF
Louisiana State University,Kappa Alpha Psi,NPHC,GRAMBLING KAPPA ALPHA PSI FOUNDATION,820955707,RUSTON,LA,EDUCATIONAL_FOUNDATION,48,MEDIUM_CONFIDENCE,"org name ""Kappa Alpha Psi"" present as a phrase",same state only,,,REVIEW,IRS_EO_BMF
Louisiana State University,Kappa Sigma,IFC,EPSILON CHI HOUSE CORPORATION OF KAPPA SIGMA FRATERNITY,720965906,LAFAYETTE,LA,HOUSE_CORPORATION,48,MEDIUM_CONFIDENCE,"org name ""Kappa Sigma"" present as a phrase",same state only,,,REVIEW,IRS_EO_BMF
Louisiana State University,Kappa Sigma,IFC,KAPPA SIGMA HOME BUILDING CORPORATION,726028372,NAPOLEONVILLE,LA,HOUSE_CORPORATION,48,MEDIUM_CONFIDENCE,"org name ""Kappa Sigma"" present as a phrase",same state only,,,REVIEW,IRS_EO_BMF
Mississippi State University,Omega Psi Phi,NPHC,BETA RHO FOUNDATION OF THE OMEGA PSI PHI FRATERNITY INC,364718197,ITTA BENA,MS,EDUCATIONAL_FOUNDATION,48,MEDIUM_CONFIDENCE,"org name ""Omega Psi Phi"" present as a phrase",same state only,,,REVIEW,IRS_EO_BMF
Mississippi State University,Chi Omega,Panhellenic,TAU OF CHI OMEGA FRATERNITY HOUSE CORPORATION,237160987,OXFORD,MS,HOUSE_CORPORATION,48,MEDIUM_CONFIDENCE,"org name ""Chi Omega"" present as a phrase",same state only,,,REVIEW,IRS_EO_BMF
Mississippi State University,Chi Omega,Panhellenic,EPSILON DELTA CHAPTER OF THE CHI OMEGA FRATERNITY HOUSE CORPORATION,640709788,HATTIESBURG,MS,HOUSE_CORPORATION,48,MEDIUM_CONFIDENCE,"org name ""Chi Omega"" present as a phrase",same state only,,,REVIEW,IRS_EO_BMF
Louisiana State University,Kappa Delta,Panhellenic,SHREVEPORT ALUMNAE ASSOCIATION OF KAPPA DELTA,720926134,SHREVEPORT,LA,ALUMNI_CORPORATION,48,MEDIUM_CONFIDENCE,"org name ""Kappa Delta"" present as a phrase",same state only,,,REVIEW,IRS_EO_BMF
Louisiana State University,Phi Mu,Panhellenic,KAPPA IOTA HOUSE CORPORATION OF PHI MU FRATERNITY,721049916,NATCHITOCHES,LA,HOUSE_CORPORATION,48,MEDIUM_CONFIDENCE,"org name ""Phi Mu"" present as a phrase",same state only,,,REVIEW,IRS_EO_BMF
Mississippi State University,Sigma Nu,IFC,HOUSE CORPORATION OF EPSILON XI CHAPTER OF SIGMA NU,882444294,UNIVERSITY,MS,HOUSE_CORPORATION,48,MEDIUM_CONFIDENCE,"org name ""Sigma Nu"" present as a phrase",same state only,,,REVIEW,IRS_EO_BMF
Mississippi State University,Chi Omega,Panhellenic,HOUSE CORPORATION OF CHI DELTA CHAPTER OF CHI OMEGA FRATERNITY,300623897,JACKSON,MS,HOUSE_CORPORATION,48,MEDIUM_CONFIDENCE,"org name ""Chi Omega"" present as a phrase",same state only,,,REVIEW,IRS_EO_BMF
University of Mississippi,Sigma Chi,IFC,STARKVILLE SIGMA CHI ALUMNI INC,831721448,STARKVILLE,MS,ALUMNI_CORPORATION,48,MEDIUM_CONFIDENCE,"org name ""Sigma Chi"" present as a phrase",same state only,,,REVIEW,IRS_EO_BMF
Louisiana State University,Kappa Delta,Panhellenic,ALPHA CHI CHAPTER OF KAPPA DELTA HOUSE CORPORATION,720701613,RUSTON,LA,HOUSE_CORPORATION,48,MEDIUM_CONFIDENCE,"org name ""Kappa Delta"" present as a phrase",same state only,,,REVIEW,IRS_EO_BMF
Mississippi State University,Sigma Alpha Epsilon,IFC,MISSISSIPPI GAMMA HOUSE ASSN OF SIGMA ALPHA EPSILON,237432869,OXFORD,MS,HOUSE_CORPORATION,48,MEDIUM_CONFIDENCE,"org name ""Sigma Alpha Epsilon"" present as a phrase",same state only,,,REVIEW,IRS_EO_BMF
Mississippi State University,Kappa Sigma,IFC,KAPPA SIGMA FOUNDATION OF OLE MISS,394464826,UNIVERSITY,MS,EDUCATIONAL_FOUNDATION,48,MEDIUM_CONFIDENCE,"org name ""Kappa Sigma"" present as a phrase",same state only,,,REVIEW,IRS_EO_BMF
Mississippi State University,Kappa Sigma,IFC,EPSILON NU CHAPTER OF KAPPA SIGMA HOUSE CORPORATION,842394161,HATTIESBURG,MS,HOUSE_CORPORATION,48,MEDIUM_CONFIDENCE,"org name ""Kappa Sigma"" present as a phrase",same state only,,,REVIEW,IRS_EO_BMF
Mississippi State University,Delta Delta Delta,Panhellenic,DELTA DELTA DELTA NATIONAL HOUSE CORPORATION,640717329,OXFORD,MS,HOUSE_CORPORATION,48,MEDIUM_CONFIDENCE,"org name ""Delta Delta Delta"" present as a phrase",same state only,in group 7186 (unverified),,REVIEW,IRS_EO_BMF
Mississippi State University,Pi Beta Phi,Panhellenic,MISSISSIPPI BETA OF PI BETA PHI HOUSE ASSOCIATION INC,646027408,OXFORD,MS,HOUSE_CORPORATION,48,MEDIUM_CONFIDENCE,"org name ""Pi Beta Phi"" present as a phrase",same state only,,,REVIEW,IRS_EO_BMF
Mississippi State University,Kappa Alpha Psi,NPHC,CANTON-MADISON ALUMNI CHAPTER OF KAPPA ALPHA PSI FRATERNITY INC,460511327,RIDGELAND,MS,ALUMNI_CORPORATION,48,MEDIUM_CONFIDENCE,"org name ""Kappa Alpha Psi"" present as a phrase",same state only,,,REVIEW,IRS_EO_BMF
Mississippi State University,Phi Delta Theta,IFC,MISSISSIPPI ALPHA CHAPTER HOUSE CORPORATION OF PHI DELTA THETA FRA,237229883,OXFORD,MS,HOUSE_CORPORATION,48,MEDIUM_CONFIDENCE,"org name ""Phi Delta Theta"" present as a phrase",same state only,,,REVIEW,IRS_EO_BMF
Mississippi State University,Kappa Sigma,IFC,THE DELTA CHI OF KAPPA SIGMA ALUMNI HOUSE CORPORATION,203849680,JACKSON,MS,HOUSE_CORPORATION,48,MEDIUM_CONFIDENCE,"org name ""Kappa Sigma"" present as a phrase",same state only,,,REVIEW,IRS_EO_BMF
Mississippi State University,Kappa Alpha Psi,NPHC,VICKSBURG ALUMNI CHAPTER OF KAPPA ALPHA PSI,521601956,VICKSBURG,MS,ALUMNI_CORPORATION,48,MEDIUM_CONFIDENCE,"org name ""Kappa Alpha Psi"" present as a phrase",same state only,,,REVIEW,IRS_EO_BMF
Mississippi State University,Alpha Tau Omega,IFC,ALPHA TAU OMEGA HOUSE CORPORATION INC,640347323,BRANDON,MS,HOUSE_CORPORATION,48,MEDIUM_CONFIDENCE,"org name ""Alpha Tau Omega"" present as a phrase",same state only,in group 0287 (unverified),,REVIEW,IRS_EO_BMF
University of Missouri,Sigma Phi Epsilon,IFC,MISSOURI LAMBDA ALUMNI CORPORATION OF SIGMA PHI EPSILON FRATERNITY,431277718,MARYVILLE,MO,PROPERTY_HOLDING_ENTITY,48,MEDIUM_CONFIDENCE,"org name ""Sigma Phi Epsilon"" present as a phrase",same state only,,,REVIEW,IRS_EO_BMF
University of Missouri,Sigma Phi Epsilon,IFC,IL ETA ALUMNI AND VOLUNTEER CORP OF SIGMA PHI EPSILON FRAT,450790396,KIRKWOOD,MO,ALUMNI_CORPORATION,48,MEDIUM_CONFIDENCE,"org name ""Sigma Phi Epsilon"" present as a phrase",same state only,,,REVIEW,IRS_EO_BMF
"University of Tennessee, Knoxville",Sigma Chi,IFC,CHATTANOOGA ALUMNI CHAPTER OF THE SIGMA CHI FRATERNITY,831580928,GEORGETOWN,TN,ALUMNI_CORPORATION,48,MEDIUM_CONFIDENCE,"org name ""Sigma Chi"" present as a phrase",same state only,,,REVIEW,IRS_EO_BMF
University of Missouri,Sigma Phi Epsilon,IFC,MISSOURI ZETA ALUMNI ASSOCIATION OF SIGMA PHI EPSILON FRATERNITY,810838351,CPE GIRARDEAU,MO,ALUMNI_CORPORATION,48,MEDIUM_CONFIDENCE,"org name ""Sigma Phi Epsilon"" present as a phrase",same state only,,,REVIEW,IRS_EO_BMF
University of Missouri,Theta Xi,IFC,ALPHA PSI ASSOCIATION OF THETA XI FRATERNITY,510176134,FENTON,MO,PROPERTY_HOLDING_ENTITY,48,MEDIUM_CONFIDENCE,"org name ""Theta Xi"" present as a phrase",same state only,,,REVIEW,IRS_EO_BMF
University of Missouri,Theta Xi,IFC,ALPHA PSI OF THETA XI CHARITABLE FOUNDATION,873665438,FENTON,MO,EDUCATIONAL_FOUNDATION,48,MEDIUM_CONFIDENCE,"org name ""Theta Xi"" present as a phrase",same state only,,,REVIEW,IRS_EO_BMF
University of Missouri,Kappa Alpha Order,IFC,GAMMA BETA CHAPTER OF KAPPA ALPHA ORDER HOUSING CORPORATION,431126126,SPRINGFIELD,MO,HOUSE_CORPORATION,48,MEDIUM_CONFIDENCE,"org name ""Kappa Alpha Order"" present as a phrase",same state only,,,REVIEW,IRS_EO_BMF
"University of Tennessee, Knoxville",Sigma Chi,IFC,SIGMA CHI CLARKSVILLE ALUMNI SCHOLARSHIP FOUNDATION INC,933925158,CLARKSVILLE,TN,SCHOLARSHIP_FOUNDATION,48,MEDIUM_CONFIDENCE,"org name ""Sigma Chi"" present as a phrase",same state only,,,REVIEW,IRS_EO_BMF
"University of Tennessee, Knoxville",Pi Kappa Alpha,IFC,EPSILON-SIGMA HOUSE CORPORATION OF THE PI KAPPA ALPHA FRATERNITY,237352958,MARTIN,TN,HOUSE_CORPORATION,48,MEDIUM_CONFIDENCE,"org name ""Pi Kappa Alpha"" present as a phrase",same state only,,,REVIEW,IRS_EO_BMF
University of Missouri,Theta Xi,IFC,GAMMA EPSILON ALUMNI ASSOCIATION OF THE THETA XI FRATERNITY,842174202,LAKE OZARK,MO,ALUMNI_CORPORATION,48,MEDIUM_CONFIDENCE,"org name ""Theta Xi"" present as a phrase",same state only,,,REVIEW,IRS_EO_BMF
University of Missouri,Alpha Chi Omega,Panhellenic,ALPHA CHI OMEGA HOUSE CORPORATION FOR PHI CHAPTER,486107595,KANSAS CITY,MO,HOUSE_CORPORATION,48,MEDIUM_CONFIDENCE,"org name ""Alpha Chi Omega"" present as a phrase",same state only,,,REVIEW,IRS_EO_BMF
University of Missouri,Lambda Chi Alpha,IFC,LAMBDA CHI ALPHA FRATERNITY PROPERTY MANAGEMENT CORPORATION,261710733,SAINT LOUIS,MO,PROPERTY_HOLDING_ENTITY,48,MEDIUM_CONFIDENCE,"org name ""Lambda Chi Alpha"" present as a phrase",same state only,,,REVIEW,IRS_EO_BMF
University of Missouri,Kappa Sigma,IFC,MU RHO CHAPTER OF KAPPA SIGMA FRATERNITY HOUSING CORPORATION,464532330,SAINT CHARLES,MO,HOUSE_CORPORATION,48,MEDIUM_CONFIDENCE,"org name ""Kappa Sigma"" present as a phrase",same state only,,,REVIEW,IRS_EO_BMF
University of Missouri,Kappa Alpha Psi,NPHC,EAST ST LOUIS ALUMNI CHAPTER OF KAPPA ALPHA PSI FRATERNITY INC,376048194,SAINT LOUIS,MO,ALUMNI_CORPORATION,48,MEDIUM_CONFIDENCE,"org name ""Kappa Alpha Psi"" present as a phrase",same state only,,,REVIEW,IRS_EO_BMF
University of Missouri,Sigma Chi,IFC,SIGMA CHI EDUCATIONAL FOUNDATION OF MISSOURI INC,481120253,SAINT LOUIS,MO,EDUCATIONAL_FOUNDATION,48,MEDIUM_CONFIDENCE,"org name ""Sigma Chi"" present as a phrase",same state only,,,REVIEW,IRS_EO_BMF
University of Missouri,Chi Omega,Panhellenic,LAMBDA ZETA CHAPTER OF CHI OMEGA HOUSE CORPORATION,562606095,KANSAS CITY,MO,HOUSE_CORPORATION,48,MEDIUM_CONFIDENCE,"org name ""Chi Omega"" present as a phrase",same state only,,,REVIEW,IRS_EO_BMF
University of Missouri,Alpha Phi,Panhellenic,ALPHA PHI HOUSE CORP-WASHINGTON UNI,431306751,CHESTERFIELD,MO,HOUSE_CORPORATION,48,MEDIUM_CONFIDENCE,"org name ""Alpha Phi"" present as a phrase",same state only,,,REVIEW,IRS_EO_BMF
University of Missouri,Phi Delta Theta,IFC,MISSOURI EPISLON OF PHI DELTA THETA EDUCATIONAL FOUNDATION INC,431412922,SPRINGFIELD,MO,EDUCATIONAL_FOUNDATION,48,MEDIUM_CONFIDENCE,"org name ""Phi Delta Theta"" present as a phrase",same state only,,,REVIEW,IRS_EO_BMF
University of Missouri,Phi Delta Theta,IFC,FULTON MISSOURI PHI DELTA THETA ALUMNI CLUB EDUCATIONAL FOUNDATIO,464248512,FULTON,MO,ALUMNI_CORPORATION,48,MEDIUM_CONFIDENCE,"org name ""Phi Delta Theta"" present as a phrase",same state only,,,REVIEW,IRS_EO_BMF
University of Missouri,Sigma Chi,IFC,SIGMA CHI HOUSE CORPORATION,431307232,ROLLA,MO,HOUSE_CORPORATION,48,MEDIUM_CONFIDENCE,"org name ""Sigma Chi"" present as a phrase",same state only,,,REVIEW,IRS_EO_BMF
University of Missouri,Kappa Alpha Theta,Panhellenic,KANSAS CITY KAPPA ALPHA THETA ALUMNAE FOUNDATION,461052903,KANSAS CITY,MO,EDUCATIONAL_FOUNDATION,48,MEDIUM_CONFIDENCE,"org name ""Kappa Alpha Theta"" present as a phrase",same state only,,,REVIEW,IRS_EO_BMF
University of Missouri,Alpha Gamma Rho,IFC,CENTRAL COAST ALPHA GAMMA RHO ALUMNI ASSOCIATION,237321954,BALLWIN,MO,ALUMNI_CORPORATION,48,MEDIUM_CONFIDENCE,"org name ""Alpha Gamma Rho"" present as a phrase",same state only,,,REVIEW,IRS_EO_BMF
University of Missouri,Theta Chi,IFC,IOTA MU CHAPTER OF THETA CHI FRATERNITY ALUMNI CORPORATION,273780605,SAINT CHARLES,MO,ALUMNI_CORPORATION,48,MEDIUM_CONFIDENCE,"org name ""Theta Chi"" present as a phrase",same state only,,,REVIEW,IRS_EO_BMF
University of Missouri,Alpha Gamma Rho,IFC,EDUCATIONAL FOUNDATION OF ALPHA GAMMA RHO,366158409,KANSAS CITY,MO,EDUCATIONAL_FOUNDATION,48,MEDIUM_CONFIDENCE,"org name ""Alpha Gamma Rho"" present as a phrase",same state only,,,REVIEW,IRS_EO_BMF
University of Missouri,Pi Beta Phi,Panhellenic,PI BETA PHI NY EPSILON HOUSE CORP,141666518,TOWN AND COUNTRY,MO,HOUSE_CORPORATION,48,MEDIUM_CONFIDENCE,"org name ""Pi Beta Phi"" present as a phrase",same state only,,,REVIEW,IRS_EO_BMF
University of Missouri,Pi Beta Phi,Panhellenic,PI BETA PHI FRATERNITY HOUSING CORPORATION,262511045,CHESTERFIELD,MO,HOUSE_CORPORATION,48,MEDIUM_CONFIDENCE,"org name ""Pi Beta Phi"" present as a phrase",same state only,,,REVIEW,IRS_EO_BMF
University of Missouri,Pi Beta Phi,Panhellenic,PI BETA PHI HOUSE CORPORATION OF BLOOMINGTON INDIANA,356007520,TWN AND CNTRY,MO,HOUSE_CORPORATION,48,MEDIUM_CONFIDENCE,"org name ""Pi Beta Phi"" present as a phrase",same state only,,,REVIEW,IRS_EO_BMF
University of Missouri,Pi Beta Phi,Panhellenic,KANSAS CITY PI BETA PHI SCHOLARSHIP AND SPECIAL NEEDS FUND,431459179,KANSAS CITY,MO,SCHOLARSHIP_FOUNDATION,48,MEDIUM_CONFIDENCE,"org name ""Pi Beta Phi"" present as a phrase",same state only,,,REVIEW,IRS_EO_BMF
University of Missouri,Pi Beta Phi,Panhellenic,PI BETA PHI FOUNDATION,431542735,CHESTERFIELD,MO,EDUCATIONAL_FOUNDATION,48,MEDIUM_CONFIDENCE,"org name ""Pi Beta Phi"" present as a phrase",same state only,,,REVIEW,IRS_EO_BMF
University of Missouri,Pi Beta Phi,Panhellenic,MISSOURI ALPHA CHAPTER OF PI BETA PHI HOUSE CORPORATION,431601713,CHESTERFIELD,MO,HOUSE_CORPORATION,48,MEDIUM_CONFIDENCE,"org name ""Pi Beta Phi"" present as a phrase",same state only,,,REVIEW,IRS_EO_BMF
University of Missouri,Pi Beta Phi,Panhellenic,MISSOURI GAMMA CHAPTER OF PI BETA PHI HOUSE ASSOCIATION INCORPORATED,436050307,SPRINGFIELD,MO,HOUSE_CORPORATION,48,MEDIUM_CONFIDENCE,"org name ""Pi Beta Phi"" present as a phrase",same state only,,,REVIEW,IRS_EO_BMF
University of Missouri,Pi Beta Phi,Panhellenic,FLORIDA EPSILON CHAPTER OF PI BETA PHI HOUSE CORPORATION INC,592076878,CHESTERFIELD,MO,HOUSE_CORPORATION,48,MEDIUM_CONFIDENCE,"org name ""Pi Beta Phi"" present as a phrase",same state only,,,REVIEW,IRS_EO_BMF
University of Missouri,Pi Beta Phi,Panhellenic,VIRGINIA ZETA CHAPTER OF PI BETA PHI HOUSE CORPORATION,541192484,TWN AND CNTRY,MO,HOUSE_CORPORATION,48,MEDIUM_CONFIDENCE,"org name ""Pi Beta Phi"" present as a phrase",same state only,,,REVIEW,IRS_EO_BMF
University of Missouri,Pi Beta Phi,Panhellenic,PI BETA PHI HOUSE CORP INC FLA BETA CHAPTER 294,596214591,CHESTERFIELD,MO,HOUSE_CORPORATION,48,MEDIUM_CONFIDENCE,"org name ""Pi Beta Phi"" present as a phrase",same state only,,,REVIEW,IRS_EO_BMF
"University of Tennessee, Knoxville",Sigma Chi,IFC,APPALACHIAN HIGHLANDS SIGMA CHI ALUMNI,992679396,GREENEVILLE,TN,ALUMNI_CORPORATION,48,MEDIUM_CONFIDENCE,"org name ""Sigma Chi"" present as a phrase",same state only,,,REVIEW,IRS_EO_BMF
"University of Tennessee, Knoxville",Alpha Delta Pi,Panhellenic,ALPHA DELTA PI HOUSE CORPORATION,621218011,NASHVILLE,TN,HOUSE_CORPORATION,48,MEDIUM_CONFIDENCE,"org name ""Alpha Delta Pi"" present as a phrase",same state only,,,REVIEW,IRS_EO_BMF
University of Missouri,Pi Beta Phi,Panhellenic,CALIFORNIA ZETA OF PI BETA PHI HOUSE ASSOCIATION INC,956099290,CHESTERFIELD,MO,HOUSE_CORPORATION,48,MEDIUM_CONFIDENCE,"org name ""Pi Beta Phi"" present as a phrase",same state only,,,REVIEW,IRS_EO_BMF
University of Missouri,Tau Kappa Epsilon,IFC,KAPPA NU ALUMNI ORGANIZATION OF TAU KAPPA EPSILON LIMITED,332858345,LEES SUMMIT,MO,ALUMNI_CORPORATION,48,MEDIUM_CONFIDENCE,"org name ""Tau Kappa Epsilon"" present as a phrase",same state only,,,REVIEW,IRS_EO_BMF
University of Oklahoma,Delta Delta Delta,Panhellenic,DELTA DELTA DELTA HOUSING CORPORATION THETA GAMMA CHAPTER,736103501,OKLAHOMA CITY,OK,HOUSE_CORPORATION,48,MEDIUM_CONFIDENCE,"org name ""Delta Delta Delta"" present as a phrase",same state only,,,REVIEW,IRS_EO_BMF
University of Oklahoma,Pi Kappa Alpha,IFC,PI KAPPA ALPHA BLDG CORP,736103172,TULSA,OK,PROPERTY_HOLDING_ENTITY,48,MEDIUM_CONFIDENCE,"org name ""Pi Kappa Alpha"" present as a phrase",same state only,,,REVIEW,IRS_EO_BMF
University of Oklahoma,Phi Delta Theta,IFC,OKLAHOMA BETA BUILDING ASSOCIATION OF PHI DELTA THETA,237221477,STILLWATER,OK,HOUSE_CORPORATION,48,MEDIUM_CONFIDENCE,"org name ""Phi Delta Theta"" present as a phrase",same state only,,,REVIEW,IRS_EO_BMF
University of Oklahoma,Kappa Sigma,IFC,GAMMA KAPPA OF KAPPA SIGMA FOUNDATION INC,731244914,OKLAHOMA CITY,OK,EDUCATIONAL_FOUNDATION,48,MEDIUM_CONFIDENCE,"org name ""Kappa Sigma"" present as a phrase",same state only,,,REVIEW,IRS_EO_BMF
University of Oklahoma,Pi Kappa Alpha,IFC,GAMMA CHI ALUMNI OF PI KAPPA ALPHA CORPORATION,822744777,MCALESTER,OK,ALUMNI_CORPORATION,48,MEDIUM_CONFIDENCE,"org name ""Pi Kappa Alpha"" present as a phrase",same state only,,,REVIEW,IRS_EO_BMF
University of Oklahoma,Kappa Alpha Psi,NPHC,THE LANGSTON ALUMNI CHAPTER OF KAPPA ALPHA PSI FRATERNITY,237279499,EDMOND,OK,ALUMNI_CORPORATION,48,MEDIUM_CONFIDENCE,"org name ""Kappa Alpha Psi"" present as a phrase",same state only,,,REVIEW,IRS_EO_BMF
University of Oklahoma,Pi Beta Phi,Panhellenic,PI BETA PHI FOUNDATION OF OKC,275157927,OKLAHOMA CITY,OK,EDUCATIONAL_FOUNDATION,48,MEDIUM_CONFIDENCE,"org name ""Pi Beta Phi"" present as a phrase",same state only,,,REVIEW,IRS_EO_BMF
University of Oklahoma,Delta Tau Delta,IFC,DELTA ALPHA OF DELTA TAU DELTA BUILDING CORPORATION,731289428,OKLAHOMA CITY,OK,HOUSE_CORPORATION,48,MEDIUM_CONFIDENCE,"org name ""Delta Tau Delta"" present as a phrase",same state only,,,REVIEW,IRS_EO_BMF
University of Oklahoma,Sigma Chi,IFC,THE GAMMA DELTA CHAPTER OF SIGMA CHI HOUSE CORPORATION,730583123,DURANT,OK,HOUSE_CORPORATION,48,MEDIUM_CONFIDENCE,"org name ""Sigma Chi"" present as a phrase",same state only,,,REVIEW,IRS_EO_BMF
University of Oklahoma,Kappa Alpha Psi,NPHC,LAWTON-FORT SILL ALUMNI CHAPTER OF KAPPA ALPHA PSI FRATERNITY INC,473468592,LAWTON,OK,ALUMNI_CORPORATION,48,MEDIUM_CONFIDENCE,"org name ""Kappa Alpha Psi"" present as a phrase",same state only,,,REVIEW,IRS_EO_BMF
University of Oklahoma,Sigma Nu,IFC,EPSILON EPSILON BUILDING CORPORATION OF SIGMA NU,237093133,TULSA,OK,HOUSE_CORPORATION,48,MEDIUM_CONFIDENCE,"org name ""Sigma Nu"" present as a phrase",same state only,,,REVIEW,IRS_EO_BMF
University of Oklahoma,Sigma Phi Epsilon,IFC,OKLAHOMA BETA OF SIGMA PHI EPSILON ALUMNI CORPORATION,465602096,EDMOND,OK,ALUMNI_CORPORATION,48,MEDIUM_CONFIDENCE,"org name ""Sigma Phi Epsilon"" present as a phrase",same state only,,,REVIEW,IRS_EO_BMF
University of Oklahoma,Alpha Phi Alpha,NPHC,BETA ETA LAMBDA SCHOLARSHIP FOUNDATION OF ALPHA PHI ALPHA,731546511,OKLAHOMA CITY,OK,SCHOLARSHIP_FOUNDATION,48,MEDIUM_CONFIDENCE,"org name ""Alpha Phi Alpha"" present as a phrase",same state only,,,REVIEW,IRS_EO_BMF
University of Oklahoma,Kappa Kappa Gamma,Panhellenic,DELTA SIGMA HOUSE CORPORATION OF KAPPA KAPPA GAMMA FRATERNITY,730966189,STILLWATER,OK,HOUSE_CORPORATION,48,MEDIUM_CONFIDENCE,"org name ""Kappa Kappa Gamma"" present as a phrase",same state only,,,REVIEW,IRS_EO_BMF
University of Oklahoma,Sigma Phi Epsilon,IFC,OKLAHOMA ALPHA OF SIGMA PHI EPSILON ALUMNI CORPORATION,261207792,OKLAHOMA CITY,OK,ALUMNI_CORPORATION,48,MEDIUM_CONFIDENCE,"org name ""Sigma Phi Epsilon"" present as a phrase",same state only,,,REVIEW,IRS_EO_BMF
University of Oklahoma,Chi Omega,Panhellenic,CHI OMEGA ALUMNAE TAU BETA CHAPTER,736096860,STILLWATER,OK,ALUMNI_CORPORATION,48,MEDIUM_CONFIDENCE,"org name ""Chi Omega"" present as a phrase",same state only,,,REVIEW,IRS_EO_BMF
University of Oklahoma,Kappa Alpha Theta,Panhellenic,BETA ZETA ALUMNAE CORPORATION KAPPA ALPHA THETA,736097296,STILLWATER,OK,ALUMNI_CORPORATION,48,MEDIUM_CONFIDENCE,"org name ""Kappa Alpha Theta"" present as a phrase",same state only,,,REVIEW,IRS_EO_BMF
University of Oklahoma,Chi Omega,Panhellenic,THE EPSILON ALPHA CHAPTER OF CHI OMEGA EDUCATIONAL FOUNDATION INC,731386303,EDMOND,OK,EDUCATIONAL_FOUNDATION,48,MEDIUM_CONFIDENCE,"org name ""Chi Omega"" present as a phrase",same state only,,,REVIEW,IRS_EO_BMF
University of Mississippi,Phi Kappa Tau,IFC,PHI KAPPA TAU HOUSE CORP,646022216,STARKVILLE,MS,HOUSE_CORPORATION,48,MEDIUM_CONFIDENCE,"org name ""Phi Kappa Tau"" present as a phrase",same state only,,,REVIEW,IRS_EO_BMF
University of Mississippi,Kappa Alpha Psi,NPHC,CANTON-MADISON ALUMNI CHAPTER OF KAPPA ALPHA PSI FRATERNITY INC,460511327,RIDGELAND,MS,ALUMNI_CORPORATION,48,MEDIUM_CONFIDENCE,"org name ""Kappa Alpha Psi"" present as a phrase",same state only,,,REVIEW,IRS_EO_BMF
University of Oklahoma,Kappa Alpha Theta,Panhellenic,OKLAHOMA CITY KAPPA ALPHA THETA ALUMNAE FOUNDATION INC,731255002,OKLAHOMA CITY,OK,EDUCATIONAL_FOUNDATION,48,MEDIUM_CONFIDENCE,"org name ""Kappa Alpha Theta"" present as a phrase",same state only,,,REVIEW,IRS_EO_BMF
University of Mississippi,Phi Kappa Tau,IFC,ALPHA CHI CHAPTER OF PHI KAPPA TAU AFFORDABLE HOUSING AND SCHOLARSHIP,992891533,STARKVILLE,MS,SCHOLARSHIP_FOUNDATION,48,MEDIUM_CONFIDENCE,"org name ""Phi Kappa Tau"" present as a phrase",same state only,,,REVIEW,IRS_EO_BMF
University of Mississippi,Kappa Delta,Panhellenic,DELTA OMEGA CHAPTER HOUSE CORPORATION OF KAPPA DELTA,640868872,STARKVILLE,MS,HOUSE_CORPORATION,48,MEDIUM_CONFIDENCE,"org name ""Kappa Delta"" present as a phrase",same state only,,,REVIEW,IRS_EO_BMF
University of Mississippi,Kappa Alpha Psi,NPHC,VICKSBURG ALUMNI CHAPTER OF KAPPA ALPHA PSI,521601956,VICKSBURG,MS,ALUMNI_CORPORATION,48,MEDIUM_CONFIDENCE,"org name ""Kappa Alpha Psi"" present as a phrase",same state only,,,REVIEW,IRS_EO_BMF
"University of Tennessee, Knoxville",Pi Kappa Alpha,IFC,PI KAPPA ALPHA FOUNDATION,626039877,MEMPHIS,TN,EDUCATIONAL_FOUNDATION,48,MEDIUM_CONFIDENCE,"org name ""Pi Kappa Alpha"" present as a phrase",same state only,,,REVIEW,IRS_EO_BMF
University of Mississippi,Kappa Sigma,IFC,THE DELTA CHI OF KAPPA SIGMA ALUMNI HOUSE CORPORATION,203849680,JACKSON,MS,HOUSE_CORPORATION,48,MEDIUM_CONFIDENCE,"org name ""Kappa Sigma"" present as a phrase",same state only,,,REVIEW,IRS_EO_BMF
University of Mississippi,Kappa Sigma,IFC,KAPPA SIGMA FOUNDATION OF OLE MISS,394464826,UNIVERSITY,MS,EDUCATIONAL_FOUNDATION,48,MEDIUM_CONFIDENCE,"org name ""Kappa Sigma"" present as a phrase",same state only,,,REVIEW,IRS_EO_BMF
University of Mississippi,Kappa Sigma,IFC,EPSILON NU CHAPTER OF KAPPA SIGMA HOUSE CORPORATION,842394161,HATTIESBURG,MS,HOUSE_CORPORATION,48,MEDIUM_CONFIDENCE,"org name ""Kappa Sigma"" present as a phrase",same state only,,,REVIEW,IRS_EO_BMF
University of Mississippi,Omega Psi Phi,NPHC,BETA RHO FOUNDATION OF THE OMEGA PSI PHI FRATERNITY INC,364718197,ITTA BENA,MS,EDUCATIONAL_FOUNDATION,48,MEDIUM_CONFIDENCE,"org name ""Omega Psi Phi"" present as a phrase",same state only,,,REVIEW,IRS_EO_BMF
University of Mississippi,Chi Omega,Panhellenic,HOUSE CORPORATION OF CHI DELTA CHAPTER OF CHI OMEGA FRATERNITY,300623897,JACKSON,MS,HOUSE_CORPORATION,48,MEDIUM_CONFIDENCE,"org name ""Chi Omega"" present as a phrase",same state only,,,REVIEW,IRS_EO_BMF
University of Mississippi,Chi Omega,Panhellenic,EPSILON DELTA CHAPTER OF THE CHI OMEGA FRATERNITY HOUSE CORPORATION,640709788,HATTIESBURG,MS,HOUSE_CORPORATION,48,MEDIUM_CONFIDENCE,"org name ""Chi Omega"" present as a phrase",same state only,,,REVIEW,IRS_EO_BMF
University of Mississippi,Alpha Delta Pi,Panhellenic,EPSILON ETA CHAPTER OF ALPHA DELTA PI HOUSE CORPORATION,463935848,MS STATE,MS,HOUSE_CORPORATION,48,MEDIUM_CONFIDENCE,"org name ""Alpha Delta Pi"" present as a phrase",same state only,,,REVIEW,IRS_EO_BMF
University of Mississippi,Alpha Tau Omega,IFC,ALPHA TAU OMEGA HOUSE CORPORATION INC,640347323,BRANDON,MS,HOUSE_CORPORATION,48,MEDIUM_CONFIDENCE,"org name ""Alpha Tau Omega"" present as a phrase",same state only,in group 0287 (unverified),,REVIEW,IRS_EO_BMF
University of South Carolina,Pi Kappa Phi,IFC,PI KAPPA PHI ZA ALUMNI CHAPTER,474800531,MYRTLE BEACH,SC,ALUMNI_CORPORATION,48,MEDIUM_CONFIDENCE,"org name ""Pi Kappa Phi"" present as a phrase",same state only,,,REVIEW,IRS_EO_BMF
University of South Carolina,Alpha Delta Pi,Panhellenic,ZETA TAU CHAPTER HOUSING CORP FOR ALPHA DELTA PI,570757347,ROCK HILL,SC,HOUSE_CORPORATION,48,MEDIUM_CONFIDENCE,"org name ""Alpha Delta Pi"" present as a phrase",same state only,,,REVIEW,IRS_EO_BMF
University of South Carolina,Kappa Alpha Psi,NPHC,SPARTANBURG ALUMNI OF KAPPA ALPHA PSI FRATERNITY INC,260072457,CAMDEN,SC,ALUMNI_CORPORATION,48,MEDIUM_CONFIDENCE,"org name ""Kappa Alpha Psi"" present as a phrase",same state only,,,REVIEW,IRS_EO_BMF
University of South Carolina,Kappa Alpha Psi,NPHC,ROCK HILL ALUMNI CHAPTER OF KAPPA ALPHA PSI FRATERNITY FOUNDATION,461526827,ROCK HILL,SC,EDUCATIONAL_FOUNDATION,48,MEDIUM_CONFIDENCE,"org name ""Kappa Alpha Psi"" present as a phrase",same state only,,,REVIEW,IRS_EO_BMF
University of South Carolina,Chi Omega,Panhellenic,CHI LAMBDA OF CHI OMEGA FRATERNITY HOUSE CORPORATION,201322273,ROCK HILL,SC,HOUSE_CORPORATION,48,MEDIUM_CONFIDENCE,"org name ""Chi Omega"" present as a phrase",same state only,,,REVIEW,IRS_EO_BMF
University of South Carolina,Chi Omega,Panhellenic,EPSILON LAMBDA HOUSE CORPORATION OF CHI OMEGA,571082156,GREENVILLE,SC,HOUSE_CORPORATION,48,MEDIUM_CONFIDENCE,"org name ""Chi Omega"" present as a phrase",same state only,,,REVIEW,IRS_EO_BMF
University of South Carolina,Alpha Delta Pi,Panhellenic,ZETA NU CHAPTER ALUMNAE ASSOCIATION OF ALPHA DELTA PI,820691803,CLEMSON,SC,ALUMNI_CORPORATION,48,MEDIUM_CONFIDENCE,"org name ""Alpha Delta Pi"" present as a phrase",same state only,,,REVIEW,IRS_EO_BMF
University of South Carolina,Pi Kappa Phi,IFC,CHARLESTON ALUMNI CHAPTER OF PI KAPPA PHI FRATERNITY,452487936,CHARLESTON,SC,ALUMNI_CORPORATION,48,MEDIUM_CONFIDENCE,"org name ""Pi Kappa Phi"" present as a phrase",same state only,,,REVIEW,IRS_EO_BMF
University of South Carolina,Pi Kappa Phi,IFC,ETA PI ALUMNI CHAPTER OF PI KAPPA PHI,815464499,MYRTLE BEACH,SC,ALUMNI_CORPORATION,48,MEDIUM_CONFIDENCE,"org name ""Pi Kappa Phi"" present as a phrase",same state only,,,REVIEW,IRS_EO_BMF
University of South Carolina,Kappa Alpha Psi,NPHC,KAPPA ALPHA PSI FRATERNITY AIKEN ALUMNI CHAPTER,510161899,AIKEN,SC,ALUMNI_CORPORATION,48,MEDIUM_CONFIDENCE,"org name ""Kappa Alpha Psi"" present as a phrase",same state only,in group 1372 (unverified),,REVIEW,IRS_EO_BMF
University of South Carolina,Kappa Alpha Psi,NPHC,KINGSTREE ALUMNI CHAPTER OF KAPPA ALPHA PSI FRATERNITY INC,576029858,FLORENCE,SC,ALUMNI_CORPORATION,48,MEDIUM_CONFIDENCE,"org name ""Kappa Alpha Psi"" present as a phrase",same state only,,,REVIEW,IRS_EO_BMF
University of South Carolina,Phi Delta Theta,IFC,PHI DELTA THETA SC GAMMA ALUMNI ASSOCIATION INC,853295026,SENECA,SC,ALUMNI_CORPORATION,48,MEDIUM_CONFIDENCE,"org name ""Phi Delta Theta"" present as a phrase",same state only,,,REVIEW,IRS_EO_BMF
University of South Carolina,Phi Beta Sigma,NPHC,PHI BETA SIGMA SOUTHEAST FOUNDATION,994319733,N CHARLESTON,SC,EDUCATIONAL_FOUNDATION,48,MEDIUM_CONFIDENCE,"org name ""Phi Beta Sigma"" present as a phrase",same state only,,,REVIEW,IRS_EO_BMF
University of South Carolina,Sigma Chi,IFC,ETA THETA CHAPPTER HOUSE CORPORATION SIGMA CHI FRATERNITY,320713418,LANCASTER,SC,HOUSE_CORPORATION,48,MEDIUM_CONFIDENCE,"org name ""Sigma Chi"" present as a phrase",same state only,,,REVIEW,IRS_EO_BMF
University of South Carolina,Sigma Chi,IFC,SIGMA CHI HOUSE CORPORATION OF TRI-CITIES INC,621671363,EASLEY,SC,HOUSE_CORPORATION,48,MEDIUM_CONFIDENCE,"org name ""Sigma Chi"" present as a phrase",same state only,,,REVIEW,IRS_EO_BMF
University of South Carolina,Kappa Kappa Gamma,Panhellenic,ZETA PHI HOUSE CORPORATION OF KAPPA KAPPA GAMMA,223291139,AIKEN,SC,HOUSE_CORPORATION,48,MEDIUM_CONFIDENCE,"org name ""Kappa Kappa Gamma"" present as a phrase",same state only,,,REVIEW,IRS_EO_BMF
University of South Carolina,Kappa Kappa Gamma,Panhellenic,EPSILON MU HOUSE CORPORATION OF KAPPA KAPPA GAMMA FRATERNITY,570782111,GREENVILLE,SC,HOUSE_CORPORATION,48,MEDIUM_CONFIDENCE,"org name ""Kappa Kappa Gamma"" present as a phrase",same state only,,,REVIEW,IRS_EO_BMF
"University of Tennessee, Knoxville",Kappa Sigma,IFC,TTU KAPPA SIGMA ALUMNI ASSOCIATION,413791542,COOKEVILLE,TN,ALUMNI_CORPORATION,48,MEDIUM_CONFIDENCE,"org name ""Kappa Sigma"" present as a phrase",same state only,,,REVIEW,IRS_EO_BMF
"University of Tennessee, Knoxville",Alpha Omicron Pi,Panhellenic,ALPHA OMICRON PI - GAINESVILLE ALUMNAE CHAPTER,413899890,BRENTWOOD,TN,ALUMNI_CORPORATION,48,MEDIUM_CONFIDENCE,"org name ""Alpha Omicron Pi"" present as a phrase",same state only,in group 0190 (unverified),,REVIEW,IRS_EO_BMF
"University of Tennessee, Knoxville",Alpha Omicron Pi,Panhellenic,ALPHA OMICRON PI - STILLWATER AREA ALUMNAE CHAPTER,413929092,BRENTWOOD,TN,ALUMNI_CORPORATION,48,MEDIUM_CONFIDENCE,"org name ""Alpha Omicron Pi"" present as a phrase",same state only,in group 0190 (unverified),,REVIEW,IRS_EO_BMF
"University of Tennessee, Knoxville",Alpha Omicron Pi,Panhellenic,ALPHA OMICRON PI FOUNDATION,581343315,BRENTWOOD,TN,EDUCATIONAL_FOUNDATION,48,MEDIUM_CONFIDENCE,"org name ""Alpha Omicron Pi"" present as a phrase",same state only,,,REVIEW,IRS_EO_BMF
Vanderbilt University,Alpha Omicron Pi,Panhellenic,ALPHA OMICRON PI - FORT WORTH AREA ALUMNAE,851956666,BRENTWOOD,TN,ALUMNI_CORPORATION,48,MEDIUM_CONFIDENCE,"org name ""Alpha Omicron Pi"" present as a phrase",same state only,in group 0190 (unverified),,REVIEW,IRS_EO_BMF
"University of Tennessee, Knoxville",Alpha Omicron Pi,Panhellenic,ALPHA OMICRON PI - FORT WORTH AREA ALUMNAE,851956666,BRENTWOOD,TN,ALUMNI_CORPORATION,48,MEDIUM_CONFIDENCE,"org name ""Alpha Omicron Pi"" present as a phrase",same state only,in group 0190 (unverified),,REVIEW,IRS_EO_BMF
"University of Tennessee, Knoxville",Kappa Delta,Panhellenic,ZETA OMEGA HOUSE CORPORATION OF KAPPA DELTA SORORITY INC,270145918,BARTLETT,TN,HOUSE_CORPORATION,48,MEDIUM_CONFIDENCE,"org name ""Kappa Delta"" present as a phrase",same state only,,,REVIEW,IRS_EO_BMF
"University of Tennessee, Knoxville",Kappa Delta,Panhellenic,BETA TAU HOUSE CORPORATION OF KAPPA DELTA SORORITY,621466616,NASHVILLE,TN,HOUSE_CORPORATION,48,MEDIUM_CONFIDENCE,"org name ""Kappa Delta"" present as a phrase",same state only,,,REVIEW,IRS_EO_BMF
"University of Tennessee, Knoxville",Kappa Alpha Psi,NPHC,MEMPHIS ALUMNI CHAPTER-KAPPA ALPHA PSI FRATERNITY,237279510,CORDOVA,TN,ALUMNI_CORPORATION,48,MEDIUM_CONFIDENCE,"org name ""Kappa Alpha Psi"" present as a phrase",same state only,,,REVIEW,IRS_EO_BMF
"University of Tennessee, Knoxville",Kappa Alpha Psi,NPHC,THETA BETA ALUMNI ASSOCIATION OF KAPPA ALPHA PSI FRATERNITY INC,883316021,CLARKSVILLE,TN,ALUMNI_CORPORATION,48,MEDIUM_CONFIDENCE,"org name ""Kappa Alpha Psi"" present as a phrase",same state only,,,REVIEW,IRS_EO_BMF
"University of Tennessee, Knoxville",Pi Beta Phi,Panhellenic,TENNESSEE GAMMA CHAPTER OF PI BETA PHI HOUSE CORPORATION,455540840,KINGSPORT,TN,HOUSE_CORPORATION,48,MEDIUM_CONFIDENCE,"org name ""Pi Beta Phi"" present as a phrase",same state only,,,REVIEW,IRS_EO_BMF
"University of Tennessee, Knoxville",Sigma Phi Epsilon,IFC,TENNESSEE ETA ALUMNI CORPORATION OF SIGMA PHI EPSILON FRATERNITY,621620166,CLARKSVILLE,TN,ALUMNI_CORPORATION,48,MEDIUM_CONFIDENCE,"org name ""Sigma Phi Epsilon"" present as a phrase",same state only,,,REVIEW,IRS_EO_BMF
"University of Tennessee, Knoxville",Chi Omega,Panhellenic,HOUSE CORPORATION UPSILON OF CHI OMEGA,621212423,JACKSON,TN,HOUSE_CORPORATION,48,MEDIUM_CONFIDENCE,"org name ""Chi Omega"" present as a phrase",same state only,,,REVIEW,IRS_EO_BMF
"University of Tennessee, Knoxville",Chi Omega,Panhellenic,CHI OMEGA HOUSE CORPORATION,621729276,MURFREESBORO,TN,HOUSE_CORPORATION,48,MEDIUM_CONFIDENCE,"org name ""Chi Omega"" present as a phrase",same state only,,,REVIEW,IRS_EO_BMF
"University of Tennessee, Knoxville",Alpha Omicron Pi,Panhellenic,ALPHA OMICRON PI - CLARKSVILLE-HOPKINSVILLE ALUMNAE C,994585033,BRENTWOOD,TN,ALUMNI_CORPORATION,48,MEDIUM_CONFIDENCE,"org name ""Alpha Omicron Pi"" present as a phrase",same state only,in group 0190 (unverified),,REVIEW,IRS_EO_BMF
"University of Tennessee, Knoxville",Kappa Alpha Psi,NPHC,KAPPA ALPHA PSI FRATERNITY INC HENDERSONVILLE ALUMNI CHAPTER,521976865,HENDERSONVLLE,TN,ALUMNI_CORPORATION,48,MEDIUM_CONFIDENCE,"org name ""Kappa Alpha Psi"" present as a phrase",same state only,,,REVIEW,IRS_EO_BMF
"University of Tennessee, Knoxville",Pi Beta Phi,Panhellenic,PI BETA PHI NASHVILLE HOUSE CORPORATION,626105953,FRANKLIN,TN,HOUSE_CORPORATION,48,MEDIUM_CONFIDENCE,"org name ""Pi Beta Phi"" present as a phrase",same state only,,,REVIEW,IRS_EO_BMF
"University of Tennessee, Knoxville",Kappa Alpha Order,IFC,KAPPA ALPHA FRATERNITY HOUSING CORPORATION OF MEMPHIS,581592900,GERMANTOWN,TN,HOUSE_CORPORATION,48,MEDIUM_CONFIDENCE,"org name ""Kappa Alpha Order"" present as a phrase",same state only,,,REVIEW,IRS_EO_BMF
"University of Tennessee, Knoxville",Chi Omega,Panhellenic,CHI OMEGA FOUNDATION,310936294,MEMPHIS,TN,EDUCATIONAL_FOUNDATION,48,MEDIUM_CONFIDENCE,"org name ""Chi Omega"" present as a phrase",same state only,,,REVIEW,IRS_EO_BMF
"University of Tennessee, Knoxville",Chi Omega,Panhellenic,CHATTANOOGA CHI OMEGA ALUMNAE HOUSE CORP,591778634,CHATTANOOGA,TN,HOUSE_CORPORATION,48,MEDIUM_CONFIDENCE,"org name ""Chi Omega"" present as a phrase",same state only,,,REVIEW,IRS_EO_BMF
"University of Tennessee, Knoxville",Kappa Delta,Panhellenic,KAPPA DELTA FOUNDATION INC,840880886,MEMPHIS,TN,EDUCATIONAL_FOUNDATION,48,MEDIUM_CONFIDENCE,"org name ""Kappa Delta"" present as a phrase",same state only,,,REVIEW,IRS_EO_BMF
"University of Tennessee, Knoxville",Sigma Kappa,Panhellenic,SIGMA KAPPA NATIONAL HOUSING CORPORATION,582081034,CHATTANOOGA,TN,HOUSE_CORPORATION,48,MEDIUM_CONFIDENCE,"org name ""Sigma Kappa"" present as a phrase",same state only,in group 5214 (unverified),,REVIEW,IRS_EO_BMF
"University of Tennessee, Knoxville",Kappa Alpha Psi,NPHC,HOPKINSVILLE-FORT CAMPBELL KY ALUMNI CHAPTER OF KAPPA ALPHA PSI,237279488,CLARKSVILLE,TN,ALUMNI_CORPORATION,48,MEDIUM_CONFIDENCE,"org name ""Kappa Alpha Psi"" present as a phrase",same state only,,,REVIEW,IRS_EO_BMF
"University of Tennessee, Knoxville",Kappa Alpha Psi,NPHC,NASHVILLE ALUMNI CHAPTER KAPPA ALPHA PSI FRATERNITY INC,237279516,NASHVILLE,TN,ALUMNI_CORPORATION,48,MEDIUM_CONFIDENCE,"org name ""Kappa Alpha Psi"" present as a phrase",same state only,,,REVIEW,IRS_EO_BMF
"University of Tennessee, Knoxville",Pi Beta Phi,Panhellenic,PI BETA PHI HOUSE ASSOCIATION INC,626050069,HERMITAGE,TN,HOUSE_CORPORATION,48,MEDIUM_CONFIDENCE,"org name ""Pi Beta Phi"" present as a phrase",same state only,,,REVIEW,IRS_EO_BMF
"University of Tennessee, Knoxville",Kappa Alpha Order,IFC,ALPHA EPSILON HOUSING CORPORATION OF KAPPA ALPHA ORDER,263108754,MEMPHIS,TN,HOUSE_CORPORATION,48,MEDIUM_CONFIDENCE,"org name ""Kappa Alpha Order"" present as a phrase",same state only,,,REVIEW,IRS_EO_BMF
"University of Tennessee, Knoxville",Sigma Phi Epsilon,IFC,ALUMNI TRUSTEES OF TENNESSEE BETA CHAPTER OF SIGMA PHI EPSILON,621497293,MEMPHIS,TN,ALUMNI_CORPORATION,48,MEDIUM_CONFIDENCE,"org name ""Sigma Phi Epsilon"" present as a phrase",same state only,,,REVIEW,IRS_EO_BMF
"University of Tennessee, Knoxville",Chi Omega,Panhellenic,CHI OMEGA HOUSE CORPORATION,621243814,FRANKLIN,TN,HOUSE_CORPORATION,48,MEDIUM_CONFIDENCE,"org name ""Chi Omega"" present as a phrase",same state only,,,REVIEW,IRS_EO_BMF
"University of Tennessee, Knoxville",Kappa Kappa Gamma,Panhellenic,EPSILON LAMBDA HOUSE CORPORATION OF KAPPA KAPPA GAMMA FRATERNITY,581336642,ALCOA,TN,HOUSE_CORPORATION,48,MEDIUM_CONFIDENCE,"org name ""Kappa Kappa Gamma"" present as a phrase",same state only,,,REVIEW,IRS_EO_BMF
University of Texas at Austin,Sigma Phi Epsilon,IFC,SIGMA PHI EPSILON EDUCATION FOUNDATION TEXAS ETA,334088080,JERSEY VLG,TX,EDUCATIONAL_FOUNDATION,48,MEDIUM_CONFIDENCE,"org name ""Sigma Phi Epsilon"" present as a phrase",same state only,,,REVIEW,IRS_EO_BMF
University of Texas at Austin,Sigma Phi Epsilon,IFC,SIGMA PHI EPSILON ALUMNI AND VOLUNTEER AVC AT SAM HOUSTON STATE,464394022,RICHMOND,TX,ALUMNI_CORPORATION,48,MEDIUM_CONFIDENCE,"org name ""Sigma Phi Epsilon"" present as a phrase",same state only,,,REVIEW,IRS_EO_BMF
University of Texas at Austin,Sigma Gamma Rho,NPHC,ALPHA THETA SIGMA ALUMNAE CHAPTER OF SIGMA GAMMA RHO SORORITY INC,746084907,LEAGUE CITY,TX,ALUMNI_CORPORATION,48,MEDIUM_CONFIDENCE,"org name ""Sigma Gamma Rho"" present as a phrase",same state only,,,REVIEW,IRS_EO_BMF
University of Texas at Austin,Delta Delta Delta,Panhellenic,PHI ETA HOUSE CORPORATION OF DELTA DELTA DELTA SORORITY,237328233,LUBBOCK,TX,HOUSE_CORPORATION,48,MEDIUM_CONFIDENCE,"org name ""Delta Delta Delta"" present as a phrase",same state only,,,REVIEW,IRS_EO_BMF
University of Texas at Austin,Delta Delta Delta,Panhellenic,FORT WORTH DELTA DELTA DELTA ALUMNAE CHARITIES,264761468,DALLAS,TX,ALUMNI_CORPORATION,48,MEDIUM_CONFIDENCE,"org name ""Delta Delta Delta"" present as a phrase",same state only,,,REVIEW,IRS_EO_BMF
University of Texas at Austin,Delta Delta Delta,Panhellenic,DELTA DELTA DELTA NATIONAL HOUSE CORPORATION,471824672,DALLAS,TX,HOUSE_CORPORATION,48,MEDIUM_CONFIDENCE,"org name ""Delta Delta Delta"" present as a phrase",same state only,in group 7186 (unverified),,REVIEW,IRS_EO_BMF
University of Texas at Austin,Delta Delta Delta,Panhellenic,THETA EPSILON CHAPTER HOUSE CORPORATION OF DELTA DELTA DELTA,742238155,GEORGETOWN,TX,HOUSE_CORPORATION,48,MEDIUM_CONFIDENCE,"org name ""Delta Delta Delta"" present as a phrase",same state only,,,REVIEW,IRS_EO_BMF
University of Texas at Austin,Delta Delta Delta,Panhellenic,DELTA DELTA DELTA NATIONAL HOUSE CORPORATION,752483087,DALLAS,TX,HOUSE_CORPORATION,48,MEDIUM_CONFIDENCE,"org name ""Delta Delta Delta"" present as a phrase",same state only,,,REVIEW,IRS_EO_BMF
University of Texas at Austin,Sigma Phi Epsilon,IFC,SIGMA PHI EPSILON NEW YORK CHI ALUMNI ASSOCIATION INC,262710856,HOUSTON,TX,ALUMNI_CORPORATION,48,MEDIUM_CONFIDENCE,"org name ""Sigma Phi Epsilon"" present as a phrase",same state only,,,REVIEW,IRS_EO_BMF
University of Texas at Austin,Sigma Phi Epsilon,IFC,EAST CAROLINA COLLEGE ALUMNI CORPORATION OF SIGMA PHI EPSILON,566054158,DALLAS,TX,ALUMNI_CORPORATION,48,MEDIUM_CONFIDENCE,"org name ""Sigma Phi Epsilon"" present as a phrase",same state only,,,REVIEW,IRS_EO_BMF
University of Texas at Austin,Sigma Phi Epsilon,IFC,TEXAS KAPPA ALUMNI CORPORATION OF SIGMA PHI EPSILON,922575416,ARLINGTON,TX,ALUMNI_CORPORATION,48,MEDIUM_CONFIDENCE,"org name ""Sigma Phi Epsilon"" present as a phrase",same state only,,,REVIEW,IRS_EO_BMF
University of Texas at Austin,Kappa Alpha Order,IFC,KAPPA ALPHA ORDER-GAMMA SIGMA HOUSING CORP,751663604,AMARILLO,TX,HOUSE_CORPORATION,48,MEDIUM_CONFIDENCE,"org name ""Kappa Alpha Order"" present as a phrase",same state only,,,REVIEW,IRS_EO_BMF
University of Texas at Austin,Delta Delta Delta,Panhellenic,DELTA DELTA DELTA NATIONAL HOUSE COPORATION,202313857,DALLAS,TX,PROPERTY_HOLDING_ENTITY,48,MEDIUM_CONFIDENCE,"org name ""Delta Delta Delta"" present as a phrase",same state only,in group 7186 (unverified),,REVIEW,IRS_EO_BMF
University of Texas at Austin,Delta Delta Delta,Panhellenic,THETA UPSILON HOUSE CORPORATION OF DELTA DELTA DELTA FRATERNITY,237438731,DALLAS,TX,HOUSE_CORPORATION,48,MEDIUM_CONFIDENCE,"org name ""Delta Delta Delta"" present as a phrase",same state only,,,REVIEW,IRS_EO_BMF
University of Texas at Austin,Delta Delta Delta,Panhellenic,DELTA DELTA DELTA NATIONAL HOUSE CORPORATION,316050901,DALLAS,TX,HOUSE_CORPORATION,48,MEDIUM_CONFIDENCE,"org name ""Delta Delta Delta"" present as a phrase",same state only,in group 7186 (unverified),,REVIEW,IRS_EO_BMF
University of Texas at Austin,Delta Delta Delta,Panhellenic,ST LOUIS ALUMNAE CHAPTER OF DELTA DELTA DELTA,472220370,DALLAS,TX,ALUMNI_CORPORATION,48,MEDIUM_CONFIDENCE,"org name ""Delta Delta Delta"" present as a phrase",same state only,,,REVIEW,IRS_EO_BMF
University of Texas at Austin,Delta Delta Delta,Panhellenic,DELTA DELTA DELTA FRATERNITY BETA TAU HOUSE CORPORATION,741997526,WACO,TX,HOUSE_CORPORATION,48,MEDIUM_CONFIDENCE,"org name ""Delta Delta Delta"" present as a phrase",same state only,,,REVIEW,IRS_EO_BMF
University of Texas at Austin,Delta Delta Delta,Panhellenic,DELTA DELTA DELTA FOUNDATION,752184529,DALLAS,TX,EDUCATIONAL_FOUNDATION,48,MEDIUM_CONFIDENCE,"org name ""Delta Delta Delta"" present as a phrase",same state only,,,REVIEW,IRS_EO_BMF
University of Texas at Austin,Delta Delta Delta,Panhellenic,DELTA DELTA DELTA NATIONAL HOUSE CORPORATION,752551811,DALLAS,TX,HOUSE_CORPORATION,48,MEDIUM_CONFIDENCE,"org name ""Delta Delta Delta"" present as a phrase",same state only,in group 7186 (unverified),,REVIEW,IRS_EO_BMF
University of Texas at Austin,Delta Delta Delta,Panhellenic,DELTA DELTA DELTA NHC,900333492,DALLAS,TX,PROPERTY_HOLDING_ENTITY,48,MEDIUM_CONFIDENCE,"org name ""Delta Delta Delta"" present as a phrase",same state only,in group 7186 (unverified),,REVIEW,IRS_EO_BMF
University of Texas at Austin,Delta Delta Delta,Panhellenic,DELTA DELTA DELTA NATIONAL HOUSE CO,261281946,DALLAS,TX,PROPERTY_HOLDING_ENTITY,48,MEDIUM_CONFIDENCE,"org name ""Delta Delta Delta"" present as a phrase",same state only,in group 7186 (unverified),,REVIEW,IRS_EO_BMF
University of Texas at Austin,Delta Delta Delta,Panhellenic,HARRIET F ERICH FBO DELTA DELTA DELTA FOUNDATION,597254730,DALLAS,TX,EDUCATIONAL_FOUNDATION,48,MEDIUM_CONFIDENCE,"org name ""Delta Delta Delta"" present as a phrase",same state only,,,REVIEW,IRS_EO_BMF
University of Texas at Austin,Delta Delta Delta,Panhellenic,DELTA DELTA DELTA NATIONAL HOUSE CORPORATION,752483083,DALLAS,TX,HOUSE_CORPORATION,48,MEDIUM_CONFIDENCE,"org name ""Delta Delta Delta"" present as a phrase",same state only,in group 7186 (unverified),,REVIEW,IRS_EO_BMF
University of Texas at Austin,Delta Delta Delta,Panhellenic,DELTA DELTA DELTA NATIONAL HOUSE CORPORATION,752483098,DALLAS,TX,HOUSE_CORPORATION,48,MEDIUM_CONFIDENCE,"org name ""Delta Delta Delta"" present as a phrase",same state only,in group 7186 (unverified),,REVIEW,IRS_EO_BMF
University of Texas at Austin,Delta Delta Delta,Panhellenic,DELTA DELTA DELTA NATIONAL HOUSE CORPORATION,811424977,DALLAS,TX,HOUSE_CORPORATION,48,MEDIUM_CONFIDENCE,"org name ""Delta Delta Delta"" present as a phrase",same state only,in group 7186 (unverified),,REVIEW,IRS_EO_BMF
University of Texas at Austin,Delta Delta Delta,Panhellenic,DELTA DELTA DELTA NATIONAL HOUSE CORP,900333493,DALLAS,TX,HOUSE_CORPORATION,48,MEDIUM_CONFIDENCE,"org name ""Delta Delta Delta"" present as a phrase",same state only,in group 7186 (unverified),,REVIEW,IRS_EO_BMF
University of Texas at Austin,Chi Omega,Panhellenic,THETA KAPPA BUILDING ASSOCIATION OF CHI OMEGA,741930958,WACO,TX,HOUSE_CORPORATION,48,MEDIUM_CONFIDENCE,"org name ""Chi Omega"" present as a phrase",same state only,,,REVIEW,IRS_EO_BMF
University of Texas at Austin,Chi Omega,Panhellenic,UPSILON ZETA BUILDING ASSOCIATION OF CHI OMEGA,752290669,AMARILLO,TX,HOUSE_CORPORATION,48,MEDIUM_CONFIDENCE,"org name ""Chi Omega"" present as a phrase",same state only,,,REVIEW,IRS_EO_BMF
University of Texas at Austin,Delta Delta Delta,Panhellenic,DELTA DELTA DELTA NATIONAL HOUSE CORPORATION,752616311,DALLAS,TX,HOUSE_CORPORATION,48,MEDIUM_CONFIDENCE,"org name ""Delta Delta Delta"" present as a phrase",same state only,in group 7186 (unverified),,REVIEW,IRS_EO_BMF
University of Texas at Austin,Delta Delta Delta,Panhellenic,DELTA DELTA DELTA NATIONAL HOUSE CORP,900333484,DALLAS,TX,HOUSE_CORPORATION,48,MEDIUM_CONFIDENCE,"org name ""Delta Delta Delta"" present as a phrase",same state only,in group 7186 (unverified),,REVIEW,IRS_EO_BMF
University of Texas at Austin,Delta Delta Delta,Panhellenic,DELTA DELTA DELTA NATIONAL HOUSE CORPORATION,900406082,DALLAS,TX,HOUSE_CORPORATION,48,MEDIUM_CONFIDENCE,"org name ""Delta Delta Delta"" present as a phrase",same state only,in group 7186 (unverified),,REVIEW,IRS_EO_BMF
University of Texas at Austin,Alpha Chi Omega,Panhellenic,ALPHA CHI OMEGA HOUSE CORPORATION,746065520,HOUSTON,TX,HOUSE_CORPORATION,48,MEDIUM_CONFIDENCE,"org name ""Alpha Chi Omega"" present as a phrase",same state only,,,REVIEW,IRS_EO_BMF
University of Texas at Austin,Alpha Chi Omega,Panhellenic,ALPHA CHI OMEGA HOUSE CORPORATION,756038087,LUBBOCK,TX,HOUSE_CORPORATION,48,MEDIUM_CONFIDENCE,"org name ""Alpha Chi Omega"" present as a phrase",same state only,,,REVIEW,IRS_EO_BMF
University of Texas at Austin,Chi Omega,Panhellenic,PSI ZETA OF CHI OMEGA HOUSING CORP ENRICHMENT FUND INC,394013011,HOUSTON,TX,HOUSE_CORPORATION,48,MEDIUM_CONFIDENCE,"org name ""Chi Omega"" present as a phrase",same state only,,,REVIEW,IRS_EO_BMF
University of Texas at Austin,Chi Omega,Panhellenic,SIGMA ZETA HOUSE CORPORATION CHI OMEGA,751612804,DALLAS,TX,HOUSE_CORPORATION,48,MEDIUM_CONFIDENCE,"org name ""Chi Omega"" present as a phrase",same state only,,,REVIEW,IRS_EO_BMF
University of Texas at Austin,Chi Omega,Panhellenic,CHI OMEGA EDUCATIONAL CORPORATION OF TEXAS CHRISTIAN UNIVERSITY,756028018,FORT WORTH,TX,PROPERTY_HOLDING_ENTITY,48,MEDIUM_CONFIDENCE,"org name ""Chi Omega"" present as a phrase",same state only,,,REVIEW,IRS_EO_BMF
University of Texas at Austin,Kappa Sigma,IFC,TEXAS KAPPA SIGMA EDUCATIONAL FOUNDATION INC,741380362,FORT WORTH,TX,EDUCATIONAL_FOUNDATION,48,MEDIUM_CONFIDENCE,"org name ""Kappa Sigma"" present as a phrase",same state only,,,REVIEW,IRS_EO_BMF
University of Texas at Austin,Delta Delta Delta,Panhellenic,THETA MU HOUSE CORPORATION OF DELTA DELTA DELTA,936032236,DALLAS,TX,HOUSE_CORPORATION,48,MEDIUM_CONFIDENCE,"org name ""Delta Delta Delta"" present as a phrase",same state only,,,REVIEW,IRS_EO_BMF
University of Texas at Austin,Chi Omega,Panhellenic,HOUSTON N SUBURBAN CHI OMEGA ALUMNA E FOUNDATION,413095941,SPRING,TX,EDUCATIONAL_FOUNDATION,48,MEDIUM_CONFIDENCE,"org name ""Chi Omega"" present as a phrase",same state only,,,REVIEW,IRS_EO_BMF
University of Texas at Austin,Chi Omega,Panhellenic,PSI ZETA OF CHI OMEGA BUILDING ASSOCIATION INC,741907887,HOUSTON,TX,HOUSE_CORPORATION,48,MEDIUM_CONFIDENCE,"org name ""Chi Omega"" present as a phrase",same state only,,,REVIEW,IRS_EO_BMF
University of Texas at Austin,Chi Omega,Panhellenic,XI KAPPA OF CHI OMEGA HOUSE CORP,741932980,COLLEGE STA,TX,HOUSE_CORPORATION,48,MEDIUM_CONFIDENCE,"org name ""Chi Omega"" present as a phrase",same state only,,,REVIEW,IRS_EO_BMF
University of Texas at Austin,Chi Omega,Panhellenic,EPSILON ZETA CHAPTER OF CHI OMEGA HOUSING CORPORATION,752114962,LUFKIN,TX,HOUSE_CORPORATION,48,MEDIUM_CONFIDENCE,"org name ""Chi Omega"" present as a phrase",same state only,,,REVIEW,IRS_EO_BMF
University of Texas at Austin,Alpha Delta Pi,Panhellenic,DALLAS ALPHA DELTA PI FOUNDATION,752011213,DALLAS,TX,EDUCATIONAL_FOUNDATION,48,MEDIUM_CONFIDENCE,"org name ""Alpha Delta Pi"" present as a phrase",same state only,,,REVIEW,IRS_EO_BMF
University of Texas at Austin,Kappa Alpha Psi,NPHC,ARLINGTON-GRAND PRAIRIE ALUMNI CHAP OF KAPPA ALPHA PSI FRAT INC,232452759,GRAND PRAIRIE,TX,ALUMNI_CORPORATION,48,MEDIUM_CONFIDENCE,"org name ""Kappa Alpha Psi"" present as a phrase",same state only,,,REVIEW,IRS_EO_BMF
University of Texas at Austin,Kappa Alpha Psi,NPHC,HOUSTON TX ALUMNI CHAPTER OF KAPPA ALPHA PSI FRATERNITY INC,237279489,HOUSTON,TX,ALUMNI_CORPORATION,48,MEDIUM_CONFIDENCE,"org name ""Kappa Alpha Psi"" present as a phrase",same state only,,,REVIEW,IRS_EO_BMF
University of Texas at Austin,Kappa Alpha Psi,NPHC,SAN ANTONIO KAPPA ALPHA PSI EDUCATION FOUNDATION,742502511,SAN ANTONIO,TX,EDUCATIONAL_FOUNDATION,48,MEDIUM_CONFIDENCE,"org name ""Kappa Alpha Psi"" present as a phrase",same state only,,,REVIEW,IRS_EO_BMF
University of Texas at Austin,Kappa Alpha Psi,NPHC,FORT WORTH ALUMNI CHAPTER OF KAPPA ALPHA PSI FRATERNITY INCORPORATED,752755600,FORT WORTH,TX,ALUMNI_CORPORATION,48,MEDIUM_CONFIDENCE,"org name ""Kappa Alpha Psi"" present as a phrase",same state only,,,REVIEW,IRS_EO_BMF
University of Texas at Austin,Phi Delta Theta,IFC,CORPUS CHRISTI PHI DELTA THETA ALUMNI CLUB,331697174,BROWNWOOD,TX,ALUMNI_CORPORATION,48,MEDIUM_CONFIDENCE,"org name ""Phi Delta Theta"" present as a phrase",same state only,,,REVIEW,IRS_EO_BMF
University of Texas at Austin,Alpha Delta Pi,Panhellenic,EPSILON EPSILON CHAPTER OF ALPHA DELTA PI HOUSE CORPORATION INC,237062202,LUBBOCK,TX,HOUSE_CORPORATION,48,MEDIUM_CONFIDENCE,"org name ""Alpha Delta Pi"" present as a phrase",same state only,,,REVIEW,IRS_EO_BMF
University of Texas at Austin,Alpha Delta Pi,Panhellenic,DELTA MU HOUSING CORPORATION OF ALPHA DELTA PI,237200232,HUNTSVILLE,TX,HOUSE_CORPORATION,48,MEDIUM_CONFIDENCE,"org name ""Alpha Delta Pi"" present as a phrase",same state only,,,REVIEW,IRS_EO_BMF
University of Texas at Austin,Alpha Delta Pi,Panhellenic,EPSILON ZETA CHAPTER OF ALPHA DELTA PI HOUSE CORPORATION,742356060,NEW BRAUNFELS,TX,HOUSE_CORPORATION,48,MEDIUM_CONFIDENCE,"org name ""Alpha Delta Pi"" present as a phrase",same state only,,,REVIEW,IRS_EO_BMF
University of Texas at Austin,Kappa Alpha Psi,NPHC,BEAUMONT ALUMNI CHPT KAPPA ALPHA PSI GUIDE RIGHT SCHLRP END FDN INC,760446663,BEAUMONT,TX,ALUMNI_CORPORATION,48,MEDIUM_CONFIDENCE,"org name ""Kappa Alpha Psi"" present as a phrase",same state only,,,REVIEW,IRS_EO_BMF
University of Texas at Austin,Kappa Alpha Psi,NPHC,FRISCO TX ALUMNI CHAPTER OF KAPPA ALPHA PSI INCORPORATED,920575785,FRISCO,TX,ALUMNI_CORPORATION,48,MEDIUM_CONFIDENCE,"org name ""Kappa Alpha Psi"" present as a phrase",same state only,,,REVIEW,IRS_EO_BMF
University of Texas at Austin,Alpha Delta Pi,Panhellenic,DALLAS ALUMNAE ASSOCIATION OF ALPHA DELTA PI,452970462,DALLAS,TX,ALUMNI_CORPORATION,48,MEDIUM_CONFIDENCE,"org name ""Alpha Delta Pi"" present as a phrase",same state only,,,REVIEW,IRS_EO_BMF
University of Texas at Austin,Alpha Delta Pi,Panhellenic,ALPHA ZETA BUILDING CORPORATION OF ALPHA DELTA PI SORORITY,756035752,CARROLLTON,TX,HOUSE_CORPORATION,48,MEDIUM_CONFIDENCE,"org name ""Alpha Delta Pi"" present as a phrase",same state only,,,REVIEW,IRS_EO_BMF
University of Texas at Austin,Kappa Alpha Psi,NPHC,GALVESTON ALUMNI CHAPTER OF KAPPA ALPHA PSI FRATERNITY INCORPORATED,237279474,GALVESTON,TX,ALUMNI_CORPORATION,48,MEDIUM_CONFIDENCE,"org name ""Kappa Alpha Psi"" present as a phrase",same state only,,,REVIEW,IRS_EO_BMF
University of Texas at Austin,Kappa Alpha Psi,NPHC,KILLEEN-FORT HOOD KAPPA ALPHA PSI EDUCATION & LEADERSHIP FOUNDATION,465422525,KILLEEN,TX,EDUCATIONAL_FOUNDATION,48,MEDIUM_CONFIDENCE,"org name ""Kappa Alpha Psi"" present as a phrase",same state only,,,REVIEW,IRS_EO_BMF
University of Texas at Austin,Kappa Alpha Psi,NPHC,ZETA BETA ALUMNI ASSOCIATION KAPPA ALPHA PSI,832266529,SPRING,TX,ALUMNI_CORPORATION,48,MEDIUM_CONFIDENCE,"org name ""Kappa Alpha Psi"" present as a phrase",same state only,,,REVIEW,IRS_EO_BMF
University of Texas at Austin,Kappa Alpha Psi,NPHC,DENTON-LEWISVILLE ALUMNI CHAPTER OF KAPPA ALPHA PSI,854195732,FLOWER MOUND,TX,ALUMNI_CORPORATION,48,MEDIUM_CONFIDENCE,"org name ""Kappa Alpha Psi"" present as a phrase",same state only,,,REVIEW,IRS_EO_BMF
University of Texas at Austin,Pi Kappa Alpha,IFC,THETA NU ALUMNI ASSOCIATION OF THE PI KAPPA ALPHA FRATERNITY INC,264345923,HASLET,TX,ALUMNI_CORPORATION,48,MEDIUM_CONFIDENCE,"org name ""Pi Kappa Alpha"" present as a phrase",same state only,,,REVIEW,IRS_EO_BMF
University of Texas at Austin,Sigma Chi,IFC,TAMU-C SIGMA CHI HOUSING CORP,542186396,COMMERCE,TX,HOUSE_CORPORATION,48,MEDIUM_CONFIDENCE,"org name ""Sigma Chi"" present as a phrase",same state only,,,REVIEW,IRS_EO_BMF
University of Texas at Austin,Sigma Chi,IFC,ETA IOTA CHAPTER OF SIGMA CHI EDUCATIONAL FOUNDATION,451773285,DALLAS,TX,EDUCATIONAL_FOUNDATION,48,MEDIUM_CONFIDENCE,"org name ""Sigma Chi"" present as a phrase",same state only,,,REVIEW,IRS_EO_BMF
University of Texas at Austin,Sigma Chi,IFC,AGGIE SIGMA CHI HOUSE CORPORATION,742380249,HOUSTON,TX,HOUSE_CORPORATION,48,MEDIUM_CONFIDENCE,"org name ""Sigma Chi"" present as a phrase",same state only,,,REVIEW,IRS_EO_BMF
University of Texas at Austin,Alpha Tau Omega,IFC,ALPHA TAU OMEGA HOUSING CORPORATION OF ETA IOTA CHAPTER,300517788,NACOGDOCHES,TX,HOUSE_CORPORATION,48,MEDIUM_CONFIDENCE,"org name ""Alpha Tau Omega"" present as a phrase",same state only,,,REVIEW,IRS_EO_BMF
University of Texas at Austin,Delta Gamma,Panhellenic,DELTA GAMMA FOUNDATION OF DALLAS INC,237253551,DALLAS,TX,EDUCATIONAL_FOUNDATION,48,MEDIUM_CONFIDENCE,"org name ""Delta Gamma"" present as a phrase",same state only,,,REVIEW,IRS_EO_BMF
University of Texas at Austin,Delta Gamma,Panhellenic,DELTA GAMMA HOUSE CORPORATION OF DELTA DELTA,620961739,DALLAS,TX,HOUSE_CORPORATION,48,MEDIUM_CONFIDENCE,"org name ""Delta Gamma"" present as a phrase",same state only,,,REVIEW,IRS_EO_BMF
University of Texas at Austin,Delta Chi,IFC,TEXAS TECH DELTA CHI HOUSING CORPORATION,462382493,DALLAS,TX,HOUSE_CORPORATION,48,MEDIUM_CONFIDENCE,"org name ""Delta Chi"" present as a phrase",same state only,,,REVIEW,IRS_EO_BMF
University of Texas at Austin,Delta Chi,IFC,TARLETON DELTA CHI HOUSING CORPORATION,932371520,PLANO,TX,HOUSE_CORPORATION,48,MEDIUM_CONFIDENCE,"org name ""Delta Chi"" present as a phrase",same state only,,,REVIEW,IRS_EO_BMF
University of Texas at Austin,Sigma Chi,IFC,ZETA ETA CHAPTER OF SIGMA CHI FRATERNITY HOUSE CORP,542186395,COMMERCE,TX,HOUSE_CORPORATION,48,MEDIUM_CONFIDENCE,"org name ""Sigma Chi"" present as a phrase",same state only,,,REVIEW,IRS_EO_BMF
University of Texas at Austin,Sigma Chi,IFC,SIGMA CHI HOUSE CORP OF DALLAS,751889058,DALLAS,TX,HOUSE_CORPORATION,48,MEDIUM_CONFIDENCE,"org name ""Sigma Chi"" present as a phrase",same state only,,,REVIEW,IRS_EO_BMF
University of Texas at Austin,Delta Gamma,Panhellenic,HOUSTON DELTA GAMMA FOUNDATION,237259903,HOUSTON,TX,EDUCATIONAL_FOUNDATION,48,MEDIUM_CONFIDENCE,"org name ""Delta Gamma"" present as a phrase",same state only,,,REVIEW,IRS_EO_BMF
University of Texas at Austin,Kappa Kappa Gamma,Panhellenic,DELTA PSI HOUSE ASSOCIATION OF KAPPA KAPPA GAMMA FRATERNITY,237189490,LUBBOCK,TX,HOUSE_CORPORATION,48,MEDIUM_CONFIDENCE,"org name ""Kappa Kappa Gamma"" present as a phrase",same state only,,,REVIEW,IRS_EO_BMF
University of Texas at Austin,Kappa Kappa Gamma,Panhellenic,KAPPA KAPPA GAMMA CHARITABLE FOUNDATION,742128158,HOUSTON,TX,EDUCATIONAL_FOUNDATION,48,MEDIUM_CONFIDENCE,"org name ""Kappa Kappa Gamma"" present as a phrase",same state only,,,REVIEW,IRS_EO_BMF
University of Texas at Austin,Zeta Tau Alpha,Panhellenic,GAMMA GAMMA HOUSE CORPORATION ZETA TAU ALPHA FRATERNITY,741484275,EL PASO,TX,HOUSE_CORPORATION,48,MEDIUM_CONFIDENCE,"org name ""Zeta Tau Alpha"" present as a phrase",same state only,,,REVIEW,IRS_EO_BMF
University of Texas at Austin,Beta Upsilon Chi,IFC,BETA UPSILON CHI FOUNDATION OPERATIONAL,811841871,FORT WORTH,TX,EDUCATIONAL_FOUNDATION,48,MEDIUM_CONFIDENCE,"org name ""Beta Upsilon Chi"" present as a phrase",same state only,,,REVIEW,IRS_EO_BMF
University of Texas at Austin,Kappa Kappa Gamma,Panhellenic,EPSILON ALPHA HOUSE ASSOCIATION OF KAPPA KAPPA GAMMA FRATERNITY,756024415,FORT WORTH,TX,HOUSE_CORPORATION,48,MEDIUM_CONFIDENCE,"org name ""Kappa Kappa Gamma"" present as a phrase",same state only,,,REVIEW,IRS_EO_BMF
University of Texas at Austin,Kappa Kappa Gamma,Panhellenic,SAN ANTONIO CHAPTER KAPPA KAPPA GAMMA ALUMNI FOUNDATION,813927780,SAN ANTONIO,TX,EDUCATIONAL_FOUNDATION,48,MEDIUM_CONFIDENCE,"org name ""Kappa Kappa Gamma"" present as a phrase",same state only,,,REVIEW,IRS_EO_BMF
University of Texas at Austin,Kappa Kappa Gamma,Panhellenic,DALLAS ALUMNAE ASSOCIATION KAPPA KAPPA GAMMA FOUNDATION INC,751897862,DALLAS,TX,EDUCATIONAL_FOUNDATION,48,MEDIUM_CONFIDENCE,"org name ""Kappa Kappa Gamma"" present as a phrase",same state only,,,REVIEW,IRS_EO_BMF
University of Texas at Austin,Kappa Kappa Gamma,Panhellenic,GAMMA PHI CHAPTER HOUSE ASSOCIATION OF KAPPA KAPPA GAMMA FRATERNITY,756038146,DALLAS,TX,HOUSE_CORPORATION,48,MEDIUM_CONFIDENCE,"org name ""Kappa Kappa Gamma"" present as a phrase",same state only,,,REVIEW,IRS_EO_BMF
University of Texas at Austin,Theta Chi,IFC,ZETA ALPHA ALUMNI CHAPTER OF THETA CHI,823253313,FLOWER MOUND,TX,ALUMNI_CORPORATION,48,MEDIUM_CONFIDENCE,"org name ""Theta Chi"" present as a phrase",same state only,,,REVIEW,IRS_EO_BMF
University of Texas at Austin,Kappa Delta,Panhellenic,ZETA ALPHA HOUSE CORPORATION OF KAPPA DELTA SORORITY A VIRGINIA,752182713,LAMESA,TX,HOUSE_CORPORATION,48,MEDIUM_CONFIDENCE,"org name ""Kappa Delta"" present as a phrase",same state only,,,REVIEW,IRS_EO_BMF
University of Texas at Austin,Kappa Alpha Theta,Panhellenic,EPSILON EPSILON HOUSE CORPORATION OF KAPPA ALPHA THETA FRATERNITY,741858476,WACO,TX,HOUSE_CORPORATION,48,MEDIUM_CONFIDENCE,"org name ""Kappa Alpha Theta"" present as a phrase",same state only,,,REVIEW,IRS_EO_BMF
University of Texas at Austin,Theta Chi,IFC,DELTA PHI CHAPTER OF THETA CHI FRATERNITY ALUMNI HOUSING,900239693,DALLAS,TX,ALUMNI_CORPORATION,48,MEDIUM_CONFIDENCE,"org name ""Theta Chi"" present as a phrase",same state only,,,REVIEW,IRS_EO_BMF
University of Texas at Austin,Sigma Nu,IFC,HOUSING CORPORATION OF ETA TAU CHAPTER OF SIGMA NU FRATERNITY,742513003,SEGUIN,TX,HOUSE_CORPORATION,48,MEDIUM_CONFIDENCE,"org name ""Sigma Nu"" present as a phrase",same state only,,,REVIEW,IRS_EO_BMF
University of Texas at Austin,Kappa Delta,Panhellenic,ETA ALPHA HOUSE CORPORATION OF KAPPA DELTA SORORITY,742930349,COLLEGE STA,TX,HOUSE_CORPORATION,48,MEDIUM_CONFIDENCE,"org name ""Kappa Delta"" present as a phrase",same state only,,,REVIEW,IRS_EO_BMF
University of Texas at Austin,Theta Chi,IFC,DELTA MU ALUMNI ASSOCIATION OF THETA CHI FRATERNITY,881484549,CEDAR PARK,TX,ALUMNI_CORPORATION,48,MEDIUM_CONFIDENCE,"org name ""Theta Chi"" present as a phrase",same state only,,,REVIEW,IRS_EO_BMF
University of Texas at Austin,Sigma Nu,IFC,ZETA PI CHAPTER SIGMA NU FRATERNITY HOUSING CORPORATION,237335405,ALEDO,TX,HOUSE_CORPORATION,48,MEDIUM_CONFIDENCE,"org name ""Sigma Nu"" present as a phrase",same state only,,,REVIEW,IRS_EO_BMF
University of Texas at Austin,Sigma Nu,IFC,ZETA CHI OF SIGMA NU HOME ASSOCIATION OF HOUSTON,741535172,BELLAIRE,TX,PROPERTY_HOLDING_ENTITY,48,MEDIUM_CONFIDENCE,"org name ""Sigma Nu"" present as a phrase",same state only,,,REVIEW,IRS_EO_BMF
University of Texas at Austin,Kappa Alpha Theta,Panhellenic,KAPPA ALPHA THETA DALLAS AULNNAE FOUNDATION,751838785,DALLAS,TX,EDUCATIONAL_FOUNDATION,48,MEDIUM_CONFIDENCE,"org name ""Kappa Alpha Theta"" present as a phrase",same state only,,,REVIEW,IRS_EO_BMF
University of Texas at Austin,Pi Beta Phi,Panhellenic,PI BETA PHI HOUSE CORPORATION OF LUBBOCK TEXAS,752098979,LUBBOCK,TX,HOUSE_CORPORATION,48,MEDIUM_CONFIDENCE,"org name ""Pi Beta Phi"" present as a phrase",same state only,,,REVIEW,IRS_EO_BMF
University of Texas at Austin,Pi Beta Phi,Panhellenic,SAN ANTONIO PI BETA PHI ALUMNAE CLUB FOUNDATION,271277550,SAN ANTONIO,TX,EDUCATIONAL_FOUNDATION,48,MEDIUM_CONFIDENCE,"org name ""Pi Beta Phi"" present as a phrase",same state only,,,REVIEW,IRS_EO_BMF
University of Texas at Austin,Pi Beta Phi,Panhellenic,PI BETA PHI TX ZETA HOUSE CORP,742226228,WACO,TX,HOUSE_CORPORATION,48,MEDIUM_CONFIDENCE,"org name ""Pi Beta Phi"" present as a phrase",same state only,,,REVIEW,IRS_EO_BMF
University of Texas at Austin,Pi Beta Phi,Panhellenic,PI BETA PHI FOUNDATION FOR SCHOLARSHIPS,756025860,DALLAS,TX,EDUCATIONAL_FOUNDATION,48,MEDIUM_CONFIDENCE,"org name ""Pi Beta Phi"" present as a phrase",same state only,,,REVIEW,IRS_EO_BMF
Texas A&M University,Kappa Alpha Order,IFC,KAPPA ALPHA ORDER-GAMMA SIGMA HOUSING CORP,751663604,AMARILLO,TX,HOUSE_CORPORATION,48,MEDIUM_CONFIDENCE,"org name ""Kappa Alpha Order"" present as a phrase",same state only,,,REVIEW,IRS_EO_BMF
University of Texas at Austin,Kappa Alpha Theta,Panhellenic,GAMMA PHI HOUSE CORPORATION OF KAPPA ALPHA THETA FRATERNITY,751283953,LUBBOCK,TX,HOUSE_CORPORATION,48,MEDIUM_CONFIDENCE,"org name ""Kappa Alpha Theta"" present as a phrase",same state only,,,REVIEW,IRS_EO_BMF
University of Texas at Austin,Pi Beta Phi,Panhellenic,TEXAS ETA CHAPTER OF PI BETA PHI HOUSE CORPORATION,732350514,COLLEGE STA,TX,HOUSE_CORPORATION,48,MEDIUM_CONFIDENCE,"org name ""Pi Beta Phi"" present as a phrase",same state only,,,REVIEW,IRS_EO_BMF
University of Texas at Austin,Pi Beta Phi,Panhellenic,HOUSTON PI BETA PHI FOUNDATION,760438662,HOUSTON,TX,EDUCATIONAL_FOUNDATION,48,MEDIUM_CONFIDENCE,"org name ""Pi Beta Phi"" present as a phrase",same state only,,,REVIEW,IRS_EO_BMF
University of Texas at Austin,Beta Theta Pi,IFC,HOUSE CORPORATION OF DELTA MU CHAPTER OF BETA THETA PI FRATERNIT,752658104,ALLEN,TX,HOUSE_CORPORATION,48,MEDIUM_CONFIDENCE,"org name ""Beta Theta Pi"" present as a phrase",same state only,,,REVIEW,IRS_EO_BMF
University of Texas at Austin,Omega Delta Phi,MGC,OMEGA DELTA PHI DFW ALUMNI ASSOCIATION CHARITABLE FOUNDATION,474042440,MCKINNEY,TX,EDUCATIONAL_FOUNDATION,48,MEDIUM_CONFIDENCE,"org name ""Omega Delta Phi"" present as a phrase",same state only,,,REVIEW,IRS_EO_BMF
University of Texas at Austin,Tau Kappa Epsilon,IFC,TAU KAPPA EPSILON FRATERNITY NU XI ALUMNI INC,994615440,NACOGDOCHES,TX,ALUMNI_CORPORATION,48,MEDIUM_CONFIDENCE,"org name ""Tau Kappa Epsilon"" present as a phrase",same state only,,,REVIEW,IRS_EO_BMF
Texas A&M University,Sigma Phi Epsilon,IFC,SIGMA PHI EPSILON EDUCATION FOUNDATION TEXAS ETA,334088080,JERSEY VLG,TX,EDUCATIONAL_FOUNDATION,48,MEDIUM_CONFIDENCE,"org name ""Sigma Phi Epsilon"" present as a phrase",same state only,,,REVIEW,IRS_EO_BMF
Texas A&M University,Sigma Phi Epsilon,IFC,EAST CAROLINA COLLEGE ALUMNI CORPORATION OF SIGMA PHI EPSILON,566054158,DALLAS,TX,ALUMNI_CORPORATION,48,MEDIUM_CONFIDENCE,"org name ""Sigma Phi Epsilon"" present as a phrase",same state only,,,REVIEW,IRS_EO_BMF
Texas A&M University,Sigma Phi Epsilon,IFC,SIGMA PHI EPSILON NEW YORK CHI ALUMNI ASSOCIATION INC,262710856,HOUSTON,TX,ALUMNI_CORPORATION,48,MEDIUM_CONFIDENCE,"org name ""Sigma Phi Epsilon"" present as a phrase",same state only,,,REVIEW,IRS_EO_BMF
Texas A&M University,Sigma Phi Epsilon,IFC,SIGMA PHI EPSILON ALUMNI AND VOLUNTEER AVC AT SAM HOUSTON STATE,464394022,RICHMOND,TX,ALUMNI_CORPORATION,48,MEDIUM_CONFIDENCE,"org name ""Sigma Phi Epsilon"" present as a phrase",same state only,,,REVIEW,IRS_EO_BMF
Texas A&M University,Sigma Phi Epsilon,IFC,SIGMA PHI EPSILON EDUCATION FOUNDATION OF TEXAS ALPHA,742188211,AUSTIN,TX,EDUCATIONAL_FOUNDATION,48,MEDIUM_CONFIDENCE,"org name ""Sigma Phi Epsilon"" present as a phrase",same state only,,,REVIEW,IRS_EO_BMF
Texas A&M University,Sigma Phi Epsilon,IFC,TEXAS KAPPA ALUMNI CORPORATION OF SIGMA PHI EPSILON,922575416,ARLINGTON,TX,ALUMNI_CORPORATION,48,MEDIUM_CONFIDENCE,"org name ""Sigma Phi Epsilon"" present as a phrase",same state only,,,REVIEW,IRS_EO_BMF
Texas A&M University,Sigma Gamma Rho,NPHC,ALPHA THETA SIGMA ALUMNAE CHAPTER OF SIGMA GAMMA RHO SORORITY INC,746084907,LEAGUE CITY,TX,ALUMNI_CORPORATION,48,MEDIUM_CONFIDENCE,"org name ""Sigma Gamma Rho"" present as a phrase",same state only,,,REVIEW,IRS_EO_BMF
Texas A&M University,Delta Delta Delta,Panhellenic,DELTA DELTA DELTA NATIONAL HOUSE COPORATION,202313857,DALLAS,TX,PROPERTY_HOLDING_ENTITY,48,MEDIUM_CONFIDENCE,"org name ""Delta Delta Delta"" present as a phrase",same state only,in group 7186 (unverified),,REVIEW,IRS_EO_BMF
Texas A&M University,Delta Delta Delta,Panhellenic,DELTA DELTA DELTA NATIONAL HOUSE CO,261281946,DALLAS,TX,PROPERTY_HOLDING_ENTITY,48,MEDIUM_CONFIDENCE,"org name ""Delta Delta Delta"" present as a phrase",same state only,in group 7186 (unverified),,REVIEW,IRS_EO_BMF
Texas A&M University,Delta Delta Delta,Panhellenic,DELTA DELTA DELTA NATIONAL HOUSE CORPORATION,471824672,DALLAS,TX,HOUSE_CORPORATION,48,MEDIUM_CONFIDENCE,"org name ""Delta Delta Delta"" present as a phrase",same state only,in group 7186 (unverified),,REVIEW,IRS_EO_BMF
Texas A&M University,Delta Delta Delta,Panhellenic,DELTA DELTA DELTA FRATERNITY BETA TAU HOUSE CORPORATION,741997526,WACO,TX,HOUSE_CORPORATION,48,MEDIUM_CONFIDENCE,"org name ""Delta Delta Delta"" present as a phrase",same state only,,,REVIEW,IRS_EO_BMF
Texas A&M University,Delta Delta Delta,Panhellenic,DELTA DELTA DELTA NATIONAL HOUSE CORPORATION,752483087,DALLAS,TX,HOUSE_CORPORATION,48,MEDIUM_CONFIDENCE,"org name ""Delta Delta Delta"" present as a phrase",same state only,,,REVIEW,IRS_EO_BMF
Texas A&M University,Delta Delta Delta,Panhellenic,DELTA DELTA DELTA NATIONAL HOUSE CORP,900333484,DALLAS,TX,HOUSE_CORPORATION,48,MEDIUM_CONFIDENCE,"org name ""Delta Delta Delta"" present as a phrase",same state only,in group 7186 (unverified),,REVIEW,IRS_EO_BMF
Texas A&M University,Chi Omega,Panhellenic,SIGMA ZETA HOUSE CORPORATION CHI OMEGA,751612804,DALLAS,TX,HOUSE_CORPORATION,48,MEDIUM_CONFIDENCE,"org name ""Chi Omega"" present as a phrase",same state only,,,REVIEW,IRS_EO_BMF
Texas A&M University,Delta Delta Delta,Panhellenic,PHI ETA HOUSE CORPORATION OF DELTA DELTA DELTA SORORITY,237328233,LUBBOCK,TX,HOUSE_CORPORATION,48,MEDIUM_CONFIDENCE,"org name ""Delta Delta Delta"" present as a phrase",same state only,,,REVIEW,IRS_EO_BMF
Texas A&M University,Delta Delta Delta,Panhellenic,DELTA DELTA DELTA NATIONAL HOUSE CORPORATION,316050901,DALLAS,TX,HOUSE_CORPORATION,48,MEDIUM_CONFIDENCE,"org name ""Delta Delta Delta"" present as a phrase",same state only,in group 7186 (unverified),,REVIEW,IRS_EO_BMF
Texas A&M University,Delta Delta Delta,Panhellenic,ST LOUIS ALUMNAE CHAPTER OF DELTA DELTA DELTA,472220370,DALLAS,TX,ALUMNI_CORPORATION,48,MEDIUM_CONFIDENCE,"org name ""Delta Delta Delta"" present as a phrase",same state only,,,REVIEW,IRS_EO_BMF
Texas A&M University,Delta Delta Delta,Panhellenic,DELTA DELTA DELTA FOUNDATION,752184529,DALLAS,TX,EDUCATIONAL_FOUNDATION,48,MEDIUM_CONFIDENCE,"org name ""Delta Delta Delta"" present as a phrase",same state only,,,REVIEW,IRS_EO_BMF
Texas A&M University,Delta Delta Delta,Panhellenic,DELTA DELTA DELTA NATIONAL HOUSE CORPORATION,752483098,DALLAS,TX,HOUSE_CORPORATION,48,MEDIUM_CONFIDENCE,"org name ""Delta Delta Delta"" present as a phrase",same state only,in group 7186 (unverified),,REVIEW,IRS_EO_BMF
Texas A&M University,Delta Delta Delta,Panhellenic,DELTA DELTA DELTA NATIONAL HOUSE CORPORATION,752616311,DALLAS,TX,HOUSE_CORPORATION,48,MEDIUM_CONFIDENCE,"org name ""Delta Delta Delta"" present as a phrase",same state only,in group 7186 (unverified),,REVIEW,IRS_EO_BMF
Texas A&M University,Delta Delta Delta,Panhellenic,DELTA DELTA DELTA NHC,900333492,DALLAS,TX,PROPERTY_HOLDING_ENTITY,48,MEDIUM_CONFIDENCE,"org name ""Delta Delta Delta"" present as a phrase",same state only,in group 7186 (unverified),,REVIEW,IRS_EO_BMF
Texas A&M University,Delta Delta Delta,Panhellenic,DELTA DELTA DELTA NATIONAL HOUSE CORPORATION,900406082,DALLAS,TX,HOUSE_CORPORATION,48,MEDIUM_CONFIDENCE,"org name ""Delta Delta Delta"" present as a phrase",same state only,in group 7186 (unverified),,REVIEW,IRS_EO_BMF
Texas A&M University,Alpha Chi Omega,Panhellenic,ALPHA CHI OMEGA HOUSE CORPORATION,746065520,HOUSTON,TX,HOUSE_CORPORATION,48,MEDIUM_CONFIDENCE,"org name ""Alpha Chi Omega"" present as a phrase",same state only,,,REVIEW,IRS_EO_BMF
Texas A&M University,Chi Omega,Panhellenic,PSI ZETA OF CHI OMEGA HOUSING CORP ENRICHMENT FUND INC,394013011,HOUSTON,TX,HOUSE_CORPORATION,48,MEDIUM_CONFIDENCE,"org name ""Chi Omega"" present as a phrase",same state only,,,REVIEW,IRS_EO_BMF
Texas A&M University,Chi Omega,Panhellenic,PSI ZETA OF CHI OMEGA BUILDING ASSOCIATION INC,741907887,HOUSTON,TX,HOUSE_CORPORATION,48,MEDIUM_CONFIDENCE,"org name ""Chi Omega"" present as a phrase",same state only,,,REVIEW,IRS_EO_BMF
Texas A&M University,Delta Delta Delta,Panhellenic,THETA UPSILON HOUSE CORPORATION OF DELTA DELTA DELTA FRATERNITY,237438731,DALLAS,TX,HOUSE_CORPORATION,48,MEDIUM_CONFIDENCE,"org name ""Delta Delta Delta"" present as a phrase",same state only,,,REVIEW,IRS_EO_BMF
Texas A&M University,Delta Delta Delta,Panhellenic,FORT WORTH DELTA DELTA DELTA ALUMNAE CHARITIES,264761468,DALLAS,TX,ALUMNI_CORPORATION,48,MEDIUM_CONFIDENCE,"org name ""Delta Delta Delta"" present as a phrase",same state only,,,REVIEW,IRS_EO_BMF
Texas A&M University,Delta Delta Delta,Panhellenic,HARRIET F ERICH FBO DELTA DELTA DELTA FOUNDATION,597254730,DALLAS,TX,EDUCATIONAL_FOUNDATION,48,MEDIUM_CONFIDENCE,"org name ""Delta Delta Delta"" present as a phrase",same state only,,,REVIEW,IRS_EO_BMF
Texas A&M University,Delta Delta Delta,Panhellenic,THETA EPSILON CHAPTER HOUSE CORPORATION OF DELTA DELTA DELTA,742238155,GEORGETOWN,TX,HOUSE_CORPORATION,48,MEDIUM_CONFIDENCE,"org name ""Delta Delta Delta"" present as a phrase",same state only,,,REVIEW,IRS_EO_BMF
Texas A&M University,Delta Delta Delta,Panhellenic,DELTA DELTA DELTA NATIONAL HOUSE CORPORATION,752483083,DALLAS,TX,HOUSE_CORPORATION,48,MEDIUM_CONFIDENCE,"org name ""Delta Delta Delta"" present as a phrase",same state only,in group 7186 (unverified),,REVIEW,IRS_EO_BMF
Texas A&M University,Delta Delta Delta,Panhellenic,DELTA DELTA DELTA NATIONAL HOUSE CORPORATION,752551811,DALLAS,TX,HOUSE_CORPORATION,48,MEDIUM_CONFIDENCE,"org name ""Delta Delta Delta"" present as a phrase",same state only,in group 7186 (unverified),,REVIEW,IRS_EO_BMF
Texas A&M University,Delta Delta Delta,Panhellenic,DELTA DELTA DELTA NATIONAL HOUSE CORPORATION,811424977,DALLAS,TX,HOUSE_CORPORATION,48,MEDIUM_CONFIDENCE,"org name ""Delta Delta Delta"" present as a phrase",same state only,in group 7186 (unverified),,REVIEW,IRS_EO_BMF
Texas A&M University,Delta Delta Delta,Panhellenic,DELTA DELTA DELTA NATIONAL HOUSE CORP,900333493,DALLAS,TX,HOUSE_CORPORATION,48,MEDIUM_CONFIDENCE,"org name ""Delta Delta Delta"" present as a phrase",same state only,in group 7186 (unverified),,REVIEW,IRS_EO_BMF
Texas A&M University,Delta Delta Delta,Panhellenic,THETA MU HOUSE CORPORATION OF DELTA DELTA DELTA,936032236,DALLAS,TX,HOUSE_CORPORATION,48,MEDIUM_CONFIDENCE,"org name ""Delta Delta Delta"" present as a phrase",same state only,,,REVIEW,IRS_EO_BMF
Texas A&M University,Alpha Chi Omega,Panhellenic,ALPHA CHI OMEGA HOUSE CORPORATION,756038087,LUBBOCK,TX,HOUSE_CORPORATION,48,MEDIUM_CONFIDENCE,"org name ""Alpha Chi Omega"" present as a phrase",same state only,,,REVIEW,IRS_EO_BMF
Texas A&M University,Delta Sigma Phi,IFC,ALUMNI CORPORATION OF ETA CHAPTER OF THE DELTA SIGMA PHI FRATERNITY,260084683,AUSTIN,TX,ALUMNI_CORPORATION,48,MEDIUM_CONFIDENCE,"org name ""Delta Sigma Phi"" present as a phrase",same state only,,,REVIEW,IRS_EO_BMF
Texas A&M University,Chi Omega,Panhellenic,HOUSTON N SUBURBAN CHI OMEGA ALUMNA E FOUNDATION,413095941,SPRING,TX,EDUCATIONAL_FOUNDATION,48,MEDIUM_CONFIDENCE,"org name ""Chi Omega"" present as a phrase",same state only,,,REVIEW,IRS_EO_BMF
Texas A&M University,Chi Omega,Panhellenic,THETA KAPPA BUILDING ASSOCIATION OF CHI OMEGA,741930958,WACO,TX,HOUSE_CORPORATION,48,MEDIUM_CONFIDENCE,"org name ""Chi Omega"" present as a phrase",same state only,,,REVIEW,IRS_EO_BMF
Texas A&M University,Chi Omega,Panhellenic,EPSILON ZETA CHAPTER OF CHI OMEGA HOUSING CORPORATION,752114962,LUFKIN,TX,HOUSE_CORPORATION,48,MEDIUM_CONFIDENCE,"org name ""Chi Omega"" present as a phrase",same state only,,,REVIEW,IRS_EO_BMF
Texas A&M University,Chi Omega,Panhellenic,CHI OMEGA EDUCATIONAL CORPORATION OF TEXAS CHRISTIAN UNIVERSITY,756028018,FORT WORTH,TX,PROPERTY_HOLDING_ENTITY,48,MEDIUM_CONFIDENCE,"org name ""Chi Omega"" present as a phrase",same state only,,,REVIEW,IRS_EO_BMF
Texas A&M University,Chi Omega,Panhellenic,UPSILON ZETA BUILDING ASSOCIATION OF CHI OMEGA,752290669,AMARILLO,TX,HOUSE_CORPORATION,48,MEDIUM_CONFIDENCE,"org name ""Chi Omega"" present as a phrase",same state only,,,REVIEW,IRS_EO_BMF
Texas A&M University,Kappa Sigma,IFC,TEXAS KAPPA SIGMA EDUCATIONAL FOUNDATION INC,741380362,FORT WORTH,TX,EDUCATIONAL_FOUNDATION,48,MEDIUM_CONFIDENCE,"org name ""Kappa Sigma"" present as a phrase",same state only,,,REVIEW,IRS_EO_BMF
Texas A&M University,Alpha Delta Pi,Panhellenic,DELTA MU HOUSING CORPORATION OF ALPHA DELTA PI,237200232,HUNTSVILLE,TX,HOUSE_CORPORATION,48,MEDIUM_CONFIDENCE,"org name ""Alpha Delta Pi"" present as a phrase",same state only,,,REVIEW,IRS_EO_BMF
Texas A&M University,Alpha Delta Pi,Panhellenic,EPSILON EPSILON CHAPTER OF ALPHA DELTA PI HOUSE CORPORATION INC,237062202,LUBBOCK,TX,HOUSE_CORPORATION,48,MEDIUM_CONFIDENCE,"org name ""Alpha Delta Pi"" present as a phrase",same state only,,,REVIEW,IRS_EO_BMF
Texas A&M University,Alpha Delta Pi,Panhellenic,EPSILON ZETA CHAPTER OF ALPHA DELTA PI HOUSE CORPORATION,742356060,NEW BRAUNFELS,TX,HOUSE_CORPORATION,48,MEDIUM_CONFIDENCE,"org name ""Alpha Delta Pi"" present as a phrase",same state only,,,REVIEW,IRS_EO_BMF
Texas A&M University,Pi Kappa Phi,IFC,PI KAPPA PHI FRATERNITY AT AUSTIN AREA HOUSING CORPORATION,270246718,AUSTIN,TX,HOUSE_CORPORATION,48,MEDIUM_CONFIDENCE,"org name ""Pi Kappa Phi"" present as a phrase",same state only,,,REVIEW,IRS_EO_BMF
Texas A&M University,Alpha Delta Pi,Panhellenic,DALLAS ALUMNAE ASSOCIATION OF ALPHA DELTA PI,452970462,DALLAS,TX,ALUMNI_CORPORATION,48,MEDIUM_CONFIDENCE,"org name ""Alpha Delta Pi"" present as a phrase",same state only,,,REVIEW,IRS_EO_BMF
Texas A&M University,Alpha Delta Pi,Panhellenic,BUILDING CORPORATION OF DELTA CHAPTER OF ALPHA DELTA PI,746047117,AUSTIN,TX,HOUSE_CORPORATION,48,MEDIUM_CONFIDENCE,"org name ""Alpha Delta Pi"" present as a phrase",same state only,,,REVIEW,IRS_EO_BMF
Texas A&M University,Alpha Delta Pi,Panhellenic,DALLAS ALPHA DELTA PI FOUNDATION,752011213,DALLAS,TX,EDUCATIONAL_FOUNDATION,48,MEDIUM_CONFIDENCE,"org name ""Alpha Delta Pi"" present as a phrase",same state only,,,REVIEW,IRS_EO_BMF
Texas A&M University,Alpha Delta Pi,Panhellenic,ALPHA ZETA BUILDING CORPORATION OF ALPHA DELTA PI SORORITY,756035752,CARROLLTON,TX,HOUSE_CORPORATION,48,MEDIUM_CONFIDENCE,"org name ""Alpha Delta Pi"" present as a phrase",same state only,,,REVIEW,IRS_EO_BMF
Texas A&M University,Kappa Alpha Psi,NPHC,ARLINGTON-GRAND PRAIRIE ALUMNI CHAP OF KAPPA ALPHA PSI FRAT INC,232452759,GRAND PRAIRIE,TX,ALUMNI_CORPORATION,48,MEDIUM_CONFIDENCE,"org name ""Kappa Alpha Psi"" present as a phrase",same state only,,,REVIEW,IRS_EO_BMF
Texas A&M University,Kappa Alpha Psi,NPHC,GALVESTON ALUMNI CHAPTER OF KAPPA ALPHA PSI FRATERNITY INCORPORATED,237279474,GALVESTON,TX,ALUMNI_CORPORATION,48,MEDIUM_CONFIDENCE,"org name ""Kappa Alpha Psi"" present as a phrase",same state only,,,REVIEW,IRS_EO_BMF
Texas A&M University,Kappa Alpha Psi,NPHC,HOUSTON TX ALUMNI CHAPTER OF KAPPA ALPHA PSI FRATERNITY INC,237279489,HOUSTON,TX,ALUMNI_CORPORATION,48,MEDIUM_CONFIDENCE,"org name ""Kappa Alpha Psi"" present as a phrase",same state only,,,REVIEW,IRS_EO_BMF
Texas A&M University,Pi Kappa Alpha,IFC,THETA NU ALUMNI ASSOCIATION OF THE PI KAPPA ALPHA FRATERNITY INC,264345923,HASLET,TX,ALUMNI_CORPORATION,48,MEDIUM_CONFIDENCE,"org name ""Pi Kappa Alpha"" present as a phrase",same state only,,,REVIEW,IRS_EO_BMF
Texas A&M University,Kappa Alpha Psi,NPHC,SAN ANTONIO KAPPA ALPHA PSI EDUCATION FOUNDATION,742502511,SAN ANTONIO,TX,EDUCATIONAL_FOUNDATION,48,MEDIUM_CONFIDENCE,"org name ""Kappa Alpha Psi"" present as a phrase",same state only,,,REVIEW,IRS_EO_BMF
Texas A&M University,Kappa Alpha Psi,NPHC,FORT WORTH ALUMNI CHAPTER OF KAPPA ALPHA PSI FRATERNITY INCORPORATED,752755600,FORT WORTH,TX,ALUMNI_CORPORATION,48,MEDIUM_CONFIDENCE,"org name ""Kappa Alpha Psi"" present as a phrase",same state only,,,REVIEW,IRS_EO_BMF
Texas A&M University,Kappa Alpha Psi,NPHC,BEAUMONT ALUMNI CHPT KAPPA ALPHA PSI GUIDE RIGHT SCHLRP END FDN INC,760446663,BEAUMONT,TX,ALUMNI_CORPORATION,48,MEDIUM_CONFIDENCE,"org name ""Kappa Alpha Psi"" present as a phrase",same state only,,,REVIEW,IRS_EO_BMF
Texas A&M University,Kappa Alpha Psi,NPHC,DENTON-LEWISVILLE ALUMNI CHAPTER OF KAPPA ALPHA PSI,854195732,FLOWER MOUND,TX,ALUMNI_CORPORATION,48,MEDIUM_CONFIDENCE,"org name ""Kappa Alpha Psi"" present as a phrase",same state only,,,REVIEW,IRS_EO_BMF
Texas A&M University,Phi Delta Theta,IFC,CORPUS CHRISTI PHI DELTA THETA ALUMNI CLUB,331697174,BROWNWOOD,TX,ALUMNI_CORPORATION,48,MEDIUM_CONFIDENCE,"org name ""Phi Delta Theta"" present as a phrase",same state only,,,REVIEW,IRS_EO_BMF
Texas A&M University,Kappa Alpha Psi,NPHC,KILLEEN-FORT HOOD KAPPA ALPHA PSI EDUCATION & LEADERSHIP FOUNDATION,465422525,KILLEEN,TX,EDUCATIONAL_FOUNDATION,48,MEDIUM_CONFIDENCE,"org name ""Kappa Alpha Psi"" present as a phrase",same state only,,,REVIEW,IRS_EO_BMF
Texas A&M University,Kappa Alpha Psi,NPHC,ZETA BETA ALUMNI ASSOCIATION KAPPA ALPHA PSI,832266529,SPRING,TX,ALUMNI_CORPORATION,48,MEDIUM_CONFIDENCE,"org name ""Kappa Alpha Psi"" present as a phrase",same state only,,,REVIEW,IRS_EO_BMF
Texas A&M University,Kappa Alpha Psi,NPHC,FRISCO TX ALUMNI CHAPTER OF KAPPA ALPHA PSI INCORPORATED,920575785,FRISCO,TX,ALUMNI_CORPORATION,48,MEDIUM_CONFIDENCE,"org name ""Kappa Alpha Psi"" present as a phrase",same state only,,,REVIEW,IRS_EO_BMF
Texas A&M University,Sigma Chi,IFC,AGGIE SIGMA CHI HOUSE CORPORATION,742380249,HOUSTON,TX,HOUSE_CORPORATION,48,MEDIUM_CONFIDENCE,"org name ""Sigma Chi"" present as a phrase",same state only,,,REVIEW,IRS_EO_BMF
Texas A&M University,Sigma Chi,IFC,SIGMA CHI HOUSE CORP OF DALLAS,751889058,DALLAS,TX,HOUSE_CORPORATION,48,MEDIUM_CONFIDENCE,"org name ""Sigma Chi"" present as a phrase",same state only,,,REVIEW,IRS_EO_BMF
Texas A&M University,Alpha Tau Omega,IFC,ALPHA TAU OMEGA HOUSING CORPORATION OF ETA IOTA CHAPTER,300517788,NACOGDOCHES,TX,HOUSE_CORPORATION,48,MEDIUM_CONFIDENCE,"org name ""Alpha Tau Omega"" present as a phrase",same state only,,,REVIEW,IRS_EO_BMF
Texas A&M University,Zeta Tau Alpha,Panhellenic,KAPPA CHAPTER OF ZETA TAU ALPHA HOUSE CORPORATION,741493205,AUSTIN,TX,HOUSE_CORPORATION,48,MEDIUM_CONFIDENCE,"org name ""Zeta Tau Alpha"" present as a phrase",same state only,,,REVIEW,IRS_EO_BMF
Texas A&M University,Kappa Kappa Gamma,Panhellenic,KAPPA KAPPA GAMMA CHARITABLE FOUNDATION,742128158,HOUSTON,TX,EDUCATIONAL_FOUNDATION,48,MEDIUM_CONFIDENCE,"org name ""Kappa Kappa Gamma"" present as a phrase",same state only,,,REVIEW,IRS_EO_BMF
Texas A&M University,Kappa Kappa Gamma,Panhellenic,DALLAS ALUMNAE ASSOCIATION KAPPA KAPPA GAMMA FOUNDATION INC,751897862,DALLAS,TX,EDUCATIONAL_FOUNDATION,48,MEDIUM_CONFIDENCE,"org name ""Kappa Kappa Gamma"" present as a phrase",same state only,,,REVIEW,IRS_EO_BMF
Texas A&M University,Kappa Kappa Gamma,Panhellenic,GAMMA PHI CHAPTER HOUSE ASSOCIATION OF KAPPA KAPPA GAMMA FRATERNITY,756038146,DALLAS,TX,HOUSE_CORPORATION,48,MEDIUM_CONFIDENCE,"org name ""Kappa Kappa Gamma"" present as a phrase",same state only,,,REVIEW,IRS_EO_BMF
Texas A&M University,Sigma Chi,IFC,ZETA ETA CHAPTER OF SIGMA CHI FRATERNITY HOUSE CORP,542186395,COMMERCE,TX,HOUSE_CORPORATION,48,MEDIUM_CONFIDENCE,"org name ""Sigma Chi"" present as a phrase",same state only,,,REVIEW,IRS_EO_BMF
Texas A&M University,Zeta Tau Alpha,Panhellenic,GAMMA GAMMA HOUSE CORPORATION ZETA TAU ALPHA FRATERNITY,741484275,EL PASO,TX,HOUSE_CORPORATION,48,MEDIUM_CONFIDENCE,"org name ""Zeta Tau Alpha"" present as a phrase",same state only,,,REVIEW,IRS_EO_BMF
Texas A&M University,Delta Gamma,Panhellenic,DELTA GAMMA FOUNDATION OF DALLAS INC,237253551,DALLAS,TX,EDUCATIONAL_FOUNDATION,48,MEDIUM_CONFIDENCE,"org name ""Delta Gamma"" present as a phrase",same state only,,,REVIEW,IRS_EO_BMF
Texas A&M University,Delta Gamma,Panhellenic,DELTA GAMMA HOUSE CORPORATION OF DELTA DELTA,620961739,DALLAS,TX,HOUSE_CORPORATION,48,MEDIUM_CONFIDENCE,"org name ""Delta Gamma"" present as a phrase",same state only,,,REVIEW,IRS_EO_BMF
Texas A&M University,Beta Upsilon Chi,IFC,BETA UPSILON CHI FOUNDATION OPERATIONAL,811841871,FORT WORTH,TX,EDUCATIONAL_FOUNDATION,48,MEDIUM_CONFIDENCE,"org name ""Beta Upsilon Chi"" present as a phrase",same state only,,,REVIEW,IRS_EO_BMF
Texas A&M University,Kappa Kappa Gamma,Panhellenic,BETA XI OF KAPPA KAPPA GAMMA HOUSE ASSOCIATION,741219941,AUSTIN,TX,HOUSE_CORPORATION,48,MEDIUM_CONFIDENCE,"org name ""Kappa Kappa Gamma"" present as a phrase",same state only,,,REVIEW,IRS_EO_BMF
Texas A&M University,Sigma Chi,IFC,ETA IOTA CHAPTER OF SIGMA CHI EDUCATIONAL FOUNDATION,451773285,DALLAS,TX,EDUCATIONAL_FOUNDATION,48,MEDIUM_CONFIDENCE,"org name ""Sigma Chi"" present as a phrase",same state only,,,REVIEW,IRS_EO_BMF
Texas A&M University,Sigma Chi,IFC,TAMU-C SIGMA CHI HOUSING CORP,542186396,COMMERCE,TX,HOUSE_CORPORATION,48,MEDIUM_CONFIDENCE,"org name ""Sigma Chi"" present as a phrase",same state only,,,REVIEW,IRS_EO_BMF
Texas A&M University,Delta Gamma,Panhellenic,HOUSTON DELTA GAMMA FOUNDATION,237259903,HOUSTON,TX,EDUCATIONAL_FOUNDATION,48,MEDIUM_CONFIDENCE,"org name ""Delta Gamma"" present as a phrase",same state only,,,REVIEW,IRS_EO_BMF
Texas A&M University,Kappa Kappa Gamma,Panhellenic,DELTA PSI HOUSE ASSOCIATION OF KAPPA KAPPA GAMMA FRATERNITY,237189490,LUBBOCK,TX,HOUSE_CORPORATION,48,MEDIUM_CONFIDENCE,"org name ""Kappa Kappa Gamma"" present as a phrase",same state only,,,REVIEW,IRS_EO_BMF
Texas A&M University,Kappa Kappa Gamma,Panhellenic,EPSILON ALPHA HOUSE ASSOCIATION OF KAPPA KAPPA GAMMA FRATERNITY,756024415,FORT WORTH,TX,HOUSE_CORPORATION,48,MEDIUM_CONFIDENCE,"org name ""Kappa Kappa Gamma"" present as a phrase",same state only,,,REVIEW,IRS_EO_BMF
Texas A&M University,Kappa Kappa Gamma,Panhellenic,SAN ANTONIO CHAPTER KAPPA KAPPA GAMMA ALUMNI FOUNDATION,813927780,SAN ANTONIO,TX,EDUCATIONAL_FOUNDATION,48,MEDIUM_CONFIDENCE,"org name ""Kappa Kappa Gamma"" present as a phrase",same state only,,,REVIEW,IRS_EO_BMF
Texas A&M University,Theta Chi,IFC,DELTA MU ALUMNI ASSOCIATION OF THETA CHI FRATERNITY,881484549,CEDAR PARK,TX,ALUMNI_CORPORATION,48,MEDIUM_CONFIDENCE,"org name ""Theta Chi"" present as a phrase",same state only,,,REVIEW,IRS_EO_BMF
Texas A&M University,Theta Chi,IFC,AGGIE THETA CHI ALUMNI ASSOCIATION,882909306,AUSTIN,TX,ALUMNI_CORPORATION,48,MEDIUM_CONFIDENCE,"org name ""Theta Chi"" present as a phrase",same state only,,,REVIEW,IRS_EO_BMF
Texas A&M University,Kappa Delta,Panhellenic,ZETA ALPHA HOUSE CORPORATION OF KAPPA DELTA SORORITY A VIRGINIA,752182713,LAMESA,TX,HOUSE_CORPORATION,48,MEDIUM_CONFIDENCE,"org name ""Kappa Delta"" present as a phrase",same state only,,,REVIEW,IRS_EO_BMF
Texas A&M University,Kappa Alpha Theta,Panhellenic,EPSILON EPSILON HOUSE CORPORATION OF KAPPA ALPHA THETA FRATERNITY,741858476,WACO,TX,HOUSE_CORPORATION,48,MEDIUM_CONFIDENCE,"org name ""Kappa Alpha Theta"" present as a phrase",same state only,,,REVIEW,IRS_EO_BMF
Texas A&M University,Theta Chi,IFC,ZETA ALPHA ALUMNI CHAPTER OF THETA CHI,823253313,FLOWER MOUND,TX,ALUMNI_CORPORATION,48,MEDIUM_CONFIDENCE,"org name ""Theta Chi"" present as a phrase",same state only,,,REVIEW,IRS_EO_BMF
Texas A&M University,Theta Chi,IFC,DELTA PHI CHAPTER OF THETA CHI FRATERNITY ALUMNI HOUSING,900239693,DALLAS,TX,ALUMNI_CORPORATION,48,MEDIUM_CONFIDENCE,"org name ""Theta Chi"" present as a phrase",same state only,,,REVIEW,IRS_EO_BMF
Texas A&M University,Delta Tau Delta,IFC,DELTA TAU DELTA BUILDING ASSN,746082351,AUSTIN,TX,PROPERTY_HOLDING_ENTITY,48,MEDIUM_CONFIDENCE,"org name ""Delta Tau Delta"" present as a phrase",same state only,,,REVIEW,IRS_EO_BMF
Texas A&M University,Kappa Alpha Theta,Panhellenic,KAPPA ALPHA THETA DALLAS AULNNAE FOUNDATION,751838785,DALLAS,TX,EDUCATIONAL_FOUNDATION,48,MEDIUM_CONFIDENCE,"org name ""Kappa Alpha Theta"" present as a phrase",same state only,,,REVIEW,IRS_EO_BMF
Texas A&M University,Kappa Delta,Panhellenic,SIGMA EPSILON OF KAPPA DELTA FOUNDATION,010799428,AUSTIN,TX,EDUCATIONAL_FOUNDATION,48,MEDIUM_CONFIDENCE,"org name ""Kappa Delta"" present as a phrase",same state only,,,REVIEW,IRS_EO_BMF
Texas A&M University,Kappa Delta,Panhellenic,SIGMA EPSILON OF KAPPA DELTA HOUSE CORP,742155975,AUSTIN,TX,HOUSE_CORPORATION,48,MEDIUM_CONFIDENCE,"org name ""Kappa Delta"" present as a phrase",same state only,,,REVIEW,IRS_EO_BMF
Texas A&M University,Pi Beta Phi,Panhellenic,SAN ANTONIO PI BETA PHI ALUMNAE CLUB FOUNDATION,271277550,SAN ANTONIO,TX,EDUCATIONAL_FOUNDATION,48,MEDIUM_CONFIDENCE,"org name ""Pi Beta Phi"" present as a phrase",same state only,,,REVIEW,IRS_EO_BMF
Texas A&M University,Beta Theta Pi,IFC,HOUSE CORPORATION OF DELTA MU CHAPTER OF BETA THETA PI FRATERNIT,752658104,ALLEN,TX,HOUSE_CORPORATION,48,MEDIUM_CONFIDENCE,"org name ""Beta Theta Pi"" present as a phrase",same state only,,,REVIEW,IRS_EO_BMF
Texas A&M University,Kappa Alpha Theta,Panhellenic,GAMMA PHI HOUSE CORPORATION OF KAPPA ALPHA THETA FRATERNITY,751283953,LUBBOCK,TX,HOUSE_CORPORATION,48,MEDIUM_CONFIDENCE,"org name ""Kappa Alpha Theta"" present as a phrase",same state only,,,REVIEW,IRS_EO_BMF
Texas A&M University,Pi Beta Phi,Panhellenic,TEXAS ALPHA HOUSE CORPORATION OF PI BETA PHI,746060984,AUSTIN,TX,HOUSE_CORPORATION,48,MEDIUM_CONFIDENCE,"org name ""Pi Beta Phi"" present as a phrase",same state only,,,REVIEW,IRS_EO_BMF
Texas A&M University,Pi Beta Phi,Panhellenic,PI BETA PHI FOUNDATION FOR SCHOLARSHIPS,756025860,DALLAS,TX,EDUCATIONAL_FOUNDATION,48,MEDIUM_CONFIDENCE,"org name ""Pi Beta Phi"" present as a phrase",same state only,,,REVIEW,IRS_EO_BMF
Vanderbilt University,Chi Omega,Panhellenic,CHI OMEGA FOUNDATION,310936294,MEMPHIS,TN,EDUCATIONAL_FOUNDATION,48,MEDIUM_CONFIDENCE,"org name ""Chi Omega"" present as a phrase",same state only,,,REVIEW,IRS_EO_BMF
Vanderbilt University,Chi Omega,Panhellenic,HOUSE CORPORATION UPSILON OF CHI OMEGA,621212423,JACKSON,TN,HOUSE_CORPORATION,48,MEDIUM_CONFIDENCE,"org name ""Chi Omega"" present as a phrase",same state only,,,REVIEW,IRS_EO_BMF
Vanderbilt University,Chi Omega,Panhellenic,PI CHAPTER CHI OMEGA FRATERNITY HOUSE CORP,621386377,KNOXVILLE,TN,HOUSE_CORPORATION,48,MEDIUM_CONFIDENCE,"org name ""Chi Omega"" present as a phrase",same state only,,,REVIEW,IRS_EO_BMF
Texas A&M University,Pi Beta Phi,Panhellenic,PI BETA PHI TX ZETA HOUSE CORP,742226228,WACO,TX,HOUSE_CORPORATION,48,MEDIUM_CONFIDENCE,"org name ""Pi Beta Phi"" present as a phrase",same state only,,,REVIEW,IRS_EO_BMF
Texas A&M University,Pi Beta Phi,Panhellenic,PI BETA PHI HOUSE CORPORATION OF LUBBOCK TEXAS,752098979,LUBBOCK,TX,HOUSE_CORPORATION,48,MEDIUM_CONFIDENCE,"org name ""Pi Beta Phi"" present as a phrase",same state only,,,REVIEW,IRS_EO_BMF
Texas A&M University,Pi Beta Phi,Panhellenic,HOUSTON PI BETA PHI FOUNDATION,760438662,HOUSTON,TX,EDUCATIONAL_FOUNDATION,48,MEDIUM_CONFIDENCE,"org name ""Pi Beta Phi"" present as a phrase",same state only,,,REVIEW,IRS_EO_BMF
Texas A&M University,Omega Delta Phi,MGC,OMEGA DELTA PHI DFW ALUMNI ASSOCIATION CHARITABLE FOUNDATION,474042440,MCKINNEY,TX,EDUCATIONAL_FOUNDATION,48,MEDIUM_CONFIDENCE,"org name ""Omega Delta Phi"" present as a phrase",same state only,,,REVIEW,IRS_EO_BMF
Vanderbilt University,Kappa Alpha Order,IFC,ALPHA EPSILON HOUSING CORPORATION OF KAPPA ALPHA ORDER,263108754,MEMPHIS,TN,HOUSE_CORPORATION,48,MEDIUM_CONFIDENCE,"org name ""Kappa Alpha Order"" present as a phrase",same state only,,,REVIEW,IRS_EO_BMF
Vanderbilt University,Sigma Alpha Epsilon,IFC,TENNESSEE ALPHA ALUMNI ASSOCIATION OF SIGMA ALPHA EPSILON,934782328,KNOXVILLE,TN,ALUMNI_CORPORATION,48,MEDIUM_CONFIDENCE,"org name ""Sigma Alpha Epsilon"" present as a phrase",same state only,,,REVIEW,IRS_EO_BMF
Vanderbilt University,Delta Delta Delta,Panhellenic,DELTA SIGMA HOUSE CORPORATION OF DELTA DELTA DELTA,626042374,KNOXVILLE,TN,HOUSE_CORPORATION,48,MEDIUM_CONFIDENCE,"org name ""Delta Delta Delta"" present as a phrase",same state only,,,REVIEW,IRS_EO_BMF
Texas A&M University,Tau Kappa Epsilon,IFC,TAU KAPPA EPSILON FRATERNITY NU XI ALUMNI INC,994615440,NACOGDOCHES,TX,ALUMNI_CORPORATION,48,MEDIUM_CONFIDENCE,"org name ""Tau Kappa Epsilon"" present as a phrase",same state only,,,REVIEW,IRS_EO_BMF
Vanderbilt University,Kappa Alpha Order,IFC,KAPPA ALPHA FRATERNITY HOUSING CORPORATION OF MEMPHIS,581592900,GERMANTOWN,TN,HOUSE_CORPORATION,48,MEDIUM_CONFIDENCE,"org name ""Kappa Alpha Order"" present as a phrase",same state only,,,REVIEW,IRS_EO_BMF
Vanderbilt University,Chi Omega,Panhellenic,CHATTANOOGA CHI OMEGA ALUMNAE HOUSE CORP,591778634,CHATTANOOGA,TN,HOUSE_CORPORATION,48,MEDIUM_CONFIDENCE,"org name ""Chi Omega"" present as a phrase",same state only,,,REVIEW,IRS_EO_BMF
Vanderbilt University,Chi Omega,Panhellenic,CHI OMEGA HOUSE CORPORATION,621243814,FRANKLIN,TN,HOUSE_CORPORATION,48,MEDIUM_CONFIDENCE,"org name ""Chi Omega"" present as a phrase",same state only,,,REVIEW,IRS_EO_BMF
Vanderbilt University,Chi Omega,Panhellenic,CHI OMEGA HOUSE CORPORATION,621729276,MURFREESBORO,TN,HOUSE_CORPORATION,48,MEDIUM_CONFIDENCE,"org name ""Chi Omega"" present as a phrase",same state only,,,REVIEW,IRS_EO_BMF
Vanderbilt University,Kappa Sigma,IFC,KAPPA SIGMA FRATERNITY,626111214,KNOXVILLE,TN,PROPERTY_HOLDING_ENTITY,48,MEDIUM_CONFIDENCE,"org name ""Kappa Sigma"" present as a phrase",same state only,,,REVIEW,IRS_EO_BMF
Vanderbilt University,Alpha Delta Pi,Panhellenic,ALPHA DELTA PI HOUSE CORP ALPHA KAPPA,626045032,KNOXVILLE,TN,HOUSE_CORPORATION,48,MEDIUM_CONFIDENCE,"org name ""Alpha Delta Pi"" present as a phrase",same state only,,,REVIEW,IRS_EO_BMF
Vanderbilt University,Kappa Sigma,IFC,TTU KAPPA SIGMA ALUMNI ASSOCIATION,413791542,COOKEVILLE,TN,ALUMNI_CORPORATION,48,MEDIUM_CONFIDENCE,"org name ""Kappa Sigma"" present as a phrase",same state only,,,REVIEW,IRS_EO_BMF
Vanderbilt University,Kappa Alpha Psi,NPHC,HOPKINSVILLE-FORT CAMPBELL KY ALUMNI CHAPTER OF KAPPA ALPHA PSI,237279488,CLARKSVILLE,TN,ALUMNI_CORPORATION,48,MEDIUM_CONFIDENCE,"org name ""Kappa Alpha Psi"" present as a phrase",same state only,,,REVIEW,IRS_EO_BMF
Vanderbilt University,Kappa Alpha Psi,NPHC,MEMPHIS ALUMNI CHAPTER-KAPPA ALPHA PSI FRATERNITY,237279510,CORDOVA,TN,ALUMNI_CORPORATION,48,MEDIUM_CONFIDENCE,"org name ""Kappa Alpha Psi"" present as a phrase",same state only,,,REVIEW,IRS_EO_BMF
Vanderbilt University,Kappa Alpha Psi,NPHC,KAPPA ALPHA PSI FRATERNITY INC HENDERSONVILLE ALUMNI CHAPTER,521976865,HENDERSONVLLE,TN,ALUMNI_CORPORATION,48,MEDIUM_CONFIDENCE,"org name ""Kappa Alpha Psi"" present as a phrase",same state only,,,REVIEW,IRS_EO_BMF
Vanderbilt University,Kappa Alpha Psi,NPHC,THETA BETA ALUMNI ASSOCIATION OF KAPPA ALPHA PSI FRATERNITY INC,883316021,CLARKSVILLE,TN,ALUMNI_CORPORATION,48,MEDIUM_CONFIDENCE,"org name ""Kappa Alpha Psi"" present as a phrase",same state only,,,REVIEW,IRS_EO_BMF
Vanderbilt University,Pi Kappa Alpha,IFC,EPSILON-SIGMA HOUSE CORPORATION OF THE PI KAPPA ALPHA FRATERNITY,237352958,MARTIN,TN,HOUSE_CORPORATION,48,MEDIUM_CONFIDENCE,"org name ""Pi Kappa Alpha"" present as a phrase",same state only,,,REVIEW,IRS_EO_BMF
Vanderbilt University,Pi Kappa Alpha,IFC,PI KAPPA ALPHA FOUNDATION,626039877,MEMPHIS,TN,EDUCATIONAL_FOUNDATION,48,MEDIUM_CONFIDENCE,"org name ""Pi Kappa Alpha"" present as a phrase",same state only,,,REVIEW,IRS_EO_BMF
Vanderbilt University,Sigma Chi,IFC,CHATTANOOGA ALUMNI CHAPTER OF THE SIGMA CHI FRATERNITY,831580928,GEORGETOWN,TN,ALUMNI_CORPORATION,48,MEDIUM_CONFIDENCE,"org name ""Sigma Chi"" present as a phrase",same state only,,,REVIEW,IRS_EO_BMF
Vanderbilt University,Sigma Chi,IFC,APPALACHIAN HIGHLANDS SIGMA CHI ALUMNI,992679396,GREENEVILLE,TN,ALUMNI_CORPORATION,48,MEDIUM_CONFIDENCE,"org name ""Sigma Chi"" present as a phrase",same state only,,,REVIEW,IRS_EO_BMF
Vanderbilt University,Kappa Kappa Gamma,Panhellenic,EPSILON LAMBDA HOUSE CORPORATION OF KAPPA KAPPA GAMMA FRATERNITY,581336642,ALCOA,TN,HOUSE_CORPORATION,48,MEDIUM_CONFIDENCE,"org name ""Kappa Kappa Gamma"" present as a phrase",same state only,,,REVIEW,IRS_EO_BMF
Vanderbilt University,Sigma Chi,IFC,BETA SIGMA OF SIGMA CHI HOUSE CORPORATION,621414737,KNOXVILLE,TN,HOUSE_CORPORATION,48,MEDIUM_CONFIDENCE,"org name ""Sigma Chi"" present as a phrase",same state only,,,REVIEW,IRS_EO_BMF
Vanderbilt University,Sigma Chi,IFC,SIGMA CHI CLARKSVILLE ALUMNI SCHOLARSHIP FOUNDATION INC,933925158,CLARKSVILLE,TN,SCHOLARSHIP_FOUNDATION,48,MEDIUM_CONFIDENCE,"org name ""Sigma Chi"" present as a phrase",same state only,,,REVIEW,IRS_EO_BMF
Vanderbilt University,Pi Beta Phi,Panhellenic,TENNESSEE GAMMA CHAPTER OF PI BETA PHI HOUSE CORPORATION,455540840,KINGSPORT,TN,HOUSE_CORPORATION,48,MEDIUM_CONFIDENCE,"org name ""Pi Beta Phi"" present as a phrase",same state only,,,REVIEW,IRS_EO_BMF
Vanderbilt University,Kappa Delta,Panhellenic,ZETA OMEGA HOUSE CORPORATION OF KAPPA DELTA SORORITY INC,270145918,BARTLETT,TN,HOUSE_CORPORATION,48,MEDIUM_CONFIDENCE,"org name ""Kappa Delta"" present as a phrase",same state only,,,REVIEW,IRS_EO_BMF
Vanderbilt University,Pi Beta Phi,Panhellenic,PI BETA PHI HOUSE ASSOCIATION INC,626050069,HERMITAGE,TN,HOUSE_CORPORATION,48,MEDIUM_CONFIDENCE,"org name ""Pi Beta Phi"" present as a phrase",same state only,,,REVIEW,IRS_EO_BMF
Vanderbilt University,Kappa Delta,Panhellenic,ALPHA EPSILON HOUSE CORPORATION OF KAPPA DELTA SORORITY,263814386,KNOXVILLE,TN,HOUSE_CORPORATION,48,MEDIUM_CONFIDENCE,"org name ""Kappa Delta"" present as a phrase",same state only,,,REVIEW,IRS_EO_BMF
Vanderbilt University,Kappa Delta,Panhellenic,KAPPA DELTA FOUNDATION INC,840880886,MEMPHIS,TN,EDUCATIONAL_FOUNDATION,48,MEDIUM_CONFIDENCE,"org name ""Kappa Delta"" present as a phrase",same state only,,,REVIEW,IRS_EO_BMF
Vanderbilt University,Pi Beta Phi,Panhellenic,PI BETA PHI NASHVILLE HOUSE CORPORATION,626105953,FRANKLIN,TN,HOUSE_CORPORATION,48,MEDIUM_CONFIDENCE,"org name ""Pi Beta Phi"" present as a phrase",same state only,,,REVIEW,IRS_EO_BMF
Vanderbilt University,Alpha Omicron Pi,Panhellenic,ALPHA OMICRON PI - GAINESVILLE ALUMNAE CHAPTER,413899890,BRENTWOOD,TN,ALUMNI_CORPORATION,48,MEDIUM_CONFIDENCE,"org name ""Alpha Omicron Pi"" present as a phrase",same state only,in group 0190 (unverified),,REVIEW,IRS_EO_BMF
Vanderbilt University,Alpha Omicron Pi,Panhellenic,ALPHA OMICRON PI - STILLWATER AREA ALUMNAE CHAPTER,413929092,BRENTWOOD,TN,ALUMNI_CORPORATION,48,MEDIUM_CONFIDENCE,"org name ""Alpha Omicron Pi"" present as a phrase",same state only,in group 0190 (unverified),,REVIEW,IRS_EO_BMF
Vanderbilt University,Alpha Omicron Pi,Panhellenic,ALPHA OMICRON PI FOUNDATION,581343315,BRENTWOOD,TN,EDUCATIONAL_FOUNDATION,48,MEDIUM_CONFIDENCE,"org name ""Alpha Omicron Pi"" present as a phrase",same state only,,,REVIEW,IRS_EO_BMF
Vanderbilt University,Alpha Omicron Pi,Panhellenic,ALPHA OMICRON PI - CLARKSVILLE-HOPKINSVILLE ALUMNAE C,994585033,BRENTWOOD,TN,ALUMNI_CORPORATION,48,MEDIUM_CONFIDENCE,"org name ""Alpha Omicron Pi"" present as a phrase",same state only,in group 0190 (unverified),,REVIEW,IRS_EO_BMF