campus_id,campus,state,professor_name,evidence_state,course_code,source_quality,confidence,source_url,source_domain,term,year
0054904a-2d2a-4686-af96-8ac394798e2b,University of Montana,MT,Edward J. Guay,LIKELY_INTRO1,,HIGH,Medium,https://scholarworks.umt.edu/syllabi2021-2025/2210/,scholarworks.umt.edu,Spring,2024
0054904a-2d2a-4686-af96-8ac394798e2b,University of Montana,MT,Lisa A. Eiler,LIKELY_INTRO1,,HIGH,Medium,https://scholarworks.umt.edu/cgi/viewcontent.cgi?article=8199&context=syllabi,scholarworks.umt.edu,Spring,2018
0054904a-2d2a-4686-af96-8ac394798e2b,University of Montana,MT,Edward Guay,CONFIRMED_INTRO1,,HIGH,High,https://scholarworks.umt.edu/cgi/viewcontent.cgi?article=5591&context=syllabi2021-2025,scholarworks.umt.edu,Fall,2025
0054904a-2d2a-4686-af96-8ac394798e2b,University of Montana,MT,Barbara P. Reider,LIKELY_INTRO1,,HIGH,Medium,https://scholarworks.umt.edu/cgi/viewcontent.cgi?article=5420&context=syllabi,scholarworks.umt.edu,Spring,2004
0313357b-f044-49dc-b64c-5b4429ace2ca,Northern Arizona University,AZ,Judith Costello,LIKELY_INTRO1,ACC 255,HIGH,Medium,https://jan.ucc.nau.edu/~yya2/SPA102syllF05.pdf,jan.ucc.nau.edu,Fall,2005
0313357b-f044-49dc-b64c-5b4429ace2ca,Northern Arizona University,AZ,Yuly Asención,LIKELY_INTRO1,ACC 255,HIGH,Medium,https://jan.ucc.nau.edu/~yya2/SPA102syllF05.pdf,jan.ucc.nau.edu,Fall,2005
03ba330e-a0c8-44c0-afdc-e8c247c5fdea,Uof California-Berkeley,CA,"Zhang, X",CONFIRMED_INTRO1,,HIGH,High,https://courses.haas.berkeley.edu/Schedule?strParams=Summer:2025:%,courses.haas.berkeley.edu,Summer,2025
03ba330e-a0c8-44c0-afdc-e8c247c5fdea,Uof California-Berkeley,CA,Erick O Bell,LIKELY_INTRO1,,HIGH,Medium,https://classes.berkeley.edu/content/2024-fall-ugba-120aa-001-lec-001,classes.berkeley.edu,Fall,2024
088edb1d-097d-4182-abd0-6bd91bd2b485,University of Wisconsin–Oshkosh,WI,Dr. Kimberly Rivers,LIKELY_INTRO1,ACCT 206,HIGH,Medium,https://www.uwosh.edu/faculty_staff/minniear/2006/syllabusLibStds200.htm,uwosh.edu,,2006
0a2467b0-4236-4560-8258-9c06494ec754,Foothill College,CA,"TORRETTO, JOE",CONFIRMED_INTRO1,,HIGH,High,https://foothill.edu/accounting/schedule.html,foothill.edu,Fall,2026
0a2467b0-4236-4560-8258-9c06494ec754,Foothill College,CA,"GOPAL, SUBHA",CONFIRMED_INTRO1,,HIGH,High,https://foothill.edu/accounting/schedule.html,foothill.edu,Fall,2026
0a2467b0-4236-4560-8258-9c06494ec754,Foothill College,CA,"JAMA, FILSUN",CONFIRMED_INTRO1,,HIGH,High,https://foothill.edu/accounting/schedule.html,foothill.edu,Fall,2026
0a2467b0-4236-4560-8258-9c06494ec754,Foothill College,CA,"BENSON, BEN",CONFIRMED_INTRO1,,HIGH,High,https://foothill.edu/accounting/schedule.html,foothill.edu,Fall,2026
0a2467b0-4236-4560-8258-9c06494ec754,Foothill College,CA,"NGUYEN, LONG",CONFIRMED_INTRO1,,HIGH,High,https://foothill.edu/accounting/schedule.html,foothill.edu,Fall,2026
0a2467b0-4236-4560-8258-9c06494ec754,Foothill College,CA,"GOPAL, SUBHA",CONFIRMED_INTRO1,,HIGH,High,https://fhweb.foothill.edu/schedule/?dept=every&srchinst=&srchcrn=&Quarter=2026W&modality=anymodality&oer=any&availability=all&type=latestart&GEArea=any&time=Any+Time&location=anywhere&ADay=A,fhweb.foothill.edu,,2026
0a2467b0-4236-4560-8258-9c06494ec754,Foothill College,CA,"WANG-NAVA, JOSE",CONFIRMED_INTRO1,,HIGH,High,https://fhweb.foothill.edu/schedule/?dept=every&srchinst=&srchcrn=&Quarter=2026W&modality=anymodality&oer=any&availability=all&type=latestart&GEArea=any&time=Any+Time&location=anywhere&ADay=A,fhweb.foothill.edu,,2026
0a3cb687-366b-4785-a617-593622020200,Memorial University of Newfoundland,NL,Nader Wans,CONFIRMED_INTRO1,,HIGH,High,"https://shop.mun.ca/CourseSearch/?course[]=X,202502,BUSI,BUSI2111,081",shop.mun.ca,,2025
0b7532ee-e905-4012-b835-ab99faf022d6,Howard University,DC,Jean Wells,LIKELY_INTRO1,ACCT 201,HIGH,Medium,https://business.howard.edu/sites/business.howard.edu/files/2023-05/Forensic%20Acct%20Syllabus%20-%20FALL%202022_Updated%208.31.22_0.pdf,business.howard.edu,Fall,2022
0b7532ee-e905-4012-b835-ab99faf022d6,Howard University,DC,Deloitte Professionals,LIKELY_INTRO1,ACCT 201,HIGH,Medium,https://business.howard.edu/sites/business.howard.edu/files/2023-05/Forensic%20Acct%20Syllabus%20-%20FALL%202022_Updated%208.31.22_0.pdf,business.howard.edu,Fall,2022
0eb06435-3919-47f9-a0a2-0992b4be62e0,Gustavus Adolphus College,,Dr. Mercy Laita Palamuleni,LIKELY_INTRO1,B/E 110,HIGH,Medium,https://gustavus.edu/econ-mgmt/concertFiles/media/syllabi/spring/EM-388_Palamuleni.pdf,gustavus.edu,Spring,2016
102fd422-da6d-47e5-aabe-e5d83c511408,The University of Texas at Austin,TX,Gretchen Charrier,POSSIBLE_INTRO1,ACC 311,MEDIUM,Low,https://utdirect.utexas.edu/apps/student/coursedocs/nlogon/download/4613755/,utdirect.utexas.edu,,
102fd422-da6d-47e5-aabe-e5d83c511408,The University of Texas at Austin,TX,Gretchen Charrier,POSSIBLE_INTRO1,ACC 311,MEDIUM,Low,https://utdirect.utexas.edu/apps/student/coursedocs/nlogon/download/7240791/,utdirect.utexas.edu,,
102fd422-da6d-47e5-aabe-e5d83c511408,The University of Texas at Austin,TX,Donna Johnston-Blair,POSSIBLE_INTRO1,ACC 311,MEDIUM,Low,https://utdirect.utexas.edu/apps/student/coursedocs/nlogon/download/6639428/,utdirect.utexas.edu,,
102fd422-da6d-47e5-aabe-e5d83c511408,The University of Texas at Austin,TX,Donna Johnston-Blair,POSSIBLE_INTRO1,ACC 311,MEDIUM,Low,https://catalog.utexas.edu/archive/2024-25/pdf/2024-26-undergraduate.pdf,catalog.utexas.edu,,
102fd422-da6d-47e5-aabe-e5d83c511408,The University of Texas at Austin,TX,Donna Johnston-Blair,POSSIBLE_INTRO1,ACC 311,MEDIUM,Low,https://catalog.utexas.edu/pdf/2024-26-undergraduate_addendum.pdf,catalog.utexas.edu,,
102fd422-da6d-47e5-aabe-e5d83c511408,The University of Texas at Austin,TX,Laura Savoie,LIKELY_INTRO1,ACC 311,HIGH,Medium,https://utdirect.utexas.edu/apps/student/coursedocs/nlogon/download/9635684/,utdirect.utexas.edu,Summer,
102fd422-da6d-47e5-aabe-e5d83c511408,The University of Texas at Austin,TX,Megan Allen,LIKELY_INTRO1,ACC 311,HIGH,Medium,https://utdirect.utexas.edu/apps/student/coursedocs/nlogon/download/10503535/,utdirect.utexas.edu,Fall,2020
102fd422-da6d-47e5-aabe-e5d83c511408,The University of Texas at Austin,TX,J. William Kamas,LIKELY_INTRO1,ACC 311,HIGH,Medium,https://utdirect.utexas.edu/apps/student/coursedocs/nlogon/download/7815062,utdirect.utexas.edu,Fall,2017
102fd422-da6d-47e5-aabe-e5d83c511408,The University of Texas at Austin,TX,Skylar DeTure,LIKELY_INTRO1,ACC 311,HIGH,Medium,https://utdirect.utexas.edu/apps/student/coursedocs/nlogon/download/7815062,utdirect.utexas.edu,Fall,2017
102fd422-da6d-47e5-aabe-e5d83c511408,The University of Texas at Austin,TX,Ashley Zaroff,LIKELY_INTRO1,ACC 311,HIGH,Medium,https://utdirect.utexas.edu/apps/student/coursedocs/nlogon/download/7815062,utdirect.utexas.edu,Fall,2017
102fd422-da6d-47e5-aabe-e5d83c511408,The University of Texas at Austin,TX,Donna Johnston-Blair,LIKELY_INTRO1,ACC 311,HIGH,Medium,https://utdirect.utexas.edu/apps/student/coursedocs/nlogon/download/3436716/,utdirect.utexas.edu,Fall,2013
102fd422-da6d-47e5-aabe-e5d83c511408,The University of Texas at Austin,TX,Kelsi Welch,LIKELY_INTRO1,ACC 311,HIGH,Medium,https://utdirect.utexas.edu/apps/student/coursedocs/nlogon/download/3436716/,utdirect.utexas.edu,Fall,2013
13864a8e-31cc-45e2-a81d-5e54f623ab35,Univ No Carolina Greensboro,NC,Patricia Fields Cates,LIKELY_INTRO1,ACC 201,HIGH,Medium,https://bryan.uncg.edu/wp-content/uploads/2024/11/ACC-201-06.pdf,bryan.uncg.edu,Fall,2024
13864a8e-31cc-45e2-a81d-5e54f623ab35,Univ No Carolina Greensboro,NC,Patricia Fields Cates,LIKELY_INTRO1,ACC 201,HIGH,Medium,https://bryan.uncg.edu/wp-content/uploads/2025/02/ACC-201-03.pdf,bryan.uncg.edu,Spring,2024
163adfda-42e6-4a63-9af0-2c63d4e871e5,De Anza College,CA,Christopher Kwak,LIKELY_INTRO1,,HIGH,Medium,https://www.deanza.edu/buscs/archived-syllabi/gs_2015-2016/gswinter2016/Kwok_ACCT-1A-09_Winter2016.pdf,deanza.edu,Winter,2016
163adfda-42e6-4a63-9af0-2c63d4e871e5,De Anza College,CA,Christopher Kwak,LIKELY_INTRO1,,HIGH,Medium,https://www.deanza.edu/buscs/archived-syllabi/gs_2015-2016/gswinter2016/Kwok_ACCT-58-63z_Winter2016.pdf,deanza.edu,Winter,2016
163adfda-42e6-4a63-9af0-2c63d4e871e5,De Anza College,CA,Steve Hurst,LIKELY_INTRO1,,HIGH,Medium,https://www.deanza.edu/buscs/archived-syllabi/gs_2015-2016/gsfall2015/Hurst_ACCT_1B_F15.pdf,deanza.edu,Fall,2015
163adfda-42e6-4a63-9af0-2c63d4e871e5,De Anza College,CA,Scott Osborne,CONFIRMED_INTRO1,,HIGH,High,https://www.deanza.edu/schedule/class-details.html?crn=31801&y=2026&q=W,deanza.edu,,2026
163adfda-42e6-4a63-9af0-2c63d4e871e5,De Anza College,CA,Scott Osborne,POSSIBLE_INTRO1,ACCT 1A,HIGH,Low,https://www.deanza.edu/schedule/class-details.html?crn=31801&y=2026&q=W,deanza.edu,,
163adfda-42e6-4a63-9af0-2c63d4e871e5,De Anza College,CA,Scott Osborne,POSSIBLE_INTRO1,ACCT 1A,HIGH,Low,https://www.deanza.edu/curriculum/curriculumcommittee/agenda_minutes/documents/old/CC_Agenda_2324.pdf,deanza.edu,,
163adfda-42e6-4a63-9af0-2c63d4e871e5,De Anza College,CA,Yacoub Moussa,CONFIRMED_INTRO1,ACCT 1A,HIGH,High,https://www.deanza.edu/schedule/online-classes.html,deanza.edu,,2026
163adfda-42e6-4a63-9af0-2c63d4e871e5,De Anza College,CA,Sandra Li,CONFIRMED_INTRO1,ACCT 1A,HIGH,High,https://www.deanza.edu/schedule/online-classes.html,deanza.edu,,2026
163adfda-42e6-4a63-9af0-2c63d4e871e5,De Anza College,CA,Lauri Hammond,CONFIRMED_INTRO1,ACCT 1A,HIGH,High,https://www.deanza.edu/schedule/online-classes.html,deanza.edu,,2026
163adfda-42e6-4a63-9af0-2c63d4e871e5,De Anza College,CA,Lydia R. Botsford,LIKELY_INTRO1,ACCT 1A,HIGH,Medium,https://www.deanza.edu/buscs/archived-syllabi/gs_2014-2015/gsspring2015/Botsford_Acct-1A-04_Spring2015.pdf,deanza.edu,,
163adfda-42e6-4a63-9af0-2c63d4e871e5,De Anza College,CA,Lydia R. Botsford,LIKELY_INTRO1,ACCT 1A,HIGH,Medium,https://www2.deanza.edu/buscs/archived-syllabi/gs_2014-2015/gsspring2015/BOTSFORD_BUS-67A-64Z_Spring2015.pdf,www2.deanza.edu,Spring,2015
171479ac-0d62-494b-b7ee-cfecb8ebc587,Florida Southern College,FL,Collin Clark,LIKELY_INTRO1,,HIGH,Medium,https://portal.flsouthern.edu/ICS/Academics/ACC/ACC__2111/2020_DS-ACC__2111-003/,portal.flsouthern.edu,Spring,2021
17b27729-2428-4f20-8125-a1c17c6bc9da,Chaffey College,CA,Patrick Cabildo,POSSIBLE_INTRO1,ACCTG 1A,HIGH,Low,https://www.chaffey.edu/leadership/docs/agendas/2021/2021-03-25-regular-session-agenda.pdf,chaffey.edu,,
18900a1d-e1e7-4324-ad9b-51d3a6755d11,University of Alberta,AB,Andrea Mitchell,CONFIRMED_INTRO1,,HIGH,High,https://apps.ualberta.ca/catalogue/instructor/andrealy,apps.ualberta.ca,Fall,2026
1a3169d1-2611-44de-8b14-2dee844afddd,Canisius College,NY,Chloe Wilczak,LIKELY_INTRO1,ACC 201,HIGH,Medium,https://www.canisius.edu/media/12738/download?attachment,canisius.edu,,
1a3169d1-2611-44de-8b14-2dee844afddd,Canisius College,NY,Julius Schoner,LIKELY_INTRO1,ACC 201,HIGH,Medium,https://www.canisius.edu/media/12738/download?attachment,canisius.edu,,
1a3169d1-2611-44de-8b14-2dee844afddd,Canisius College,NY,Jay Henley,LIKELY_INTRO1,ACC 201,HIGH,Medium,https://www.canisius.edu/media/12738/download?attachment,canisius.edu,,
1a4b48eb-1f7f-4ac6-bf8a-c5d7434ce1fa,Penn State University Univ,PA,Shina,CONFIRMED_INTRO1,ACCTG 201,HIGH,High,https://wilkesbarre.psu.edu/registrar/final-exams,wilkesbarre.psu.edu,Spring,2026
1ad51593-c384-497f-9c1d-ea8afb34d5b5,Texas State University,TX,Christopher R. Proschko,POSSIBLE_INTRO1,ACC 2361,HIGH,Low,https://gato-docs.its.txstate.edu/jcr:c6aaf0f4-7b39-45bd-b5c7-be6e4e5f82f2/Vita_Christopher_Proschko.pdf,gato-docs.its.txstate.edu,,
1eadb5cb-b0b8-45f1-9529-51cf18863dc0,Oral Roberts University,OK,Ray Gregg,POSSIBLE_INTRO1,ACT 215,HIGH,Low,https://oru.edu/pdfs/academics/catalog/catalog-2007-2008.pdf,oru.edu,,
1eadb5cb-b0b8-45f1-9529-51cf18863dc0,Oral Roberts University,OK,Dr. Doris K Feltham,LIKELY_INTRO1,ACT 215,HIGH,Medium,https://syllabi.oru.edu/?id=51532,syllabi.oru.edu,Fall,2018
1eb85006-b10a-4afc-bc07-ed87060b60bd,Johnson County Community College,KS,Angela King,POSSIBLE_INTRO1,ACCT 121,HIGH,Low,https://www.jccc.edu/admissions/enrollment/files/schedules/credit-schedule-spring-2018.pdf,jccc.edu,,
1eee187e-f639-4f30-ae46-39db81030a1e,University of Maine,ME,Dr. Rozhin Yousefvand Mansouri,LIKELY_INTRO1,,HIGH,Medium,https://usm.maine.edu/school-business/wp-content/uploads/sites/187/2023/03/Course-Syllabus-_ACC-110-Spring-2023.pdf,usm.maine.edu,Spring,2023
217f80e3-e73d-44b5-b442-996200638993,Rhode Island College,RI,David Filipek,POSSIBLE_INTRO1,ACCT 201,HIGH,Low,https://digitalcollections.ric.edu/record/14248/files/CA-0009-b06-f05.pdf,digitalcollections.ric.edu,,
21cad3ab-fb66-4efb-b338-430cbbdd41e9,"University of Nevada, Las Vegas",NV,T. Perri,LIKELY_INTRO1,ACC 201,HIGH,Medium,https://www.unlv.edu/sites/default/files/media/document/2023-05/ACC201-Syllabus.pdf,unlv.edu,Fall,2016
2295938f-dc14-4a90-af6f-2cd67c4d98cb,Univ of Alaska Southeast,AK,Paulette Schirmer,POSSIBLE_INTRO1,ACCT S201,HIGH,Low,https://uas.alaska.edu/curriculum/docs/meetingagendas/2024-2025/2024-12-20-ugcc-agenda.pdf,uas.alaska.edu,,
2567ae60-6898-4652-a62a-13a73c18e2c5,Ball State University,IN,Dr. Sharon Huang,CONFIRMED_INTRO1,ACC 201,HIGH,High,https://www.bsu.edu/web/bsudatastream?ds=Z7UH8ban8ng2QorQ23ulQqvlzy9IOXozqGBFobSkTHyszcjpfhMUQ29mmL%2FWvO6IFdJFmKq2COPR%2BZfY6Au4SbSEwnNUBK1GzaWoGBHVAgUQYkgKYsvGxrehIY6WOLxc7x8eRKCmEljk9u6w5yYMuScTZdzpHE2ltYVniJ4rTZY%3D,bsu.edu,Spring,2026
2567ae60-6898-4652-a62a-13a73c18e2c5,Ball State University,IN,Atul Singh,CONFIRMED_INTRO1,ACC 201,HIGH,High,https://www.bsu.edu/web/bsudatastream?ds=biKfmF7Z5MMYpGvYzydL4sNe%2BRegOPwWpBTh%2FYqm6EEnxYK8972cVS28367lHFU0OLOrb61jyIbXQzhhq8ygDO6hO1hUV%2BLLqluSVU%2B%2FfmiIL3FlH8n1g61dXut3AIvOhW2QGef6QxgfF4kOBLrrLw%3D%3D,bsu.edu,Summer,2026
2c434afb-1227-464b-9876-da717055f353,Uof Minnesota Duluth,MN,Lolita Paff,LIKELY_INTRO1,,HIGH,Medium,https://open.umn.edu/opentextbooks/textbooks/financial-and-managerial-accounting,open.umn.edu,,2021
2c4a27b0-8a7e-47f8-94bc-ee1f94c88d37,Community College of Rhode Island,RI,Cecile M. Roberti,LIKELY_INTRO1,,HIGH,Medium,https://bannerweb.ccri.edu/pls/DORA/bwckctlg.p_disp_listcrse?term_in=201010&subj_in=ACCT&crse_in=1010&schd_in=LEC,bannerweb.ccri.edu,Spring,2010
2c4a27b0-8a7e-47f8-94bc-ee1f94c88d37,Community College of Rhode Island,RI,Brenda L Konopelko,LIKELY_INTRO1,,HIGH,Medium,https://bannerweb.ccri.edu/pls/DORA/bwckctlg.p_disp_listcrse?term_in=201010&subj_in=ACCT&crse_in=1010&schd_in=LEC,bannerweb.ccri.edu,Spring,2010
2c4a27b0-8a7e-47f8-94bc-ee1f94c88d37,Community College of Rhode Island,RI,William E. Squizzero,LIKELY_INTRO1,,HIGH,Medium,https://bannerweb.ccri.edu/pls/DORA/bwckctlg.p_disp_listcrse?term_in=201010&subj_in=ACCT&crse_in=1010&schd_in=LEC,bannerweb.ccri.edu,Spring,2010
2c4a27b0-8a7e-47f8-94bc-ee1f94c88d37,Community College of Rhode Island,RI,Joanne C Orabone,LIKELY_INTRO1,,HIGH,Medium,https://bannerweb.ccri.edu/pls/DORA/bwckctlg.p_disp_listcrse?term_in=201010&subj_in=ACCT&crse_in=1010&schd_in=LEC,bannerweb.ccri.edu,Spring,2010
2c4a27b0-8a7e-47f8-94bc-ee1f94c88d37,Community College of Rhode Island,RI,Arthur A. Silva,LIKELY_INTRO1,,HIGH,Medium,https://bannerweb.ccri.edu/pls/DORA/bwckctlg.p_disp_listcrse?term_in=201010&subj_in=ACCT&crse_in=1010&schd_in=LEC,bannerweb.ccri.edu,Spring,2010
2c4a27b0-8a7e-47f8-94bc-ee1f94c88d37,Community College of Rhode Island,RI,John S. Renza,LIKELY_INTRO1,,HIGH,Medium,https://bannerweb.ccri.edu/pls/DORA/bwckctlg.p_disp_listcrse?term_in=201010&subj_in=ACCT&crse_in=1010&schd_in=LEC,bannerweb.ccri.edu,Spring,2010
2c4a27b0-8a7e-47f8-94bc-ee1f94c88d37,Community College of Rhode Island,RI,Gail S. O'Rourke,LIKELY_INTRO1,,HIGH,Medium,https://bannerweb.ccri.edu/pls/DORA/bwckctlg.p_disp_listcrse?term_in=201010&subj_in=ACCT&crse_in=1010&schd_in=LEC,bannerweb.ccri.edu,Spring,2010
2c4a27b0-8a7e-47f8-94bc-ee1f94c88d37,Community College of Rhode Island,RI,Sharon A. Picard,LIKELY_INTRO1,,HIGH,Medium,https://bannerweb.ccri.edu/pls/DORA/bwckctlg.p_disp_listcrse?term_in=201010&subj_in=ACCT&crse_in=1010&schd_in=LEC,bannerweb.ccri.edu,Spring,2010
2c4a27b0-8a7e-47f8-94bc-ee1f94c88d37,Community College of Rhode Island,RI,Maryann C. LaCascio,LIKELY_INTRO1,,HIGH,Medium,https://bannerweb.ccri.edu/pls/DORA/bwckctlg.p_disp_listcrse?term_in=201010&subj_in=ACCT&crse_in=1010&schd_in=LEC,bannerweb.ccri.edu,Spring,2010
2c4a27b0-8a7e-47f8-94bc-ee1f94c88d37,Community College of Rhode Island,RI,Roxann Johnson-Nance,LIKELY_INTRO1,,HIGH,Medium,https://bannerweb.ccri.edu/pls/DORA/bwckctlg.p_disp_listcrse?term_in=201010&subj_in=ACCT&crse_in=1010&schd_in=LEC,bannerweb.ccri.edu,Spring,2010
2d23ea54-35d6-4f68-8a2b-5c53849a61be,Texas A&M Univ-Texarkana,TX,Paul R. Goodchild,LIKELY_INTRO1,,HIGH,Medium,https://www.tamut.edu/faculty/syllabi/202480/80619.pdf,tamut.edu,,2024
2d23ea54-35d6-4f68-8a2b-5c53849a61be,Texas A&M Univ-Texarkana,TX,Devona Harwood,CONFIRMED_INTRO1,,HIGH,High,https://www.tamut.edu/faculty/syllabi/202640/40124.pdf,tamut.edu,Summer,2026
2d23ea54-35d6-4f68-8a2b-5c53849a61be,Texas A&M Univ-Texarkana,TX,Selena Jefferies,LIKELY_INTRO1,,HIGH,Medium,https://www.tamut.edu/faculty/syllabi/202020/20116.pdf,tamut.edu,Spring,2020
2d23ea54-35d6-4f68-8a2b-5c53849a61be,Texas A&M Univ-Texarkana,TX,Paul R. Goodchild,LIKELY_INTRO1,,HIGH,Medium,https://www.tamut.edu/faculty/syllabi/202440/40021.pdf,tamut.edu,Summer,2024
33422353-e982-42b4-b0e4-26fbb9cf1d1e,Doane University,NE,Bill Jefferson,LIKELY_INTRO1,ACC 103,HIGH,Medium,https://web.doane.edu/sites/default/files/syllabi/Omaha/001%20-%20Winter%201%202016/ACC%20103%20Jefferson.pdf,web.doane.edu,Fall,
33422353-e982-42b4-b0e4-26fbb9cf1d1e,Doane University,NE,Robert Mizerski,LIKELY_INTRO1,ACC 103,HIGH,Medium,https://web.doane.edu/sites/default/files/syllabi/Online/007%20-%20Winter%20II%202019/ACC%20103%20Financial%20Accounting%20ONLINE%20R.Mizerski.pdf,web.doane.edu,,2019
33422353-e982-42b4-b0e4-26fbb9cf1d1e,Doane University,NE,Steve Horan,LIKELY_INTRO1,ACC 103,HIGH,Medium,https://web.doane.edu/sites/default/files/syllabi/Online/016%20-%20Winter%20I%202020/BUS%20226%20ONL%20Finance%20Horan.pdf,web.doane.edu,,2020
342bca14-34bc-49fa-bac0-b7bc73bdbfb8,Harrisburg Area Community College,PA,Lena Showers-Lewis,LIKELY_INTRO1,,HIGH,Medium,https://www.hacc.edu/AboutHACC/HACCPublications/upload/Gettysburg-Campus-August-2019.pdf,hacc.edu,Fall,2019
349eaec1-12e2-4168-888f-9371ce7a828e,Boise State University,ID,Matthew Stallings,CONFIRMED_INTRO1,,HIGH,High,https://my.boisestate.edu/course-search/courses/1269/ugrd/ACCT/100370,my.boisestate.edu,Fall,2026
356ddca2-f616-4344-baed-6b1e5c5c83ff,King's College - Pennsylvania,PA,Chrislynn Freed,LIKELY_INTRO1,ACCT 115,HIGH,Medium,https://www.academia.edu/15354765/BUAD_305_ABRIDGED_CORE_CONCEPTS_OF_ACCOUNTING_INFORMATION_Course_Syllabus_for_Fall_2015,academia.edu,Fall,2015
356ddca2-f616-4344-baed-6b1e5c5c83ff,King's College - Pennsylvania,PA,Leanna Lew,LIKELY_INTRO1,ACCT 115,HIGH,Medium,https://www.academia.edu/15354765/BUAD_305_ABRIDGED_CORE_CONCEPTS_OF_ACCOUNTING_INFORMATION_Course_Syllabus_for_Fall_2015,academia.edu,Fall,2015
356ddca2-f616-4344-baed-6b1e5c5c83ff,King's College - Pennsylvania,PA,Michael Donahue,LIKELY_INTRO1,ACCT 115,HIGH,Medium,https://www.academia.edu/15354765/BUAD_305_ABRIDGED_CORE_CONCEPTS_OF_ACCOUNTING_INFORMATION_Course_Syllabus_for_Fall_2015,academia.edu,Fall,2015
356ddca2-f616-4344-baed-6b1e5c5c83ff,King's College - Pennsylvania,PA,Ben Green,LIKELY_INTRO1,ACCT 115,HIGH,Medium,https://www.academia.edu/15354765/BUAD_305_ABRIDGED_CORE_CONCEPTS_OF_ACCOUNTING_INFORMATION_Course_Syllabus_for_Fall_2015,academia.edu,Fall,2015
356ddca2-f616-4344-baed-6b1e5c5c83ff,King's College - Pennsylvania,PA,Prof. David Mitchell,LIKELY_INTRO1,ACCT 115,HIGH,Medium,https://www.academia.edu/15376350/Syllabus_Public_Financial_Management_graduate_online_,academia.edu,Fall,2015
356ddca2-f616-4344-baed-6b1e5c5c83ff,King's College - Pennsylvania,PA,rich siree,LIKELY_INTRO1,ACCT 115,HIGH,Medium,https://www.academia.edu/11042410/CPA_Syllabus,academia.edu,,2012
378aee56-c546-4fd6-9e1f-1eb73502f55a,University of Akron,OH,Mr. Alan J. Larris,LIKELY_INTRO1,,HIGH,Medium,https://www.uakron.edu/cba/docs/undergrad-docs/syllabus/accountingprinciples2syllabus.pdf,uakron.edu,Fall,2014
378aee56-c546-4fd6-9e1f-1eb73502f55a,University of Akron,OH,Thaddeus Neururer,LIKELY_INTRO1,,HIGH,Medium,https://www.uakron.edu/cba/docs/undergrad-docs/syllabus/2022/ACCT_201_Accounting_Principles_I.pdf,uakron.edu,Fall,2022
378aee56-c546-4fd6-9e1f-1eb73502f55a,University of Akron,OH,Kevin Brennan,LIKELY_INTRO1,,HIGH,Medium,https://www.uakron.edu/cba/docs/undergrad-docs/syllabus/2022/ACCT_201_Accounting_Principles_I.pdf,uakron.edu,Fall,2022
378aee56-c546-4fd6-9e1f-1eb73502f55a,University of Akron,OH,Scott L. Scarborough,LIKELY_INTRO1,,HIGH,Medium,https://www.uakron.edu/cba/docs/undergrad-docs/syllabus/2022/ACCT_202_Accounting_Principles_II.pdf,uakron.edu,Fall,2022
378aee56-c546-4fd6-9e1f-1eb73502f55a,University of Akron,OH,Edward Conrad,LIKELY_INTRO1,,HIGH,Medium,https://www.uakron.edu/cba/docs/undergrad-docs/syllabus/accountingprinciples2syllabus2018.pdf,uakron.edu,Fall,2018
379b6839-6a7d-479a-b2df-d1dbce1d831e,Kent State University,OH,Wendy Tietz,CONFIRMED_INTRO1,ACCT 23020,HIGH,High,https://syllabus.kent.edu/,syllabus.kent.edu,Fall,2026
379b6839-6a7d-479a-b2df-d1dbce1d831e,Kent State University,OH,Ryan C. Ballestero,LIKELY_INTRO1,ACCT 23020,HIGH,Medium,https://catalog.kent.edu/colleges/be/acct/acct.pdf,catalog.kent.edu,,
379b6839-6a7d-479a-b2df-d1dbce1d831e,Kent State University,OH,Shunlan Fang,LIKELY_INTRO1,ACCT 23020,HIGH,Medium,https://catalog.kent.edu/colleges/be/acct/acct.pdf,catalog.kent.edu,,
379b6839-6a7d-479a-b2df-d1dbce1d831e,Kent State University,OH,Rini V. Laksmana,LIKELY_INTRO1,ACCT 23020,HIGH,Medium,https://catalog.kent.edu/colleges/be/acct/acct.pdf,catalog.kent.edu,,
379b6839-6a7d-479a-b2df-d1dbce1d831e,Kent State University,OH,Wei Li,LIKELY_INTRO1,ACCT 23020,HIGH,Medium,https://catalog.kent.edu/colleges/be/acct/acct.pdf,catalog.kent.edu,,
379b6839-6a7d-479a-b2df-d1dbce1d831e,Kent State University,OH,Serena Loftus,LIKELY_INTRO1,ACCT 23020,HIGH,Medium,https://catalog.kent.edu/colleges/be/acct/acct.pdf,catalog.kent.edu,,
379b6839-6a7d-479a-b2df-d1dbce1d831e,Kent State University,OH,Scott E. Miller,LIKELY_INTRO1,ACCT 23020,HIGH,Medium,https://catalog.kent.edu/colleges/be/acct/acct.pdf,catalog.kent.edu,,
379b6839-6a7d-479a-b2df-d1dbce1d831e,Kent State University,OH,Kevin Munch,LIKELY_INTRO1,ACCT 23020,HIGH,Medium,https://catalog.kent.edu/colleges/be/acct/acct.pdf,catalog.kent.edu,,
379b6839-6a7d-479a-b2df-d1dbce1d831e,Kent State University,OH,Mindy B. Nett,LIKELY_INTRO1,ACCT 23020,HIGH,Medium,https://catalog.kent.edu/colleges/be/acct/acct.pdf,catalog.kent.edu,,
379b6839-6a7d-479a-b2df-d1dbce1d831e,Kent State University,OH,Wendy M. Tietz,LIKELY_INTRO1,ACCT 23020,HIGH,Medium,https://catalog.kent.edu/colleges/be/acct/acct.pdf,catalog.kent.edu,,
379b6839-6a7d-479a-b2df-d1dbce1d831e,Kent State University,OH,R.Z. Zhang,LIKELY_INTRO1,ACCT 23020,HIGH,Medium,https://catalog.kent.edu/colleges/be/acct/acct.pdf,catalog.kent.edu,,
37eee2c8-db8d-428d-a938-3fcfb3dbd696,Rollins College Winter,FL,Tom Kruczek,LIKELY_INTRO1,ACC 501,HIGH,Medium,https://scholarship.rollins.edu/cgi/viewcontent.cgi?article=1052&context=crummer_fac,scholarship.rollins.edu,,2007
37eee2c8-db8d-428d-a938-3fcfb3dbd696,Rollins College Winter,FL,Allen H. Kupetz,LIKELY_INTRO1,ACC 501,HIGH,Medium,https://scholarship.rollins.edu/cgi/viewcontent.cgi?article=1052&context=crummer_fac,scholarship.rollins.edu,,2007
37fd8b58-b0fe-4251-891f-90066c835ebd,University of Michigan Ann,MI,David W. Wright,LIKELY_INTRO1,,HIGH,Medium,https://www.bus.umich.edu/FacultyBios/CV/dwwright.pdf,bus.umich.edu,,
391db14a-eec4-471d-8348-74078e451fdc,Universidad Carlos III de Madrid,MD,Baptiste Colas,LIKELY_INTRO1,,HIGH,Medium,https://www.uc3m.es/ss/Satellite?blobcol=urldata&blobheader=application%2Fpdf&blobheadername1=Content-Disposition&blobheadername2=Cache-Control&blobheadervalue1=inline%3B+filename%3D%22Contabilidad_B%C3%A1sica.pdf%22&blobheadervalue2=private&blobkey=id&blobtable=MungoBlobs&blobwhere=1371629030290&ssbinary=true,uc3m.es,,
398c1e45-85ba-4330-97e8-04d7c88c9cde,University of Wisconsin–Milwaukee,WI,Konkol,LIKELY_INTRO1,BUS ADM 201,HIGH,Medium,https://sites.uwm.edu/konkol/,sites.uwm.edu,,
398c1e45-85ba-4330-97e8-04d7c88c9cde,University of Wisconsin–Milwaukee,WI,Richard D. Marcus,LIKELY_INTRO1,BUS ADM 201,HIGH,Medium,https://sites.uwm.edu/marcus/finance-350-spring-2022/,sites.uwm.edu,Spring,2022
398c1e45-85ba-4330-97e8-04d7c88c9cde,University of Wisconsin–Milwaukee,WI,Sayeda Shefa,LIKELY_INTRO1,BUS ADM 201,HIGH,Medium,https://sites.uwm.edu/marcus/finance-350-spring-2022/,sites.uwm.edu,Spring,2022
398c1e45-85ba-4330-97e8-04d7c88c9cde,University of Wisconsin–Milwaukee,WI,Rebekah O.,LIKELY_INTRO1,BUS ADM 201,HIGH,Medium,https://sites.uwm.edu/marcus/finance-350-spring-2022/,sites.uwm.edu,Spring,2022
398c1e45-85ba-4330-97e8-04d7c88c9cde,University of Wisconsin–Milwaukee,WI,Richard D. Marcus,LIKELY_INTRO1,BUS ADM 201,HIGH,Medium,https://sites.uwm.edu/marcus/finance-350-fall-2022/,sites.uwm.edu,Fall,2022
398c1e45-85ba-4330-97e8-04d7c88c9cde,University of Wisconsin–Milwaukee,WI,Sayeda Shefa,LIKELY_INTRO1,BUS ADM 201,HIGH,Medium,https://sites.uwm.edu/marcus/finance-350-fall-2022/,sites.uwm.edu,Fall,2022
398c1e45-85ba-4330-97e8-04d7c88c9cde,University of Wisconsin–Milwaukee,WI,Md Samiul Islam,LIKELY_INTRO1,BUS ADM 201,HIGH,Medium,https://sites.uwm.edu/marcus/finance-350-fall-2022/,sites.uwm.edu,Fall,2022
3f570e37-5394-4058-baab-508948befedb,University of Georgia,GA,Andrew Snyder,LIKELY_INTRO1,ACCT 2101,HIGH,Medium,https://bulletin.uga.edu/Course/Details/3096,bulletin.uga.edu,,
3f570e37-5394-4058-baab-508948befedb,University of Georgia,GA,Erin Towery,LIKELY_INTRO1,ACCT 2101,HIGH,Medium,https://bulletin.uga.edu/Course/Details/3096,bulletin.uga.edu,,
3f570e37-5394-4058-baab-508948befedb,University of Georgia,GA,"Matthews, Jason",LIKELY_INTRO1,ACCT 2101,HIGH,Medium,https://bulletin.uga.edu/Course/Details/27786,bulletin.uga.edu,,
3f988607-eaa9-49ee-b07f-e50be118690f,Central Connecticut St Univ New,CT,Dr. Kristine Larsen,LIKELY_INTRO1,,HIGH,Medium,https://sites.ccsu.edu/facultysenate/files/Supporting_Documents_2018-19/FS.18.19.015B.pdf,sites.ccsu.edu,Spring,2019
40e687ef-df5d-49e1-887f-f482f5df6e42,Washington University St.,MO,Michael J. Mazzeo,CONFIRMED_INTRO1,,HIGH,High,https://bulletin.wustl.edu/grad/business/,bulletin.wustl.edu,Fall,2025
42c3eddd-939e-48ae-ba21-2d04bdadb84e,Florida Atlantic University,FL,Jay J. Leiner,LIKELY_INTRO1,ACG 2021,HIGH,Medium,https://www.fau.edu/graduate/documents/ufs/3-16-2023/bus/cc-acg6686-acct-fraud.pdf,fau.edu,Fall,2021
4a1720da-d044-42a3-bdde-1542ae9e096c,Stanford University,CA,"Beyer, A.",LIKELY_INTRO1,,HIGH,Medium,https://explorecourses.stanford.edu/search?q=ACCT&view=timeschedule&filter-term-Winter=off&filter-term-Summer=off&filter-catalognumber-ACCT=on&filter-term-Autumn=off&filter-term-Spring=off&page=0&filter-coursestatus-Active=on&academicYear=20212022,explorecourses.stanford.edu,,2021
4a1720da-d044-42a3-bdde-1542ae9e096c,Stanford University,CA,"deHaan, E.",CONFIRMED_INTRO1,,HIGH,High,https://explorecourses.stanford.edu/search?q=GSB&view=timeschedule&page=0&filter-coursestatus-Active=on&catalog=,explorecourses.stanford.edu,Fall,2026
4a1720da-d044-42a3-bdde-1542ae9e096c,Stanford University,CA,"Kim, J.",CONFIRMED_INTRO1,,HIGH,High,https://explorecourses.stanford.edu/search?q=GSB&view=timeschedule&page=0&filter-coursestatus-Active=on&catalog=,explorecourses.stanford.edu,Fall,2026
4a1720da-d044-42a3-bdde-1542ae9e096c,Stanford University,CA,"Choi, J.",LIKELY_INTRO1,,HIGH,Medium,https://explorecourses.stanford.edu/search?q=all+courses&view=timeschedule&academicYear=20222023&filter-ger-GERDBSocSci=on%2C5%2C&page=9&filter-coursestatus-Active=on,explorecourses.stanford.edu,Autumn,2022
4a1720da-d044-42a3-bdde-1542ae9e096c,Stanford University,CA,"Noh, S.",LIKELY_INTRO1,,HIGH,Medium,https://explorecourses.stanford.edu/search?q=all+courses&view=timeschedule&academicYear=20222023&filter-ger-GERDBSocSci=on%2C5%2C&page=9&filter-coursestatus-Active=on,explorecourses.stanford.edu,Autumn,2022
4a1720da-d044-42a3-bdde-1542ae9e096c,Stanford University,CA,"deHaan, E.",CONFIRMED_INTRO1,,HIGH,High,https://explorecourses.stanford.edu/search?q=ACCT&view=timeschedule&page=0&academicYear=20262027,explorecourses.stanford.edu,Autumn,2026
4a1720da-d044-42a3-bdde-1542ae9e096c,Stanford University,CA,"Kim, J.",CONFIRMED_INTRO1,,HIGH,High,https://explorecourses.stanford.edu/search?q=ACCT&view=timeschedule&page=0&academicYear=20262027,explorecourses.stanford.edu,Autumn,2026
4ba93766-716e-4019-87ab-9181e6bba681,Nagoya University,OH,Frendy,LIKELY_INTRO1,,HIGH,Medium,https://info3.nucba.ac.jp/syllabus/syllabus_body.php?syllabuscode=NUC406_N20B,info3.nucba.ac.jp,,2020
4ba93766-716e-4019-87ab-9181e6bba681,Nagoya University,OH,Bishnu Kumar Adhikary,CONFIRMED_INTRO1,,HIGH,High,https://syllabus.u-hyogo.ac.jp/slResult/2026/english/syllabusHtml/SyllabusHtml.2026.174170.html,syllabus.u-hyogo.ac.jp,Fall,2026
4ba93766-716e-4019-87ab-9181e6bba681,Nagoya University,OH,Yoichiro TSUZUKI,CONFIRMED_INTRO1,,HIGH,High,https://syllabus.u-hyogo.ac.jp/slResult/2026/english/syllabusHtml/SyllabusHtml.2026.140130.html,syllabus.u-hyogo.ac.jp,Fall,2026
4ba93766-716e-4019-87ab-9181e6bba681,Nagoya University,OH,Frendy,LIKELY_INTRO1,,HIGH,Medium,https://info3.nucba.ac.jp/syllabus/syllabus_body.php?syllabuscode=NUC407_N21A,info3.nucba.ac.jp,,2021
4c146400-e96d-4d2c-b06a-49f2ba596d02,New Jersey In of Technology,NJ,Heejae Lee,LIKELY_INTRO1,,HIGH,Medium,https://digitalcommons.njit.edu/mtsm-syllabi/172/,digitalcommons.njit.edu,Spring,2024
4c146400-e96d-4d2c-b06a-49f2ba596d02,New Jersey In of Technology,NJ,Karen Schoenebeck,LIKELY_INTRO1,,HIGH,Medium,https://management.njit.edu/sites/management/files/lcms/academics/undergraduate/ACCT_115-135-SPRING_2013-Schoenebeck.pdf,management.njit.edu,Spring,2013
4c146400-e96d-4d2c-b06a-49f2ba596d02,New Jersey In of Technology,NJ,Wilson Seda,LIKELY_INTRO1,,HIGH,Medium,https://digitalcommons.njit.edu/mtsm-syllabi/49/,digitalcommons.njit.edu,Fall,2023
4c146400-e96d-4d2c-b06a-49f2ba596d02,New Jersey In of Technology,NJ,Joseph Micale,LIKELY_INTRO1,,HIGH,Medium,https://digitalcommons.njit.edu/mtsm-syllabi/271/,digitalcommons.njit.edu,Fall,2024
4c5126b1-3fe0-48fe-a1db-1e41d06e4642,University of Florida,FL,Jill Goslinga,POSSIBLE_INTRO1,ACG 2021,HIGH,Low,https://warrington.ufl.edu/wp-content/uploads/2025/06/accounting-handbook-2023-2024.pdf,warrington.ufl.edu,,
519ab87b-e1bc-4847-a579-140ec08ef841,Wayland Baptist University,TX,Valerie Tharp,LIKELY_INTRO1,ACCT 2305,HIGH,Medium,http://old.wbu.edu/academics/online_programs/schedules/Syllabi/Winter17/Business/ACCT2306VC01.pdf,old.wbu.edu,Winter,2017
519ab87b-e1bc-4847-a579-140ec08ef841,Wayland Baptist University,TX,Valerie Tharp,CONFIRMED_INTRO1,ACCT 2305,HIGH,High,https://old.wbu.edu/academics/online_programs/schedules/Syllabi/Spring226/Business/ACCT2305VC01.pdf,old.wbu.edu,Spring,2026
519ab87b-e1bc-4847-a579-140ec08ef841,Wayland Baptist University,TX,Ernesto Balbas,LIKELY_INTRO1,ACCT 2305,HIGH,Medium,https://www.wbu.edu/campuses/hawaii/syllabi/documents/fallsessions2024/BALBAS_FALL%20II_2024_ACCT%202306%20Syllabus.pdf,wbu.edu,Fall,2024
519ab87b-e1bc-4847-a579-140ec08ef841,Wayland Baptist University,TX,Dr. Henrique Regina,LIKELY_INTRO1,ACCT 2305,HIGH,Medium,https://www.wbu.edu/campuses/hawaii/syllabi/documents/fallsessions2023/Syllabus%20FINA%203309%20Fall%202%202023%20HI01%20-%20Dr%20Henrique%20Regina.pdf,wbu.edu,Fall,2023
51a5f06a-ffe1-4d26-bd70-1b89c242a82f,McMaster University,ON,Dr. Emad Mohammad,CONFIRMED_INTRO1,,HIGH,High,https://ug.degroote.mcmaster.ca/wp-content/uploads/sites/91/2025/09/IBH-1AA3-F25-Mohammad.pdf,ug.degroote.mcmaster.ca,Fall,2025
51a5f06a-ffe1-4d26-bd70-1b89c242a82f,McMaster University,ON,Mr. Karim Karim,CONFIRMED_INTRO1,,HIGH,High,https://ug.degroote.mcmaster.ca/wp-content/uploads/sites/91/2025/09/IBH-1AA3-F25-Mohammad.pdf,ug.degroote.mcmaster.ca,Fall,2025
51a5f06a-ffe1-4d26-bd70-1b89c242a82f,McMaster University,ON,Dr. Yaqin Hu,CONFIRMED_INTRO1,,HIGH,High,https://mbastudent.degroote.mcmaster.ca/wp-content/uploads/sites/69/2025/06/A610-Course-Outline-Fall-2025.pdf,mbastudent.degroote.mcmaster.ca,Fall,2025
51a5f06a-ffe1-4d26-bd70-1b89c242a82f,McMaster University,ON,Dr. Alfred Liu,CONFIRMED_INTRO1,,HIGH,High,https://ug.degroote.mcmaster.ca/wp-content/uploads/sites/91/2024/12/1AA3-W25-Revised-Liu.pdf,ug.degroote.mcmaster.ca,Winter,2025
51fea346-5d62-401f-9fc8-eb50765e024c,Dominican Univ of Calif San,CA,Marianne Rogoff,LIKELY_INTRO1,ACCT 101,HIGH,Medium,https://scholar.dominican.edu/cgi/viewcontent.cgi?article=1001&context=literature-languages-faculty-scholarship,scholar.dominican.edu,,2013
51fea346-5d62-401f-9fc8-eb50765e024c,Dominican Univ of Calif San,CA,Cindy Shearer,LIKELY_INTRO1,ACCT 101,HIGH,Medium,https://scholar.dominican.edu/cgi/viewcontent.cgi?article=1001&context=literature-languages-faculty-scholarship,scholar.dominican.edu,,2013
51fea346-5d62-401f-9fc8-eb50765e024c,Dominican Univ of Calif San,CA,Daniel Deslauriers,LIKELY_INTRO1,ACCT 101,HIGH,Medium,https://scholar.dominican.edu/cgi/viewcontent.cgi?article=1001&context=literature-languages-faculty-scholarship,scholar.dominican.edu,,2013
51fea346-5d62-401f-9fc8-eb50765e024c,Dominican Univ of Calif San,CA,Mary Beth Pringle,LIKELY_INTRO1,ACCT 101,HIGH,Medium,https://scholar.dominican.edu/cgi/viewcontent.cgi?article=1001&context=literature-languages-faculty-scholarship,scholar.dominican.edu,,2013
54036bcf-4050-45da-94e7-cb001da199a0,East Texas A&M University,TX,Pratima FNU,POSSIBLE_INTRO1,ACCT 2301,HIGH,Low,https://appsprod.etamu.edu/Schedule/Schedule.aspx?CN=W&Term=202620&Dept=AFEB,appsprod.etamu.edu,,
54036bcf-4050-45da-94e7-cb001da199a0,East Texas A&M University,TX,Pratima FNU,POSSIBLE_INTRO1,ACCT 2301,HIGH,Low,https://appsprod.etamu.edu/Schedule/Schedule.aspx?Term=202550&Dept=ACFN,appsprod.etamu.edu,,
54110fb9-3a7e-42fb-9cd0-f8e441f5587a,University of Exeter,EX,Claudia Scicluna,LIKELY_INTRO1,,HIGH,Medium,https://curriculum.southwales.ac.uk/Module/Details?moduleId=MOD011435,curriculum.southwales.ac.uk,Fall,
54110fb9-3a7e-42fb-9cd0-f8e441f5587a,University of Exeter,EX,Jared Davies,LIKELY_INTRO1,,HIGH,Medium,https://curriculum.southwales.ac.uk/Module/Details?moduleId=MOD011435,curriculum.southwales.ac.uk,Fall,
54110fb9-3a7e-42fb-9cd0-f8e441f5587a,University of Exeter,EX,Rosemary Eaton,LIKELY_INTRO1,,HIGH,Medium,https://curriculum.southwales.ac.uk/Module/Details?moduleId=MOD011435,curriculum.southwales.ac.uk,Fall,
54110fb9-3a7e-42fb-9cd0-f8e441f5587a,University of Exeter,EX,Nicola Gilbert,LIKELY_INTRO1,,HIGH,Medium,https://curriculum.southwales.ac.uk/Module/Details?moduleId=MOD011435,curriculum.southwales.ac.uk,Fall,
54110fb9-3a7e-42fb-9cd0-f8e441f5587a,University of Exeter,EX,Mr Adam Finkel-Gates,LIKELY_INTRO1,,HIGH,Medium,https://www.drps.ed.ac.uk/19-20/dpt/cxcmse11338.htm,drps.ed.ac.uk,Fall,2019
54240b28-04bf-435e-af0c-f7b60f26c3af,North Central Texas College,TX,Rashid Rahman,CONFIRMED_INTRO1,,HIGH,High,https://my.nctc.edu/ICS/Academics/ACCT/ACCT_2301/2025_FA-ACCT_2301-0840/Syllabus.jnz?portlet=Introduction,my.nctc.edu,Fall,2025
54240b28-04bf-435e-af0c-f7b60f26c3af,North Central Texas College,TX,Vanessa Fields-Johnson,CONFIRMED_INTRO1,,HIGH,High,https://my.nctc.edu/ICS/Academics/ACCT/ACCT_2301/2026_FA-ACCT_2301-0310/,my.nctc.edu,Fall,2026
59575c9b-3309-4500-9f5b-700d1b82e6cf,Lakeland Community College,OH,"Racic, J",CONFIRMED_INTRO1,,HIGH,High,https://lkn.lakelandcc.edu/internet/academics/schedule/?show=1&subj_code=ACCT,lkn.lakelandcc.edu,Fall,2026
59575c9b-3309-4500-9f5b-700d1b82e6cf,Lakeland Community College,OH,"Mengelkamp, J",CONFIRMED_INTRO1,,HIGH,High,https://lkn.lakelandcc.edu/internet/academics/schedule/?show=1&subj_code=ACCT,lkn.lakelandcc.edu,Fall,2026
59575c9b-3309-4500-9f5b-700d1b82e6cf,Lakeland Community College,OH,"Corwin, C",CONFIRMED_INTRO1,,HIGH,High,https://lkn.lakelandcc.edu/internet/academics/schedule/?show=1&subj_code=ACCT,lkn.lakelandcc.edu,Fall,2026
5c4b0a8f-22b8-45f9-b1b7-9be45f9bf85d,Penn State Berks,PA,Michael Simon,POSSIBLE_INTRO1,ACCTG 211,MEDIUM,Low,https://bulletins.psu.edu/undergraduate/colleges/berks/accounting-bs/,bulletins.psu.edu,,
5c4b0a8f-22b8-45f9-b1b7-9be45f9bf85d,Penn State Berks,PA,Michael Simon,POSSIBLE_INTRO1,ACCTG 211,MEDIUM,Low,https://bulletins.psu.edu/undergraduate/colleges/abington/accounting-bs/,bulletins.psu.edu,,
5c4b0a8f-22b8-45f9-b1b7-9be45f9bf85d,Penn State Berks,PA,Michael Simon,POSSIBLE_INTRO1,ACCTG 211,MEDIUM,Low,https://bulletins.psu.edu/undergraduate/colleges/capital/accounting-bs/,bulletins.psu.edu,,
5ecc7590-129b-4dec-885d-904a25aaa79f,Dartmouth College,NH,Jonathan Lewellen,LIKELY_INTRO1,,HIGH,Medium,https://tuck.dartmouth.edu/uploads/admitted/All-Fall_2012_Syllabi.pdf,tuck.dartmouth.edu,Fall,2012
5ecc7590-129b-4dec-885d-904a25aaa79f,Dartmouth College,NH,Richard J. Rogalski,LIKELY_INTRO1,,HIGH,Medium,https://tuck.dartmouth.edu/uploads/admitted/All-Fall_2012_Syllabi.pdf,tuck.dartmouth.edu,Fall,2012
5f09e5d9-bf5b-4672-8fde-5c1f5f4af107,Augusta University,GA,Tracy Berry,LIKELY_INTRO1,,HIGH,Medium,https://pace.augusta.edu/training-programs/office-manager/,pace.augusta.edu,,
5f09e5d9-bf5b-4672-8fde-5c1f5f4af107,Augusta University,GA,Wade Lindenberger,LIKELY_INTRO1,,HIGH,Medium,https://pace.augusta.edu/training-programs/office-manager/,pace.augusta.edu,,
5f09e5d9-bf5b-4672-8fde-5c1f5f4af107,Augusta University,GA,Helene K. Liatsos,LIKELY_INTRO1,,HIGH,Medium,https://pace.augusta.edu/training-programs/office-manager/,pace.augusta.edu,,
5f09e5d9-bf5b-4672-8fde-5c1f5f4af107,Augusta University,GA,Deven Matthews,LIKELY_INTRO1,,HIGH,Medium,https://pace.augusta.edu/training-programs/office-manager/,pace.augusta.edu,,
5f09e5d9-bf5b-4672-8fde-5c1f5f4af107,Augusta University,GA,Tracy Heyland,LIKELY_INTRO1,,HIGH,Medium,https://pace.augusta.edu/training-programs/veterinary-office-manager/,pace.augusta.edu,,
5f09e5d9-bf5b-4672-8fde-5c1f5f4af107,Augusta University,GA,Wade Lindenberger,LIKELY_INTRO1,,HIGH,Medium,https://pace.augusta.edu/training-programs/veterinary-office-manager/,pace.augusta.edu,,
5f5bd18d-b92f-4d56-aced-23bce4c983d5,University of South Carolina,SC,Shannon McCutchen,POSSIBLE_INTRO1,ACCT 225,HIGH,Low,https://sc.edu/about/offices_and_divisions/student_success_center/undergraduate-support/supplemental-instruction/si-schedule/,sc.edu,,
5f5bd18d-b92f-4d56-aced-23bce4c983d5,University of South Carolina,SC,Dr. Brooke W. Stanley,LIKELY_INTRO1,ACCT 225,HIGH,Medium,https://sc.edu/study/colleges_schools/moore/documents/finance/syllabi/363-syllabus-spring-2019.pdf,sc.edu,Spring,2019
5f5bd18d-b92f-4d56-aced-23bce4c983d5,University of South Carolina,SC,James M. Austin,LIKELY_INTRO1,ACCT 225,HIGH,Medium,https://sc.edu/study/colleges_schools/moore/documents/finance/syllabi/470-syllabus-spring-2019-austin.pdf,sc.edu,Spring,2018
5fb03ee8-3e82-4143-98d6-9210e0132aec,Xavier University,OH,Joyce Allen,LIKELY_INTRO1,,HIGH,Medium,https://www.exhibit.xavier.edu/accountancy_syllabi/1181/,exhibit.xavier.edu,Spring,2003
5fb03ee8-3e82-4143-98d6-9210e0132aec,Xavier University,OH,R. Cameron Cockrell,LIKELY_INTRO1,,HIGH,Medium,https://www.exhibit.xavier.edu/accountancy_syllabi/267/,exhibit.xavier.edu,Fall,2013
62f42404-8006-4fa6-9068-516683198e09,New York University,NY,Amal Shehata,POSSIBLE_INTRO1,ACCT-UB 1,HIGH,Low,https://web-apps-shib.stern.nyu.edu/syllabi/get_syllabus/ACCT-UB.1/006/1258,web-apps-shib.stern.nyu.edu,,
62f42404-8006-4fa6-9068-516683198e09,New York University,NY,Amal Shehata,POSSIBLE_INTRO1,ACCT-UB 1,HIGH,Low,https://www.stern.nyu.edu/sites/default/files/assets/documents/17-19SternBulletin.pdf,stern.nyu.edu,,
62f42404-8006-4fa6-9068-516683198e09,New York University,NY,Amal Shehata,POSSIBLE_INTRO1,ACCT-UB 1,HIGH,Low,https://www.stern.nyu.edu/sites/default/files/2023-06/Final_2021-2023_Bulletin_FINAL-ua.pdf,stern.nyu.edu,,
62f42404-8006-4fa6-9068-516683198e09,New York University,NY,Xiaojing Meng,POSSIBLE_INTRO1,ACCT-UB 1,HIGH,Low,https://www.stern.nyu.edu/sites/default/files/assets/documents/con_046908.pdf,stern.nyu.edu,,
62f42404-8006-4fa6-9068-516683198e09,New York University,NY,Jim Resnik,CONFIRMED_INTRO1,ACCT-UB 1,HIGH,High,https://web-apps-shib.stern.nyu.edu/syllabi/get_syllabus/ACCT-UB.1/001/1264,web-apps-shib.stern.nyu.edu,Spring,2026
62f42404-8006-4fa6-9068-516683198e09,New York University,NY,Michael Krantz,CONFIRMED_INTRO1,ACCT-UB 1,HIGH,High,https://web-apps-shib.stern.nyu.edu/syllabi/get_syllabus/ACCT-UB.1/001/1264,web-apps-shib.stern.nyu.edu,Spring,2026
62f42404-8006-4fa6-9068-516683198e09,New York University,NY,Shuming ZHANG,LIKELY_INTRO1,ACCT-UB 1,HIGH,Medium,https://www.stern.nyu.edu/sites/default/files/2023-05/ACCT-UB.1%20Summer%202023%20Syllabus.pdf,stern.nyu.edu,Summer,2023
62f42404-8006-4fa6-9068-516683198e09,New York University,NY,Alex Dontoh,CONFIRMED_INTRO1,ACCT-UB 1,HIGH,High,https://web-apps-shib.stern.nyu.edu/syllabi/get_syllabus/ACCT-UB.1/006/1256,web-apps-shib.stern.nyu.edu,Summer,2025
62f42404-8006-4fa6-9068-516683198e09,New York University,NY,Kenshin Kadoya,CONFIRMED_INTRO1,ACCT-UB 1,HIGH,High,https://web-apps-shib.stern.nyu.edu/syllabi/get_syllabus/ACCT-UB.1/006/1256,web-apps-shib.stern.nyu.edu,Summer,2025
62f42404-8006-4fa6-9068-516683198e09,New York University,NY,Jim Resnik,CONFIRMED_INTRO1,ACCT-UB 1,HIGH,High,https://web-apps-shib.stern.nyu.edu/syllabi/get_syllabus/ACCT-UB.1/007/1258,web-apps-shib.stern.nyu.edu,Fall,2025
62f42404-8006-4fa6-9068-516683198e09,New York University,NY,Harshit Singal,CONFIRMED_INTRO1,ACCT-UB 1,HIGH,High,https://web-apps-shib.stern.nyu.edu/syllabi/get_syllabus/ACCT-UB.1/007/1258,web-apps-shib.stern.nyu.edu,Fall,2025
64eba2ec-0147-42d0-bf3a-cb4fbd597666,Orange Coast College,CA,Anna Hanlon,LIKELY_INTRO1,ACCT A101,HIGH,Medium,http://www.orangecoastcollege.edu/about_occ/Accreditation/2019_Institutional_Self_Evaluation_Report/Evidence/Standard_III_D/Standard_I_B/I.B.1-36_Curriculum_Committee_Minutes_11_15_17.pdf,orangecoastcollege.edu,Fall,2018
64eba2ec-0147-42d0-bf3a-cb4fbd597666,Orange Coast College,CA,Elizabeth Page,LIKELY_INTRO1,ACCT A101,HIGH,Medium,http://www.orangecoastcollege.edu/about_occ/Accreditation/2019_Institutional_Self_Evaluation_Report/Evidence/Standard_III_D/Standard_I_B/I.B.1-36_Curriculum_Committee_Minutes_11_15_17.pdf,orangecoastcollege.edu,Fall,2018
64eba2ec-0147-42d0-bf3a-cb4fbd597666,Orange Coast College,CA,Laurie Barton,LIKELY_INTRO1,ACCT A101,HIGH,Medium,http://www.orangecoastcollege.edu/about_occ/Accreditation/2019_Institutional_Self_Evaluation_Report/Evidence/Standard_III_D/Standard_I_B/I.B.1-36_Curriculum_Committee_Minutes_11_15_17.pdf,orangecoastcollege.edu,Fall,2018
64eba2ec-0147-42d0-bf3a-cb4fbd597666,Orange Coast College,CA,Pam Barvarz,LIKELY_INTRO1,ACCT A101,HIGH,Medium,http://www.orangecoastcollege.edu/about_occ/Accreditation/2019_Institutional_Self_Evaluation_Report/Evidence/Standard_III_D/Standard_I_B/I.B.1-36_Curriculum_Committee_Minutes_11_15_17.pdf,orangecoastcollege.edu,Fall,2018
64eba2ec-0147-42d0-bf3a-cb4fbd597666,Orange Coast College,CA,Mike Lannom,LIKELY_INTRO1,ACCT A101,HIGH,Medium,http://www.orangecoastcollege.edu/about_occ/Accreditation/2019_Institutional_Self_Evaluation_Report/Evidence/Standard_III_D/Standard_I_B/I.B.1-36_Curriculum_Committee_Minutes_11_15_17.pdf,orangecoastcollege.edu,Fall,2018
64eba2ec-0147-42d0-bf3a-cb4fbd597666,Orange Coast College,CA,Leslie McCall,LIKELY_INTRO1,ACCT A101,HIGH,Medium,http://www.orangecoastcollege.edu/about_occ/Accreditation/2019_Institutional_Self_Evaluation_Report/Evidence/Standard_III_D/Standard_I_B/I.B.1-36_Curriculum_Committee_Minutes_11_15_17.pdf,orangecoastcollege.edu,Fall,2018
64eba2ec-0147-42d0-bf3a-cb4fbd597666,Orange Coast College,CA,Anne McClanahan,LIKELY_INTRO1,ACCT A101,HIGH,Medium,http://www.orangecoastcollege.edu/about_occ/Accreditation/2019_Institutional_Self_Evaluation_Report/Evidence/Standard_III_D/Standard_I_B/I.B.1-36_Curriculum_Committee_Minutes_11_15_17.pdf,orangecoastcollege.edu,Fall,2018
64eba2ec-0147-42d0-bf3a-cb4fbd597666,Orange Coast College,CA,Charles Otwell,LIKELY_INTRO1,ACCT A101,HIGH,Medium,http://www.orangecoastcollege.edu/about_occ/Accreditation/2019_Institutional_Self_Evaluation_Report/Evidence/Standard_III_D/Standard_I_B/I.B.1-36_Curriculum_Committee_Minutes_11_15_17.pdf,orangecoastcollege.edu,Fall,2018
64eba2ec-0147-42d0-bf3a-cb4fbd597666,Orange Coast College,CA,Vinta Oviatt,LIKELY_INTRO1,ACCT A101,HIGH,Medium,http://www.orangecoastcollege.edu/about_occ/Accreditation/2019_Institutional_Self_Evaluation_Report/Evidence/Standard_III_D/Standard_I_B/I.B.1-36_Curriculum_Committee_Minutes_11_15_17.pdf,orangecoastcollege.edu,Fall,2018
64eba2ec-0147-42d0-bf3a-cb4fbd597666,Orange Coast College,CA,Lori Anna Pullman,LIKELY_INTRO1,ACCT A101,HIGH,Medium,http://www.orangecoastcollege.edu/about_occ/Accreditation/2019_Institutional_Self_Evaluation_Report/Evidence/Standard_III_D/Standard_I_B/I.B.1-36_Curriculum_Committee_Minutes_11_15_17.pdf,orangecoastcollege.edu,Fall,2018
64eba2ec-0147-42d0-bf3a-cb4fbd597666,Orange Coast College,CA,Eileen Tom,LIKELY_INTRO1,ACCT A101,HIGH,Medium,http://www.orangecoastcollege.edu/about_occ/Accreditation/2019_Institutional_Self_Evaluation_Report/Evidence/Standard_III_D/Standard_I_B/I.B.1-36_Curriculum_Committee_Minutes_11_15_17.pdf,orangecoastcollege.edu,Fall,2018
64eba2ec-0147-42d0-bf3a-cb4fbd597666,Orange Coast College,CA,Manoj Wickremesinghe,LIKELY_INTRO1,ACCT A101,HIGH,Medium,http://www.orangecoastcollege.edu/about_occ/Accreditation/2019_Institutional_Self_Evaluation_Report/Evidence/Standard_III_D/Standard_I_B/I.B.1-36_Curriculum_Committee_Minutes_11_15_17.pdf,orangecoastcollege.edu,Fall,2018
64eba2ec-0147-42d0-bf3a-cb4fbd597666,Orange Coast College,CA,Lauren Becker,LIKELY_INTRO1,ACCT A101,HIGH,Medium,http://www.orangecoastcollege.edu/about_occ/Accreditation/2019_Institutional_Self_Evaluation_Report/Evidence/Standard_III_D/Standard_I_B/I.B.1-36_Curriculum_Committee_Minutes_11_15_17.pdf,orangecoastcollege.edu,Fall,2018
64eba2ec-0147-42d0-bf3a-cb4fbd597666,Orange Coast College,CA,Claire Ippolito,LIKELY_INTRO1,ACCT A101,HIGH,Medium,http://www.orangecoastcollege.edu/about_occ/Accreditation/2019_Institutional_Self_Evaluation_Report/Evidence/Standard_III_D/Standard_I_B/I.B.1-36_Curriculum_Committee_Minutes_11_15_17.pdf,orangecoastcollege.edu,Fall,2018
64eba2ec-0147-42d0-bf3a-cb4fbd597666,Orange Coast College,CA,Lisa Thai,LIKELY_INTRO1,ACCT A101,HIGH,Medium,http://www.orangecoastcollege.edu/about_occ/Accreditation/2019_Institutional_Self_Evaluation_Report/Evidence/Standard_III_D/Standard_I_B/I.B.1-36_Curriculum_Committee_Minutes_11_15_17.pdf,orangecoastcollege.edu,Fall,2018
6584645d-3558-480f-826e-b786ffbbf310,University of West Georgia,GA,Michael Hopper,CONFIRMED_INTRO1,ACCT 2101,HIGH,High,https://www.westga.edu/academics/course_details.php?course=ACCT-2101,westga.edu,,2025
6584645d-3558-480f-826e-b786ffbbf310,University of West Georgia,GA,Michael Yu,CONFIRMED_INTRO1,ACCT 2101,HIGH,High,https://www.westga.edu/academics/course_details.php?course=ACCT-2101,westga.edu,,2025
6584645d-3558-480f-826e-b786ffbbf310,University of West Georgia,GA,Bruce Bird,CONFIRMED_INTRO1,ACCT 2101,HIGH,High,https://www.westga.edu/academics/course_details.php?course=ACCT-2101,westga.edu,,2025
6584645d-3558-480f-826e-b786ffbbf310,University of West Georgia,GA,Lucretia T. Gibbs,CONFIRMED_INTRO1,ACCT 2101,HIGH,High,https://www.westga.edu/academics/course_details.php?course=ACCT-2101,westga.edu,,2025
6584645d-3558-480f-826e-b786ffbbf310,University of West Georgia,GA,Linxiao Liu,CONFIRMED_INTRO1,ACCT 2101,HIGH,High,https://www.westga.edu/academics/course_details.php?course=ACCT-2101,westga.edu,,2025
6584645d-3558-480f-826e-b786ffbbf310,University of West Georgia,GA,Michael Hopper,CONFIRMED_INTRO1,ACCT 2101,HIGH,High,https://www.westga.edu/profile.php?emp_id=27942,westga.edu,Fall,2025
6920f319-ad8f-49fb-84e1-d08fbe841fa7,University of Chicago,IL,"Hanna, Douglas",CONFIRMED_INTRO1,,HIGH,High,https://intranet.chicagobooth.edu/pub/academics/cdr/-/media/1a5b06119fb1450088daaafe2bd8ff27.ashx,intranet.chicagobooth.edu,Summer,2026
698dd98f-dd92-46c1-8f28-e930568cb15d,Louisiana State University,LA,Elizabeth Briggs,LIKELY_INTRO1,ACCT 2001,HIGH,Medium,https://cemoodle.online.lsu.edu/syllabus/ACCT_2001_3.0_s1_Syllabus.pdf,cemoodle.online.lsu.edu,,2021
698dd98f-dd92-46c1-8f28-e930568cb15d,Louisiana State University,LA,Janice Holmes,LIKELY_INTRO1,ACCT 2001,HIGH,Medium,https://cemoodle.online.lsu.edu/syllabus/ACCT_2001_1.2_Syllabus.pdf,cemoodle.online.lsu.edu,,2016
6a5adfa7-2b07-4254-ae83-c2b2a90055dc,Eastern Illinois Univ,IL,S.W. Benner,LIKELY_INTRO1,,HIGH,Medium,https://www.ux1.eiu.edu/~swbenner/bus2101.htm,ux1.eiu.edu,Spring,2020
6a5adfa7-2b07-4254-ae83-c2b2a90055dc,Eastern Illinois Univ,IL,Prof. Nicholas Robinson,LIKELY_INTRO1,,HIGH,Medium,https://www.eiu.edu/_eiu15/include/global/show_file_gsm.php?type=syllabi2&id=19360,eiu.edu,Fall,2018
6c2bfcd5-86ff-4126-a9a8-c617ff3bfb33,College of the Redwoods,CA,Pat Wille,LIKELY_INTRO1,,HIGH,Medium,https://www.redwoods.edu/resources/syllabi/Business/2016-2017/Fall/2016F-BUS1A-E0391-Wille.pdf,redwoods.edu,Fall,2016
6c2bfcd5-86ff-4126-a9a8-c617ff3bfb33,College of the Redwoods,CA,Pat Wille,LIKELY_INTRO1,,HIGH,Medium,https://www.redwoods.edu/resources/syllabi/Business/2015-2016/Fall/2015F-BUS-1A-E8091-Wille.pdf,redwoods.edu,Fall,2015
6c2bfcd5-86ff-4126-a9a8-c617ff3bfb33,College of the Redwoods,CA,Dove Byrne,LIKELY_INTRO1,,HIGH,Medium,https://www.redwoods.edu/resources/syllabi/Business/2019-2020/Fall/2019F-BUS1A-K7477-Byrne.pdf,redwoods.edu,Fall,2019
6c2bfcd5-86ff-4126-a9a8-c617ff3bfb33,College of the Redwoods,CA,Cynthia Wilshusen,LIKELY_INTRO1,,HIGH,Medium,https://www.redwoods.edu/resources/syllabi/Business/2018-2019/Spring/2019S-BUS1A-V5599-Wilshusen.pdf,redwoods.edu,Spring,2019
6cec1e83-5cda-403b-8da6-2b7b004db570,Missouri State University,MO,Kimberly S Church,POSSIBLE_INTRO1,ACC 201,HIGH,Low,https://www.missouristate.edu/CPM/_Files/_CatalogArchives/zz-23-24-EntireUGCatalogRevised.pdf,missouristate.edu,,
6cec1e83-5cda-403b-8da6-2b7b004db570,Missouri State University,MO,Kimberly S Church,POSSIBLE_INTRO1,ACC 201,HIGH,Low,https://www.missouristate.edu/CPM/_Files/_CatalogArchives/zz-24-25-EntireUGCatalogRevised.pdf,missouristate.edu,,
6cec1e83-5cda-403b-8da6-2b7b004db570,Missouri State University,MO,Anthony C Keller,POSSIBLE_INTRO1,ACC 201,HIGH,Low,https://www.missouristate.edu/Registrar/_Files/_CatalogArchives/2017-2018GradCatalog.pdf,missouristate.edu,,
6cec1e83-5cda-403b-8da6-2b7b004db570,Missouri State University,MO,Berliana Sihombing,LIKELY_INTRO1,ACC 201,HIGH,Medium,https://china.missouristate.edu/CIB/_Files/Schedule/Second-Year-SP25.pdf,china.missouristate.edu,Spring,
6cec1e83-5cda-403b-8da6-2b7b004db570,Missouri State University,MO,Online Instructors,LIKELY_INTRO1,ACC 201,HIGH,Medium,https://china.missouristate.edu/CIB/_Files/Schedule/Second-Year-SP25.pdf,china.missouristate.edu,Spring,
6ec0e41d-4faf-4648-aac9-c4bc0b13b58e,Virginia Commonwealth,VA,Anneke Bart,LIKELY_INTRO1,,HIGH,Medium,https://scholarscompass.vcu.edu/cgi/viewcontent.cgi?article=1421&context=jmsce_vamsc,scholarscompass.vcu.edu,,
6ec0e41d-4faf-4648-aac9-c4bc0b13b58e,Virginia Commonwealth,VA,Michael May,LIKELY_INTRO1,,HIGH,Medium,https://scholarscompass.vcu.edu/cgi/viewcontent.cgi?article=1421&context=jmsce_vamsc,scholarscompass.vcu.edu,,
6ec0e41d-4faf-4648-aac9-c4bc0b13b58e,Virginia Commonwealth,VA,Debbie Pike,LIKELY_INTRO1,,HIGH,Medium,https://scholarscompass.vcu.edu/cgi/viewcontent.cgi?article=1421&context=jmsce_vamsc,scholarscompass.vcu.edu,,
6f131e58-09ef-4618-a2c5-2aac3146324f,Indiana University Indianapolis,IN,Open Search,POSSIBLE_INTRO1,BUS-A 201,MEDIUM,Low,https://facultystaffcentral.indianapolis.iu.edu/calendars/final-exam-schedule-fall.html,facultystaffcentral.indianapolis.iu.edu,,
6f131e58-09ef-4618-a2c5-2aac3146324f,Indiana University Indianapolis,IN,Christiansen L,LIKELY_INTRO1,BUS-A 201,HIGH,Medium,https://southbend.iu.edu/students/registrar/docs/summer-schedule-of-classes.pdf,southbend.iu.edu,Summer,2022
6f1da4b9-fd70-4dc8-a266-cddf13a323a0,"University of California, Los Angeles",CA,Julie Ann Gardner-Treloar,LIKELY_INTRO1,MGMT 1A,HIGH,Medium,https://www.anderson.ucla.edu/documents/areas/prg/acct_minor/MGMT-1A-Syllabus.pdf,anderson.ucla.edu,Winter,2019
7148ae85-ca10-4541-89d6-dfb8dce8b24a,Tulsa Community College,OK,Jerrilyn Eisenhauer,CONFIRMED_INTRO1,,HIGH,High,https://www.tulsacc.edu/documents/special-online-summerpdf,tulsacc.edu,Summer,2026
7148ae85-ca10-4541-89d6-dfb8dce8b24a,Tulsa Community College,OK,Samantha Baratz,CONFIRMED_INTRO1,,HIGH,High,https://www.tulsacc.edu/documents/special-online-summerpdf,tulsacc.edu,Summer,2026
7148ae85-ca10-4541-89d6-dfb8dce8b24a,Tulsa Community College,OK,Mary Broyles,CONFIRMED_INTRO1,,HIGH,High,https://www.tulsacc.edu/documents/special-online-summerpdf,tulsacc.edu,Summer,2026
7148ae85-ca10-4541-89d6-dfb8dce8b24a,Tulsa Community College,OK,Tricia Lackmeyer,CONFIRMED_INTRO1,,HIGH,High,https://www.tulsacc.edu/documents/special-online-schedule-springpdf,tulsacc.edu,Spring,2026
7148ae85-ca10-4541-89d6-dfb8dce8b24a,Tulsa Community College,OK,Mary Broyles,CONFIRMED_INTRO1,,HIGH,High,https://www.tulsacc.edu/documents/special-online-schedule-springpdf,tulsacc.edu,Spring,2026
7148ae85-ca10-4541-89d6-dfb8dce8b24a,Tulsa Community College,OK,Jennifer Dillard,CONFIRMED_INTRO1,,HIGH,High,https://www.tulsacc.edu/documents/special-online-schedule-springpdf,tulsacc.edu,Spring,2026
7148ae85-ca10-4541-89d6-dfb8dce8b24a,Tulsa Community College,OK,Samantha Baratz,CONFIRMED_INTRO1,,HIGH,High,https://www.tulsacc.edu/documents/special-online-schedule-springpdf,tulsacc.edu,Spring,2026
7148ae85-ca10-4541-89d6-dfb8dce8b24a,Tulsa Community College,OK,Michael Linihan,CONFIRMED_INTRO1,,HIGH,High,https://www.tulsacc.edu/documents/special-online-schedule-springpdf,tulsacc.edu,Spring,2026
74ef8b14-c57e-434e-a7ea-d40e98017070,University of Northern Iowa Cedar,IA,J. Ugrin,CONFIRMED_INTRO1,,HIGH,High,https://senate.uni.edu/sites/default/files/GCC%20Program%20Report%2C%20Course%20Report%2C%20Meeting%20Minutes-Wilson%20College%20of%20Business%20%26%20Interdisciplinary.pdf,senate.uni.edu,,2025
76eb1308-7c24-45e6-b436-aef5a7dc40af,University of Houston - Downtown,TX,Dr. Merrilee Cunningham,LIKELY_INTRO1,ACC 2301,HIGH,Medium,http://gator.uhd.edu/~cunninghamm/2301/English%202301syllabus.htm,gator.uhd.edu,Fall,2008
79474d56-4f60-46c2-8305-edf089d42737,East Tennessee State Univ Johnson,TN,Pointer,LIKELY_INTRO1,,HIGH,Medium,http://faculty.etsu.edu/pointer/acct_5010.htm,faculty.etsu.edu,,
7b202c04-686d-413f-878f-a2bd3675a1f0,Uof Arkansas at Monticello,AR,Dr. Patterson,LIKELY_INTRO1,,HIGH,Medium,https://www.uamont.edu/academics/business/pdfs/Assessment2012-2013.pdf,uamont.edu,,2013
7b202c04-686d-413f-878f-a2bd3675a1f0,Uof Arkansas at Monticello,AR,Dr. Hammett,LIKELY_INTRO1,,HIGH,Medium,https://www.uamont.edu/academics/business/pdfs/Assessment2012-2013.pdf,uamont.edu,,2013
7b202c04-686d-413f-878f-a2bd3675a1f0,Uof Arkansas at Monticello,AR,Ms. Phillips,LIKELY_INTRO1,,HIGH,Medium,https://www.uamont.edu/academics/business/pdfs/Assessment2012-2013.pdf,uamont.edu,,2013
7b202c04-686d-413f-878f-a2bd3675a1f0,Uof Arkansas at Monticello,AR,Dr. Patterson,LIKELY_INTRO1,,HIGH,Medium,https://www.uamont.edu/academics/business/pdfs/2011-12Assessment.pdf,uamont.edu,,2012
7b202c04-686d-413f-878f-a2bd3675a1f0,Uof Arkansas at Monticello,AR,Dr. Hammett,LIKELY_INTRO1,,HIGH,Medium,https://www.uamont.edu/academics/business/pdfs/2011-12Assessment.pdf,uamont.edu,,2012
7b202c04-686d-413f-878f-a2bd3675a1f0,Uof Arkansas at Monticello,AR,Ms. Phillips,LIKELY_INTRO1,,HIGH,Medium,https://www.uamont.edu/academics/business/pdfs/2011-12Assessment.pdf,uamont.edu,,2012
7b202c04-686d-413f-878f-a2bd3675a1f0,Uof Arkansas at Monticello,AR,Associate Professor Clayton,LIKELY_INTRO1,,HIGH,Medium,https://www.uamont.edu/academics/business/pdfs/2011-12Assessment.pdf,uamont.edu,,2012
7b202c04-686d-413f-878f-a2bd3675a1f0,Uof Arkansas at Monticello,AR,Dr. James,LIKELY_INTRO1,,HIGH,Medium,https://www.uamont.edu/academics/business/pdfs/2011-12Assessment.pdf,uamont.edu,,2012
7c7090fb-dd70-4435-bafc-a5504af4d3f2,Univ of Nebraska-Lincoln,NE,Paul Shoemaker,LIKELY_INTRO1,,HIGH,Medium,https://digitalcommons.unl.edu/bussyllabi/5/,digitalcommons.unl.edu,Fall,2018
7c7090fb-dd70-4435-bafc-a5504af4d3f2,Univ of Nebraska-Lincoln,NE,Vernetta Kosalka,LIKELY_INTRO1,,HIGH,Medium,https://digitalcommons.unl.edu/cgi/viewcontent.cgi?article=1227&context=prtunl,digitalcommons.unl.edu,,2023
7d89723d-6d46-46c6-a059-e5875ff118a7,James Madison University,VA,Eileen Shifflett,LIKELY_INTRO1,COB 241,HIGH,Medium,https://commons.lib.jmu.edu/cgi/viewcontent.cgi?article=1607&context=honors201019,commons.lib.jmu.edu,Spring,2018
7d89723d-6d46-46c6-a059-e5875ff118a7,James Madison University,VA,Laura Salt,LIKELY_INTRO1,COB 241,HIGH,Medium,https://commons.lib.jmu.edu/cgi/viewcontent.cgi?article=1607&context=honors201019,commons.lib.jmu.edu,Spring,2018
7d89723d-6d46-46c6-a059-e5875ff118a7,James Madison University,VA,Caitlin Larrick,LIKELY_INTRO1,COB 241,HIGH,Medium,https://commons.lib.jmu.edu/cgi/viewcontent.cgi?article=1607&context=honors201019,commons.lib.jmu.edu,Spring,2018
7d89723d-6d46-46c6-a059-e5875ff118a7,James Madison University,VA,Dr. Robert Richardson,LIKELY_INTRO1,COB 241,HIGH,Medium,http://cob.jmu.edu/richarrc/managerial/syllabuscob242.doc,cob.jmu.edu,Spring,2003
7d9df2aa-4485-48e4-86f7-bfd409b9ef35,Seminole State College of Florida,FL,Davison,CONFIRMED_INTRO1,ACG 2021,HIGH,High,https://www.seminolestate.edu/catalog/courses/acg3024,seminolestate.edu,Fall,2026
7d9df2aa-4485-48e4-86f7-bfd409b9ef35,Seminole State College of Florida,FL,Bernard,CONFIRMED_INTRO1,ACG 2021,HIGH,High,https://www.seminolestate.edu/catalog/courses/fin3403,seminolestate.edu,Fall,2026
7e8be616-afcd-4961-830d-87a484b80a50,Rice University,TX,Stephen A. Zeff,LIKELY_INTRO1,,HIGH,Medium,http://www.ruf.rice.edu/~sazeff/syllabus00,ruf.rice.edu,Fall,2000
7e8be616-afcd-4961-830d-87a484b80a50,Rice University,TX,Stephen A. Zeff,LIKELY_INTRO1,,HIGH,Medium,https://esther.rice.edu/selfserve/!bwzkpsyl.v_viewDoc?term=202210&crn=11575&type=SYLLABUS,esther.rice.edu,Fall,2021
7e8be616-afcd-4961-830d-87a484b80a50,Rice University,TX,Zouyi Sun,LIKELY_INTRO1,,HIGH,Medium,https://esther.rice.edu/selfserve/!bwzkpsyl.v_viewDoc?term=202210&crn=11575&type=SYLLABUS,esther.rice.edu,Fall,2021
7e8be616-afcd-4961-830d-87a484b80a50,Rice University,TX,Joseph Hsu,LIKELY_INTRO1,,HIGH,Medium,https://esther.rice.edu/selfserve/!bwzkpsyl.v_viewDoc?term=202210&crn=11575&type=SYLLABUS,esther.rice.edu,Fall,2021
7e8be616-afcd-4961-830d-87a484b80a50,Rice University,TX,David Wilson,CONFIRMED_INTRO1,,HIGH,High,https://esther.rice.edu/selfserve/!bwzkpsyl.v_viewDoc?term=202530&crn=31867&type=SYLLABUS,esther.rice.edu,Summer,2025
7e8be616-afcd-4961-830d-87a484b80a50,Rice University,TX,"Naranjo Olivares, Patricia",LIKELY_INTRO1,,HIGH,Medium,https://courses.rice.edu/courses/!SWKSCAT.cat?p_action=COURSE&p_term=202310&p_crn=14526,courses.rice.edu,Fall,2022
7e8be616-afcd-4961-830d-87a484b80a50,Rice University,TX,"Rountree, Brian",LIKELY_INTRO1,,HIGH,Medium,https://courses.rice.edu/courses/!SWKSCAT.cat?p_action=COURSE&p_term=202310&p_crn=14526,courses.rice.edu,Fall,2022
8084398c-7b9c-40d9-8271-f3efc47ba142,University of Utah Salt Lake,UT,Jenn Smith,CONFIRMED_INTRO1,,HIGH,High,https://class-tools.app.utah.edu/syllabus/1258/16576/Acctg+2100-001+-+Syllabus+-+Fall+2025.pdf,class-tools.app.utah.edu,Fall,2025
8084398c-7b9c-40d9-8271-f3efc47ba142,University of Utah Salt Lake,UT,Prof. Edward Owens,CONFIRMED_INTRO1,,HIGH,High,https://class-tools.app.utah.edu/syllabus/1258/17066/ACCTG6000_Syllabus_25.pdf,class-tools.app.utah.edu,Fall,2025
8084398c-7b9c-40d9-8271-f3efc47ba142,University of Utah Salt Lake,UT,Dr. Geoffrey Pears,CONFIRMED_INTRO1,,HIGH,High,https://class-tools.app.utah.edu/syllabus/1264/11961/Spring+2026+Accounting+5120+Syllabus.pdf,class-tools.app.utah.edu,Spring,2026
8084398c-7b9c-40d9-8271-f3efc47ba142,University of Utah Salt Lake,UT,Jenn Smith,CONFIRMED_INTRO1,,HIGH,High,https://class-tools.app.utah.edu/syllabus/1258/1069/Acctg+5120+Fall+2025+syllabus.pdf,class-tools.app.utah.edu,Fall,2025
81eb733e-21d7-4832-88f0-ba451f07669b,University of North Georgia,GA,Penelope Lyman,LIKELY_INTRO1,ACCT 2101,HIGH,Medium,http://faculty.ung.edu/plyman/2101/syr19.htm,faculty.ung.edu,Spring,2019
81eb733e-21d7-4832-88f0-ba451f07669b,University of North Georgia,GA,Penelope Lyman,LIKELY_INTRO1,ACCT 2101,HIGH,Medium,http://faculty.ung.edu/plyman/2101/syr16.htm,faculty.ung.edu,Spring,2016
81eb733e-21d7-4832-88f0-ba451f07669b,University of North Georgia,GA,Penelope Lyman,LIKELY_INTRO1,ACCT 2101,HIGH,Medium,http://faculty.ung.edu/plyman/2101/sym20.htm,faculty.ung.edu,Summer,2020
81eb733e-21d7-4832-88f0-ba451f07669b,University of North Georgia,GA,Penelope Lyman,LIKELY_INTRO1,ACCT 2101,HIGH,Medium,http://faculty.ung.edu/plyman/2102/sy2102m19.htm,faculty.ung.edu,Summer,2019
8258c5bb-9425-4e60-9996-61f5713e9f2b,University of Texas at El Paso,TX,Hettie Houghton,POSSIBLE_INTRO1,ACCT 2301,HIGH,Low,https://hb2504.utep.edu/Home/Profile?username=hchoughton,hb2504.utep.edu,,
8258c5bb-9425-4e60-9996-61f5713e9f2b,University of Texas at El Paso,TX,Christiana Antwi-Obimpeh,POSSIBLE_INTRO1,ACCT 2301,HIGH,Low,https://catalog.utep.edu/undergrad/woody-l-hunt-college-of-business/accounting/accounting.pdf,catalog.utep.edu,,
8258c5bb-9425-4e60-9996-61f5713e9f2b,University of Texas at El Paso,TX,Toufiq Nazrul,LIKELY_INTRO1,ACCT 2301,HIGH,Medium,https://digitalmeasures.utep.edu/ai/tnazrul/schteach/2301_F23%20Syllabus%20TR%206%20pm-1.pdf,digitalmeasures.utep.edu,Fall,2023
8258c5bb-9425-4e60-9996-61f5713e9f2b,University of Texas at El Paso,TX,Dr. Christiana Antwi-Obimpeh,LIKELY_INTRO1,ACCT 2301,HIGH,Medium,https://digitalmeasures.utep.edu/ai/caantwiobimpeh/schteach/ACC2301_Syllabus_MW%201030%20CRN%2010954%20(Antwi-Obimpeh)-1.pdf,digitalmeasures.utep.edu,Fall,2024
8258c5bb-9425-4e60-9996-61f5713e9f2b,University of Texas at El Paso,TX,Bo Gao,LIKELY_INTRO1,ACCT 2301,HIGH,Medium,https://digitalmeasures.utep.edu/ai/bgao/schteach/GAO%202302_S22%20Syllabus%20TR1200-1.pdf,digitalmeasures.utep.edu,Spring,2022
8258c5bb-9425-4e60-9996-61f5713e9f2b,University of Texas at El Paso,TX,Karin J. Smith,CONFIRMED_INTRO1,ACCT 2301,HIGH,High,https://digitalmeasures.utep.edu/ai/kjsmith5/schteach/2302%20Syllabus%20MWF%2010-30-1.pdf,digitalmeasures.utep.edu,Spring,2026
826884a5-9a66-41e8-9a4e-0c3417955bd4,Univ of California-Davis,CA,Maleeha Mir Khan,LIKELY_INTRO1,,HIGH,Medium,https://schedule.aws.ucdavis.edu/public/documents/2179436/Syllabus,schedule.aws.ucdavis.edu,Spring,2018
826884a5-9a66-41e8-9a4e-0c3417955bd4,Univ of California-Davis,CA,Michelle Higgins,CONFIRMED_INTRO1,,HIGH,High,https://schedule.aws.ucdavis.edu/public/documents/8889931/Syllabus,schedule.aws.ucdavis.edu,Fall,2025
82ddec8e-3ba1-43c1-a445-7efee49786e8,Rochester Institute of Technology,NY,Kevin Walker,LIKELY_INTRO1,ACCT 110,HIGH,Medium,https://www.rit.edu/croatia/sites/rit.edu.croatia/files/documents/global-students/HTM%20Program%20Outline%202020%20Final%20Version.pdf,rit.edu,Fall,
88390087-3589-48ae-b624-0eeb2302910e,Massachusetts Inst of Tech,MA,Prof. Sugata Roychowdhury,LIKELY_INTRO1,15.501,HIGH,Medium,https://ocw.mit.edu/courses/15-501-introduction-to-financial-and-managerial-accounting-spring-2004/pages/syllabus/,ocw.mit.edu,Spring,2004
8c611872-ff7f-4e8c-9d21-6e57bd4a8ef0,Governors State University,IL,Gary Fernandez,LIKELY_INTRO1,,HIGH,Medium,https://opus.govst.edu/syllabi_acct/13/,opus.govst.edu,Fall,1990
8c611872-ff7f-4e8c-9d21-6e57bd4a8ef0,Governors State University,IL,Mary T. Washington,LIKELY_INTRO1,,HIGH,Medium,https://opus.govst.edu/syllabi_acct/31/,opus.govst.edu,Spring/Summer,1995
8c611872-ff7f-4e8c-9d21-6e57bd4a8ef0,Governors State University,IL,Paul R. O'Brien,LIKELY_INTRO1,,HIGH,Medium,https://opus.govst.edu/syllabi_acct/37/,opus.govst.edu,Fall,1996
8c611872-ff7f-4e8c-9d21-6e57bd4a8ef0,Governors State University,IL,Kathy Lukcso,LIKELY_INTRO1,,HIGH,Medium,https://opus.govst.edu/syllabi_acct/8/,opus.govst.edu,,1992
8df14f57-cf02-4996-a7e9-53ef9730e6f4,University of Toronto,ON,Francesco Bova,CONFIRMED_INTRO1,,HIGH,High,https://rotmancommerce.utoronto.ca/current-students/wp-content/uploads/sites/3/2025/01/RSM219H1S-Introduction-to-Financial-Accounting.pdf,rotmancommerce.utoronto.ca,,2025
8df14f57-cf02-4996-a7e9-53ef9730e6f4,University of Toronto,ON,Dragan Stojanovic,CONFIRMED_INTRO1,,HIGH,High,https://rotmancommerce.utoronto.ca/current-students/wp-content/uploads/sites/3/2025/01/RSM219H1S-Introduction-to-Financial-Accounting.pdf,rotmancommerce.utoronto.ca,,2025
8df14f57-cf02-4996-a7e9-53ef9730e6f4,University of Toronto,ON,Catherine Barrette,CONFIRMED_INTRO1,,HIGH,High,https://rotmancommerce.utoronto.ca/current-students/wp-content/uploads/sites/3/2025/01/RSM219H1S-Introduction-to-Financial-Accounting.pdf,rotmancommerce.utoronto.ca,,2025
91e62f9c-43b0-41f3-a84d-002824754da6,University of Oklahoma,OK,Wayne Thomas,POSSIBLE_INTRO1,ACCT 2113,HIGH,Low,https://www.ou.edu/content/dam/price/price-new/documents/bios/wayne-thomas-cv.pdf,ou.edu,,
91e62f9c-43b0-41f3-a84d-002824754da6,University of Oklahoma,OK,Cynthia Cuccia,POSSIBLE_INTRO1,ACCT 2113,HIGH,Low,https://www.ou.edu/content/dam/provost/documents/evaluations/sp21/eValuate%20Report%20for%20College%20of%20Business%20(Public)%20-%20Spring%202021.pdf,ou.edu,,
92a79654-e795-47cc-9a38-3b4d03be6375,Chapman University,CA,BRUCE DEHNING,LIKELY_INTRO1,,HIGH,Medium,https://www1.chapman.edu/~bdehning/vitae.htm,www1.chapman.edu,,
92e4a5d9-eeb3-4065-ac8a-5a4390fbc584,Texas A&M University,TX,Mr. Bill,LIKELY_INTRO1,ACCT 229,HIGH,Medium,https://newspaper.library.tamu.edu/lccn/sn86088544/1992-09-07/ed-1/seq-3/ocr/,newspaper.library.tamu.edu,,1992
92e4a5d9-eeb3-4065-ac8a-5a4390fbc584,Texas A&M University,TX,Arf,LIKELY_INTRO1,ACCT 229,HIGH,Medium,https://newspaper.library.tamu.edu/lccn/sn86088544/1992-09-07/ed-1/seq-3/ocr/,newspaper.library.tamu.edu,,1992
9311c065-92df-486b-9852-97cb17107c69,Florida State College at Jacksonville,FL,Shawna Coram,CONFIRMED_INTRO1,,HIGH,High,https://syllabus.fscj.edu/doc/8khm359ny/Summer-2026-ACG-2021-1675?mode=view,syllabus.fscj.edu,Summer,2026
934cc534-a779-4fcb-8fb6-4ced292ad91a,University of Houston - Clear Lake,TX,AACSB Accredited,POSSIBLE_INTRO1,ACCT 2301,HIGH,Low,https://catalog.uhcl.edu/mime/media/18/3409/2020-2021+Graduate+catalog.pdf,catalog.uhcl.edu,,
9619e982-14a0-4a2a-b768-75a1443715ff,Sam Houston State University,TX,Taylor Klett,POSSIBLE_INTRO1,ACCT 2301,HIGH,Low,https://undergradcatalog.shsu.edu/2014-2016/home/accounting/index.html,undergradcatalog.shsu.edu,,
97622425-5167-41d1-9270-0ed84dd2e9cf,Marquette University,,Rich Tobin,POSSIBLE_INTRO1,ACCO 1030,HIGH,Low,https://www.marquette.edu/business/beta-alpha-psi/,marquette.edu,,
97dbdd51-4f57-40e6-a822-88ddc4c1ecb0,Colorado College,,Celeste Diaz Ferraro,CONFIRMED_INTRO1,BU205,HIGH,High,https://www.coloradocollege.edu/academics/dept/economics/courses/2025-26-teaching-schedule.html,coloradocollege.edu,,2025
97dbdd51-4f57-40e6-a822-88ddc4c1ecb0,Colorado College,,Andrea Golfari,CONFIRMED_INTRO1,BU205,HIGH,High,https://www.coloradocollege.edu/academics/dept/economics/courses/2025-26-teaching-schedule.html,coloradocollege.edu,,2025
97dbdd51-4f57-40e6-a822-88ddc4c1ecb0,Colorado College,,Kat Miller-Stevens,CONFIRMED_INTRO1,BU205,HIGH,High,https://www.coloradocollege.edu/academics/dept/economics/courses/2025-26-teaching-schedule.html,coloradocollege.edu,,2025
97dbdd51-4f57-40e6-a822-88ddc4c1ecb0,Colorado College,,Diaz Ferraro,LIKELY_INTRO1,BU205,HIGH,Medium,https://www.coloradocollege.edu/academics/dept/economics/courses/2023-24-teaching-schedule.html,coloradocollege.edu,,2023
97dbdd51-4f57-40e6-a822-88ddc4c1ecb0,Colorado College,,Miller-Stevens,LIKELY_INTRO1,BU205,HIGH,Medium,https://www.coloradocollege.edu/academics/dept/economics/courses/2023-24-teaching-schedule.html,coloradocollege.edu,,2023
97dbdd51-4f57-40e6-a822-88ddc4c1ecb0,Colorado College,,Andrea Golfari,CONFIRMED_INTRO1,BU205,HIGH,High,https://www.coloradocollege.edu/academics/dept/economics/student-resources/thesis-information/2026-27-Teaching-Schedule---for-external-circulation.pdf,coloradocollege.edu,,2026
97dbdd51-4f57-40e6-a822-88ddc4c1ecb0,Colorado College,,Kat Miller-Stevens,CONFIRMED_INTRO1,BU205,HIGH,High,https://www.coloradocollege.edu/academics/dept/economics/student-resources/thesis-information/2026-27-Teaching-Schedule---for-external-circulation.pdf,coloradocollege.edu,,2026
980fcc26-676e-4e05-883e-8ab55867020a,The University of Texas at San Antonio,TX,Lashaude Lee James,CONFIRMED_INTRO1,ACC 2013,HIGH,High,https://bluebook.utsa.edu/default.aspx?faculty=De,bluebook.utsa.edu,Fall,2026
9961c567-684f-4fc4-bfea-f701a46b101d,Western Kentucky University,KY,Sheri Henson,POSSIBLE_INTRO1,ACCT 200,HIGH,Low,https://www.wku.edu/degreepaths/16-17/documents/gfcb/accounting_jump_602.pdf,wku.edu,,
9961c567-684f-4fc4-bfea-f701a46b101d,Western Kentucky University,KY,Dr. Pinky Rusli,LIKELY_INTRO1,ACCT 200,HIGH,Medium,https://app.wku.edu/syllabus/get/?file=202210_prod_ACCT200700_202210_43823.pdf,app.wku.edu,Spring,2022
9961c567-684f-4fc4-bfea-f701a46b101d,Western Kentucky University,KY,Dr. Jason Bergner,LIKELY_INTRO1,ACCT 200,HIGH,Medium,https://app.wku.edu/syllabus/get/?file=202130_prod_ACCT200700_202130_46588.pdf,app.wku.edu,Fall,2021
9961c567-684f-4fc4-bfea-f701a46b101d,Western Kentucky University,KY,Melloney Simerly,LIKELY_INTRO1,ACCT 200,HIGH,Medium,https://app.wku.edu/syllabus/get/?file=202110_prod_ACCT200701_202110_00025.pdf,app.wku.edu,Spring,
9961c567-684f-4fc4-bfea-f701a46b101d,Western Kentucky University,KY,Dr. Jason Bergner,LIKELY_INTRO1,ACCT 200,HIGH,Medium,https://app.wku.edu/syllabus/get/?file=202120_prod_ACCT200A70_202120_00011.pdf,app.wku.edu,Summer,2021
9a914bc0-cc93-4bdf-bf89-dd06f9060328,Elon University,NC,Eric Brown,LIKELY_INTRO1,ACC2010,HIGH,Medium,https://www.elon.edu/u/fa/technology/makerhub/making-in-the-classroom/business/,elon.edu,,
9af2ea11-48be-4d06-b454-7949013dbe14,University of Illinois Chicago,IL,Abel Galvan,POSSIBLE_INTRO1,ACTG 210,HIGH,Low,https://catalog.uic.edu/pdf/UIC%20Undergraduate%20Catalog%202025-2026.pdf,catalog.uic.edu,,
9af2ea11-48be-4d06-b454-7949013dbe14,University of Illinois Chicago,IL,R. Zufarov,CONFIRMED_INTRO1,ACTG 210,HIGH,High,https://webcs7.osss.uic.edu/schedule-of-classes/static/schedules/spring-2026/ACTG.html,webcs7.osss.uic.edu,,2026
9af2ea11-48be-4d06-b454-7949013dbe14,University of Illinois Chicago,IL,M. Mikhail,CONFIRMED_INTRO1,ACTG 210,HIGH,High,https://webcs7.osss.uic.edu/schedule-of-classes/static/schedules/spring-2026/ACTG.html,webcs7.osss.uic.edu,,2026
9af2ea11-48be-4d06-b454-7949013dbe14,University of Illinois Chicago,IL,E. Lord,CONFIRMED_INTRO1,ACTG 210,HIGH,High,https://webcs7.osss.uic.edu/schedule-of-classes/static/schedules/spring-2026/ACTG.html,webcs7.osss.uic.edu,,2026
9af2ea11-48be-4d06-b454-7949013dbe14,University of Illinois Chicago,IL,K. Nguyen,CONFIRMED_INTRO1,ACTG 210,HIGH,High,https://webcs7.osss.uic.edu/schedule-of-classes/static/schedules/spring-2026/ACTG.html,webcs7.osss.uic.edu,,2026
9cece9cd-3b09-491c-a019-aa2ddca25f18,Trinity College,,Miguel. D. Ramirez,LIKELY_INTRO1,2001,HIGH,Medium,https://www3.trincoll.edu/~ramirez/econ_316_syllabushtm.htm,www3.trincoll.edu,Spring,2016
9cece9cd-3b09-491c-a019-aa2ddca25f18,Trinity College,,M.D. Ramirez,LIKELY_INTRO1,2001,HIGH,Medium,https://www3.trincoll.edu/~ramirez/econ_101_summer.htm,www3.trincoll.edu,Summer,2009
9e61454f-9c58-4bc7-9fdb-3394746b105d,Owensboro Community and Technical College,KY,Joy,CONFIRMED_INTRO1,,HIGH,High,https://henderson.kctcs.edu/education-training/class-schedules/schedule-4246.aspx,henderson.kctcs.edu,Spring,2025
9e61454f-9c58-4bc7-9fdb-3394746b105d,Owensboro Community and Technical College,KY,Graham,CONFIRMED_INTRO1,,HIGH,High,https://henderson.kctcs.edu/education-training/class-schedules/schedule-4246.aspx,henderson.kctcs.edu,Spring,2025
a20b5f96-7a39-4a87-8fc8-30a577bac114,Florida International University,FL,"David W. Barman, Esq.",LIKELY_INTRO1,ACG 2021,HIGH,Medium,https://cplticdn.fiu.edu/1211-fiu01-bul-4310-secu07_cba_1211-13803/syllabus.html,cplticdn.fiu.edu,,
a20b5f96-7a39-4a87-8fc8-30a577bac114,Florida International University,FL,Ondrej (Andrew) Zjevik,LIKELY_INTRO1,ACG 2021,HIGH,Medium,https://faculty.fiu.edu/~ozjevik/2018F_MAC2233-MWF/syllabus.pdf,faculty.fiu.edu,Fall,2018
a20b5f96-7a39-4a87-8fc8-30a577bac114,Florida International University,FL,Ondrej Zjevik,LIKELY_INTRO1,ACG 2021,HIGH,Medium,https://faculty.fiu.edu/~ozjevik/_MAC2233/syllabus.pdf,faculty.fiu.edu,Spring,2018
a20b5f96-7a39-4a87-8fc8-30a577bac114,Florida International University,FL,Jim Keys,LIKELY_INTRO1,ACG 2021,HIGH,Medium,https://faculty.fiu.edu/~keysj/fin3403syl_S14.pdf,faculty.fiu.edu,Spring,2014
a2d4e198-012c-4b71-98a8-9bd851f8d6cf,CUNY-Brooklyn College,NY,Rachel Raskin,LIKELY_INTRO1,,HIGH,Medium,https://academicworks.cuny.edu/ny_oers/66/,academicworks.cuny.edu,,
a2d4e198-012c-4b71-98a8-9bd851f8d6cf,CUNY-Brooklyn College,NY,John Hanley,LIKELY_INTRO1,,HIGH,Medium,https://www.kbcc.cuny.edu/academicdepartments/ba/documents/SAMPLEACC1100Syllabus.pdf,kbcc.cuny.edu,Spring,2021
a2d4e198-012c-4b71-98a8-9bd851f8d6cf,CUNY-Brooklyn College,NY,Rachel Raskin,LIKELY_INTRO1,,HIGH,Medium,https://academicworks.cuny.edu/cgi/viewcontent.cgi?article=1075&context=ny_oers,academicworks.cuny.edu,,2017
a8d586a7-d54e-4b0c-b35d-661e8cdf5aaa,Lewis and Clark Community College,IL,Tracy Heyland,LIKELY_INTRO1,,HIGH,Medium,https://careertrainingonline.lc.edu/training-programs/veterinary-office-manager/,careertrainingonline.lc.edu,,
a8d586a7-d54e-4b0c-b35d-661e8cdf5aaa,Lewis and Clark Community College,IL,Wade Lindenberger,LIKELY_INTRO1,,HIGH,Medium,https://careertrainingonline.lc.edu/training-programs/veterinary-office-manager/,careertrainingonline.lc.edu,,
a8d586a7-d54e-4b0c-b35d-661e8cdf5aaa,Lewis and Clark Community College,IL,Wade Lindenberger,LIKELY_INTRO1,,HIGH,Medium,https://careertrainingonline.lc.edu/training-programs/optical-manager/,careertrainingonline.lc.edu,,
aa693672-2bb7-4b81-847c-7b7be9f3ab10,City College of San Francisco,CA,Mario Yrun,CONFIRMED_INTRO1,,HIGH,High,https://www.ccsf.edu/courses,ccsf.edu,Fall,2026
aa693672-2bb7-4b81-847c-7b7be9f3ab10,City College of San Francisco,CA,Pebble Carballo,POSSIBLE_INTRO1,ACCT 1,HIGH,Low,https://fog.ccsf.edu/~jpotter/ccsf/schedule/20265.html,fog.ccsf.edu,,
aa693672-2bb7-4b81-847c-7b7be9f3ab10,City College of San Francisco,CA,Pebble Carballo,POSSIBLE_INTRO1,ACCT 1,HIGH,Low,https://fog.ccsf.edu/~jpotter/ccsf/schedule/20227.html,fog.ccsf.edu,,
aa693672-2bb7-4b81-847c-7b7be9f3ab10,City College of San Francisco,CA,CCSF Home,POSSIBLE_INTRO1,ACCT 1,HIGH,Low,https://www.ccsf.edu/courses?field_term_target_id=5876296&field_course_credit_value=All&field_campus_taxonomy_target_id=All&field_crn_value=&field_parent_program_target_id=All&field_diversity_target_id=All&field_ge_area_target_id=All&field_instructor_target_id=&field_open_section_value=0&field_full_term_value=All&field_schedule_code_value=All&field_ztc_code_value=All&field_start_hour_value=All&field_start_minute_value=All&field_start_period_value=All&field_end_hour_value=All&field_end_minute_value=All&field_end_period_value=All&items_per_page=25&order=field_crn&sort=asc,ccsf.edu,,
aa693672-2bb7-4b81-847c-7b7be9f3ab10,City College of San Francisco,CA,Pebble Carballo,CONFIRMED_INTRO1,ACCT 1,HIGH,High,https://fog.ccsf.edu/~jpotter/ccsf/schedule/20265.html,fog.ccsf.edu,Summer,2026
aa693672-2bb7-4b81-847c-7b7be9f3ab10,City College of San Francisco,CA,Mario Yrun,LIKELY_INTRO1,ACCT 1,HIGH,Medium,https://fog.ccsf.edu/~jpotter/ccsf/schedule/20227.html,fog.ccsf.edu,Fall,2022
aa693672-2bb7-4b81-847c-7b7be9f3ab10,City College of San Francisco,CA,Bruce Leung,LIKELY_INTRO1,ACCT 1,HIGH,Medium,https://fog.ccsf.edu/~jpotter/ccsf/schedule/20227.html,fog.ccsf.edu,Fall,2022
aa693672-2bb7-4b81-847c-7b7be9f3ab10,City College of San Francisco,CA,Pebble Carballo,LIKELY_INTRO1,ACCT 1,HIGH,Medium,https://fog.ccsf.edu/~jpotter/ccsf/schedule/20227.html,fog.ccsf.edu,Fall,2022
aa693672-2bb7-4b81-847c-7b7be9f3ab10,City College of San Francisco,CA,Mario Yrun,LIKELY_INTRO1,ACCT 1,HIGH,Medium,https://fog.ccsf.edu/~jpotter/ccsf/schedule/20237.html,fog.ccsf.edu,Fall,2023
aa693672-2bb7-4b81-847c-7b7be9f3ab10,City College of San Francisco,CA,Bruce Leung,LIKELY_INTRO1,ACCT 1,HIGH,Medium,https://fog.ccsf.edu/~jpotter/ccsf/schedule/20237.html,fog.ccsf.edu,Fall,2023
aa693672-2bb7-4b81-847c-7b7be9f3ab10,City College of San Francisco,CA,Pebble Carballo,LIKELY_INTRO1,ACCT 1,HIGH,Medium,https://fog.ccsf.edu/~jpotter/ccsf/schedule/20237.html,fog.ccsf.edu,Fall,2023
ac57b18f-f6c2-424c-85dd-873eb8dddef0,Wilmington College,OH,Jason Burgess,CONFIRMED_INTRO1,EC 238,HIGH,High,https://syllabi.wilmington.edu/node/2634,syllabi.wilmington.edu,Fall,2025
ae5fb538-c4d4-4b5a-a2f7-faff90b27b12,Northwestern State University,LA,Melissa Aldredge,POSSIBLE_INTRO1,ACCT 2000,HIGH,Low,https://documentproviderviewer.nsula.edu/?id=12338,documentproviderviewer.nsula.edu,,
ae5fb538-c4d4-4b5a-a2f7-faff90b27b12,Northwestern State University,LA,D. Clark,LIKELY_INTRO1,ACCT 2000,HIGH,Medium,https://documentproviderviewer.nsula.edu/?id=15901,documentproviderviewer.nsula.edu,Spring,2023
b44d9ead-b5c3-4317-a27a-a6bf73b88a38,Simon Fraser University,BC,Susan Bubra,CONFIRMED_INTRO1,,HIGH,High,http://www.sfu.ca/outlines.html?2026/summer/bus/251/d100,sfu.ca,Summer,2026
b44d9ead-b5c3-4317-a27a-a6bf73b88a38,Simon Fraser University,BC,Lei Zhang,CONFIRMED_INTRO1,,HIGH,High,https://www.sfu.ca/students/calendar/courses/bus/251.html,sfu.ca,Fall,2026
b44d9ead-b5c3-4317-a27a-a6bf73b88a38,Simon Fraser University,BC,Richard Wong,CONFIRMED_INTRO1,,HIGH,High,https://www.sfu.ca/students/calendar/courses/bus/251.html,sfu.ca,Fall,2026
b6129ff5-854a-4a3e-a4f3-96572aef3fab,Texas Christian University Fort,TX,Mark Wills,LIKELY_INTRO1,,HIGH,Medium,https://gradcouncil.tcu.edu/wp-content/uploads/2023/02/ACCT-60110-Accounting-and-Analytics-New-Course-Form-with-syllabus.pdf,gradcouncil.tcu.edu,Summer,2023
b6679ac5-dc5d-4f0d-b1e0-d8905cdee00d,University of Genoa,IT,ALBERTO QUAGLI,CONFIRMED_INTRO1,,HIGH,High,https://corsi.unige.it/en/off.f/2025/ins/83457,corsi.unige.it,,2025
b6679ac5-dc5d-4f0d-b1e0-d8905cdee00d,University of Genoa,IT,FRANCESCO GIOVANNI AVALLONE,CONFIRMED_INTRO1,,HIGH,High,https://corsi.unige.it/en/off.f/2025/ins/83457,corsi.unige.it,,2025
b6679ac5-dc5d-4f0d-b1e0-d8905cdee00d,University of Genoa,IT,PAOLA RAMASSA,CONFIRMED_INTRO1,,HIGH,High,https://corsi.unige.it/en/off.f/2025/ins/83457,corsi.unige.it,,2025
b6679ac5-dc5d-4f0d-b1e0-d8905cdee00d,University of Genoa,IT,PAOLA RAMASSA,CONFIRMED_INTRO1,,HIGH,High,https://corsi.unige.it/en/off.f/2024/ins/74697,corsi.unige.it,Spring,2025
b6679ac5-dc5d-4f0d-b1e0-d8905cdee00d,University of Genoa,IT,Paola Ramassa,CONFIRMED_INTRO1,,HIGH,High,https://economia.unige.it/sites/economia.unige.it/files/2022-07/Syllabus%20MEET.pdf,economia.unige.it,,2025
b6679ac5-dc5d-4f0d-b1e0-d8905cdee00d,University of Genoa,IT,FRANCESCO GIOVANNI AVALLONE,CONFIRMED_INTRO1,,HIGH,High,https://corsi.unige.it/en/off.f/2025/ins/83476,corsi.unige.it,Fall,2025
bb44fb26-0e2b-4e03-9d2a-b3ad8028a7a0,Washburn University,KS,Stephan E. Sefcik,LIKELY_INTRO1,,HIGH,Medium,http://faculty.washington.edu/sefcik/acctg215_Win2007.shtml,faculty.washington.edu,Winter,2008
bb44fb26-0e2b-4e03-9d2a-b3ad8028a7a0,Washburn University,KS,Frank Hodge,LIKELY_INTRO1,,HIGH,Medium,http://faculty.washington.edu/fhodge/docs/2013%20MBAsyllabus.pdf,faculty.washington.edu,Autumn,2013
bb44fb26-0e2b-4e03-9d2a-b3ad8028a7a0,Washburn University,KS,Terry Shevlin,LIKELY_INTRO1,,HIGH,Medium,https://faculty.washington.edu/shevlin/acctg596.pdf,faculty.washington.edu,Spring,2006
bb44fb26-0e2b-4e03-9d2a-b3ad8028a7a0,Washburn University,KS,Dave Burgstahler,LIKELY_INTRO1,,HIGH,Medium,https://faculty.washington.edu/shevlin/acctg596.pdf,faculty.washington.edu,Spring,2006
bcea8237-a35e-4b1c-ae0f-0831acb066ef,Univ of Central Oklahoma,OK,"Shaull, Riley",CONFIRMED_INTRO1,,HIGH,High,https://cece.uco.edu/idea/eLearningCourseSchedule/,cece.uco.edu,Fall,2025
bcea8237-a35e-4b1c-ae0f-0831acb066ef,Univ of Central Oklahoma,OK,"Zhang, Yinghong",CONFIRMED_INTRO1,,HIGH,High,https://cece.uco.edu/idea/eLearningCourseSchedule/,cece.uco.edu,Fall,2025
bcea8237-a35e-4b1c-ae0f-0831acb066ef,Univ of Central Oklahoma,OK,"Cary, Cindi",CONFIRMED_INTRO1,,HIGH,High,https://cece.uco.edu/idea/eLearningCourseSchedule/,cece.uco.edu,Fall,2025
bdeb1f43-8b3b-433c-9f75-2046a52d6e59,Santa Rosa Junior College,CA,Lord G,CONFIRMED_INTRO1,,HIGH,High,https://portal.santarosa.edu/SRWeb/MVC.Core2/ScheduleOfClasses2/Section?termId=20255&SectionNumber=8381,portal.santarosa.edu,Summer,2025
bdeb1f43-8b3b-433c-9f75-2046a52d6e59,Santa Rosa Junior College,CA,Comings B,CONFIRMED_INTRO1,,HIGH,High,https://portal.santarosa.edu/SRWeb/MVC.Core2/ScheduleOfClasses2/Section?termId=20263&SectionNumber=4457,portal.santarosa.edu,Spring,2026
bee1cc05-1e2a-429f-9b2a-ea251f196920,Knox College,IL,J. Gomer,LIKELY_INTRO1,BUS 211,HIGH,Medium,https://www.knox.edu/documents/Registrar/CourseSchedules/coursescheduleFall21.pdf,knox.edu,Fall,2021
bee1cc05-1e2a-429f-9b2a-ea251f196920,Knox College,IL,J. Gomer,LIKELY_INTRO1,BUS 211,HIGH,Medium,https://www.knox.edu/documents/Course-Schedules/coursescheduleWI21.pdf,knox.edu,Winter,2021
bfdddcff-55b3-4446-82c3-fa31be4c3224,American University,DC,Harr,LIKELY_INTRO1,ACCT 240,HIGH,Medium,https://www.american.edu/provost/academic-access/upload/fall-2022-si-session-schedule-3.pdf,american.edu,Fall,2022
bfdddcff-55b3-4446-82c3-fa31be4c3224,American University,DC,Kausar,LIKELY_INTRO1,ACCT 240,HIGH,Medium,https://www.american.edu/provost/academic-access/upload/fall-2022-si-session-schedule-3.pdf,american.edu,Fall,2022
bfdddcff-55b3-4446-82c3-fa31be4c3224,American University,DC,Fisher,LIKELY_INTRO1,ACCT 240,HIGH,Medium,https://www.american.edu/provost/academic-access/upload/fall-2022-si-session-schedule-3.pdf,american.edu,Fall,2022
bfdddcff-55b3-4446-82c3-fa31be4c3224,American University,DC,Pearachi,LIKELY_INTRO1,ACCT 240,HIGH,Medium,https://www.american.edu/provost/academic-access/upload/fall-2022-si-session-schedule-3.pdf,american.edu,Fall,2022
bfdddcff-55b3-4446-82c3-fa31be4c3224,American University,DC,Adhikari,LIKELY_INTRO1,ACCT 240,HIGH,Medium,https://www.american.edu/provost/academic-access/upload/spring-2023-si-session-schedule-2.pdf,american.edu,Spring,2023
bfdddcff-55b3-4446-82c3-fa31be4c3224,American University,DC,Fisher,LIKELY_INTRO1,ACCT 240,HIGH,Medium,https://www.american.edu/provost/academic-access/upload/spring-2023-si-session-schedule-2.pdf,american.edu,Spring,2023
bfdddcff-55b3-4446-82c3-fa31be4c3224,American University,DC,Petachi,LIKELY_INTRO1,ACCT 240,HIGH,Medium,https://www.american.edu/provost/academic-access/upload/spring-2023-si-session-schedule-2.pdf,american.edu,Spring,2023
c1a80a4b-0acb-4a94-831e-06680837522b,Jefferson Community and Technical College,KY,Joy,CONFIRMED_INTRO1,,HIGH,High,https://henderson.kctcs.edu/education-training/class-schedules/schedule-4246.aspx,henderson.kctcs.edu,Spring,2025
c1a80a4b-0acb-4a94-831e-06680837522b,Jefferson Community and Technical College,KY,Graham,CONFIRMED_INTRO1,,HIGH,High,https://henderson.kctcs.edu/education-training/class-schedules/schedule-4246.aspx,henderson.kctcs.edu,Spring,2025
c25d661c-930b-478f-b1de-8ae1456cbf0b,Somerset Community College,KY,Joy,CONFIRMED_INTRO1,,HIGH,High,https://henderson.kctcs.edu/education-training/class-schedules/schedule-4246.aspx,henderson.kctcs.edu,Spring,2025
c25d661c-930b-478f-b1de-8ae1456cbf0b,Somerset Community College,KY,Graham,CONFIRMED_INTRO1,,HIGH,High,https://henderson.kctcs.edu/education-training/class-schedules/schedule-4246.aspx,henderson.kctcs.edu,Spring,2025
c34899c1-0fcd-4a20-b9a9-5cec52734b70,The University of Texas at Arlington,TX,David Rosser,LIKELY_INTRO1,ACCT 2301,HIGH,Medium,https://mentis.uta.edu/dashboard/file/download/id/241269,mentis.uta.edu,Spring,2019
c34899c1-0fcd-4a20-b9a9-5cec52734b70,The University of Texas at Arlington,TX,John Repsis,LIKELY_INTRO1,ACCT 2301,HIGH,Medium,https://mentis.uta.edu/dashboard/file/download/id/128877,mentis.uta.edu,Fall,2013
c4181814-91e1-44b3-9f4a-dd2c2e895706,Cerritos College,CA,Debra L. Johnson,LIKELY_INTRO1,ACCT 101,HIGH,Medium,https://www.cerritos.edu/dljohnson/_includes/docs/ACCT_101_Syllabus_Spring_2020_Johnson_22023.pdf,cerritos.edu,Spring,2020
c4181814-91e1-44b3-9f4a-dd2c2e895706,Cerritos College,CA,Debra L. Johnson,LIKELY_INTRO1,ACCT 101,HIGH,Medium,https://www.cerritos.edu/dljohnson/_includes/docs/ACCT-101-Syllabus-Fall-2020-Johnson.pdf,cerritos.edu,Fall,2020
c4181814-91e1-44b3-9f4a-dd2c2e895706,Cerritos College,CA,Debra L. Johnson,LIKELY_INTRO1,ACCT 101,HIGH,Medium,https://www.cerritos.edu/dljohnson/_includes/docs/ACCT_101_Syllabus_Fall_2018_Johnson.pdf,cerritos.edu,Fall,2018
c4181814-91e1-44b3-9f4a-dd2c2e895706,Cerritos College,CA,Peter Moloney,POSSIBLE_INTRO1,ACCT 101,HIGH,Low,https://www.cerritos.edu/governance/faculty-senate/program-review/2020-2021_FinalReports/ACCT_2020-2021_FinalReport_IPR_ua.pdf,cerritos.edu,,
c4181814-91e1-44b3-9f4a-dd2c2e895706,Cerritos College,CA,Peter Moloney,POSSIBLE_INTRO1,ACCT 101,HIGH,Low,https://www.cerritos.edu/academics/academic-affairs/curriculum/_includes/docs/schedule-pdf/2008/08_Fall%20Sched_fixed.pdf,cerritos.edu,,
c4181814-91e1-44b3-9f4a-dd2c2e895706,Cerritos College,CA,Debra L. Johnson,LIKELY_INTRO1,ACCT 101,HIGH,Medium,https://www.cerritos.edu/dljohnson/_includes/docs/ACCT_100_Spring_2021_Syllabus.pdf,cerritos.edu,Spring,2021
ccee7297-0b61-4436-bd00-f71019547067,Chabot College,CA,Nazjit Bhangal,POSSIBLE_INTRO1,BUS 1A,HIGH,Low,https://www.chabotcollege.edu/cool/proposals/201516/2016spring/bus33bynazjitbhangal.pdf,chabotcollege.edu,,
d14f1731-a353-475f-8973-456ac48a4fb1,Yeshiva University New,NY,Constance J. Crawford,LIKELY_INTRO1,,HIGH,Medium,https://www.yu.edu/sites/default/files/legacy//uploadedFiles/Admissions/Events/Other_Pages/post-pesach/Fin%20%20Acct%20I%20syllabus%20PP16%20YU-1.pdf,yu.edu,Summer I,2016
d14f1731-a353-475f-8973-456ac48a4fb1,Yeshiva University New,NY,David Hornung,LIKELY_INTRO1,,HIGH,Medium,https://www.yu.edu/sites/default/files/inline-files/Schedule%20of%20Classes%20SCW%20SSSB%20Spring%202022%2012.9.21.pdf,yu.edu,Spring,2022
d4a7fffb-46c2-40b4-ba73-67432ef69acf,South Plains College,TX,Michela Heth,CONFIRMED_INTRO1,,HIGH,High,https://www.southplainscollege.edu/faculty/bacis/2025-2026/ACCT_2301_001.002_MHethSP.pdf,southplainscollege.edu,Spring,2026
d4a7fffb-46c2-40b4-ba73-67432ef69acf,South Plains College,TX,Michela Heth,LIKELY_INTRO1,,HIGH,Medium,https://www.southplainscollege.edu/faculty/bacis/2022-2023/summer_2_2023/ACCT_2301_Syllabus_Summer2023_MHeth.pdf,southplainscollege.edu,Summer,2023
d4a7fffb-46c2-40b4-ba73-67432ef69acf,South Plains College,TX,Michela Heth,CONFIRMED_INTRO1,,HIGH,High,https://www.southplainscollege.edu/faculty/bacis/2024-2025/spring_2025/ACCT_2302_152_MHeth_online.pdf,southplainscollege.edu,Spring,2025
d4a7fffb-46c2-40b4-ba73-67432ef69acf,South Plains College,TX,Shanna Donica,LIKELY_INTRO1,,HIGH,Medium,https://www.southplainscollege.edu/faculty/bacis/2021-2022/spring2022/ACCT2301SyllabusSpring2022.pdf,southplainscollege.edu,Spring,2021
d5050503-04c5-46ef-b145-bd84564b479d,"So Illinois, Edwardsville",IL,James P. Dixon,LIKELY_INTRO1,ACCT 200,HIGH,Medium,https://www.siue.edu/registrar/pdf/Instructions-for-AB-Form_2014-05-21.pdf,siue.edu,Spring,2014
d51305bc-4b97-4bc3-a6a5-24678f9dd387,Mercer University-Macon,GA,Blake Bowler,CONFIRMED_INTRO1,ACC 204,HIGH,High,https://adminapps.mercer.edu/classroomsched/default.aspx?C=M,adminapps.mercer.edu,Fall,2026
d51305bc-4b97-4bc3-a6a5-24678f9dd387,Mercer University-Macon,GA,Stephanie Morris,CONFIRMED_INTRO1,ACC 204,HIGH,High,https://adminapps.mercer.edu/classroomsched/default.aspx?C=M,adminapps.mercer.edu,Fall,2026
d51305bc-4b97-4bc3-a6a5-24678f9dd387,Mercer University-Macon,GA,Anna Barnes,CONFIRMED_INTRO1,ACC 204,HIGH,High,https://adminapps.mercer.edu/classroomsched/default.aspx?C=M,adminapps.mercer.edu,Fall,2026
d51305bc-4b97-4bc3-a6a5-24678f9dd387,Mercer University-Macon,GA,Dr. Lloyd Southern,LIKELY_INTRO1,ACC 204,HIGH,Medium,http://ssbea.mercer.edu/southern/syllabi/mgt%20498.a16%20-%20southern.pdf,ssbea.mercer.edu,Summer,2010
d523da51-d1e6-4787-b1f4-a00133b9e727,Carleton University,ON,Jasdeep Bajwa,CONFIRMED_INTRO1,,HIGH,High,https://sprott.carleton.ca/undergraduate-students-course-outlines/ug-fall-2025-course-outlines/,sprott.carleton.ca,Fall,2025
d523da51-d1e6-4787-b1f4-a00133b9e727,Carleton University,ON,Jasdeep Bajwa,CONFIRMED_INTRO1,,HIGH,High,https://sprott.carleton.ca/ug-winter-2026-course-outlines/,sprott.carleton.ca,,2025
d523da51-d1e6-4787-b1f4-a00133b9e727,Carleton University,ON,Devin Fraser,LIKELY_INTRO1,,HIGH,Medium,https://sprott.carleton.ca/wp-content/uploads/BUSI1004I-F22-D.-Fraser-3.pdf,sprott.carleton.ca,Fall,2022
d7abb1b4-197e-4556-88fd-b2fc800951a9,Binghamton University,NY,Sean M. Conrey,LIKELY_INTRO1,ACCT 211,HIGH,Medium,https://projectadvance.syracuse.edu/courses/eng181/,projectadvance.syracuse.edu,,
d819d191-8c86-4462-9344-50a90b1460fe,Prairie View A&M University,TX,Daniela Misheva,LIKELY_INTRO1,,HIGH,Medium,https://www.pvamu.edu/sites/hb2504/courses/Fall%202021/ACCT%202301-P05.pdf,pvamu.edu,Fall,2021
d819d191-8c86-4462-9344-50a90b1460fe,Prairie View A&M University,TX,BuRyung Brian Lee,LIKELY_INTRO1,,HIGH,Medium,https://www.pvamu.edu/sites/hb2504/courses/Fall%202018/ACCT%204343-P01.pdf,pvamu.edu,Fall,2018
d819d191-8c86-4462-9344-50a90b1460fe,Prairie View A&M University,TX,BuRyung Brian Lee,LIKELY_INTRO1,,HIGH,Medium,https://www.pvamu.edu/sites/hb2504/courses/Summer%202022/ACCT%205314-Y01.pdf,pvamu.edu,Summer,2022
d819d191-8c86-4462-9344-50a90b1460fe,Prairie View A&M University,TX,Limin “Priscilla” Zhu,LIKELY_INTRO1,,HIGH,Medium,https://www.pvamu.edu/sites/hb2504/courses/Spring%202023/ACCT%202301-P03.pdf,pvamu.edu,Spring,2023
dbaf817b-e5bd-427f-877b-32996eba63f7,Waseda University,JP,Frendy,LIKELY_INTRO1,,HIGH,Medium,https://info3.nucba.ac.jp/syllabus/syllabus_body.php?syllabuscode=NUC406_N20B,info3.nucba.ac.jp,,2020
dbaf817b-e5bd-427f-877b-32996eba63f7,Waseda University,JP,Bishnu Kumar Adhikary,CONFIRMED_INTRO1,,HIGH,High,https://syllabus.u-hyogo.ac.jp/slResult/2026/english/syllabusHtml/SyllabusHtml.2026.174170.html,syllabus.u-hyogo.ac.jp,Fall,2026
dbaf817b-e5bd-427f-877b-32996eba63f7,Waseda University,JP,Yoichiro TSUZUKI,CONFIRMED_INTRO1,,HIGH,High,https://syllabus.u-hyogo.ac.jp/slResult/2026/english/syllabusHtml/SyllabusHtml.2026.140130.html,syllabus.u-hyogo.ac.jp,Fall,2026
dbaf817b-e5bd-427f-877b-32996eba63f7,Waseda University,JP,Frendy,LIKELY_INTRO1,,HIGH,Medium,https://info3.nucba.ac.jp/syllabus/syllabus_body.php?syllabuscode=NUC407_N21A,info3.nucba.ac.jp,,2021
dc64b64b-d840-4bd0-98b2-d8b5e52a8b6d,Hawaii Pacific University,HI,Lauren Kelly,POSSIBLE_INTRO1,ACCT 2000,HIGH,Low,https://webapps.hpu.edu/cis/web/index.php/search,webapps.hpu.edu,,
e1d3aaab-0722-4800-8b9d-2eedf84393b8,Austin Community College,TX,Kelli Blount,POSSIBLE_INTRO1,ACCT 2301,HIGH,Low,https://minutes.apps.austincc.edu/meeting/399,minutes.apps.austincc.edu,,
e1d3aaab-0722-4800-8b9d-2eedf84393b8,Austin Community College,TX,Larry Stephens,POSSIBLE_INTRO1,ACCT 2301,HIGH,Low,https://lighthouse.apps.austincc.edu/faculty/syllabus?id=503840,lighthouse.apps.austincc.edu,,
e1d3aaab-0722-4800-8b9d-2eedf84393b8,Austin Community College,TX,Larry Stephens,POSSIBLE_INTRO1,ACCT 2301,HIGH,Low,https://minutes.apps.austincc.edu/meeting/1381,minutes.apps.austincc.edu,,
e1d3aaab-0722-4800-8b9d-2eedf84393b8,Austin Community College,TX,Larry Stephens,POSSIBLE_INTRO1,ACCT 2301,HIGH,Low,https://lighthouse.apps.austincc.edu/faculty/syllabus?id=507690,lighthouse.apps.austincc.edu,,
e1d3aaab-0722-4800-8b9d-2eedf84393b8,Austin Community College,TX,Larry Stephens,POSSIBLE_INTRO1,ACCT 2301,HIGH,Low,https://lighthouse.apps.austincc.edu/faculty/syllabus?id=508437,lighthouse.apps.austincc.edu,,
e1d3aaab-0722-4800-8b9d-2eedf84393b8,Austin Community College,TX,Kimberly Cameron,LIKELY_INTRO1,ACCT 2301,HIGH,Medium,https://lighthouse.apps.austincc.edu/faculty/syllabus?id=490392,lighthouse.apps.austincc.edu,Fall,2023
e1d3aaab-0722-4800-8b9d-2eedf84393b8,Austin Community College,TX,Reed Peoples,LIKELY_INTRO1,ACCT 2301,HIGH,Medium,https://lighthouse.apps.austincc.edu/faculty/syllabus?id=478236,lighthouse.apps.austincc.edu,Spring,2023
e1d3aaab-0722-4800-8b9d-2eedf84393b8,Austin Community College,TX,La Tasha Roberts,LIKELY_INTRO1,ACCT 2301,HIGH,Medium,https://lighthouse.apps.austincc.edu/faculty/syllabus?id=478236,lighthouse.apps.austincc.edu,Spring,2023
e1d3aaab-0722-4800-8b9d-2eedf84393b8,Austin Community College,TX,Michael Midgley,LIKELY_INTRO1,ACCT 2301,HIGH,Medium,https://lighthouse.apps.austincc.edu/faculty/syllabus?id=521982,lighthouse.apps.austincc.edu,Fall,2024
e1d6c67e-a2ef-4de5-bef9-43f4c3e2170a,Northeast Texas Community College,TX,Heidi Wooten,LIKELY_INTRO1,,HIGH,Medium,https://www.ntcc.edu/sites/default/files/hb2504/documents/12248.pdf,ntcc.edu,Summer,2024
e5a2e787-fab4-48e5-902c-7b3159cd9d62,University of Waterloo,ON,Duane Kennedy,LIKELY_INTRO1,,HIGH,Medium,https://uwaterloo.ca/school-of-accounting-and-finance/sites/default/files/uploads/documents/afm401_syllabus_with_class_schedule_fall2022.pdf,uwaterloo.ca,Fall,2022
e5a2e787-fab4-48e5-902c-7b3159cd9d62,University of Waterloo,ON,Hari Stirbet,LIKELY_INTRO1,,HIGH,Medium,https://uwaterloo.ca/school-environment-enterprise-development/sites/default/files/uploads/files/indev_202_w21syllabus_0.pdf,uwaterloo.ca,Winter,2021
e631c8de-37a3-4aae-a948-a64bd20ea4c5,University of Arkansas,AR,Dr. Michael Popp,LIKELY_INTRO1,ACCT 2013,HIGH,Medium,https://agribusiness.uark.edu/academics/graduates/AGEC-44003-Syllabus-Undergraduate.pdf,agribusiness.uark.edu,Fall,2024
e631c8de-37a3-4aae-a948-a64bd20ea4c5,University of Arkansas,AR,Dr. Michael Popp,LIKELY_INTRO1,ACCT 2013,HIGH,Medium,https://agribusiness.uark.edu/_resources/pdf/Syllabi/2019/Fall/AGEC_4403_Fall_2019.pdf,agribusiness.uark.edu,Fall,2019
e631c8de-37a3-4aae-a948-a64bd20ea4c5,University of Arkansas,AR,Dr. Bruce L. Ahrendsen,LIKELY_INTRO1,ACCT 2013,HIGH,Medium,https://agribusiness.uark.edu/_resources/pdf/Syllabi/2018/4143-syllabus-fa18.pdf,agribusiness.uark.edu,Fall,2018
e631c8de-37a3-4aae-a948-a64bd20ea4c5,University of Arkansas,AR,John Lea Turner,LIKELY_INTRO1,ACCT 2013,HIGH,Medium,https://agribusiness.uark.edu/_resources/pdf/Syllabi/2018/4143-syllabus-fa18.pdf,agribusiness.uark.edu,Fall,2018
e6b5ba83-78a8-4275-b758-d5f630bc1d18,University of Illinois,IL,"Hutchens, M",CONFIRMED_INTRO1,,HIGH,High,https://courses.illinois.edu/schedule/2026/spring/ACCY/398,courses.illinois.edu,Spring,2026
e6b5ba83-78a8-4275-b758-d5f630bc1d18,University of Illinois,IL,"Kustanovich, M",CONFIRMED_INTRO1,,HIGH,High,https://courses.illinois.edu/schedule/2026/spring/ACCY/398,courses.illinois.edu,Spring,2026
e6b5ba83-78a8-4275-b758-d5f630bc1d18,University of Illinois,IL,"Sternburg, T",CONFIRMED_INTRO1,,HIGH,High,https://courses.illinois.edu/schedule/2026/spring/ACCY/398,courses.illinois.edu,Spring,2026
e6b5ba83-78a8-4275-b758-d5f630bc1d18,University of Illinois,IL,"Ulla, J",CONFIRMED_INTRO1,,HIGH,High,https://courses.illinois.edu/schedule/2026/spring/ACCY/419,courses.illinois.edu,Spring,2026
ec4f4635-fa9b-41eb-ac1c-5c61a8722b97,Salisbury University,MD,K.J. Smith,LIKELY_INTRO1,ACCT 201,HIGH,Medium,https://faculty.salisbury.edu/~kjsmith/305schF14.htm,faculty.salisbury.edu,Fall,2014
ed42ab17-05f4-4d3b-8654-fcd952a706fb,McGill University,QC,Peter SH. Oh,LIKELY_INTRO1,,HIGH,Medium,https://www.mcgill.ca/desautels/files/desautels/acct-706-syllabus-fall-2019.pdf,mcgill.ca,Fall,2019
ed42ab17-05f4-4d3b-8654-fcd952a706fb,McGill University,QC,Jingjing Zhang,LIKELY_INTRO1,,HIGH,Medium,https://www.mcgill.ca/desautels/files/desautels/acct-706-syllabus-fall-2019.pdf,mcgill.ca,Fall,2019
ef616b59-8e53-47b5-b818-7ccc0a2ad6c8,Case Western Reserve Univ,OH,"Barrus, M",LIKELY_INTRO1,,HIGH,Medium,https://webapps.case.edu/registrar/course-listings?subject=ACCT&term=2238,webapps.case.edu,Fall,2023
f003c714-618d-421f-a448-69140e495edc,"Calif State Univ, Long Beach Long",CA,Johnson D,CONFIRMED_INTRO1,,HIGH,High,https://web.csulb.edu/depts/enrollment/registration/class_schedule/Fall_2026/By_College/ACCT.html,web.csulb.edu,Fall,2026
f003c714-618d-421f-a448-69140e495edc,"Calif State Univ, Long Beach Long",CA,Yang Y,CONFIRMED_INTRO1,,HIGH,High,https://web.csulb.edu/depts/enrollment/registration/class_schedule/Fall_2026/By_College/ACCT.html,web.csulb.edu,Fall,2026
f003c714-618d-421f-a448-69140e495edc,"Calif State Univ, Long Beach Long",CA,Mari R,CONFIRMED_INTRO1,,HIGH,High,https://web.csulb.edu/depts/enrollment/registration/class_schedule/Fall_2026/By_College/ACCT.html,web.csulb.edu,Fall,2026
f003c714-618d-421f-a448-69140e495edc,"Calif State Univ, Long Beach Long",CA,Zhang I,CONFIRMED_INTRO1,,HIGH,High,https://web.csulb.edu/depts/enrollment/registration/class_schedule/Fall_2026/By_College/ACCT.html,web.csulb.edu,Fall,2026
f003c714-618d-421f-a448-69140e495edc,"Calif State Univ, Long Beach Long",CA,Smith Jones L,CONFIRMED_INTRO1,,HIGH,High,https://web.csulb.edu/depts/enrollment/registration/class_schedule/Fall_2026/By_College/ACCT.html,web.csulb.edu,Fall,2026
f003c714-618d-421f-a448-69140e495edc,"Calif State Univ, Long Beach Long",CA,Sinha D,CONFIRMED_INTRO1,,HIGH,High,https://web.csulb.edu/depts/enrollment/registration/class_schedule/Fall_2026/By_College/ACCT.html,web.csulb.edu,Fall,2026
f003c714-618d-421f-a448-69140e495edc,"Calif State Univ, Long Beach Long",CA,Huang X,CONFIRMED_INTRO1,,HIGH,High,https://web.csulb.edu/depts/enrollment/registration/class_schedule/Fall_2026/By_College/ACCT.html,web.csulb.edu,Fall,2026
f003c714-618d-421f-a448-69140e495edc,"Calif State Univ, Long Beach Long",CA,Lacey J,CONFIRMED_INTRO1,,HIGH,High,https://web.csulb.edu/depts/enrollment/registration/class_schedule/Fall_2026/By_College/ACCT.html,web.csulb.edu,Fall,2026
f003c714-618d-421f-a448-69140e495edc,"Calif State Univ, Long Beach Long",CA,Masterson M,CONFIRMED_INTRO1,,HIGH,High,https://web.csulb.edu/depts/enrollment/registration/class_schedule/Fall_2026/By_College/ACCT.html,web.csulb.edu,Fall,2026
f003c714-618d-421f-a448-69140e495edc,"Calif State Univ, Long Beach Long",CA,Staff,CONFIRMED_INTRO1,,HIGH,High,https://web.csulb.edu/depts/enrollment/registration/class_schedule/Fall_2026/By_College/ACCT.html,web.csulb.edu,Fall,2026
f003c714-618d-421f-a448-69140e495edc,"Calif State Univ, Long Beach Long",CA,Johnson D,CONFIRMED_INTRO1,,HIGH,High,https://web.csulb.edu/depts/enrollment/registration/class_schedule/Spring_2026/By_College/ACCT.html,web.csulb.edu,Spring,2026
f003c714-618d-421f-a448-69140e495edc,"Calif State Univ, Long Beach Long",CA,Zhang I,CONFIRMED_INTRO1,,HIGH,High,https://web.csulb.edu/depts/enrollment/registration/class_schedule/Spring_2026/By_College/ACCT.html,web.csulb.edu,Spring,2026
f003c714-618d-421f-a448-69140e495edc,"Calif State Univ, Long Beach Long",CA,Sinha D,CONFIRMED_INTRO1,,HIGH,High,https://web.csulb.edu/depts/enrollment/registration/class_schedule/Spring_2026/By_College/ACCT.html,web.csulb.edu,Spring,2026
f003c714-618d-421f-a448-69140e495edc,"Calif State Univ, Long Beach Long",CA,Sundararaman R,CONFIRMED_INTRO1,,HIGH,High,https://web.csulb.edu/depts/enrollment/registration/class_schedule/Spring_2026/By_College/ACCT.html,web.csulb.edu,Spring,2026
f003c714-618d-421f-a448-69140e495edc,"Calif State Univ, Long Beach Long",CA,Mari R,CONFIRMED_INTRO1,,HIGH,High,https://web.csulb.edu/depts/enrollment/registration/class_schedule/Spring_2026/By_College/ACCT.html,web.csulb.edu,Spring,2026
f003c714-618d-421f-a448-69140e495edc,"Calif State Univ, Long Beach Long",CA,Yang Y,CONFIRMED_INTRO1,,HIGH,High,https://web.csulb.edu/depts/enrollment/registration/class_schedule/Spring_2026/By_College/ACCT.html,web.csulb.edu,Spring,2026
f003c714-618d-421f-a448-69140e495edc,"Calif State Univ, Long Beach Long",CA,Kabutey M,LIKELY_INTRO1,,HIGH,Medium,https://web.csulb.edu/depts/enrollment/registration/class_schedule/Fall_2023/By_College/ACCT.html,web.csulb.edu,Fall,2023
f003c714-618d-421f-a448-69140e495edc,"Calif State Univ, Long Beach Long",CA,Hao P,LIKELY_INTRO1,,HIGH,Medium,https://web.csulb.edu/depts/enrollment/registration/class_schedule/Fall_2023/By_College/ACCT.html,web.csulb.edu,Fall,2023
f003c714-618d-421f-a448-69140e495edc,"Calif State Univ, Long Beach Long",CA,Lin P,LIKELY_INTRO1,,HIGH,Medium,https://web.csulb.edu/depts/enrollment/registration/class_schedule/Fall_2023/By_College/ACCT.html,web.csulb.edu,Fall,2023
f003c714-618d-421f-a448-69140e495edc,"Calif State Univ, Long Beach Long",CA,Johnson D,CONFIRMED_INTRO1,,HIGH,High,https://web.csulb.edu/depts/enrollment/registration/class_schedule/Fall_2025/By_College/ACCT.html,web.csulb.edu,Fall,2025
f003c714-618d-421f-a448-69140e495edc,"Calif State Univ, Long Beach Long",CA,Yang Y,CONFIRMED_INTRO1,,HIGH,High,https://web.csulb.edu/depts/enrollment/registration/class_schedule/Fall_2025/By_College/ACCT.html,web.csulb.edu,Fall,2025
f003c714-618d-421f-a448-69140e495edc,"Calif State Univ, Long Beach Long",CA,Masterson M,CONFIRMED_INTRO1,,HIGH,High,https://web.csulb.edu/depts/enrollment/registration/class_schedule/Fall_2025/By_College/ACCT.html,web.csulb.edu,Fall,2025
f003c714-618d-421f-a448-69140e495edc,"Calif State Univ, Long Beach Long",CA,Zhang I,CONFIRMED_INTRO1,,HIGH,High,https://web.csulb.edu/depts/enrollment/registration/class_schedule/Fall_2025/By_College/ACCT.html,web.csulb.edu,Fall,2025
f003c714-618d-421f-a448-69140e495edc,"Calif State Univ, Long Beach Long",CA,Sundararaman R,CONFIRMED_INTRO1,,HIGH,High,https://web.csulb.edu/depts/enrollment/registration/class_schedule/Fall_2025/By_College/ACCT.html,web.csulb.edu,Fall,2025
f003c714-618d-421f-a448-69140e495edc,"Calif State Univ, Long Beach Long",CA,Smith Jones L,CONFIRMED_INTRO1,,HIGH,High,https://web.csulb.edu/depts/enrollment/registration/class_schedule/Fall_2025/By_College/ACCT.html,web.csulb.edu,Fall,2025
f003c714-618d-421f-a448-69140e495edc,"Calif State Univ, Long Beach Long",CA,Sinha D,CONFIRMED_INTRO1,,HIGH,High,https://web.csulb.edu/depts/enrollment/registration/class_schedule/Fall_2025/By_College/ACCT.html,web.csulb.edu,Fall,2025
f003c714-618d-421f-a448-69140e495edc,"Calif State Univ, Long Beach Long",CA,Huang X,CONFIRMED_INTRO1,,HIGH,High,https://web.csulb.edu/depts/enrollment/registration/class_schedule/Fall_2025/By_College/ACCT.html,web.csulb.edu,Fall,2025
f003c714-618d-421f-a448-69140e495edc,"Calif State Univ, Long Beach Long",CA,Galeas M,CONFIRMED_INTRO1,,HIGH,High,https://web.csulb.edu/depts/enrollment/registration/class_schedule/Fall_2025/By_College/ACCT.html,web.csulb.edu,Fall,2025
f25abc44-579d-46cf-8561-39f3ba1e8480,Adrian College,MI,Terence Sheehan,CONFIRMED_INTRO1,,HIGH,High,https://www.adrian.edu/files/assets/schedspring.pdf,adrian.edu,Spring,2026
f25abc44-579d-46cf-8561-39f3ba1e8480,Adrian College,MI,LCMC/RIZE Staff,CONFIRMED_INTRO1,,HIGH,High,https://www.adrian.edu/files/assets/schedspring.pdf,adrian.edu,Spring,2026
f47c0997-2c32-4abf-b468-ae3e6e8b0f8d,Modesto Junior College,CA,Kenneth Tam,LIKELY_INTRO1,,HIGH,Medium,https://www.mjc.edu/directory/tamk,mjc.edu,,
f5cf7de4-6d61-4eee-aa1f-f7c6d00324af,Bradley University,IL,Arlyn Rubash,LIKELY_INTRO1,ATG 157,HIGH,Medium,https://personalpages.bradley.edu/~arr/courses/322/syllabus.html,personalpages.bradley.edu,,2018
f5cf7de4-6d61-4eee-aa1f-f7c6d00324af,Bradley University,IL,Dr. Arlyn R. Rubash,LIKELY_INTRO1,ATG 157,HIGH,Medium,https://personalpages.bradley.edu/~arr/courses/322/ss2/syllabus.html,personalpages.bradley.edu,Summer,2017
f88bae89-d063-4a50-9351-f473303841c8,Florida Gulf Coast University,FL,Jacqueline Conrecode,POSSIBLE_INTRO1,ACG 2021,HIGH,Low,https://www.fgcu.edu/about/officeoftheprovost/spoi,fgcu.edu,,
f88bae89-d063-4a50-9351-f473303841c8,Florida Gulf Coast University,FL,Richard Speziale,LIKELY_INTRO1,ACG 2021,HIGH,Medium,https://fgcu-web04.fgcu.edu/syllabi/202001/13304/13304_202001.pdf,fgcu-web04.fgcu.edu,Spring,2020
f8cd97cd-6ba9-4282-abf1-2c2828fb627c,Brandeis University,MA,Divya Khaitan,POSSIBLE_INTRO1,BUS 6a,HIGH,Low,https://www.brandeis.edu/programs/business/course-schedule/classes/2026/Fall/900/all?sort=title,brandeis.edu,,
f8cd97cd-6ba9-4282-abf1-2c2828fb627c,Brandeis University,MA,Divya Khaitan,POSSIBLE_INTRO1,BUS 6a,HIGH,Low,https://registrar-prod.unet.brandeis.edu/registrar/schedule/classes/2022/Fall/900/UGRD,registrar-prod.unet.brandeis.edu,,
f8cd97cd-6ba9-4282-abf1-2c2828fb627c,Brandeis University,MA,Divya Khaitan,POSSIBLE_INTRO1,BUS 6a,HIGH,Low,https://www.brandeis.edu/programs/business/course-schedule/classes/2025/Spring/900/all?sort=instructor,brandeis.edu,,
f8cd97cd-6ba9-4282-abf1-2c2828fb627c,Brandeis University,MA,Divya Khaitan,POSSIBLE_INTRO1,BUS 6a,HIGH,Low,https://www.brandeis.edu/courses/1600/UGRD,brandeis.edu,,
f8cd97cd-6ba9-4282-abf1-2c2828fb627c,Brandeis University,MA,Divya Khaitan,POSSIBLE_INTRO1,BUS 6a,HIGH,Low,https://www.brandeis.edu/registrar/schedule/classes/2023/spring/1600/UGRD,brandeis.edu,,
f8cd97cd-6ba9-4282-abf1-2c2828fb627c,Brandeis University,MA,Hagit Weihs,POSSIBLE_INTRO1,BUS 6a,HIGH,Low,https://registrar-prod.unet.brandeis.edu/registrar/schedule/classes/2024/Fall/1600/UGRD,registrar-prod.unet.brandeis.edu,,
f8cd97cd-6ba9-4282-abf1-2c2828fb627c,Brandeis University,MA,Business Program,POSSIBLE_INTRO1,BUS 6a,HIGH,Low,https://www.brandeis.edu/registrar/bulletin/2007-2008/95-97.pdf,brandeis.edu,,
f8cd97cd-6ba9-4282-abf1-2c2828fb627c,Brandeis University,MA,Business Program,POSSIBLE_INTRO1,BUS 6a,HIGH,Low,https://www.brandeis.edu/programs/business/course-schedule/course?acad_year=2024&crse_id=013499&strm=1241&class_section=1,brandeis.edu,,
f8cd97cd-6ba9-4282-abf1-2c2828fb627c,Brandeis University,MA,Hagit Weihs,CONFIRMED_INTRO1,BUS 6a,HIGH,High,https://www.brandeis.edu/courses/900/UGRD,brandeis.edu,Fall,2026
f8cd97cd-6ba9-4282-abf1-2c2828fb627c,Brandeis University,MA,Divya Khaitan,CONFIRMED_INTRO1,BUS 6a,HIGH,High,https://www.brandeis.edu/courses/900/UGRD,brandeis.edu,Fall,2026
f8cd97cd-6ba9-4282-abf1-2c2828fb627c,Brandeis University,MA,Eneda Golemi,CONFIRMED_INTRO1,BUS 6a,HIGH,High,https://www.brandeis.edu/courses/900/UGRD,brandeis.edu,Fall,2026
f8cd97cd-6ba9-4282-abf1-2c2828fb627c,Brandeis University,MA,Hagit Weihs,LIKELY_INTRO1,BUS 6a,HIGH,Medium,https://registrar-prod.unet.brandeis.edu/registrar/schedule/classes/2023/Fall/900/UGRD,registrar-prod.unet.brandeis.edu,Fall,2023
f8cd97cd-6ba9-4282-abf1-2c2828fb627c,Brandeis University,MA,Hagit Weihs,CONFIRMED_INTRO1,BUS 6a,HIGH,High,https://registrar-prod.unet.brandeis.edu/registrar/schedule/search?strm=1211&view=all&status=&subject=900&time=time&day=mon&day=tues&day=wed&day=thurs&day=fri&start_time=07%3A00%3A00&end_time=22%3A30%3A00&block=&keywords=&order=class&search=Search&subsequent=1&page=,registrar-prod.unet.brandeis.edu,Spring,2025
f8cd97cd-6ba9-4282-abf1-2c2828fb627c,Brandeis University,MA,Hagit Weihs,LIKELY_INTRO1,BUS 6a,HIGH,Medium,https://registrar-prod.unet.brandeis.edu/registrar/schedule/classes/2023/Spring/900/UGRD,registrar-prod.unet.brandeis.edu,Spring,2023
f8cd97cd-6ba9-4282-abf1-2c2828fb627c,Brandeis University,MA,Eneda Golemi,LIKELY_INTRO1,BUS 6a,HIGH,Medium,https://registrar-prod.unet.brandeis.edu/registrar/schedule/classes/2023/Spring/900/UGRD,registrar-prod.unet.brandeis.edu,Spring,2023
f8cd97cd-6ba9-4282-abf1-2c2828fb627c,Brandeis University,MA,Divya Khaitan,LIKELY_INTRO1,BUS 6a,HIGH,Medium,https://registrar-prod.unet.brandeis.edu/registrar/schedule/classes/2023/Spring/900/UGRD,registrar-prod.unet.brandeis.edu,Spring,2023
f8cd97cd-6ba9-4282-abf1-2c2828fb627c,Brandeis University,MA,Matthew Petit,LIKELY_INTRO1,BUS 6a,HIGH,Medium,https://registrar-prod.unet.brandeis.edu/registrar/schedule/classes/2023/Spring/900/UGRD,registrar-prod.unet.brandeis.edu,Spring,2023
f9cf5367-8e29-402c-872b-4ed82c646921,Pratt Institute-Main,,Addison Godel,LIKELY_INTRO1,ACCT-1971,HIGH,Medium,https://digitalcommons.njit.edu/cgi/viewcontent.cgi?article=1002&context=arch-syllabi,digitalcommons.njit.edu,Spring,2024
f9cf5367-8e29-402c-872b-4ed82c646921,Pratt Institute-Main,,Aditya Rao,LIKELY_INTRO1,ACCT-1971,HIGH,Medium,https://digitalcommons.njit.edu/cgi/viewcontent.cgi?article=1002&context=arch-syllabi,digitalcommons.njit.edu,Spring,2024
f9cf5367-8e29-402c-872b-4ed82c646921,Pratt Institute-Main,,Mansi Shah,LIKELY_INTRO1,ACCT-1971,HIGH,Medium,https://digitalcommons.njit.edu/cgi/viewcontent.cgi?article=1002&context=arch-syllabi,digitalcommons.njit.edu,Spring,2024
f9cf5367-8e29-402c-872b-4ed82c646921,Pratt Institute-Main,,Dhrumee Shah,LIKELY_INTRO1,ACCT-1971,HIGH,Medium,https://digitalcommons.njit.edu/cgi/viewcontent.cgi?article=1002&context=arch-syllabi,digitalcommons.njit.edu,Spring,2024
f9cf5367-8e29-402c-872b-4ed82c646921,Pratt Institute-Main,,Alison Lefkovitz,LIKELY_INTRO1,ACCT-1971,HIGH,Medium,https://history.njit.edu/sites/history/files/Hist%20369%20syllabus%202017.pdf,history.njit.edu,Fall,2017
faa7ada5-f035-43db-acbe-b76cf60cd37b,DePaul University,IL,"Shannon, Donald S.",LIKELY_INTRO1,,HIGH,Medium,https://condor.depaul.edu/~dshannon/acc206sy.htm,condor.depaul.edu,,1998
faa7ada5-f035-43db-acbe-b76cf60cd37b,DePaul University,IL,K. Stevens,LIKELY_INTRO1,,HIGH,Medium,https://condor.depaul.edu/kstevens/accy500/syl500.html,condor.depaul.edu,,
faa7ada5-f035-43db-acbe-b76cf60cd37b,DePaul University,IL,Mark McCarthy,LIKELY_INTRO1,,HIGH,Medium,https://condor.depaul.edu/jmoore/resources/mmccarth/acc500.php,condor.depaul.edu,,2007
faa7ada5-f035-43db-acbe-b76cf60cd37b,DePaul University,IL,Joel Bernstein,LIKELY_INTRO1,,HIGH,Medium,https://condor.depaul.edu/jbernste/is370_2_syllabus.asp,condor.depaul.edu,Spring,2003
fdafc302-1ea9-40ad-8fba-16a8b1d187e0,University of New Orleans New,LA,Joseph D. Beams,LIKELY_INTRO1,,HIGH,Medium,https://scholarworks.uno.edu/syllabi/,scholarworks.uno.edu,,2015
fdafc302-1ea9-40ad-8fba-16a8b1d187e0,University of New Orleans New,LA,John C. Gardner,LIKELY_INTRO1,,HIGH,Medium,https://scholarworks.uno.edu/cgi/viewcontent.cgi?article=1036&context=syllabi,scholarworks.uno.edu,Fall,2015
fefc04a6-4fad-4a75-a7ff-1bf58ff91bec,Stephen F. Austin State University,TX,Stephanie Ross,POSSIBLE_INTRO1,ACCT 2301,HIGH,Low,https://orion.sfasu.edu/courseinformation/syl/202302/ACCT3301500.pdf,orion.sfasu.edu,,
fefc04a6-4fad-4a75-a7ff-1bf58ff91bec,Stephen F. Austin State University,TX,Alisha Collins,POSSIBLE_INTRO1,ACCT 2301,HIGH,Low,https://orion.sfasu.edu/courseinformation/syl/202202/ACCT23015.pdf,orion.sfasu.edu,,
fefc04a6-4fad-4a75-a7ff-1bf58ff91bec,Stephen F. Austin State University,TX,Dr. Kelly Noe,LIKELY_INTRO1,ACCT 2301,HIGH,Medium,https://orion.sfasu.edu/courseinformation/syl/202301/ACCT23013.pdf,orion.sfasu.edu,Fall,2023
fefc04a6-4fad-4a75-a7ff-1bf58ff91bec,Stephen F. Austin State University,TX,Hunter Throckmorton,CONFIRMED_INTRO1,ACCT 2301,HIGH,High,https://orion.sfasu.edu/courseinformation/syl/202503/ACCT2302500.pdf,orion.sfasu.edu,Summer,2025
fefc04a6-4fad-4a75-a7ff-1bf58ff91bec,Stephen F. Austin State University,TX,Jose G. Vega,CONFIRMED_INTRO1,ACCT 2301,HIGH,High,https://orion.sfasu.edu/courseinformation/syl/202501/ACCT23023.pdf,orion.sfasu.edu,Fall,2025
fefc04a6-4fad-4a75-a7ff-1bf58ff91bec,Stephen F. Austin State University,TX,Dr. Brandon Ater,LIKELY_INTRO1,ACCT 2301,HIGH,Medium,https://orion.sfasu.edu/courseinformation/syl/202402/ACCT23013.pdf,orion.sfasu.edu,Spring,2024
