campus_id,campus,state,IPEDS_UNITID,ipeds_name,institution_level,segment,match_method,match_confidence,duplicate_unitid,undergrad_enrollment,latest_data_year,business_bachelors,accounting_bachelors,total_bachelors,business_share,accounting_share_of_business,business_growth_1y,business_growth_3y,business_growth_5y,business_5y_cagr,undergrad_growth_5y,business_share_change_5y,estimated_intro1_annual,intro1_estimate_method,greek_chapters,councils_present,council_contacts,role_inboxes,market_opportunity_score,growth_momentum_score,growth_label,distribution_strength_score,distribution_data_completeness,course_readiness_status,course_readiness_score,live_demand_status,live_demand_score,first_party_signal_count,outreach_priority_score,enrichment_priority_score,market_data_completeness,action_suppressed,top_driver_1,top_driver_2,top_driver_3,top_driver_4,top_driver_5,recommended_next_action
feab5578-893a-48c1-88c4-f4dc7616ac79,Indiana University Bloomington,IN,151351,Indiana University-Bloomington,four_year,primary,existing_unitid,1,,36833,2023,2484,0,7455,33.3%,0.0%,+14.9%,+23.8%,+28.7%,+5.2%,,8.2pp,5962,"business_bachelors x2.4 (ESTIMATED, NOT ACTUAL)",68,IFC+MGC+NPHC+PANHELLENIC,NOT_RUN,NOT_RUN,89.3,93,RAPID_GROWTH,98.7,35%,COMING_SOON,,COMING_SOON,,0,92.6,53.6,100%,,"2,484 business grads/year (2023)",Business completions +29% over 5Y,68 social Greek chapters,"Large undergrad population (36,833)",Business-heavy (33% of bachelor's),Greek council enrichment
e330e87c-5467-4c05-9d3d-6cd2398de036,Auburn University,AL,100858,Auburn University,four_year,primary,existing_unitid,1,,26874,2023,1426,140,5643,25.3%,9.8%,+7.0%,+5.0%,+32.2%,+5.7%,,2.8pp,3422,"business_bachelors x2.4 (ESTIMATED, NOT ACTUAL)",55,IFC+NPHC+PANHELLENIC,NOT_RUN,NOT_RUN,92,84.6,GROWING,94.4,50%,COMING_SOON,,COMING_SOON,,0,91.1,46,100%,,"1,426 business grads/year (2023)",Business completions +32% over 5Y,55 social Greek chapters,"Large undergrad population (26,874)",140 accounting grads/year,Greek council enrichment
1f69dafc-34ac-4a01-bb90-b66e9185005b,Virginia Poly Inst & St Un,VA,233921,Virginia Polytechnic Institute and State University,four_year,primary,name_prefix,0.95,,30504,2023,1756,142,8041,21.8%,8.1%,+13.8%,+30.5%,+40.0%,+7.0%,,1.3pp,4214,"business_bachelors x2.4 (ESTIMATED, NOT ACTUAL)",NOT_RUN,,NOT_RUN,NOT_RUN,91.3,90,RAPID_GROWTH,PENDING_BACKFILL,,COMING_SOON,,COMING_SOON,,0,90.9,91.3,85%,,"1,756 business grads/year (2023)",Business completions +40% over 5Y,"Large undergrad population (30,504)",142 accounting grads/year,,Enrich structural data
9c4775be-7d82-4a3e-840c-349c5e15d8e8,"University of Tennessee, Knoxville",TN,221759,The University of Tennessee-Knoxville,four_year,primary,existing_unitid,1,,28883,2023,1564,120,5568,28.1%,7.7%,+19.1%,+26.0%,+38.8%,+6.8%,,4.2pp,3754,"business_bachelors x2.4 (ESTIMATED, NOT ACTUAL)",51,IFC+MGC+NPHC+PANHELLENIC,NOT_RUN,NOT_RUN,92.5,90.8,RAPID_GROWTH,87.5,35%,COMING_SOON,,COMING_SOON,,0,90.8,55.5,100%,,"1,564 business grads/year (2023)",Business completions +39% over 5Y,51 social Greek chapters,"Large undergrad population (28,883)",120 accounting grads/year,Greek council enrichment
76eb1308-7c24-45e6-b436-aef5a7dc40af,University of Houston - Downtown,TX,225432,University of Houston-Downtown,four_year,primary,existing_unitid,1,,12880,2023,1003,250,2824,35.5%,24.9%,-10.6%,+25.1%,+21.3%,+3.9%,,5.8pp,2407,"business_bachelors x2.4 (ESTIMATED, NOT ACTUAL)",NOT_RUN,,NOT_RUN,NOT_RUN,89,89.7,RAPID_GROWTH,PENDING_BACKFILL,,COMING_SOON,,COMING_SOON,,0,89.2,89,85%,,"1,003 business grads/year (2023)",Business completions +21% over 5Y,"Large undergrad population (12,880)",250 accounting grads/year,Business-heavy (36% of bachelor's),Enrich structural data
b35abe46-764e-4b10-9cb4-d3523dd1a2ee,Clemson University,SC,217882,Clemson University,four_year,primary,existing_unitid,1,,22875,2023,1224,138,5311,23.1%,11.3%,+14.0%,+14.7%,+42.0%,+7.3%,,4.1pp,2938,"business_bachelors x2.4 (ESTIMATED, NOT ACTUAL)",48,IFC+MGC+NPHC+PANHELLENIC,NOT_RUN,NOT_RUN,88.9,91.4,RAPID_GROWTH,83.5,35%,COMING_SOON,,COMING_SOON,,0,88,53.3,100%,,"1,224 business grads/year (2023)",Business completions +42% over 5Y,48 social Greek chapters,"Large undergrad population (22,875)",138 accounting grads/year,Greek council enrichment
02a82fbc-c702-4940-aa81-aedf19bf0140,University of Iowa Iowa,IA,153658,University of Iowa,four_year,primary,name_prefix,0.95,YES,22130,2023,1206,143,5180,23.3%,11.9%,+6.0%,-1.6%,+25.1%,+4.6%,,2.5pp,2894,"business_bachelors x2.4 (ESTIMATED, NOT ACTUAL)",NOT_RUN,,NOT_RUN,NOT_RUN,89.8,83.2,GROWING,PENDING_BACKFILL,,COMING_SOON,,COMING_SOON,,0,87.9,89.8,85%,,"1,206 business grads/year (2023)",Business completions +25% over 5Y,"Large undergrad population (22,130)",143 accounting grads/year,,Enrich structural data
3f570e37-5394-4058-baab-508948befedb,University of Georgia,GA,139959,University of Georgia,four_year,primary,existing_unitid,1,,31514,2023,2238,140,8062,27.8%,6.3%,-1.4%,+4.4%,+10.7%,+2.1%,,0.6pp,5371,"business_bachelors x2.4 (ESTIMATED, NOT ACTUAL)",67,IFC+MGC+NPHC+PANHELLENIC,4,0,95.5,74.1,GROWING,82.5,90%,COMING_SOON,,COMING_SOON,,0,87.6,19.1,100%,,"2,238 business grads/year (2023)",Business completions +11% over 5Y,67 social Greek chapters,IFC + MGC + NPHC + PANHELLENIC contacts verified,"Large undergrad population (31,514)",Council outreach
4c5126b1-3fe0-48fe-a1db-1e41d06e4642,University of Florida,FL,134130,University of Florida,four_year,primary,existing_unitid,1,,34924,2023,1287,139,9751,13.2%,10.8%,+7.6%,+10.8%,+22.8%,+4.2%,,1.1pp,3089,"business_bachelors x2.4 (ESTIMATED, NOT ACTUAL)",63,IFC+MGC+NPHC+PANHELLENIC,NOT_RUN,NOT_RUN,84.6,83.6,GROWING,96,35%,COMING_SOON,,COMING_SOON,,17,87.4,50.8,100%,,"1,287 business grads/year (2023)",Business completions +23% over 5Y,63 social Greek chapters,"Large undergrad population (34,924)",139 accounting grads/year,Greek council enrichment
b3af67c6-99a5-4677-83d5-aa7d11a89c17,University of Alabama,AL,100751,The University of Alabama,four_year,primary,existing_unitid,1,,33435,2023,1960,207,6505,30.1%,10.6%,+1.3%,-9.6%,-1.1%,-0.2%,,0.8pp,4704,"business_bachelors x2.4 (ESTIMATED, NOT ACTUAL)",71,IFC+MGC+NPHC+PANHELLENIC,4,2,96.7,57.9,STABLE,91.5,90%,COMING_SOON,,COMING_SOON,,0,87.2,0,100%,,"1,960 business grads/year (2023)",Business completions -1% over 5Y,71 social Greek chapters,IFC + MGC + NPHC + PANHELLENIC contacts verified,"Large undergrad population (33,435)",Council outreach
9cc7b731-363b-45cf-b371-efd7f04efb3f,University of Wisconsin–Madison,WI,240444,University of Wisconsin-Madison,four_year,primary,existing_unitid,1,,36797,2023,1304,93,8121,16.1%,7.1%,+10.6%,+20.0%,+25.0%,+4.6%,,1.6pp,3130,"business_bachelors x2.4 (ESTIMATED, NOT ACTUAL)",54,,NOT_RUN,NOT_RUN,85.6,85.4,GROWING,90.6,35%,COMING_SOON,,COMING_SOON,,0,86.9,51.4,100%,,"1,304 business grads/year (2023)",Business completions +25% over 5Y,54 social Greek chapters,"Large undergrad population (36,797)",93 accounting grads/year,Greek council enrichment
e631c8de-37a3-4aae-a948-a64bd20ea4c5,University of Arkansas,AR,106397,University of Arkansas,four_year,primary,existing_unitid,1,,27472,2023,1401,143,4751,29.5%,10.2%,-0.1%,-1.6%,+21.7%,+4.0%,,4.4pp,3362,"business_bachelors x2.4 (ESTIMATED, NOT ACTUAL)",47,IFC+MGC+NPHC+PANHELLENIC,NOT_RUN,NOT_RUN,91.8,80.7,GROWING,81.3,35%,COMING_SOON,,COMING_SOON,,0,86.7,55.1,100%,,"1,401 business grads/year (2023)",Business completions +22% over 5Y,47 social Greek chapters,"Large undergrad population (27,472)",143 accounting grads/year,Greek council enrichment
d00ecc4b-16fa-4f3e-839e-416e675b03e1,Utah Valley University,UT,230737,Utah Valley University,four_year,primary,exact_name,0.98,,43794,2023,887,124,4097,21.6%,14.0%,-2.2%,+9.6%,+29.5%,+5.3%,,0.4pp,2129,"business_bachelors x2.4 (ESTIMATED, NOT ACTUAL)",NOT_RUN,,NOT_RUN,NOT_RUN,88,83.2,GROWING,PENDING_BACKFILL,,COMING_SOON,,COMING_SOON,,0,86.6,88,85%,,887 business grads/year (2023),Business completions +29% over 5Y,"Large undergrad population (43,794)",124 accounting grads/year,,Enrich structural data
ae339230-577e-4569-a7d1-d1e45d1cfe91,University of Kentucky,KY,157085,University of Kentucky,four_year,primary,existing_unitid,1,,23930,2023,1074,110,5238,20.5%,10.2%,+6.3%,+15.4%,+13.8%,+2.6%,,1.4pp,2578,"business_bachelors x2.4 (ESTIMATED, NOT ACTUAL)",57,IFC+MGC+NPHC+PANHELLENIC,NOT_RUN,NOT_RUN,87.7,75.3,GROWING,93.3,35%,COMING_SOON,,COMING_SOON,,0,86.6,52.6,100%,,"1,074 business grads/year (2023)",Business completions +14% over 5Y,57 social Greek chapters,"Large undergrad population (23,930)",110 accounting grads/year,Greek council enrichment
28a1f84d-2dcf-4376-a654-79b5af45fbac,San Diego State University San,CA,122409,San Diego State University,four_year,primary,name_prefix,0.95,YES,34050,2023,2159,0,8542,25.3%,0.0%,+9.8%,+16.3%,+28.8%,+5.2%,,3.7pp,5182,"business_bachelors x2.4 (ESTIMATED, NOT ACTUAL)",NOT_RUN,,NOT_RUN,NOT_RUN,85,90.4,RAPID_GROWTH,PENDING_BACKFILL,,COMING_SOON,,COMING_SOON,,0,86.5,85,85%,,"2,159 business grads/year (2023)",Business completions +29% over 5Y,"Large undergrad population (34,050)",Business-heavy (25% of bachelor's),,Enrich structural data
b6129ff5-854a-4a3e-a4f3-96572aef3fab,Texas Christian University Fort,TX,228875,Texas Christian University,four_year,primary,name_prefix,0.75,,10937,2023,693,78,2398,28.9%,11.3%,+11.9%,+34.8%,+46.8%,+8.0%,,5.6pp,1663,"business_bachelors x2.4 (ESTIMATED, NOT ACTUAL)",NOT_RUN,,NOT_RUN,NOT_RUN,82.1,96.5,RAPID_GROWTH,PENDING_BACKFILL,,COMING_SOON,,COMING_SOON,,0,86.2,82.1,85%,,693 business grads/year (2023),Business completions +47% over 5Y,78 accounting grads/year,Business-heavy (29% of bachelor's),,Enrich structural data
77721583-6490-42e1-af25-c92ac0c829af,Western Michigan University,MI,172699,Western Michigan University,four_year,primary,exact_name,0.98,,13026,2023,895,175,3339,26.8%,19.6%,-6.1%,+12.7%,+9.7%,+1.9%,,5.1pp,2148,"business_bachelors x2.4 (ESTIMATED, NOT ACTUAL)",NOT_RUN,,NOT_RUN,NOT_RUN,86.2,85.2,GROWING,PENDING_BACKFILL,,COMING_SOON,,COMING_SOON,,0,85.9,86.2,85%,,895 business grads/year (2023),Business completions +10% over 5Y,"Large undergrad population (13,026)",175 accounting grads/year,Business-heavy (27% of bachelor's),Enrich structural data
9242c526-7842-4b60-b13f-34a6589c8e55,Wayne State University,MI,172644,Wayne State University,four_year,primary,exact_name,0.98,,16117,2023,830,130,3720,22.3%,15.7%,-6.7%,+13.5%,+29.5%,+5.3%,,3.4pp,1992,"business_bachelors x2.4 (ESTIMATED, NOT ACTUAL)",NOT_RUN,,NOT_RUN,NOT_RUN,83.7,90.9,RAPID_GROWTH,PENDING_BACKFILL,,COMING_SOON,,COMING_SOON,,0,85.8,83.7,85%,,830 business grads/year (2023),Business completions +29% over 5Y,"Large undergrad population (16,117)",130 accounting grads/year,,Enrich structural data
a44a848d-4281-4780-8e29-955221802623,Liberty University,VA,232557,Liberty University,four_year,primary,existing_unitid,1,,52823,2023,1810,205,10159,17.8%,11.3%,-4.1%,-3.3%,+12.7%,+2.4%,,-0.5pp,4344,"business_bachelors x2.4 (ESTIMATED, NOT ACTUAL)",NOT_RUN,,NOT_RUN,NOT_RUN,89.7,70.7,GROWING,PENDING_BACKFILL,,COMING_SOON,,COMING_SOON,,0,84.3,89.7,85%,,"1,810 business grads/year (2023)",Business completions +13% over 5Y,"Large undergrad population (52,823)",205 accounting grads/year,,Enrich structural data
7325256b-319c-4948-b5a0-5f2016f38dca,San Diego State University,CA,122409,San Diego State University,four_year,primary,existing_unitid,1,YES,34050,2023,2159,0,8542,25.3%,0.0%,+9.8%,+16.3%,+28.8%,+5.2%,,3.7pp,5182,"business_bachelors x2.4 (ESTIMATED, NOT ACTUAL)",46,IFC+MGC+NPHC+PANHELLENIC,NOT_RUN,NOT_RUN,84.1,90.4,RAPID_GROWTH,79.5,35%,COMING_SOON,,COMING_SOON,,0,84.2,50.5,100%,,"2,159 business grads/year (2023)",Business completions +29% over 5Y,46 social Greek chapters,"Large undergrad population (34,050)",Business-heavy (25% of bachelor's),Greek council enrichment
e6b5ba83-78a8-4275-b758-d5f630bc1d18,University of Illinois,IL,145600,University of Illinois Chicago,four_year,primary,name_reverse,0.683,YES,22107,2023,878,167,5177,17.0%,19.0%,+12.6%,+19.5%,+43.9%,+7.6%,,2.0pp,2107,"business_bachelors x2.4 (ESTIMATED, NOT ACTUAL)",NOT_RUN,,NOT_RUN,NOT_RUN,80.9,91.8,RAPID_GROWTH,PENDING_BACKFILL,,COMING_SOON,,COMING_SOON,,0,84,80.9,85%,,878 business grads/year (2023),Business completions +44% over 5Y,"Large undergrad population (22,107)",167 accounting grads/year,,Enrich structural data
349eaec1-12e2-4168-888f-9371ce7a828e,Boise State University,ID,142115,Boise State University,four_year,primary,exact_name,0.98,,23491,2023,757,88,3875,19.5%,11.6%,+8.1%,+14.0%,+35.2%,+6.2%,,2.2pp,1817,"business_bachelors x2.4 (ESTIMATED, NOT ACTUAL)",NOT_RUN,,NOT_RUN,NOT_RUN,82.2,87.8,RAPID_GROWTH,PENDING_BACKFILL,,COMING_SOON,,COMING_SOON,,0,83.8,82.2,85%,,757 business grads/year (2023),Business completions +35% over 5Y,"Large undergrad population (23,491)",88 accounting grads/year,,Enrich structural data
99517fab-c7e6-4267-9af4-c26726960518,Valencia College,FL,138187,Valencia College,four_year,primary,existing_unitid,1,,42524,2023,466,0,731,63.7%,0.0%,-4.9%,+124.0%,,,,63.7pp,1118,"business_bachelors x2.4 (ESTIMATED, NOT ACTUAL)",NOT_RUN,,NOT_RUN,NOT_RUN,77.2,99.9,GROWING,PENDING_BACKFILL,,COMING_SOON,,COMING_SOON,,0,83.7,77.2,85%,,466 business grads/year (2023),"Large undergrad population (42,524)",Business-heavy (64% of bachelor's),,,Enrich structural data
7c7090fb-dd70-4435-bafc-a5504af4d3f2,Univ of Nebraska-Lincoln,NE,181464,University of Nebraska-Lincoln,four_year,primary,exact_name,0.98,,19338,2023,994,123,4262,23.3%,12.4%,+5.1%,+1.4%,+5.4%,+1.1%,,0.3pp,2386,"business_bachelors x2.4 (ESTIMATED, NOT ACTUAL)",NOT_RUN,,NOT_RUN,NOT_RUN,86.9,71.1,GROWING,PENDING_BACKFILL,,COMING_SOON,,COMING_SOON,,0,82.4,86.9,85%,,994 business grads/year (2023),Business completions +5% over 5Y,"Large undergrad population (19,338)",123 accounting grads/year,,Enrich structural data
48d46940-2cd8-4cfd-a9a3-b4c00bd3f9bc,University of North Texas,TX,227216,University of North Texas,four_year,primary,existing_unitid,1,,33858,2023,1454,212,7680,18.9%,14.6%,+2.2%,+0.9%,+10.1%,+1.9%,,0.3pp,3490,"business_bachelors x2.4 (ESTIMATED, NOT ACTUAL)",40,IFC+MGC+NPHC+PANHELLENIC,NOT_RUN,NOT_RUN,87.4,75.1,GROWING,75.4,35%,COMING_SOON,,COMING_SOON,,0,81.7,52.4,100%,,"1,454 business grads/year (2023)",Business completions +10% over 5Y,40 social Greek chapters,"Large undergrad population (33,858)",212 accounting grads/year,Greek council enrichment
36fe540d-615e-48f4-a8e6-1d3658ba2497,Appalachian State Univ,NC,197869,Appalachian State University,four_year,primary,exact_name,0.98,,19405,2023,889,68,4005,22.2%,7.6%,+9.1%,+8.7%,+16.8%,+3.2%,,2.6pp,2134,"business_bachelors x2.4 (ESTIMATED, NOT ACTUAL)",NOT_RUN,,NOT_RUN,NOT_RUN,83.8,76,GROWING,PENDING_BACKFILL,,COMING_SOON,,COMING_SOON,,0,81.6,83.8,85%,,889 business grads/year (2023),Business completions +17% over 5Y,"Large undergrad population (19,405)",68 accounting grads/year,,Enrich structural data
af1d8651-43c0-4f2d-82dd-4c1d4a4009cb,Minnesota St Univ Mankato,MN,173920,Minnesota State University-Mankato,four_year,primary,name_prefix,0.95,,12897,2023,591,75,2626,22.5%,12.7%,+5.2%,+27.4%,+18.7%,+3.5%,,2.8pp,1418,"business_bachelors x2.4 (ESTIMATED, NOT ACTUAL)",NOT_RUN,,NOT_RUN,NOT_RUN,79.1,86.2,GROWING,PENDING_BACKFILL,,COMING_SOON,,COMING_SOON,,0,81.1,79.1,85%,,591 business grads/year (2023),Business completions +19% over 5Y,"Large undergrad population (12,897)",75 accounting grads/year,,Enrich structural data
f264082f-29ce-459e-806b-2a4d94fd40b6,Un of Massachusetts Amherst,MA,166629,University of Massachusetts-Amherst,four_year,primary,name_prefix,0.95,,23936,2023,1076,135,6838,15.7%,12.6%,+9.6%,+7.3%,+17.0%,+3.2%,,1.2pp,2582,"business_bachelors x2.4 (ESTIMATED, NOT ACTUAL)",NOT_RUN,,NOT_RUN,NOT_RUN,81.8,78.8,GROWING,PENDING_BACKFILL,,COMING_SOON,,COMING_SOON,,0,80.9,81.8,85%,,"1,076 business grads/year (2023)",Business completions +17% over 5Y,"Large undergrad population (23,936)",135 accounting grads/year,,Enrich structural data
faad6039-be72-4f5c-8ad5-ca7b95e2889f,University of Texas at Austin,TX,228778,The University of Texas at Austin,four_year,primary,existing_unitid,1,YES,42444,2023,1173,140,10094,11.6%,11.9%,+1.7%,-6.4%,-3.0%,-0.6%,,-0.6pp,2815,"business_bachelors x2.4 (ESTIMATED, NOT ACTUAL)",64,IFC+MGC+NPHC+PANHELLENIC,NOT_RUN,NOT_RUN,83.6,52.6,STABLE,97.8,50%,COMING_SOON,,COMING_SOON,,0,80.8,41.8,100%,,"1,173 business grads/year (2023)",Business completions -3% over 5Y,64 social Greek chapters,"Large undergrad population (42,444)",140 accounting grads/year,Greek council enrichment
ae2ba2d1-a457-42b0-840d-83d83a6ad39b,University of South Florida,FL,137351,University of South Florida,four_year,primary,existing_unitid,1,,37269,2023,1684,244,9955,16.9%,14.5%,-1.7%,-9.6%,+27.7%,+5.0%,,1.0pp,4042,"business_bachelors x2.4 (ESTIMATED, NOT ACTUAL)",39,IFC+MGC+NPHC+PANHELLENIC,NOT_RUN,NOT_RUN,85.7,75.9,GROWING,74.1,35%,COMING_SOON,,COMING_SOON,,0,80.6,51.4,100%,,"1,684 business grads/year (2023)",Business completions +28% over 5Y,39 social Greek chapters,"Large undergrad population (37,269)",244 accounting grads/year,Greek council enrichment
9aad4852-d3b1-4091-8157-acf427d8c88a,University of Houston,TX,225511,University of Houston,four_year,primary,existing_unitid,1,,37946,2023,2209,239,8022,27.5%,10.8%,-3.7%,+0.4%,+5.5%,+1.1%,,-0.9pp,5302,"business_bachelors x2.4 (ESTIMATED, NOT ACTUAL)",34,IFC+MGC+NPHC+PANHELLENIC,NOT_RUN,NOT_RUN,92.5,64.8,GROWING,69.6,35%,COMING_SOON,,COMING_SOON,,0,80.6,55.5,100%,,"2,209 business grads/year (2023)",Business completions +6% over 5Y,34 social Greek chapters,"Large undergrad population (37,946)",239 accounting grads/year,Greek council enrichment
26fec746-f7a8-48d0-8ac6-3bda7c78d82f,North Carolina State University,NC,199193,North Carolina State University at Raleigh,four_year,primary,existing_unitid,1,,27323,2023,1151,125,6396,18.0%,10.9%,+2.5%,+24.8%,+32.1%,+5.7%,,2.9pp,2762,"business_bachelors x2.4 (ESTIMATED, NOT ACTUAL)",34,IFC+MGC+PANHELLENIC,NOT_RUN,NOT_RUN,82.7,88,RAPID_GROWTH,69.6,35%,COMING_SOON,,COMING_SOON,,0,80.4,49.6,100%,,"1,151 business grads/year (2023)",Business completions +32% over 5Y,34 social Greek chapters,"Large undergrad population (27,323)",125 accounting grads/year,Greek council enrichment
c51895f9-2dd1-45aa-9d51-c54fa90b7359,Fordham University New,NY,191241,Fordham University,four_year,primary,name_prefix,0.683,,10307,2023,712,79,2131,33.4%,11.1%,-3.1%,+4.3%,+10.6%,+2.0%,,4.2pp,1709,"business_bachelors x2.4 (ESTIMATED, NOT ACTUAL)",NOT_RUN,,NOT_RUN,NOT_RUN,82.9,73.8,GROWING,PENDING_BACKFILL,,COMING_SOON,,COMING_SOON,,0,80.3,82.9,85%,,712 business grads/year (2023),Business completions +11% over 5Y,79 accounting grads/year,Business-heavy (33% of bachelor's),,Enrich structural data
83d8767f-45f5-4ebe-9782-06e2077e358e,University of Maryland College,MD,163286,University of Maryland-College Park,four_year,primary,name_reverse,0.75,,30608,2023,1040,168,8075,12.9%,16.2%,+14.9%,+7.2%,+16.7%,+3.1%,,1.1pp,2496,"business_bachelors x2.4 (ESTIMATED, NOT ACTUAL)",NOT_RUN,,NOT_RUN,NOT_RUN,80.4,77.3,GROWING,PENDING_BACKFILL,,COMING_SOON,,COMING_SOON,,0,79.5,80.4,85%,,"1,040 business grads/year (2023)",Business completions +17% over 5Y,"Large undergrad population (30,608)",168 accounting grads/year,,Enrich structural data
b4b6aba9-702e-4bdf-8541-90e566653ee1,University of Tampa,FL,137847,The University of Tampa,four_year,primary,name_prefix,0.95,,10111,2023,629,64,2050,30.7%,10.2%,-0.2%,+3.6%,+28.9%,+5.2%,,-0.6pp,1510,"business_bachelors x2.4 (ESTIMATED, NOT ACTUAL)",NOT_RUN,,NOT_RUN,NOT_RUN,80.3,77.5,GROWING,PENDING_BACKFILL,,COMING_SOON,,COMING_SOON,,0,79.5,80.3,85%,,629 business grads/year (2023),Business completions +29% over 5Y,Business-heavy (31% of bachelor's),,,Enrich structural data
42d6ef0d-de7b-48ad-a717-ae341b8d4ea3,Brigham Young University,UT,230038,Brigham Young University,four_year,primary,exact_name,0.98,,32221,2023,938,256,6638,14.1%,27.3%,+1.6%,+4.1%,+5.9%,+1.1%,,0.7pp,2251,"business_bachelors x2.4 (ESTIMATED, NOT ACTUAL)",NOT_RUN,,NOT_RUN,NOT_RUN,81,74.6,GROWING,PENDING_BACKFILL,,COMING_SOON,,COMING_SOON,,0,79.2,81,85%,,938 business grads/year (2023),Business completions +6% over 5Y,"Large undergrad population (32,221)",256 accounting grads/year,,Enrich structural data
e432f3bb-ed53-4567-95df-0b2a384a23f5,Uof Missouri - Columbia,MO,178396,University of Missouri-Columbia,four_year,primary,name_prefix,0.95,,23613,2023,1073,171,5944,18.1%,15.9%,+17.8%,+4.1%,-8.3%,-1.7%,,0.1pp,2575,"business_bachelors x2.4 (ESTIMATED, NOT ACTUAL)",NOT_RUN,,NOT_RUN,NOT_RUN,84.8,63.6,GROWING,PENDING_BACKFILL,,COMING_SOON,,COMING_SOON,,0,78.7,84.8,85%,,"1,073 business grads/year (2023)",Business completions -8% over 5Y,"Large undergrad population (23,613)",171 accounting grads/year,,Enrich structural data
a348048e-fc82-46b7-a488-22b20e51e009,Uof Alabama at Birmingham,AL,100663,University of Alabama at Birmingham,four_year,primary,name_prefix,0.95,,12382,2023,563,125,2937,19.2%,22.2%,+13.7%,+18.3%,+24.0%,+4.4%,,0.7pp,1351,"business_bachelors x2.4 (ESTIMATED, NOT ACTUAL)",NOT_RUN,,NOT_RUN,NOT_RUN,75.4,86.3,GROWING,PENDING_BACKFILL,,COMING_SOON,,COMING_SOON,,0,78.5,75.4,85%,,563 business grads/year (2023),Business completions +24% over 5Y,125 accounting grads/year,,,Enrich structural data
1a4b48eb-1f7f-4ac6-bf8a-c5d7434ce1fa,Penn State University Univ,PA,214777,Pennsylvania State University-Main Campus,four_year,primary,name_reverse,0.63,,42223,2023,1792,218,10770,16.6%,12.2%,+14.8%,,-5.1%,-1.0%,,0.3pp,4301,"business_bachelors x2.4 (ESTIMATED, NOT ACTUAL)",NOT_RUN,,NOT_RUN,NOT_RUN,88.1,54,STABLE,PENDING_BACKFILL,,COMING_SOON,,COMING_SOON,,0,78.4,88.1,85%,,"1,792 business grads/year (2023)",Business completions -5% over 5Y,"Large undergrad population (42,223)",218 accounting grads/year,,Enrich structural data
92e4a5d9-eeb3-4065-ac8a-5a4390fbc584,Texas A&M University,TX,459949,Texas A&M University-San Antonio,four_year,primary,existing_unitid,1,,6706,2023,333,68,1266,26.3%,20.4%,-4.6%,-8.5%,+21.5%,+4.0%,,2.5pp,799,"business_bachelors x2.4 (ESTIMATED, NOT ACTUAL)",55,IFC+MGC+NPHC+PANHELLENIC,NOT_RUN,NOT_RUN,71.7,77.9,GROWING,92,35%,COMING_SOON,,COMING_SOON,,0,78.3,43,100%,,333 business grads/year (2023),Business completions +22% over 5Y,55 social Greek chapters,68 accounting grads/year,Business-heavy (26% of bachelor's),Greek council enrichment
4faf28e4-be37-4940-9769-5cb89ca311ca,Montclair State University,NJ,185590,Montclair State University,four_year,primary,exact_name,0.98,,18062,2023,773,95,3788,20.4%,12.3%,+13.0%,-0.9%,+4.2%,+0.8%,,0.3pp,1855,"business_bachelors x2.4 (ESTIMATED, NOT ACTUAL)",NOT_RUN,,NOT_RUN,NOT_RUN,81.9,68.3,GROWING,PENDING_BACKFILL,,COMING_SOON,,COMING_SOON,,0,78,81.9,85%,,773 business grads/year (2023),Business completions +4% over 5Y,"Large undergrad population (18,062)",95 accounting grads/year,,Enrich structural data
e1ac1805-88fb-467c-a56e-b5a4314dbe2a,"Calif State Univ, Northridge",CA,110608,California State University-Northridge,four_year,primary,name_prefix,0.95,,32429,2023,1574,243,8520,18.5%,15.4%,-6.9%,-10.7%,-6.5%,-1.3%,,-0.7pp,3778,"business_bachelors x2.4 (ESTIMATED, NOT ACTUAL)",NOT_RUN,,NOT_RUN,NOT_RUN,88.9,50.5,STABLE,PENDING_BACKFILL,,COMING_SOON,,COMING_SOON,,0,77.9,88.9,85%,,"1,574 business grads/year (2023)",Business completions -7% over 5Y,"Large undergrad population (32,429)",243 accounting grads/year,,Enrich structural data
134547c6-fcf2-4a0f-9c0c-6612fb4408dc,University of Delaware,DE,130943,University of Delaware,four_year,primary,exact_name,0.98,,19772,2023,847,75,4285,19.8%,8.8%,+4.0%,-4.5%,-6.5%,-1.3%,,-1.7pp,2033,"business_bachelors x2.4 (ESTIMATED, NOT ACTUAL)",53,IFC+MGC+NPHC+PANHELLENIC,NOT_RUN,NOT_RUN,83.1,50.6,STABLE,89.3,35%,COMING_SOON,,COMING_SOON,,0,77.9,49.9,100%,,847 business grads/year (2023),Business completions -7% over 5Y,53 social Greek chapters,"Large undergrad population (19,772)",75 accounting grads/year,Greek council enrichment
95246fc8-1ce6-409e-b454-d03c82766719,Mississippi State University,MS,176080,Mississippi State University,four_year,primary,existing_unitid,1,,18230,2023,818,110,4547,18.0%,13.5%,-1.9%,+2.5%,+20.1%,+3.7%,,-0.3pp,1963,"business_bachelors x2.4 (ESTIMATED, NOT ACTUAL)",43,IFC+MGC+NPHC+PANHELLENIC,NOT_RUN,NOT_RUN,79.5,75.2,GROWING,76.3,35%,COMING_SOON,,COMING_SOON,,0,77.8,47.7,100%,,818 business grads/year (2023),Business completions +20% over 5Y,43 social Greek chapters,"Large undergrad population (18,230)",110 accounting grads/year,Greek council enrichment
044c2f7d-7367-4634-8fb2-477920113a56,Univ of Central Florida,FL,132903,University of Central Florida,four_year,primary,exact_name,0.98,,59470,2023,2397,219,14770,16.2%,9.1%,-4.2%,+4.7%,-11.7%,-2.5%,,-4.1pp,5753,"business_bachelors x2.4 (ESTIMATED, NOT ACTUAL)",NOT_RUN,,NOT_RUN,NOT_RUN,88.6,49.3,STABLE,PENDING_BACKFILL,,COMING_SOON,,COMING_SOON,,0,77.4,88.6,85%,,"2,397 business grads/year (2023)",Business completions -12% over 5Y,"Large undergrad population (59,470)",219 accounting grads/year,,Enrich structural data
25bbd83e-03ff-4c69-833e-388ace5857a9,Middle Tennessee State Univ,TN,220978,Middle Tennessee State University,four_year,primary,exact_name,0.98,,17668,2023,719,66,3847,18.7%,9.2%,+5.6%,+5.6%,+9.6%,+1.8%,,2.3pp,1726,"business_bachelors x2.4 (ESTIMATED, NOT ACTUAL)",NOT_RUN,,NOT_RUN,NOT_RUN,78.6,74.3,GROWING,PENDING_BACKFILL,,COMING_SOON,,COMING_SOON,,0,77.4,78.6,85%,,719 business grads/year (2023),Business completions +10% over 5Y,"Large undergrad population (17,668)",66 accounting grads/year,,Enrich structural data
1c22f607-dc5c-494b-b75a-331432771695,San Jose State University San,CA,122755,San Jose State University,four_year,primary,name_prefix,0.95,,27111,2023,1697,0,6860,24.7%,0.0%,-4.5%,+5.0%,-1.7%,-0.3%,,-1.1pp,4073,"business_bachelors x2.4 (ESTIMATED, NOT ACTUAL)",NOT_RUN,,NOT_RUN,NOT_RUN,82.8,63.1,GROWING,PENDING_BACKFILL,,COMING_SOON,,COMING_SOON,,0,77.2,82.8,85%,,"1,697 business grads/year (2023)",Business completions -2% over 5Y,"Large undergrad population (27,111)",,,Enrich structural data
99b0c569-e225-48ba-8f76-e506192efce2,Fairfield University,CT,129242,Fairfield University,four_year,primary,exact_name,0.98,,4968,2023,483,96,1157,41.8%,19.9%,+15.6%,+18.4%,+20.4%,+3.8%,,1.3pp,1159,"business_bachelors x2.4 (ESTIMATED, NOT ACTUAL)",NOT_RUN,,NOT_RUN,NOT_RUN,73.5,85.4,GROWING,PENDING_BACKFILL,,COMING_SOON,,COMING_SOON,,0,76.9,73.5,85%,,483 business grads/year (2023),Business completions +20% over 5Y,96 accounting grads/year,Business-heavy (42% of bachelor's),,Enrich structural data
0b199f76-27de-48df-8995-829dd9b4269d,Southeastern Louisiana Univ,LA,160612,Southeastern Louisiana University,four_year,primary,exact_name,0.98,,12684,2023,408,78,1823,22.4%,19.1%,+2.3%,+12.4%,+16.6%,+3.1%,,3.2pp,979,"business_bachelors x2.4 (ESTIMATED, NOT ACTUAL)",NOT_RUN,,NOT_RUN,NOT_RUN,73.7,84.5,GROWING,PENDING_BACKFILL,,COMING_SOON,,COMING_SOON,,0,76.8,73.7,85%,,408 business grads/year (2023),Business completions +17% over 5Y,78 accounting grads/year,,,Enrich structural data
a20b5f96-7a39-4a87-8fc8-30a577bac114,Florida International University,FL,133951,Florida International University,four_year,primary,existing_unitid,1,,44363,2023,2556,174,11472,22.3%,6.8%,-12.1%,-13.6%,+3.1%,+0.6%,,-1.6pp,6134,"business_bachelors x2.4 (ESTIMATED, NOT ACTUAL)",34,IFC+MGC+NPHC+PANHELLENIC,NOT_RUN,NOT_RUN,90.6,51.2,STABLE,69.6,35%,COMING_SOON,,COMING_SOON,,0,76.8,54.4,100%,,"2,556 business grads/year (2023)",Business completions +3% over 5Y,34 social Greek chapters,"Large undergrad population (44,363)",174 accounting grads/year,Greek council enrichment
d3e38c3b-56de-4640-9ae5-5b2edb9e313f,Texas A&M University Coll,TX,228723,Texas A & M University-College Station,four_year,primary,name_reverse,0.817,,59933,2023,1832,297,13305,13.8%,16.2%,-0.5%,-7.8%,-4.9%,-1.0%,,-1.7pp,4397,"business_bachelors x2.4 (ESTIMATED, NOT ACTUAL)",NOT_RUN,,NOT_RUN,NOT_RUN,85.9,53.8,STABLE,PENDING_BACKFILL,,COMING_SOON,,COMING_SOON,,0,76.7,85.9,85%,,"1,832 business grads/year (2023)",Business completions -5% over 5Y,"Large undergrad population (59,933)",297 accounting grads/year,,Enrich structural data
86dc6ecb-0e19-450d-b71f-97325b948926,Santa Clara University Santa,CA,122931,Santa Clara University,four_year,primary,name_prefix,0.95,,6249,2023,441,84,1483,29.7%,19.1%,+14.5%,+10.3%,+20.5%,+3.8%,,3.8pp,1058,"business_bachelors x2.4 (ESTIMATED, NOT ACTUAL)",NOT_RUN,,NOT_RUN,NOT_RUN,73,85.5,GROWING,PENDING_BACKFILL,,COMING_SOON,,COMING_SOON,,0,76.6,73,85%,,441 business grads/year (2023),Business completions +20% over 5Y,84 accounting grads/year,Business-heavy (30% of bachelor's),,Enrich structural data
9fe12d29-01ee-4c7a-965c-dee6767e4409,University of Tennessee,TN,221740,The University of Tennessee-Chattanooga,four_year,primary,name_reverse,0.683,YES,9982,2023,469,43,2116,22.2%,9.2%,+14.9%,+9.8%,+27.8%,+5.0%,,3.9pp,1126,"business_bachelors x2.4 (ESTIMATED, NOT ACTUAL)",NOT_RUN,,NOT_RUN,NOT_RUN,71.9,88.4,RAPID_GROWTH,PENDING_BACKFILL,,COMING_SOON,,COMING_SOON,,0,76.6,71.9,85%,,469 business grads/year (2023),Business completions +28% over 5Y,,,,Enrich structural data
f021a059-5455-4977-ba23-c85a9c9b831c,Tennessee at Chattanooga,TN,221740,The University of Tennessee-Chattanooga,four_year,primary,name_reverse,0.683,YES,9982,2023,469,43,2116,22.2%,9.2%,+14.9%,+9.8%,+27.8%,+5.0%,,3.9pp,1126,"business_bachelors x2.4 (ESTIMATED, NOT ACTUAL)",NOT_RUN,,NOT_RUN,NOT_RUN,71.9,88.4,RAPID_GROWTH,PENDING_BACKFILL,,COMING_SOON,,COMING_SOON,,0,76.6,71.9,85%,,469 business grads/year (2023),Business completions +28% over 5Y,,,,Enrich structural data
92a79654-e795-47cc-9a38-3b4d03be6375,Chapman University,CA,111948,Chapman University,four_year,primary,exact_name,0.98,,7874,2023,612,48,1936,31.6%,7.8%,-4.7%,-7.8%,+21.7%,+4.0%,,0.2pp,1469,"business_bachelors x2.4 (ESTIMATED, NOT ACTUAL)",NOT_RUN,,NOT_RUN,NOT_RUN,77.4,74.1,GROWING,PENDING_BACKFILL,,COMING_SOON,,COMING_SOON,,0,76.5,77.4,85%,,612 business grads/year (2023),Business completions +22% over 5Y,Business-heavy (32% of bachelor's),,,Enrich structural data
4f988627-0f47-4341-abbc-4e48f4fc87d1,Miami Dade College,FL,135717,Miami Dade College,four_year,primary,existing_unitid,1,,39139,2023,476,0,1187,40.1%,0.0%,-11.2%,+11.2%,+3.5%,+0.7%,,0.4pp,1142,"business_bachelors x2.4 (ESTIMATED, NOT ACTUAL)",NOT_RUN,,NOT_RUN,NOT_RUN,76.9,73.3,GROWING,PENDING_BACKFILL,,COMING_SOON,,COMING_SOON,,0,75.9,76.9,85%,,476 business grads/year (2023),Business completions +3% over 5Y,"Large undergrad population (39,139)",Business-heavy (40% of bachelor's),,Enrich structural data
60e3b6bc-611e-4254-8b7c-7e8b45412159,George Mason University,VA,232186,George Mason University,four_year,primary,existing_unitid,1,,27666,2023,1138,106,6047,18.8%,9.3%,-7.9%,+2.5%,+5.0%,+1.0%,,-0.7pp,2731,"business_bachelors x2.4 (ESTIMATED, NOT ACTUAL)",35,IFC+MGC+NPHC+PANHELLENIC,NOT_RUN,NOT_RUN,83.8,60.5,STABLE,71.9,35%,COMING_SOON,,COMING_SOON,,0,75.8,50.3,100%,,"1,138 business grads/year (2023)",Business completions +5% over 5Y,35 social Greek chapters,"Large undergrad population (27,666)",106 accounting grads/year,Greek council enrichment
1f5cee7a-6b22-413a-bcc7-9c9235f26a75,University of Miami Coral,FL,135726,University of Miami,four_year,primary,name_prefix,0.683,YES,12883,2023,573,68,2704,21.2%,11.9%,-4.8%,+6.9%,+3.6%,+0.7%,,0.4pp,1375,"business_bachelors x2.4 (ESTIMATED, NOT ACTUAL)",NOT_RUN,,NOT_RUN,NOT_RUN,76.7,73.1,GROWING,PENDING_BACKFILL,,COMING_SOON,,COMING_SOON,,0,75.7,76.7,85%,,573 business grads/year (2023),Business completions +4% over 5Y,"Large undergrad population (12,883)",68 accounting grads/year,,Enrich structural data
1cc90976-6fa5-4b05-9db0-1893f95c0e05,Grand Valley State Univ Grand,MI,170082,Grand Valley State University,four_year,primary,name_prefix,0.95,,19243,2023,900,105,4153,21.7%,11.7%,-12.4%,-11.8%,-6.3%,-1.3%,,0.9pp,2160,"business_bachelors x2.4 (ESTIMATED, NOT ACTUAL)",NOT_RUN,,NOT_RUN,NOT_RUN,84.8,52.9,STABLE,PENDING_BACKFILL,,COMING_SOON,,COMING_SOON,,0,75.7,84.8,85%,,900 business grads/year (2023),Business completions -6% over 5Y,"Large undergrad population (19,243)",105 accounting grads/year,,Enrich structural data
7f9727f8-72ca-414d-9192-c8b52566450f,University of North Carolina at Charlotte,NC,199139,University of North Carolina at Charlotte,four_year,primary,existing_unitid,1,,23981,2023,1054,106,5534,19.1%,10.1%,-2.7%,+4.4%,+7.1%,+1.4%,,0.5pp,2530,"business_bachelors x2.4 (ESTIMATED, NOT ACTUAL)",33,IFC+NPHC+PANHELLENIC,NOT_RUN,NOT_RUN,82.3,70.4,GROWING,66.5,35%,COMING_SOON,,COMING_SOON,,0,75.6,49.4,100%,,"1,054 business grads/year (2023)",Business completions +7% over 5Y,33 social Greek chapters,"Large undergrad population (23,981)",106 accounting grads/year,Greek council enrichment
7b92a320-b196-43f2-a241-77a0805816fe,University of Mississippi,MS,176017,University of Mississippi,four_year,primary,existing_unitid,1,,19094,2023,1058,219,3887,27.2%,20.7%,+12.1%,-15.8%,-7.3%,-1.5%,,0.1pp,2539,"business_bachelors x2.4 (ESTIMATED, NOT ACTUAL)",37,IFC+NPHC+PANHELLENIC,NOT_RUN,NOT_RUN,87.4,49.2,STABLE,72.8,35%,COMING_SOON,,COMING_SOON,,7,75.5,52.4,100%,,"1,058 business grads/year (2023)",Business completions -7% over 5Y,37 social Greek chapters,"Large undergrad population (19,094)",219 accounting grads/year,Greek council enrichment
318d6a61-b955-4242-9b0c-1c471a14791a,Franklin University,OH,202806,Franklin University,four_year,primary,exact_name,0.98,,5815,2023,801,152,1429,56.0%,19.0%,+26.9%,+21.0%,+3.2%,+0.6%,,-11.3pp,1922,"business_bachelors x2.4 (ESTIMATED, NOT ACTUAL)",NOT_RUN,,NOT_RUN,NOT_RUN,81,61.8,GROWING,PENDING_BACKFILL,,COMING_SOON,,COMING_SOON,,0,75.5,81,85%,,801 business grads/year (2023),Business completions +3% over 5Y,152 accounting grads/year,Business-heavy (56% of bachelor's),,Enrich structural data
39e11bf9-6201-41d5-8c50-489b8259032a,University of Iowa,IA,153658,University of Iowa,four_year,primary,existing_unitid,1,YES,22130,2023,1206,143,5180,23.3%,11.9%,+6.0%,-1.6%,+25.1%,+4.6%,,2.5pp,2894,"business_bachelors x2.4 (ESTIMATED, NOT ACTUAL)",27,IFC+MGC+PANHELLENIC,NOT_RUN,NOT_RUN,84.1,83.2,GROWING,51.8,35%,COMING_SOON,,COMING_SOON,,0,75.4,50.5,100%,,"1,206 business grads/year (2023)",Business completions +25% over 5Y,27 social Greek chapters,"Large undergrad population (22,130)",143 accounting grads/year,Greek council enrichment
e7fff2aa-78fe-459f-9211-2584fae1f5ee,Texas Tech University,TX,229115,Texas Tech University,four_year,primary,existing_unitid,1,,32635,2023,1412,190,7209,19.6%,13.5%,+10.2%,+37.9%,+25.6%,+4.7%,,1.8pp,3389,"business_bachelors x2.4 (ESTIMATED, NOT ACTUAL)",26,IFC+MGC+NPHC+PANHELLENIC,NOT_RUN,NOT_RUN,83.6,87.2,RAPID_GROWTH,49.1,35%,COMING_SOON,,COMING_SOON,,0,75.3,50.2,100%,,"1,412 business grads/year (2023)",Business completions +26% over 5Y,26 social Greek chapters,"Large undergrad population (32,635)",190 accounting grads/year,Greek council enrichment
bb80faac-ecaf-418a-abe3-46582214289e,University of Southern California,CA,123961,University of Southern California,four_year,primary,existing_unitid,1,,21023,2023,1221,0,5238,23.3%,0.0%,-0.1%,-5.3%,-6.4%,-1.3%,,-1.4pp,2930,"business_bachelors x2.4 (ESTIMATED, NOT ACTUAL)",50,IFC+MGC+NPHC+PANHELLENIC,NOT_RUN,NOT_RUN,81,46.3,STABLE,86.2,35%,COMING_SOON,,COMING_SOON,,0,75.1,48.6,100%,,"1,221 business grads/year (2023)",Business completions -6% over 5Y,50 social Greek chapters,"Large undergrad population (21,023)",,Greek council enrichment
6f5f6dd5-04f8-49df-b326-6bd2851e5d9c,"Calif State Univ, Fullerton",CA,110565,California State University-Fullerton,four_year,primary,name_prefix,0.95,,37125,2023,2124,0,9065,23.4%,0.0%,-4.1%,-10.3%,-4.8%,-1.0%,,-1.3pp,5098,"business_bachelors x2.4 (ESTIMATED, NOT ACTUAL)",NOT_RUN,,NOT_RUN,NOT_RUN,84.5,50,STABLE,PENDING_BACKFILL,,COMING_SOON,,COMING_SOON,,0,74.6,84.5,85%,,"2,124 business grads/year (2023)",Business completions -5% over 5Y,"Large undergrad population (37,125)",,,Enrich structural data
42c3eddd-939e-48ae-ba21-2d04bdadb84e,Florida Atlantic University,FL,133669,Florida Atlantic University,four_year,primary,existing_unitid,1,,24614,2023,1242,213,5640,22.0%,17.2%,-9.6%,+2.6%,+5.5%,+1.1%,,1.8pp,2981,"business_bachelors x2.4 (ESTIMATED, NOT ACTUAL)",27,IFC+MGC+NPHC+PANHELLENIC,NOT_RUN,NOT_RUN,84.3,73.4,GROWING,56.3,50%,COMING_SOON,,COMING_SOON,,0,74.6,42.1,100%,,"1,242 business grads/year (2023)",Business completions +6% over 5Y,27 social Greek chapters,"Large undergrad population (24,614)",213 accounting grads/year,Greek council enrichment
942c7c2b-196c-4158-8d12-42f518ed998a,Calif State Poly U-Pomona,CA,110529,California State Polytechnic University-Pomona,four_year,primary,name_prefix,0.95,,24455,2023,1728,0,6370,27.1%,0.0%,-4.7%,+1.5%,-6.1%,-1.3%,,-4.6pp,4147,"business_bachelors x2.4 (ESTIMATED, NOT ACTUAL)",NOT_RUN,,NOT_RUN,NOT_RUN,83.7,51.6,STABLE,PENDING_BACKFILL,,COMING_SOON,,COMING_SOON,,0,74.5,83.7,85%,,"1,728 business grads/year (2023)",Business completions -6% over 5Y,"Large undergrad population (24,455)",Business-heavy (27% of bachelor's),,Enrich structural data
04786a32-7351-43a1-b6d2-a479ba0f4d10,Western Carolina University,NC,200004,Western Carolina University,four_year,primary,exact_name,0.98,,10009,2023,515,40,2582,20.0%,7.8%,+0.4%,+13.4%,+20.3%,+3.8%,,0.0pp,1236,"business_bachelors x2.4 (ESTIMATED, NOT ACTUAL)",NOT_RUN,,NOT_RUN,NOT_RUN,71.3,82.6,GROWING,PENDING_BACKFILL,,COMING_SOON,,COMING_SOON,,0,74.5,71.3,85%,,515 business grads/year (2023),Business completions +20% over 5Y,,,,Enrich structural data
440f7ded-6e38-4620-b284-da1d335321e3,Univ of Hawaii at Manoa,HI,141574,University of Hawaii at Manoa,four_year,primary,exact_name,0.98,,14576,2023,654,73,3049,21.4%,11.2%,+0.3%,+0.3%,-4.7%,-0.9%,,0.5pp,1570,"business_bachelors x2.4 (ESTIMATED, NOT ACTUAL)",NOT_RUN,,NOT_RUN,NOT_RUN,79.4,61.8,GROWING,PENDING_BACKFILL,,COMING_SOON,,COMING_SOON,,0,74.4,79.4,85%,,654 business grads/year (2023),Business completions -5% over 5Y,"Large undergrad population (14,576)",73 accounting grads/year,,Enrich structural data
26e8e9bc-b64d-4126-8c54-288c9a379a2c,Rutgers University-Newark,NJ,186399,Rutgers University-Newark,four_year,primary,exact_name,0.98,,7417,2023,716,157,1796,39.9%,21.9%,-34.7%,-26.7%,+10.8%,+2.1%,,-0.4pp,1718,"business_bachelors x2.4 (ESTIMATED, NOT ACTUAL)",NOT_RUN,,NOT_RUN,NOT_RUN,81.8,55.6,STABLE,PENDING_BACKFILL,,COMING_SOON,,COMING_SOON,,0,74.3,81.8,85%,,716 business grads/year (2023),Business completions +11% over 5Y,157 accounting grads/year,Business-heavy (40% of bachelor's),,Enrich structural data
7874a5d5-5dcd-4a2d-8a6f-77e62b44078c,Illinois State University,IL,145813,Illinois State University,four_year,primary,exact_name,0.98,,18450,2023,931,161,4429,21.0%,17.3%,+8.0%,-11.3%,-9.1%,-1.9%,,-1.8pp,2234,"business_bachelors x2.4 (ESTIMATED, NOT ACTUAL)",NOT_RUN,,NOT_RUN,NOT_RUN,84.8,47.3,STABLE,PENDING_BACKFILL,,COMING_SOON,,COMING_SOON,,0,74.1,84.8,85%,,931 business grads/year (2023),Business completions -9% over 5Y,"Large undergrad population (18,450)",161 accounting grads/year,,Enrich structural data
c2dbd5ac-8dbd-4488-92da-546c361fd88e,University of Miami,FL,135726,University of Miami,four_year,primary,existing_unitid,1,YES,12883,2023,573,68,2704,21.2%,11.9%,-4.8%,+6.9%,+3.6%,+0.7%,,0.4pp,1375,"business_bachelors x2.4 (ESTIMATED, NOT ACTUAL)",34,IFC+MGC+NPHC+PANHELLENIC,NOT_RUN,NOT_RUN,75.6,73.1,GROWING,69.6,35%,COMING_SOON,,COMING_SOON,,0,73.5,45.4,100%,,573 business grads/year (2023),Business completions +4% over 5Y,34 social Greek chapters,"Large undergrad population (12,883)",68 accounting grads/year,Greek council enrichment
6cad7402-9304-43d7-951a-91aa2b183778,St. John's University,NY,195809,St. John's University-New York,four_year,primary,name_reverse,0.683,,15699,2023,575,77,2279,25.2%,13.4%,-1.0%,-14.6%,+4.0%,+0.8%,,-0.4pp,1380,"business_bachelors x2.4 (ESTIMATED, NOT ACTUAL)",NOT_RUN,,NOT_RUN,NOT_RUN,80.9,54.8,STABLE,PENDING_BACKFILL,,COMING_SOON,,COMING_SOON,,0,73.4,80.9,85%,,575 business grads/year (2023),Business completions +4% over 5Y,"Large undergrad population (15,699)",77 accounting grads/year,Business-heavy (25% of bachelor's),Enrich structural data
f6c19503-0373-4c04-9cf1-32f31633a1f4,Bentley University,MA,164739,Bentley University,four_year,primary,exact_name,0.98,,4350,2023,891,180,959,92.9%,20.2%,-15.1%,-6.5%,-9.4%,-2.0%,,1.2pp,2138,"business_bachelors x2.4 (ESTIMATED, NOT ACTUAL)",NOT_RUN,,NOT_RUN,NOT_RUN,80.3,55.3,STABLE,PENDING_BACKFILL,,COMING_SOON,,COMING_SOON,,0,73.2,80.3,85%,,891 business grads/year (2023),Business completions -9% over 5Y,180 accounting grads/year,Business-heavy (93% of bachelor's),,Enrich structural data
0f207a42-7b5b-46f3-8d9b-7b753a0451fe,Oregon State University,OR,209542,Oregon State University,four_year,primary,existing_unitid,1,,30021,2023,784,64,5829,13.5%,8.2%,-7.5%,-5.4%,-5.4%,-1.1%,,-0.8pp,1882,"business_bachelors x2.4 (ESTIMATED, NOT ACTUAL)",47,IFC+MGC+NPHC+PANHELLENIC,NOT_RUN,NOT_RUN,77.1,53.4,STABLE,81.3,35%,COMING_SOON,,COMING_SOON,,0,73.2,46.3,100%,,784 business grads/year (2023),Business completions -5% over 5Y,47 social Greek chapters,"Large undergrad population (30,021)",,Greek council enrichment
102fd422-da6d-47e5-aabe-e5d83c511408,The University of Texas at Austin,TX,228778,The University of Texas at Austin,four_year,primary,existing_unitid,1,YES,42444,2023,1173,140,10094,11.6%,11.9%,+1.7%,-6.4%,-3.0%,-0.6%,,-0.6pp,2815,"business_bachelors x2.4 (ESTIMATED, NOT ACTUAL)",NOT_RUN,,NOT_RUN,NOT_RUN,81.3,52.6,STABLE,PENDING_BACKFILL,,COMING_SOON,,COMING_SOON,,0,73.1,81.3,85%,,"1,173 business grads/year (2023)",Business completions -3% over 5Y,"Large undergrad population (42,444)",140 accounting grads/year,,Enrich structural data
faa7ada5-f035-43db-acbe-b76cf60cd37b,DePaul University,IL,144740,DePaul University,four_year,primary,exact_name,0.98,,14374,2023,892,150,3070,29.1%,16.8%,-8.0%,-15.2%,-16.1%,-3.5%,,-0.9pp,2141,"business_bachelors x2.4 (ESTIMATED, NOT ACTUAL)",NOT_RUN,,NOT_RUN,NOT_RUN,87.3,36.2,DECLINING,PENDING_BACKFILL,,COMING_SOON,,COMING_SOON,,0,72.7,87.3,85%,,892 business grads/year (2023),Business completions -16% over 5Y,"Large undergrad population (14,374)",150 accounting grads/year,Business-heavy (29% of bachelor's),Enrich structural data
3c39eaeb-77d5-48ba-b98f-7b6b8f151d7b,"Univ of Calif, Irvine",CA,110653,University of California-Irvine,four_year,primary,name_prefix,0.95,,29503,2023,999,0,8438,11.8%,0.0%,-3.9%,-4.4%,+30.9%,+5.5%,,1.3pp,2398,"business_bachelors x2.4 (ESTIMATED, NOT ACTUAL)",NOT_RUN,,NOT_RUN,NOT_RUN,68.9,79.6,GROWING,PENDING_BACKFILL,,COMING_SOON,,COMING_SOON,,0,72,68.9,85%,,999 business grads/year (2023),Business completions +31% over 5Y,"Large undergrad population (29,503)",,,Enrich structural data
8c43e43c-b205-4dbb-baf9-e463806439ba,Providence College,RI,217402,Providence College,four_year,primary,exact_name,0.98,,4191,2023,440,52,990,44.4%,11.8%,+3.8%,+1.8%,+13.7%,+2.6%,,2.4pp,1056,"business_bachelors x2.4 (ESTIMATED, NOT ACTUAL)",NOT_RUN,,NOT_RUN,NOT_RUN,69.3,78.4,GROWING,PENDING_BACKFILL,,COMING_SOON,,COMING_SOON,,0,71.9,69.3,85%,,440 business grads/year (2023),Business completions +14% over 5Y,Business-heavy (44% of bachelor's),,,Enrich structural data
3888d1aa-8bf8-4ca7-9b42-6e1528b5972f,Kennesaw State University,GA,486840,Kennesaw State University,four_year,primary,exact_name,0.98,,40509,2023,1019,176,5826,17.5%,17.3%,-8.9%,-12.5%,+9.7%,+1.9%,,-0.9pp,2446,"business_bachelors x2.4 (ESTIMATED, NOT ACTUAL)",29,IFC+NPHC+PANHELLENIC,NOT_RUN,NOT_RUN,81.8,62.2,GROWING,58.9,35%,COMING_SOON,,COMING_SOON,,0,71.6,49.1,100%,,"1,019 business grads/year (2023)",Business completions +10% over 5Y,29 social Greek chapters,"Large undergrad population (40,509)",176 accounting grads/year,Greek council enrichment
8084398c-7b9c-40d9-8271-f3efc47ba142,University of Utah Salt Lake,UT,230764,University of Utah,four_year,primary,name_prefix,0.55,,26827,2023,714,99,5556,12.8%,13.9%,+3.3%,+3.6%,+1.4%,+0.3%,,-0.5pp,1714,"business_bachelors x2.4 (ESTIMATED, NOT ACTUAL)",NOT_RUN,,NOT_RUN,NOT_RUN,75.6,61.4,GROWING,PENDING_BACKFILL,,COMING_SOON,,COMING_SOON,,0,71.5,75.6,85%,,714 business grads/year (2023),Business completions +1% over 5Y,"Large undergrad population (26,827)",99 accounting grads/year,,Enrich structural data
ea6eb33d-5d19-445f-a470-de50c0e7ca66,"Calif State Univ, East Bay",CA,110574,California State University-East Bay,four_year,primary,name_prefix,0.95,,10562,2023,805,0,3298,24.4%,0.0%,-9.3%,+11.5%,-8.3%,-1.7%,,2.2pp,1932,"business_bachelors x2.4 (ESTIMATED, NOT ACTUAL)",NOT_RUN,,NOT_RUN,NOT_RUN,73.1,66.8,GROWING,PENDING_BACKFILL,,COMING_SOON,,COMING_SOON,,0,71.3,73.1,85%,,805 business grads/year (2023),Business completions -8% over 5Y,,,,Enrich structural data
d7abb1b4-197e-4556-88fd-b2fc800951a9,Binghamton University,NY,196079,Binghamton University,four_year,primary,existing_unitid,1,,14409,2023,480,122,3573,13.4%,25.4%,-11.3%,-0.6%,-4.6%,-0.9%,,-1.6pp,1152,"business_bachelors x2.4 (ESTIMATED, NOT ACTUAL)",49,IFC+MGC+NPHC+PANHELLENIC,NOT_RUN,NOT_RUN,71.4,53.3,STABLE,85.3,35%,COMING_SOON,,COMING_SOON,,0,71.2,42.8,100%,,480 business grads/year (2023),Business completions -5% over 5Y,49 social Greek chapters,"Large undergrad population (14,409)",122 accounting grads/year,Greek council enrichment
4935004d-15b5-4d10-a450-32d12e0aefda,Loyola Marymount Univ Los,CA,117946,Loyola Marymount University,four_year,primary,name_prefix,0.75,,7336,2023,439,40,1638,26.8%,9.1%,+1.4%,+2.1%,+7.6%,+1.5%,,1.3pp,1054,"business_bachelors x2.4 (ESTIMATED, NOT ACTUAL)",NOT_RUN,,NOT_RUN,NOT_RUN,70.7,72.2,GROWING,PENDING_BACKFILL,,COMING_SOON,,COMING_SOON,,0,71.1,70.7,85%,,439 business grads/year (2023),Business completions +8% over 5Y,Business-heavy (27% of bachelor's),,,Enrich structural data
1d6d2c96-2d39-4387-ad42-b0172a297eae,Utah Tech University,UT,230171,Utah Tech University,four_year,primary,existing_unitid,1,,12481,2023,228,41,1204,18.9%,18.0%,+24.6%,+70.2%,+72.7%,+11.6%,,1.3pp,547,"business_bachelors x2.4 (ESTIMATED, NOT ACTUAL)",NOT_RUN,,NOT_RUN,NOT_RUN,61.7,94.3,RAPID_GROWTH,PENDING_BACKFILL,,COMING_SOON,,COMING_SOON,,0,71,61.7,85%,,228 business grads/year (2023),Business completions +73% over 5Y,,,,Enrich structural data
366acaca-3d1d-4daa-a8ad-4b49b5630234,Sacred Heart University,CT,130253,Sacred Heart University,four_year,primary,exact_name,0.98,,6960,2023,389,74,1487,26.2%,19.0%,+1.0%,+6.6%,+9.0%,+1.7%,,-2.1pp,934,"business_bachelors x2.4 (ESTIMATED, NOT ACTUAL)",NOT_RUN,,NOT_RUN,NOT_RUN,70.5,72,GROWING,PENDING_BACKFILL,,COMING_SOON,,COMING_SOON,,0,70.9,70.5,85%,,389 business grads/year (2023),Business completions +9% over 5Y,74 accounting grads/year,Business-heavy (26% of bachelor's),,Enrich structural data
8bdfbb11-8b2a-489c-aa45-884feeb84bef,Boston College Chestnut,MA,164924,Boston College,four_year,primary,name_prefix,0.683,,10083,2023,517,77,2297,22.5%,14.9%,+3.6%,-2.1%,-7.3%,-1.5%,,-0.9pp,1241,"business_bachelors x2.4 (ESTIMATED, NOT ACTUAL)",NOT_RUN,,NOT_RUN,NOT_RUN,75.7,58.5,STABLE,PENDING_BACKFILL,,COMING_SOON,,COMING_SOON,,0,70.8,75.7,85%,,517 business grads/year (2023),Business completions -7% over 5Y,77 accounting grads/year,,,Enrich structural data
98098d5c-fe07-4462-9efb-b7657f81a3c3,Michigan State University East,MI,171100,Michigan State University,four_year,primary,name_prefix,0.75,,40483,2023,1432,148,8974,16.0%,10.3%,-0.6%,-19.2%,-14.7%,-3.1%,,-2.4pp,3437,"business_bachelors x2.4 (ESTIMATED, NOT ACTUAL)",NOT_RUN,,NOT_RUN,NOT_RUN,86,32.3,DECLINING,PENDING_BACKFILL,,COMING_SOON,,COMING_SOON,,0,70.7,86,85%,,"1,432 business grads/year (2023)",Business completions -15% over 5Y,"Large undergrad population (40,483)",148 accounting grads/year,,Enrich structural data
980fcc26-676e-4e05-883e-8ab55867020a,The University of Texas at San Antonio,TX,229027,The University of Texas at San Antonio,four_year,primary,existing_unitid,1,,30310,2023,1070,159,5880,18.2%,14.9%,-2.2%,-3.0%,+7.1%,+1.4%,,-1.9pp,2568,"business_bachelors x2.4 (ESTIMATED, NOT ACTUAL)",28,IFC+MGC+NPHC+PANHELLENIC,NOT_RUN,NOT_RUN,81.2,63.5,GROWING,55.4,35%,COMING_SOON,,COMING_SOON,,0,70.7,48.7,100%,,"1,070 business grads/year (2023)",Business completions +7% over 5Y,28 social Greek chapters,"Large undergrad population (30,310)",159 accounting grads/year,Greek council enrichment
0f40f287-100d-4ec3-a951-1e3b40486a8f,University of St. Thomas-MN St.,MN,174914,University of St Thomas,four_year,primary,name_prefix,0.75,,6044,2023,586,57,1376,42.6%,9.7%,-14.3%,+3.2%,-4.1%,-0.8%,,-1.0pp,1406,"business_bachelors x2.4 (ESTIMATED, NOT ACTUAL)",NOT_RUN,,NOT_RUN,NOT_RUN,76.1,57,STABLE,PENDING_BACKFILL,,COMING_SOON,,COMING_SOON,,0,70.6,76.1,85%,,586 business grads/year (2023),Business completions -4% over 5Y,Business-heavy (43% of bachelor's),,,Enrich structural data
21cad3ab-fb66-4efb-b338-430cbbdd41e9,"University of Nevada, Las Vegas",NV,182281,University of Nevada-Las Vegas,four_year,primary,exact_name,0.98,,25794,2023,1050,166,4719,22.3%,15.8%,-4.7%,-5.7%,-6.2%,-1.3%,,-4.6pp,2520,"business_bachelors x2.4 (ESTIMATED, NOT ACTUAL)",29,IFC+MGC+NPHC+PANHELLENIC,NOT_RUN,NOT_RUN,84,51.9,STABLE,58.9,35%,COMING_SOON,,COMING_SOON,,0,70.6,50.4,100%,,"1,050 business grads/year (2023)",Business completions -6% over 5Y,29 social Greek chapters,"Large undergrad population (25,794)",166 accounting grads/year,Greek council enrichment
e2a16f5b-765f-4d73-9a91-7a3f99365e50,Bowling Green State Univ Bowling,OH,201441,Bowling Green State University-Main Campus,four_year,primary,name_reverse,0.683,,14014,2023,428,81,2898,14.8%,18.9%,+10.6%,-8.9%,+23.3%,+4.3%,,2.5pp,1027,"business_bachelors x2.4 (ESTIMATED, NOT ACTUAL)",NOT_RUN,,NOT_RUN,NOT_RUN,67.4,77.9,GROWING,PENDING_BACKFILL,,COMING_SOON,,COMING_SOON,,0,70.4,67.4,85%,,428 business grads/year (2023),Business completions +23% over 5Y,"Large undergrad population (14,014)",81 accounting grads/year,,Enrich structural data
a321dfc0-787d-4435-b679-5f63e9bf2379,Villanova University,PA,216597,Villanova University,four_year,primary,exact_name,0.98,,7063,2023,448,87,1776,25.2%,19.4%,+3.2%,+3.5%,-1.8%,-0.4%,,-0.8pp,1075,"business_bachelors x2.4 (ESTIMATED, NOT ACTUAL)",NOT_RUN,,NOT_RUN,NOT_RUN,72.3,65.7,GROWING,PENDING_BACKFILL,,COMING_SOON,,COMING_SOON,,0,70.4,72.3,85%,,448 business grads/year (2023),Business completions -2% over 5Y,87 accounting grads/year,Business-heavy (25% of bachelor's),,Enrich structural data
fcff0e7b-1366-4dec-ad3b-0e2b82361b10,University of Memphis,TN,220862,University of Memphis,four_year,primary,exact_name,0.98,,16771,2023,544,106,2948,18.4%,19.5%,+5.8%,-10.2%,-4.6%,-0.9%,,0.3pp,1306,"business_bachelors x2.4 (ESTIMATED, NOT ACTUAL)",NOT_RUN,,NOT_RUN,NOT_RUN,75.7,56.7,STABLE,PENDING_BACKFILL,,COMING_SOON,,COMING_SOON,,0,70.3,75.7,85%,,544 business grads/year (2023),Business completions -5% over 5Y,"Large undergrad population (16,771)",106 accounting grads/year,,Enrich structural data
a83c1c6d-af52-45f2-99aa-ebf765272bf1,Bryant University,RI,217165,Bryant University,four_year,primary,exact_name,0.98,,3240,2023,631,80,782,80.7%,12.7%,-3.8%,-9.1%,+0.5%,+0.1%,,1.4pp,1514,"business_bachelors x2.4 (ESTIMATED, NOT ACTUAL)",NOT_RUN,,NOT_RUN,NOT_RUN,73.6,61.6,GROWING,PENDING_BACKFILL,,COMING_SOON,,COMING_SOON,,0,70.2,73.6,85%,,631 business grads/year (2023),Business completions +0% over 5Y,80 accounting grads/year,Business-heavy (81% of bachelor's),,Enrich structural data
99e11f5f-f412-4933-acb6-3281890e1f02,University of Rhode Island,RI,217484,University of Rhode Island,four_year,primary,exact_name,0.98,,14670,2023,457,65,3433,13.3%,14.2%,-5.4%,+2.0%,+21.2%,+3.9%,,2.3pp,1097,"business_bachelors x2.4 (ESTIMATED, NOT ACTUAL)",NOT_RUN,,NOT_RUN,NOT_RUN,67,77.3,GROWING,PENDING_BACKFILL,,COMING_SOON,,COMING_SOON,,0,69.9,67,85%,,457 business grads/year (2023),Business completions +21% over 5Y,"Large undergrad population (14,670)",65 accounting grads/year,,Enrich structural data
f003c714-618d-421f-a448-69140e495edc,"Calif State Univ, Long Beach Long",CA,110583,California State University-Long Beach,four_year,primary,name_prefix,0.95,,34243,2023,1373,0,8633,15.9%,0.0%,-14.3%,-6.2%,-4.5%,-0.9%,,-0.8pp,3295,"business_bachelors x2.4 (ESTIMATED, NOT ACTUAL)",NOT_RUN,,NOT_RUN,NOT_RUN,75.6,55.1,STABLE,PENDING_BACKFILL,,COMING_SOON,,COMING_SOON,,0,69.7,75.6,85%,,"1,373 business grads/year (2023)",Business completions -4% over 5Y,"Large undergrad population (34,243)",,,Enrich structural data
f88bae89-d063-4a50-9351-f473303841c8,Florida Gulf Coast University,FL,433660,Florida Gulf Coast University,four_year,primary,existing_unitid,1,,14227,2023,632,75,2910,21.7%,11.9%,-7.2%,-7.9%,-11.5%,-2.4%,,-5.0pp,1517,"business_bachelors x2.4 (ESTIMATED, NOT ACTUAL)",NOT_RUN,,NOT_RUN,NOT_RUN,79.4,45.4,STABLE,PENDING_BACKFILL,,COMING_SOON,,COMING_SOON,,0,69.7,79.4,85%,,632 business grads/year (2023),Business completions -11% over 5Y,"Large undergrad population (14,227)",75 accounting grads/year,,Enrich structural data
433969d6-efa9-49de-956b-c0078b5a4872,Southern Utah University Cedar,UT,230603,Southern Utah University,four_year,primary,name_prefix,0.75,,13043,2023,231,89,1567,14.7%,38.5%,+7.9%,+45.3%,+69.8%,+11.2%,,0.6pp,554,"business_bachelors x2.4 (ESTIMATED, NOT ACTUAL)",NOT_RUN,,NOT_RUN,NOT_RUN,59.8,93.4,RAPID_GROWTH,PENDING_BACKFILL,,COMING_SOON,,COMING_SOON,,0,69.4,59.8,85%,,231 business grads/year (2023),Business completions +70% over 5Y,"Large undergrad population (13,043)",89 accounting grads/year,,Enrich structural data
840a674c-a046-4267-afb1-4a23d5d1ba82,Georgia Southern University,GA,139931,Georgia Southern University,four_year,primary,exact_name,0.98,,22295,2023,713,72,3859,18.5%,10.1%,+0.7%,-8.9%,-13.1%,-2.8%,,-0.7pp,1711,"business_bachelors x2.4 (ESTIMATED, NOT ACTUAL)",NOT_RUN,,NOT_RUN,NOT_RUN,79.7,43.4,STABLE,PENDING_BACKFILL,,COMING_SOON,,COMING_SOON,,0,69.3,79.7,85%,,713 business grads/year (2023),Business completions -13% over 5Y,"Large undergrad population (22,295)",72 accounting grads/year,,Enrich structural data
3b9a452c-0df8-47ec-ae4e-7d64bac8b4f1,Babson College Babson,MA,164580,Babson College,four_year,primary,name_prefix,0.95,,2752,2023,702,0,702,100.0%,0.0%,+24.5%,+7.3%,+21.7%,+4.0%,,0.0pp,1685,"business_bachelors x2.4 (ESTIMATED, NOT ACTUAL)",NOT_RUN,,NOT_RUN,NOT_RUN,64.9,79.8,GROWING,PENDING_BACKFILL,,COMING_SOON,,COMING_SOON,,0,69.2,64.9,85%,,702 business grads/year (2023),Business completions +22% over 5Y,Business-heavy (100% of bachelor's),,,Enrich structural data
54ad536d-986b-4f87-893b-2a3d5fdcc743,Rowan University,NJ,184782,Rowan University,four_year,primary,exact_name,0.98,,14869,2023,669,111,4283,15.6%,16.6%,+1.7%,-13.2%,+5.0%,+1.0%,,-2.1pp,1606,"business_bachelors x2.4 (ESTIMATED, NOT ACTUAL)",NOT_RUN,,NOT_RUN,NOT_RUN,74.7,55.3,STABLE,PENDING_BACKFILL,,COMING_SOON,,COMING_SOON,,0,69.2,74.7,85%,,669 business grads/year (2023),Business completions +5% over 5Y,"Large undergrad population (14,869)",111 accounting grads/year,,Enrich structural data
ca053114-c08b-45ba-a7b4-8b05700bbc7a,Murray State University,KY,157401,Murray State University,four_year,primary,exact_name,0.98,,7878,2023,259,90,1603,16.2%,34.8%,+27.6%,+25.1%,+28.9%,+5.2%,,4.2pp,622,"business_bachelors x2.4 (ESTIMATED, NOT ACTUAL)",NOT_RUN,,NOT_RUN,NOT_RUN,59,93.2,RAPID_GROWTH,PENDING_BACKFILL,,COMING_SOON,,COMING_SOON,,0,68.8,59,85%,,259 business grads/year (2023),Business completions +29% over 5Y,90 accounting grads/year,,,Enrich structural data
4528bb03-6544-43ad-bb02-17a0f21130f9,Syracuse University,NY,196413,Syracuse University,four_year,primary,existing_unitid,1,,15739,2023,409,49,3286,12.4%,12.0%,-3.8%,-11.3%,+9.7%,+1.9%,,1.4pp,982,"business_bachelors x2.4 (ESTIMATED, NOT ACTUAL)",44,IFC+MGC+NPHC+PANHELLENIC,NOT_RUN,NOT_RUN,66.2,64.7,GROWING,77.2,35%,COMING_SOON,,COMING_SOON,,0,68.8,39.7,100%,,409 business grads/year (2023),Business completions +10% over 5Y,44 social Greek chapters,"Large undergrad population (15,739)",,Greek council enrichment
fb5f2ade-df5d-4e16-9557-33d1232ffaba,Southern Methodist University,TX,228246,Southern Methodist University,four_year,primary,existing_unitid,1,,7115,2023,625,62,1943,32.2%,9.9%,+12.2%,+19.1%,+19.3%,+3.6%,,4.7pp,1500,"business_bachelors x2.4 (ESTIMATED, NOT ACTUAL)",26,IFC+MGC+NPHC+PANHELLENIC,NOT_RUN,NOT_RUN,73.3,81.8,GROWING,49.1,35%,COMING_SOON,,COMING_SOON,,0,68.7,44,100%,,625 business grads/year (2023),Business completions +19% over 5Y,26 social Greek chapters,Business-heavy (32% of bachelor's),,Greek council enrichment
17ba9022-686e-40d8-8b07-a33f5a3559f8,Fayetteville State Univ,NC,198543,Fayetteville State University,four_year,primary,exact_name,0.98,,5845,2023,213,70,1079,19.7%,32.9%,+10.4%,+26.8%,+65.1%,+10.5%,,6.9pp,511,"business_bachelors x2.4 (ESTIMATED, NOT ACTUAL)",NOT_RUN,,NOT_RUN,NOT_RUN,57.4,96.7,RAPID_GROWTH,PENDING_BACKFILL,,COMING_SOON,,COMING_SOON,,0,68.6,57.4,85%,,213 business grads/year (2023),Business completions +65% over 5Y,70 accounting grads/year,,,Enrich structural data
35fbc3cc-96b8-446e-885c-5edafd8cbb57,North Carolina Wilmington,NC,199218,University of North Carolina Wilmington,four_year,primary,name_reverse,0.75,,14494,2023,729,0,3748,19.4%,0.0%,+10.0%,-2.9%,+0.8%,+0.2%,,-0.1pp,1750,"business_bachelors x2.4 (ESTIMATED, NOT ACTUAL)",NOT_RUN,,NOT_RUN,NOT_RUN,70.8,63,GROWING,PENDING_BACKFILL,,COMING_SOON,,COMING_SOON,,0,68.6,70.8,85%,,729 business grads/year (2023),Business completions +1% over 5Y,"Large undergrad population (14,494)",,,Enrich structural data
8f13bb14-57bf-4d27-92a5-51f638c18ecc,The University of Texas Rio Grande Valley,TX,227368,The University of Texas Rio Grande Valley,four_year,primary,existing_unitid,1,,27040,2023,523,142,4810,10.9%,27.2%,-2.2%,+1.8%,-0.6%,-0.1%,,-2.1pp,1255,"business_bachelors x2.4 (ESTIMATED, NOT ACTUAL)",NOT_RUN,,NOT_RUN,NOT_RUN,71.4,61.7,GROWING,PENDING_BACKFILL,,COMING_SOON,,COMING_SOON,,0,68.6,71.4,85%,,523 business grads/year (2023),Business completions -1% over 5Y,"Large undergrad population (27,040)",142 accounting grads/year,,Enrich structural data
17ac68da-ab12-4467-b47d-4f6f348ad82e,Valdosta State University,GA,141264,Valdosta State University,four_year,primary,exact_name,0.98,,7230,2023,395,32,1573,25.1%,8.1%,+5.1%,+0.8%,+6.8%,+1.3%,,0.6pp,948,"business_bachelors x2.4 (ESTIMATED, NOT ACTUAL)",NOT_RUN,,NOT_RUN,NOT_RUN,67.8,70.1,GROWING,PENDING_BACKFILL,,COMING_SOON,,COMING_SOON,,0,68.5,67.8,85%,,395 business grads/year (2023),Business completions +7% over 5Y,,,,Enrich structural data
a2d4e198-012c-4b71-98a8-9bd851f8d6cf,CUNY-Brooklyn College,NY,190549,CUNY Brooklyn College,four_year,primary,exact_name,0.98,,11330,2023,680,185,2613,26.0%,27.2%,-26.9%,-18.9%,-16.8%,-3.6%,,-2.2pp,1632,"business_bachelors x2.4 (ESTIMATED, NOT ACTUAL)",NOT_RUN,,NOT_RUN,NOT_RUN,82.6,32.9,DECLINING,PENDING_BACKFILL,,COMING_SOON,,COMING_SOON,,0,68.4,82.6,85%,,680 business grads/year (2023),Business completions -17% over 5Y,185 accounting grads/year,Business-heavy (26% of bachelor's),,Enrich structural data
d911c14b-fb24-4917-ade0-b4fd80fd07f3,"Calif State Univ, Sacramento",CA,110617,California State University-Sacramento,four_year,primary,name_prefix,0.95,,28268,2023,962,0,7530,12.8%,0.0%,+8.7%,+0.8%,+3.4%,+0.7%,,-0.6pp,2309,"business_bachelors x2.4 (ESTIMATED, NOT ACTUAL)",NOT_RUN,,NOT_RUN,NOT_RUN,69.5,65.3,GROWING,PENDING_BACKFILL,,COMING_SOON,,COMING_SOON,,0,68.3,69.5,85%,,962 business grads/year (2023),Business completions +3% over 5Y,"Large undergrad population (28,268)",,,Enrich structural data
81eb733e-21d7-4832-88f0-ba451f07669b,University of North Georgia,GA,482680,University of North Georgia,four_year,primary,exact_name,0.98,,17242,2023,448,54,2146,20.9%,12.0%,-1.3%,-4.1%,-0.4%,-0.1%,,-2.7pp,1075,"business_bachelors x2.4 (ESTIMATED, NOT ACTUAL)",NOT_RUN,,NOT_RUN,NOT_RUN,74.2,52.6,STABLE,PENDING_BACKFILL,,COMING_SOON,,COMING_SOON,,0,68,74.2,85%,,448 business grads/year (2023),Business completions 0% over 5Y,"Large undergrad population (17,242)",,,Enrich structural data
8f528d96-6ddf-4e5a-ad92-c005d2ed4c64,Portland State University,OR,209807,Portland State University,four_year,primary,exact_name,0.98,,15960,2023,741,150,3839,19.3%,20.2%,-10.1%,-16.0%,-21.7%,-4.8%,,-1.4pp,1778,"business_bachelors x2.4 (ESTIMATED, NOT ACTUAL)",NOT_RUN,,NOT_RUN,NOT_RUN,80.8,35.7,DECLINING,PENDING_BACKFILL,,COMING_SOON,,COMING_SOON,,0,67.9,80.8,85%,,741 business grads/year (2023),Business completions -22% over 5Y,"Large undergrad population (15,960)",150 accounting grads/year,,Enrich structural data
7a3714f4-c34f-4ceb-8565-ec506a73d391,University of Richmond,VA,233374,University of Richmond,four_year,primary,exact_name,0.98,,3054,2023,361,46,804,44.9%,12.7%,+12.8%,+8.1%,+4.6%,+0.9%,,4.8pp,866,"business_bachelors x2.4 (ESTIMATED, NOT ACTUAL)",NOT_RUN,,NOT_RUN,NOT_RUN,64.4,76.4,GROWING,PENDING_BACKFILL,,COMING_SOON,,COMING_SOON,,0,67.8,64.4,85%,,361 business grads/year (2023),Business completions +5% over 5Y,Business-heavy (45% of bachelor's),,,Enrich structural data
3d62ef87-3f1a-4060-826c-97586e2d3ede,Northeastern University,MA,167358,Northeastern University,four_year,primary,existing_unitid,1,,15891,2023,1036,0,4498,23.0%,0.0%,-2.9%,-3.9%,+6.6%,+1.3%,,-1.6pp,2486,"business_bachelors x2.4 (ESTIMATED, NOT ACTUAL)",29,IFC+MGC+NPHC+PANHELLENIC,NOT_RUN,NOT_RUN,74.2,62.7,GROWING,58.9,35%,COMING_SOON,,COMING_SOON,,0,67.8,44.5,100%,,"1,036 business grads/year (2023)",Business completions +7% over 5Y,29 social Greek chapters,"Large undergrad population (15,891)",,Greek council enrichment
80b1c509-c9ce-4516-b831-7066588a754d,Metropolitan St Univ Denver,CO,127565,Metropolitan State University of Denver,four_year,primary,name_prefix,0.95,,16430,2023,550,94,2689,20.4%,17.1%,-17.2%,-18.6%,-12.1%,-2.6%,,0.3pp,1320,"business_bachelors x2.4 (ESTIMATED, NOT ACTUAL)",NOT_RUN,,NOT_RUN,NOT_RUN,77.6,42.7,STABLE,PENDING_BACKFILL,,COMING_SOON,,COMING_SOON,,0,67.6,77.6,85%,,550 business grads/year (2023),Business completions -12% over 5Y,"Large undergrad population (16,430)",94 accounting grads/year,,Enrich structural data
37fd8b58-b0fe-4251-891f-90066c835ebd,University of Michigan Ann,MI,170976,University of Michigan-Ann Arbor,four_year,primary,name_reverse,0.75,,33730,2023,658,0,8142,8.1%,0.0%,+3.3%,+3.6%,+12.3%,+2.3%,,0.2pp,1579,"business_bachelors x2.4 (ESTIMATED, NOT ACTUAL)",NOT_RUN,,NOT_RUN,NOT_RUN,64.7,74.9,GROWING,PENDING_BACKFILL,,COMING_SOON,,COMING_SOON,,0,67.6,64.7,85%,,658 business grads/year (2023),Business completions +12% over 5Y,"Large undergrad population (33,730)",,,Enrich structural data
56273372-c4cc-4ac9-a826-7ec570e89952,"Univ of Calif, Riverside",CA,110671,University of California-Riverside,four_year,primary,name_prefix,0.95,,22646,2023,834,0,5772,14.4%,0.0%,+4.9%,-3.7%,+10.6%,+2.0%,,-1.6pp,2002,"business_bachelors x2.4 (ESTIMATED, NOT ACTUAL)",NOT_RUN,,NOT_RUN,NOT_RUN,68.3,65.5,GROWING,PENDING_BACKFILL,,COMING_SOON,,COMING_SOON,,0,67.5,68.3,85%,,834 business grads/year (2023),Business completions +11% over 5Y,"Large undergrad population (22,646)",,,Enrich structural data
48009020-daf1-4ce3-9c79-07abbf229b90,University of Notre Dame Notre,IN,152080,University of Notre Dame,four_year,primary,name_prefix,0.95,,8968,2023,571,70,2249,25.4%,12.3%,-0.5%,+0.5%,-11.8%,-2.5%,,-4.4pp,1370,"business_bachelors x2.4 (ESTIMATED, NOT ACTUAL)",NOT_RUN,,NOT_RUN,NOT_RUN,77.1,43.5,STABLE,PENDING_BACKFILL,,COMING_SOON,,COMING_SOON,,0,67.5,77.1,85%,,571 business grads/year (2023),Business completions -12% over 5Y,70 accounting grads/year,Business-heavy (25% of bachelor's),,Enrich structural data
5c6b371f-e9e3-4ca9-850b-d12533f918d5,Tarleton State University,TX,228529,Tarleton State University,four_year,primary,exact_name,0.98,,13688,2023,503,71,2777,18.1%,14.1%,-5.5%,-10.2%,-3.1%,-0.6%,,-2.2pp,1207,"business_bachelors x2.4 (ESTIMATED, NOT ACTUAL)",NOT_RUN,,NOT_RUN,NOT_RUN,72.8,54.2,STABLE,PENDING_BACKFILL,,COMING_SOON,,COMING_SOON,,0,67.5,72.8,85%,,503 business grads/year (2023),Business completions -3% over 5Y,"Large undergrad population (13,688)",71 accounting grads/year,,Enrich structural data
2898a6d1-7e5e-45ae-a221-6aee05a9dc2f,Temple University,PA,216339,Temple University,four_year,primary,exact_name,0.98,,21720,2023,1197,134,5567,21.5%,11.2%,-8.6%,-30.7%,-27.1%,-6.1%,,-4.8pp,2873,"business_bachelors x2.4 (ESTIMATED, NOT ACTUAL)",NOT_RUN,,NOT_RUN,NOT_RUN,87.8,16.1,DECLINING,PENDING_BACKFILL,,COMING_SOON,,COMING_SOON,,0,67.3,87.8,85%,,"1,197 business grads/year (2023)",Business completions -27% over 5Y,"Large undergrad population (21,720)",134 accounting grads/year,,Enrich structural data
9961c567-684f-4fc4-bfea-f701a46b101d,Western Kentucky University,KY,157951,Western Kentucky University,four_year,primary,existing_unitid,1,,14590,2023,494,56,2526,19.6%,11.3%,-17.7%,-10.3%,-12.1%,-2.5%,,1.1pp,1186,"business_bachelors x2.4 (ESTIMATED, NOT ACTUAL)",33,IFC+NPHC+PANHELLENIC,NOT_RUN,NOT_RUN,72.9,53.9,STABLE,66.5,35%,COMING_SOON,,COMING_SOON,,0,67.2,43.7,100%,,494 business grads/year (2023),Business completions -12% over 5Y,33 social Greek chapters,"Large undergrad population (14,590)",,Greek council enrichment
1eee187e-f639-4f30-ae46-39db81030a1e,University of Maine,ME,161253,University of Maine,four_year,primary,exact_name,0.98,,9267,2023,308,30,1828,16.9%,9.7%,+17.1%,+13.2%,+18.5%,+3.5%,,2.1pp,739,"business_bachelors x2.4 (ESTIMATED, NOT ACTUAL)",NOT_RUN,,NOT_RUN,NOT_RUN,60.1,84.7,GROWING,PENDING_BACKFILL,,COMING_SOON,,COMING_SOON,,0,67.1,60.1,85%,,308 business grads/year (2023),Business completions +18% over 5Y,,,,Enrich structural data
f9afaeba-e3f8-408d-a788-65c30fb954ab,University of Dayton,OH,202480,University of Dayton,four_year,primary,exact_name,0.98,,8176,2023,496,52,1971,25.2%,10.5%,-5.2%,+8.3%,-9.8%,-2.1%,,-3.8pp,1190,"business_bachelors x2.4 (ESTIMATED, NOT ACTUAL)",NOT_RUN,,NOT_RUN,NOT_RUN,73.5,50.9,STABLE,PENDING_BACKFILL,,COMING_SOON,,COMING_SOON,,0,67,73.5,85%,,496 business grads/year (2023),Business completions -10% over 5Y,Business-heavy (25% of bachelor's),,,Enrich structural data
fefc04a6-4fad-4a75-a7ff-1bf58ff91bec,Stephen F. Austin State University,TX,228431,Stephen F Austin State University,four_year,primary,existing_unitid,1,,9575,2023,412,46,2107,19.6%,11.2%,-5.5%,-5.7%,+3.0%,+0.6%,,1.7pp,989,"business_bachelors x2.4 (ESTIMATED, NOT ACTUAL)",33,IFC+MGC+NPHC+PANHELLENIC,NOT_RUN,NOT_RUN,68,65.2,GROWING,66.5,35%,COMING_SOON,,COMING_SOON,,0,67,40.8,100%,,412 business grads/year (2023),Business completions +3% over 5Y,33 social Greek chapters,,,Greek council enrichment
6707d6e6-c02f-4053-8357-1e82d88f365d,University of North Carolina Chapel,NC,199120,University of North Carolina at Chapel Hill,four_year,primary,name_reverse,0.79,,20681,2023,478,0,4951,9.7%,0.0%,+21.9%,+12.5%,+24.2%,+4.4%,,1.3pp,1147,"business_bachelors x2.4 (ESTIMATED, NOT ACTUAL)",NOT_RUN,,NOT_RUN,NOT_RUN,59,85.5,GROWING,PENDING_BACKFILL,,COMING_SOON,,COMING_SOON,,0,66.6,59,85%,,478 business grads/year (2023),Business completions +24% over 5Y,"Large undergrad population (20,681)",,,Enrich structural data
9af2ea11-48be-4d06-b454-7949013dbe14,University of Illinois Chicago,IL,145600,University of Illinois Chicago,four_year,primary,existing_unitid,1,YES,22107,2023,878,167,5177,17.0%,19.0%,+12.6%,+19.5%,+43.9%,+7.6%,,2.0pp,2107,"business_bachelors x2.4 (ESTIMATED, NOT ACTUAL)",16,IFC+MGC+NPHC+PANHELLENIC,NOT_RUN,NOT_RUN,73.6,91.8,RAPID_GROWTH,32.1,35%,COMING_SOON,,COMING_SOON,,0,66.5,44.2,100%,,878 business grads/year (2023),Business completions +44% over 5Y,16 social Greek chapters,"Large undergrad population (22,107)",167 accounting grads/year,Research + intro outreach
32dca893-1ddb-4ed6-a702-65258c2e8176,New York University New,NY,193900,New York University,four_year,primary,name_prefix,0.95,YES,29760,2023,864,0,7005,12.3%,0.0%,+1.3%,-2.5%,+2.7%,+0.5%,,-1.0pp,2074,"business_bachelors x2.4 (ESTIMATED, NOT ACTUAL)",NOT_RUN,,NOT_RUN,NOT_RUN,68.1,61.8,GROWING,PENDING_BACKFILL,,COMING_SOON,,COMING_SOON,,0,66.3,68.1,85%,,864 business grads/year (2023),Business completions +3% over 5Y,"Large undergrad population (29,760)",,,Enrich structural data
6a03001e-d222-4c4e-9437-1cab7241feaa,University of Minnesota,MN,174075,University of Minnesota-Crookston,four_year,primary,existing_unitid,1,YES,2518,2023,170,41,359,47.3%,24.1%,-11.0%,-6.6%,+9.7%,+1.9%,,9.2pp,408,"business_bachelors x2.4 (ESTIMATED, NOT ACTUAL)",53,IFC+MGC+NPHC+PANHELLENIC,4,0,58.2,74.5,GROWING,75,75%,COMING_SOON,,COMING_SOON,,0,66.1,17.5,100%,,170 business grads/year (2023),Business completions +10% over 5Y,53 social Greek chapters,IFC + MGC + NPHC + PANHELLENIC contacts verified,Business-heavy (47% of bachelor's),Council outreach
967ef766-bc42-4e80-aa88-34d386311c56,University of North Florida,FL,136172,University of North Florida,four_year,primary,exact_name,0.98,,14264,2023,517,75,3091,16.7%,14.5%,-14.0%,-19.1%,-5.8%,-1.2%,,-0.3pp,1241,"business_bachelors x2.4 (ESTIMATED, NOT ACTUAL)",NOT_RUN,,NOT_RUN,NOT_RUN,72.1,50.8,STABLE,PENDING_BACKFILL,,COMING_SOON,,COMING_SOON,,0,66,72.1,85%,,517 business grads/year (2023),Business completions -6% over 5Y,"Large undergrad population (14,264)",75 accounting grads/year,,Enrich structural data
03ba330e-a0c8-44c0-afdc-e8c247c5fdea,Uof California-Berkeley,CA,110635,University of California-Berkeley,four_year,primary,name_prefix,0.95,,33078,2023,428,0,9216,4.6%,0.0%,+4.7%,+11.2%,+24.4%,+4.5%,,0.5pp,1027,"business_bachelors x2.4 (ESTIMATED, NOT ACTUAL)",NOT_RUN,,NOT_RUN,NOT_RUN,58.9,83.4,GROWING,PENDING_BACKFILL,,COMING_SOON,,COMING_SOON,,0,65.9,58.9,85%,,428 business grads/year (2023),Business completions +24% over 5Y,"Large undergrad population (33,078)",,,Enrich structural data
3f5fcb44-a23c-4fd4-97b6-c52555db9c3e,"University of Nevada, Reno",NV,182290,University of Nevada-Reno,four_year,primary,exact_name,0.98,,17965,2023,573,40,3623,15.8%,7.0%,-3.0%,-4.0%,-4.5%,-0.9%,,-0.1pp,1375,"business_bachelors x2.4 (ESTIMATED, NOT ACTUAL)",NOT_RUN,,NOT_RUN,NOT_RUN,71.2,51.7,STABLE,PENDING_BACKFILL,,COMING_SOON,,COMING_SOON,,0,65.6,71.2,85%,,573 business grads/year (2023),Business completions -4% over 5Y,"Large undergrad population (17,965)",,,Enrich structural data
71d2787f-9b4b-41c9-bd67-270890fb5db8,Drexel University,PA,212054,Drexel University,four_year,primary,existing_unitid,1,,13589,2023,586,217,3474,16.9%,37.0%,-13.2%,-2.0%,-12.3%,-2.6%,,-2.6pp,1406,"business_bachelors x2.4 (ESTIMATED, NOT ACTUAL)",30,IFC+MGC+NPHC+PANHELLENIC,NOT_RUN,NOT_RUN,73.1,51.8,STABLE,61.6,35%,COMING_SOON,,COMING_SOON,,0,65.6,43.9,100%,,586 business grads/year (2023),Business completions -12% over 5Y,30 social Greek chapters,"Large undergrad population (13,589)",217 accounting grads/year,Greek council enrichment
4225f91b-c364-4d36-b965-5ef8860cb8fb,Georgetown University,DC,131496,Georgetown University,four_year,primary,exact_name,0.98,,7968,2023,370,23,1857,19.9%,6.2%,+3.4%,+3.9%,+8.5%,+1.7%,,0.6pp,888,"business_bachelors x2.4 (ESTIMATED, NOT ACTUAL)",NOT_RUN,,NOT_RUN,NOT_RUN,63.7,70,GROWING,PENDING_BACKFILL,,COMING_SOON,,COMING_SOON,,0,65.5,63.7,85%,,370 business grads/year (2023),Business completions +9% over 5Y,,,,Enrich structural data
da6d507a-c2d2-48ce-83d8-5f32e2116375,Coastal Carolina University,SC,218724,Coastal Carolina University,four_year,primary,exact_name,0.98,,10306,2023,429,33,1852,23.2%,7.7%,-7.1%,-12.4%,-1.4%,-0.3%,,-0.9pp,1030,"business_bachelors x2.4 (ESTIMATED, NOT ACTUAL)",NOT_RUN,,NOT_RUN,NOT_RUN,71.1,50.9,STABLE,PENDING_BACKFILL,,COMING_SOON,,COMING_SOON,,0,65.3,71.1,85%,,429 business grads/year (2023),Business completions -1% over 5Y,,,,Enrich structural data
99b33713-d32a-4089-b16b-87a59166d2ed,George Washington University,DC,131469,George Washington University,four_year,primary,existing_unitid,1,,11387,2023,415,26,2707,15.3%,6.3%,-6.3%,-12.4%,-9.4%,-1.9%,,-1.5pp,996,"business_bachelors x2.4 (ESTIMATED, NOT ACTUAL)",48,IFC+MGC+NPHC+PANHELLENIC,NOT_RUN,NOT_RUN,66,40.6,STABLE,83.5,35%,COMING_SOON,,COMING_SOON,,0,65.3,39.6,100%,,415 business grads/year (2023),Business completions -9% over 5Y,48 social Greek chapters,,,Greek council enrichment
dff0a59c-2a1d-40dc-9a08-9a1c33005243,Creighton University,NE,181002,Creighton University,four_year,primary,exact_name,0.98,,4262,2023,271,37,1069,25.4%,13.7%,-0.4%,+12.9%,+8.0%,+1.6%,,0.5pp,650,"business_bachelors x2.4 (ESTIMATED, NOT ACTUAL)",NOT_RUN,,NOT_RUN,NOT_RUN,59.9,78.4,GROWING,PENDING_BACKFILL,,COMING_SOON,,COMING_SOON,,0,65.2,59.9,85%,,271 business grads/year (2023),Business completions +8% over 5Y,Business-heavy (25% of bachelor's),,,Enrich structural data
9b18e705-fe9c-4685-a1de-7ca0e9ce8ab1,Weber State University,UT,230782,Weber State University,four_year,primary,exact_name,0.98,,29534,2023,380,61,2546,14.9%,16.1%,-8.4%,0.0%,-5.5%,-1.1%,,-1.7pp,912,"business_bachelors x2.4 (ESTIMATED, NOT ACTUAL)",NOT_RUN,,NOT_RUN,NOT_RUN,68.7,56.3,STABLE,PENDING_BACKFILL,,COMING_SOON,,COMING_SOON,,0,65.2,68.7,85%,,380 business grads/year (2023),Business completions -5% over 5Y,"Large undergrad population (29,534)",,,Enrich structural data
7d89723d-6d46-46c6-a059-e5875ff118a7,James Madison University,VA,232423,James Madison University,four_year,primary,exact_name,0.98,,21006,2023,635,75,4467,14.2%,11.8%,-5.8%,-17.8%,-18.7%,-4.0%,,-3.3pp,1524,"business_bachelors x2.4 (ESTIMATED, NOT ACTUAL)",46,IFC+MGC+NPHC+PANHELLENIC,4,1,74.6,28.7,DECLINING,75.4,75%,COMING_SOON,,COMING_SOON,,0,65.1,7.5,100%,,635 business grads/year (2023),Business completions -19% over 5Y,46 social Greek chapters,IFC + MGC + NPHC + PANHELLENIC contacts verified,"Large undergrad population (21,006)",Council outreach
4114870f-aa70-4029-aaab-e6790b43f623,Louisiana State University Alexandria,LA,159382,Louisiana State University-Alexandria,four_year,primary,existing_unitid,1,,5330,2023,155,83,639,24.3%,53.5%,+13.1%,+93.8%,+98.7%,+14.7%,,-1.2pp,372,"business_bachelors x2.4 (ESTIMATED, NOT ACTUAL)",NOT_RUN,,NOT_RUN,NOT_RUN,55.6,88.7,RAPID_GROWTH,PENDING_BACKFILL,,COMING_SOON,,COMING_SOON,,0,65.1,55.6,85%,,155 business grads/year (2023),Business completions +99% over 5Y,83 accounting grads/year,,,Enrich structural data
3f988607-eaa9-49ee-b07f-e50be118690f,Central Connecticut St Univ New,CT,128771,Central Connecticut State University,four_year,primary,name_prefix,0.79,,7917,2023,440,97,1778,24.8%,22.1%,+9.2%,-12.5%,-9.7%,-2.0%,,-1.4pp,1056,"business_bachelors x2.4 (ESTIMATED, NOT ACTUAL)",NOT_RUN,,NOT_RUN,NOT_RUN,73.1,44.7,STABLE,PENDING_BACKFILL,,COMING_SOON,,COMING_SOON,,0,65,73.1,85%,,440 business grads/year (2023),Business completions -10% over 5Y,97 accounting grads/year,,,Enrich structural data
e2904752-74f8-4d19-a0c5-8d2460154f99,Stony Brook University Stony,NY,196097,Stony Brook University,four_year,primary,name_prefix,0.95,,17549,2023,476,0,4405,10.8%,0.0%,+9.4%,+13.6%,+10.7%,+2.1%,,1.1pp,1142,"business_bachelors x2.4 (ESTIMATED, NOT ACTUAL)",NOT_RUN,,NOT_RUN,NOT_RUN,58.5,80.7,GROWING,PENDING_BACKFILL,,COMING_SOON,,COMING_SOON,,0,64.8,58.5,85%,,476 business grads/year (2023),Business completions +11% over 5Y,"Large undergrad population (17,549)",,,Enrich structural data
d819d191-8c86-4462-9344-50a90b1460fe,Prairie View A&M University,TX,227526,Prairie View A & M University,four_year,primary,exact_name,0.98,,8527,2023,209,24,1425,14.7%,11.5%,+1.9%,+47.2%,+88.3%,+13.5%,,4.6pp,502,"business_bachelors x2.4 (ESTIMATED, NOT ACTUAL)",NOT_RUN,,NOT_RUN,NOT_RUN,51.6,97.7,RAPID_GROWTH,PENDING_BACKFILL,,COMING_SOON,,COMING_SOON,,0,64.8,51.6,85%,,209 business grads/year (2023),Business completions +88% over 5Y,,,,Backlog
cfd87c76-6af7-4e32-b53a-6c091f19f179,University of Arizona,AZ,104179,University of Arizona,four_year,primary,existing_unitid,1,,41899,2023,1160,131,7772,14.9%,11.3%,+2.1%,+9.2%,+4.4%,+0.9%,,-0.7pp,2784,"business_bachelors x2.4 (ESTIMATED, NOT ACTUAL)",17,IFC+MGC+PANHELLENIC,NOT_RUN,NOT_RUN,76.5,70.5,GROWING,36.2,35%,COMING_SOON,,COMING_SOON,,0,64.6,45.9,100%,,"1,160 business grads/year (2023)",Business completions +4% over 5Y,17 social Greek chapters,"Large undergrad population (41,899)",131 accounting grads/year,Research + intro outreach
dd5430a5-c829-494a-b772-0c413e4d9f51,Louisiana Tech University,LA,159647,Louisiana Tech University,four_year,primary,exact_name,0.98,,10401,2023,274,47,1494,18.3%,17.2%,-12.7%,-8.7%,+6.6%,+1.3%,,0.5pp,658,"business_bachelors x2.4 (ESTIMATED, NOT ACTUAL)",NOT_RUN,,NOT_RUN,NOT_RUN,62.7,68.9,GROWING,PENDING_BACKFILL,,COMING_SOON,,COMING_SOON,,0,64.5,62.7,85%,,274 business grads/year (2023),Business completions +7% over 5Y,,,,Enrich structural data
9311c065-92df-486b-9852-97cb17107c69,Florida State College at Jacksonville,FL,133702,Florida State College at Jacksonville,four_year,primary,existing_unitid,1,,20530,2023,317,0,755,42.0%,0.0%,-48.9%,+32.1%,-14.6%,-3.1%,,-3.3pp,761,"business_bachelors x2.4 (ESTIMATED, NOT ACTUAL)",NOT_RUN,,NOT_RUN,NOT_RUN,69.1,53,STABLE,PENDING_BACKFILL,,COMING_SOON,,COMING_SOON,,0,64.5,69.1,85%,,317 business grads/year (2023),Business completions -15% over 5Y,"Large undergrad population (20,530)",Business-heavy (42% of bachelor's),,Enrich structural data
408b44a5-1704-40d5-965d-dc02cb78f55c,The University of Texas at Dallas,TX,228787,The University of Texas at Dallas,four_year,primary,existing_unitid,1,,21330,2023,961,177,5166,18.6%,18.4%,-3.9%,-4.0%,+4.0%,+0.8%,,-5.1pp,2306,"business_bachelors x2.4 (ESTIMATED, NOT ACTUAL)",23,IFC+MGC+NPHC+PANHELLENIC,NOT_RUN,NOT_RUN,77.9,55.5,STABLE,44.6,35%,COMING_SOON,,COMING_SOON,,0,64.4,46.7,100%,,961 business grads/year (2023),Business completions +4% over 5Y,23 social Greek chapters,"Large undergrad population (21,330)",177 accounting grads/year,Greek council enrichment
6584645d-3558-480f-826e-b786ffbbf310,University of West Georgia,GA,141334,University of West Georgia,four_year,primary,existing_unitid,1,,8413,2023,378,32,1619,23.4%,8.5%,-10.6%,-11.5%,-2.1%,-0.4%,,1.1pp,907,"business_bachelors x2.4 (ESTIMATED, NOT ACTUAL)",NOT_RUN,,NOT_RUN,NOT_RUN,68.1,55.1,STABLE,PENDING_BACKFILL,,COMING_SOON,,COMING_SOON,,0,64.4,68.1,85%,,378 business grads/year (2023),Business completions -2% over 5Y,,,,Enrich structural data
abad6121-4309-4f35-a13c-beba333d56dc,University of Louisville,KY,157289,University of Louisville,four_year,primary,existing_unitid,1,,16194,2023,428,97,2932,14.6%,22.7%,+16.0%,+1.9%,-8.3%,-1.7%,,-0.8pp,1027,"business_bachelors x2.4 (ESTIMATED, NOT ACTUAL)",32,IFC+NPHC+PANHELLENIC,NOT_RUN,NOT_RUN,67.8,55.6,STABLE,64.3,35%,COMING_SOON,,COMING_SOON,,0,64.3,40.7,100%,,428 business grads/year (2023),Business completions -8% over 5Y,32 social Greek chapters,"Large undergrad population (16,194)",97 accounting grads/year,Greek council enrichment
f4927de9-b187-4169-9866-81867beadf56,Indiana State University Terre,IN,151324,Indiana State University,four_year,primary,name_prefix,0.75,,6668,2023,332,29,1567,21.2%,8.7%,+3.1%,-7.3%,+1.8%,+0.4%,,5.1pp,797,"business_bachelors x2.4 (ESTIMATED, NOT ACTUAL)",NOT_RUN,,NOT_RUN,NOT_RUN,62.3,68.1,GROWING,PENDING_BACKFILL,,COMING_SOON,,COMING_SOON,,0,64,62.3,85%,,332 business grads/year (2023),Business completions +2% over 5Y,,,,Enrich structural data
b27f9bf6-16b4-4782-9931-9d31dc11ad9e,Colorado State University Fort,CO,126818,Colorado State University-Fort Collins,four_year,primary,name_reverse,0.79,,25834,2023,724,0,5201,13.9%,0.0%,+4.0%,-2.8%,-4.9%,-1.0%,,-1.4pp,1738,"business_bachelors x2.4 (ESTIMATED, NOT ACTUAL)",NOT_RUN,,NOT_RUN,NOT_RUN,67.5,55,STABLE,PENDING_BACKFILL,,COMING_SOON,,COMING_SOON,,0,63.9,67.5,85%,,724 business grads/year (2023),Business completions -5% over 5Y,"Large undergrad population (25,834)",,,Enrich structural data
5f5bd18d-b92f-4d56-aced-23bce4c983d5,University of South Carolina,SC,218645,University of South Carolina Aiken,four_year,primary,existing_unitid,1,,3109,2023,143,0,570,25.1%,0.0%,+16.3%,-2.7%,+2.1%,+0.4%,,-0.9pp,343,"business_bachelors x2.4 (ESTIMATED, NOT ACTUAL)",58,IFC+MGC+NPHC+PANHELLENIC,NOT_RUN,NOT_RUN,49.8,61.2,STABLE,94.2,35%,COMING_SOON,,COMING_SOON,,0,63.9,29.9,100%,,143 business grads/year (2023),Business completions +2% over 5Y,58 social Greek chapters,SEC school (priority Greek/football market),,Greek council enrichment
963c6010-45d8-4773-8e03-ea282d7124aa,Arkansas Tech University,AR,106467,Arkansas Tech University,four_year,primary,exact_name,0.98,,8808,2023,207,12,1100,18.8%,5.8%,+31.0%,+5.1%,+24.7%,+4.5%,,6.1pp,497,"business_bachelors x2.4 (ESTIMATED, NOT ACTUAL)",NOT_RUN,,NOT_RUN,NOT_RUN,54.6,86.9,RAPID_GROWTH,PENDING_BACKFILL,,COMING_SOON,,COMING_SOON,,0,63.8,54.6,85%,,207 business grads/year (2023),Business completions +25% over 5Y,,,,Backlog
6c3dc7c0-7b2c-47eb-8926-2d6175b5af5d,Western Conn State Univ,CT,130776,Western Connecticut State University,four_year,primary,name_prefix,0.95,,3542,2023,233,38,847,27.5%,16.3%,+2.6%,+5.9%,+9.4%,+1.8%,,4.8pp,559,"business_bachelors x2.4 (ESTIMATED, NOT ACTUAL)",NOT_RUN,,NOT_RUN,NOT_RUN,57.6,78.6,GROWING,PENDING_BACKFILL,,COMING_SOON,,COMING_SOON,,0,63.6,57.6,85%,,233 business grads/year (2023),Business completions +9% over 5Y,Business-heavy (28% of bachelor's),,,Enrich structural data
be0aadc8-b5e3-4af6-a75f-7284af0885f3,University of Colorado Boulder,CO,126614,University of Colorado Boulder,four_year,primary,existing_unitid,1,,32105,2023,1201,0,6965,17.2%,0.0%,+10.5%,+11.2%,+34.0%,+6.0%,,1.8pp,2882,"business_bachelors x2.4 (ESTIMATED, NOT ACTUAL)",16,IFC+PANHELLENIC,NOT_RUN,NOT_RUN,69.5,88.4,RAPID_GROWTH,32.1,35%,COMING_SOON,,COMING_SOON,,0,63.6,41.7,100%,,"1,201 business grads/year (2023)",Business completions +34% over 5Y,16 social Greek chapters,"Large undergrad population (32,105)",,Research + intro outreach
65989509-cc30-45d8-bf62-fb1d3467cb48,U Missouri - Kansas City Kansas,MO,178402,University of Missouri-Kansas City,four_year,primary,name_prefix,0.95,,10149,2023,307,77,1634,18.8%,25.1%,-5.8%,-14.5%,-4.4%,-0.9%,,0.5pp,737,"business_bachelors x2.4 (ESTIMATED, NOT ACTUAL)",NOT_RUN,,NOT_RUN,NOT_RUN,65.8,57.6,STABLE,PENDING_BACKFILL,,COMING_SOON,,COMING_SOON,,0,63.5,65.8,85%,,307 business grads/year (2023),Business completions -4% over 5Y,77 accounting grads/year,,,Enrich structural data
9c52dc54-5fa9-41cf-8526-50501e74df46,Louisiana St in Shreveport,LA,159416,Louisiana State University-Shreveport,four_year,primary,name_reverse,0.75,,2548,2023,171,15,409,41.8%,8.8%,+3.0%,+19.6%,+111.1%,+16.1%,,21.5pp,410,"business_bachelors x2.4 (ESTIMATED, NOT ACTUAL)",NOT_RUN,,NOT_RUN,NOT_RUN,49.8,96.7,RAPID_GROWTH,PENDING_BACKFILL,,COMING_SOON,,COMING_SOON,,0,63.2,49.8,85%,,171 business grads/year (2023),Business completions +111% over 5Y,Business-heavy (42% of bachelor's),,,Backlog
656b5758-4296-42e5-8ce3-cd4a188b3c05,University of South Dakota,SD,219471,University of South Dakota,four_year,primary,exact_name,0.98,,7095,2023,222,55,1166,19.0%,24.8%,+5.7%,+10.4%,+4.7%,+0.9%,,1.8pp,533,"business_bachelors x2.4 (ESTIMATED, NOT ACTUAL)",NOT_RUN,,NOT_RUN,NOT_RUN,58.2,74.6,GROWING,PENDING_BACKFILL,,COMING_SOON,,COMING_SOON,,0,62.9,58.2,85%,,222 business grads/year (2023),Business completions +5% over 5Y,,,,Enrich structural data
6ec0e41d-4faf-4648-aac9-c4bc0b13b58e,Virginia Commonwealth,VA,234030,Virginia Commonwealth University,four_year,primary,name_reverse,0.683,,21205,2023,564,79,4679,12.0%,14.0%,+5.2%,-6.2%,-19.2%,-4.2%,,-1.8pp,1354,"business_bachelors x2.4 (ESTIMATED, NOT ACTUAL)",NOT_RUN,,NOT_RUN,NOT_RUN,70.7,43.1,STABLE,PENDING_BACKFILL,,COMING_SOON,,COMING_SOON,,0,62.8,70.7,85%,,564 business grads/year (2023),Business completions -19% over 5Y,"Large undergrad population (21,205)",79 accounting grads/year,,Enrich structural data
badee7d8-d0ac-40d6-808e-312282fde591,Wichita State University,KS,156125,Wichita State University,four_year,primary,exact_name,0.98,,12856,2023,375,75,2172,17.3%,20.0%,-7.4%,-10.7%,-6.3%,-1.3%,,-0.9pp,900,"business_bachelors x2.4 (ESTIMATED, NOT ACTUAL)",NOT_RUN,,NOT_RUN,NOT_RUN,67.9,49.9,STABLE,PENDING_BACKFILL,,COMING_SOON,,COMING_SOON,,0,62.8,67.9,85%,,375 business grads/year (2023),Business completions -6% over 5Y,"Large undergrad population (12,856)",75 accounting grads/year,,Enrich structural data
9a914bc0-cc93-4bdf-bf89-dd06f9060328,Elon University,NC,198516,Elon University,four_year,primary,exact_name,0.98,,6402,2023,413,31,1471,28.1%,7.5%,-7.2%,-7.0%,-1.4%,-0.3%,,-2.5pp,991,"business_bachelors x2.4 (ESTIMATED, NOT ACTUAL)",NOT_RUN,,NOT_RUN,NOT_RUN,68.6,47.8,STABLE,PENDING_BACKFILL,,COMING_SOON,,COMING_SOON,,0,62.7,68.6,85%,,413 business grads/year (2023),Business completions -1% over 5Y,Business-heavy (28% of bachelor's),,,Enrich structural data
59753acc-437d-4eef-bd21-d8f53b2b2e72,Oakland University,MI,171571,Oakland University,four_year,primary,exact_name,0.98,,12719,2023,560,63,3228,17.3%,11.3%,-8.3%,-16.3%,-13.9%,-2.9%,,-2.3pp,1344,"business_bachelors x2.4 (ESTIMATED, NOT ACTUAL)",NOT_RUN,,NOT_RUN,NOT_RUN,72.1,39.1,STABLE,PENDING_BACKFILL,,COMING_SOON,,COMING_SOON,,0,62.7,72.1,85%,,560 business grads/year (2023),Business completions -14% over 5Y,,,,Enrich structural data
1972b93b-4269-4bf6-a6a7-ae6230841ffc,Saint Joseph's University,PA,215770,Saint Joseph's University,four_year,primary,exact_name,0.98,,4828,2023,570,73,1392,40.9%,12.8%,+1.6%,-15.6%,-17.4%,-3.8%,,-13.9pp,1368,"business_bachelors x2.4 (ESTIMATED, NOT ACTUAL)",NOT_RUN,,NOT_RUN,NOT_RUN,74.2,32.5,DECLINING,PENDING_BACKFILL,,COMING_SOON,,COMING_SOON,,0,62.3,74.2,85%,,570 business grads/year (2023),Business completions -17% over 5Y,73 accounting grads/year,Business-heavy (41% of bachelor's),,Enrich structural data
8bc8c4da-813c-41e2-93ed-8b6a570098a4,Ramapo College-New Jersey,NJ,186201,Ramapo College of New Jersey,four_year,primary,name_prefix,0.95,,5013,2023,286,53,1157,24.7%,18.5%,+10.8%,-6.2%,-5.3%,-1.1%,,2.1pp,686,"business_bachelors x2.4 (ESTIMATED, NOT ACTUAL)",NOT_RUN,,NOT_RUN,NOT_RUN,62.8,60.7,STABLE,PENDING_BACKFILL,,COMING_SOON,,COMING_SOON,,0,62.2,62.8,85%,,286 business grads/year (2023),Business completions -5% over 5Y,,,,Enrich structural data
2dedca50-1bac-4bb5-9820-9aa41c1617fb,University of Southern Mississippi,MS,176372,University of Southern Mississippi,four_year,primary,existing_unitid,1,,10012,2023,460,45,2551,18.0%,9.8%,+6.0%,+3.4%,+0.7%,+0.1%,,-1.3pp,1104,"business_bachelors x2.4 (ESTIMATED, NOT ACTUAL)",28,IFC+NPHC+PANHELLENIC,NOT_RUN,NOT_RUN,66.2,59.6,STABLE,55.4,35%,COMING_SOON,,COMING_SOON,,0,62,39.7,100%,,460 business grads/year (2023),Business completions +1% over 5Y,28 social Greek chapters,,,Greek council enrichment
cf743bf8-b71e-4298-bb5c-c1b374f0eb8a,University of North Texas at Dallas,TX,484905,University of North Texas at Dallas,four_year,primary,existing_unitid,1,,3018,2023,200,31,758,26.4%,15.5%,-7.8%,+25.0%,+30.7%,+5.5%,,-0.2pp,480,"business_bachelors x2.4 (ESTIMATED, NOT ACTUAL)",NOT_RUN,,NOT_RUN,NOT_RUN,52.9,84.8,GROWING,PENDING_BACKFILL,,COMING_SOON,,COMING_SOON,,0,62,52.9,85%,,200 business grads/year (2023),Business completions +31% over 5Y,Business-heavy (26% of bachelor's),,,Backlog
cb524a76-1b2c-43b3-a9cd-4bec051cd146,University of San Diego San,CA,122436,University of San Diego,four_year,primary,name_prefix,0.95,,5726,2023,509,57,1405,36.2%,11.2%,-6.6%,-11.5%,-15.0%,-3.2%,,-6.1pp,1222,"business_bachelors x2.4 (ESTIMATED, NOT ACTUAL)",NOT_RUN,,NOT_RUN,NOT_RUN,73.5,32.6,DECLINING,PENDING_BACKFILL,,COMING_SOON,,COMING_SOON,,0,61.8,73.5,85%,,509 business grads/year (2023),Business completions -15% over 5Y,Business-heavy (36% of bachelor's),,,Enrich structural data
0b7a9a22-43aa-45f5-85f7-1775981a18b5,Youngstown State University,OH,206695,Youngstown State University,four_year,primary,exact_name,0.98,,8436,2023,264,52,1734,15.2%,19.7%,-10.5%,+1.9%,+10.0%,+1.9%,,0.3pp,634,"business_bachelors x2.4 (ESTIMATED, NOT ACTUAL)",NOT_RUN,,NOT_RUN,NOT_RUN,57.5,72.6,GROWING,PENDING_BACKFILL,,COMING_SOON,,COMING_SOON,,0,61.8,57.5,85%,,264 business grads/year (2023),Business completions +10% over 5Y,,,,Enrich structural data
1ad51593-c384-497f-9c1d-ea8afb34d5b5,Texas State University,TX,228459,Texas State University,four_year,primary,existing_unitid,1,,34547,2023,1132,128,7042,16.1%,11.3%,-4.2%,-15.2%,-11.2%,-2.3%,,-1.9pp,2717,"business_bachelors x2.4 (ESTIMATED, NOT ACTUAL)",24,IFC+MGC+NPHC+PANHELLENIC,NOT_RUN,NOT_RUN,78.2,40.5,STABLE,46,35%,COMING_SOON,,COMING_SOON,,0,61.8,46.9,100%,,"1,132 business grads/year (2023)",Business completions -11% over 5Y,24 social Greek chapters,"Large undergrad population (34,547)",128 accounting grads/year,Greek council enrichment
c98a229e-d53c-4ba8-ac2c-0eae9c12a64c,Lander University,SC,218229,Lander University,four_year,primary,exact_name,0.98,,3669,2023,187,0,679,27.5%,0.0%,+23.0%,+42.8%,+49.6%,+8.4%,,2.4pp,449,"business_bachelors x2.4 (ESTIMATED, NOT ACTUAL)",NOT_RUN,,NOT_RUN,NOT_RUN,48,95.1,RAPID_GROWTH,PENDING_BACKFILL,,COMING_SOON,,COMING_SOON,,0,61.5,48,85%,,187 business grads/year (2023),Business completions +50% over 5Y,Business-heavy (28% of bachelor's),,,Backlog
bfdddcff-55b3-4446-82c3-fa31be4c3224,American University,DC,131159,American University,four_year,primary,existing_unitid,1,,7817,2023,342,13,1833,18.7%,3.8%,+3.0%,+16.7%,+14.0%,+2.7%,,1.9pp,821,"business_bachelors x2.4 (ESTIMATED, NOT ACTUAL)",28,IFC+MGC+NPHC+PANHELLENIC,NOT_RUN,NOT_RUN,58.9,75.7,GROWING,55.4,35%,COMING_SOON,,COMING_SOON,,0,61.5,35.3,100%,,342 business grads/year (2023),Business completions +14% over 5Y,28 social Greek chapters,,,Greek council enrichment
18f4bb62-8715-4e8f-941d-748768316b75,Old Dominion University,VA,232982,Old Dominion University,four_year,primary,existing_unitid,1,,17736,2023,504,72,3542,14.2%,14.3%,+4.3%,-16.1%,-18.7%,-4.1%,,-1.5pp,1210,"business_bachelors x2.4 (ESTIMATED, NOT ACTUAL)",32,IFC+MGC+NPHC+PANHELLENIC,NOT_RUN,NOT_RUN,69.2,38.6,DECLINING,64.3,35%,COMING_SOON,,COMING_SOON,,0,61.5,41.5,100%,,504 business grads/year (2023),Business completions -19% over 5Y,32 social Greek chapters,"Large undergrad population (17,736)",72 accounting grads/year,Greek council enrichment
b6a2cb0d-02a6-44a1-8631-826bb107c107,West Texas A&M University,TX,229814,West Texas A & M University,four_year,primary,exact_name,0.98,,6786,2023,273,38,1485,18.4%,13.9%,-16.8%,-16.8%,+12.3%,+2.4%,,3.3pp,655,"business_bachelors x2.4 (ESTIMATED, NOT ACTUAL)",NOT_RUN,,NOT_RUN,NOT_RUN,58.4,68.5,GROWING,PENDING_BACKFILL,,COMING_SOON,,COMING_SOON,,0,61.3,58.4,85%,,273 business grads/year (2023),Business completions +12% over 5Y,,,,Enrich structural data
739175c4-6de3-40a8-a3e6-cf7d60124c00,North Carolina A&T State Un,NC,199102,North Carolina A & T State University,four_year,primary,name_prefix,0.95,,12216,2023,229,21,2052,11.2%,9.2%,-3.4%,+12.3%,+43.1%,+7.4%,,1.5pp,550,"business_bachelors x2.4 (ESTIMATED, NOT ACTUAL)",NOT_RUN,,NOT_RUN,NOT_RUN,52.1,84.1,GROWING,PENDING_BACKFILL,,COMING_SOON,,COMING_SOON,,0,61.2,52.1,85%,,229 business grads/year (2023),Business completions +43% over 5Y,,,,Backlog
fea35ec6-5a55-4e27-9fe0-021c0a583253,Georgia State University,GA,139940,Georgia State University,four_year,primary,existing_unitid,1,,27588,2023,1032,147,5309,19.4%,14.2%,-4.2%,-10.0%,-14.6%,-3.1%,,-4.9pp,2477,"business_bachelors x2.4 (ESTIMATED, NOT ACTUAL)",21,IFC+NPHC+PANHELLENIC,NOT_RUN,NOT_RUN,79.5,37.9,DECLINING,42,35%,COMING_SOON,,COMING_SOON,,0,60.9,47.7,100%,,"1,032 business grads/year (2023)",Business completions -15% over 5Y,21 social Greek chapters,"Large undergrad population (27,588)",147 accounting grads/year,Greek council enrichment
afae29c6-5742-421f-b1ad-5a2d0096cac4,Uof Texas of Permian Basin,TX,229018,The University of Texas Permian Basin,four_year,primary,name_prefix,0.95,,4654,2023,201,64,856,23.5%,31.8%,0.0%,-9.0%,+4.2%,+0.8%,,1.5pp,482,"business_bachelors x2.4 (ESTIMATED, NOT ACTUAL)",NOT_RUN,,NOT_RUN,NOT_RUN,57.4,69,GROWING,PENDING_BACKFILL,,COMING_SOON,,COMING_SOON,,0,60.7,57.4,85%,,201 business grads/year (2023),Business completions +4% over 5Y,,,,Enrich structural data
48f560b5-3dce-438e-a498-9103782531f2,Stockton University,NJ,186876,Stockton University,four_year,primary,exact_name,0.98,,7812,2023,409,0,2124,19.3%,0.0%,-7.0%,+11.8%,-2.6%,-0.5%,,-1.4pp,982,"business_bachelors x2.4 (ESTIMATED, NOT ACTUAL)",NOT_RUN,,NOT_RUN,NOT_RUN,59.2,64,GROWING,PENDING_BACKFILL,,COMING_SOON,,COMING_SOON,,0,60.6,59.2,85%,,409 business grads/year (2023),Business completions -3% over 5Y,,,,Enrich structural data
ccf291f6-3888-47a8-95b4-35e4d70c96e1,The College of New Jersey,NJ,187134,The College of New Jersey,four_year,primary,exact_name,0.98,,7073,2023,319,43,1725,18.5%,13.5%,-0.9%,-7.0%,-1.8%,-0.4%,,-1.5pp,766,"business_bachelors x2.4 (ESTIMATED, NOT ACTUAL)",NOT_RUN,,NOT_RUN,NOT_RUN,61.4,58.3,STABLE,PENDING_BACKFILL,,COMING_SOON,,COMING_SOON,,0,60.5,61.4,85%,,319 business grads/year (2023),Business completions -2% over 5Y,,,,Enrich structural data
88a469fd-df9a-4680-8a8f-523c2eca122d,Maryville Univ St. Louis St.,MO,178059,Maryville University of Saint Louis,four_year,primary,name_prefix,0.95,,6062,2023,168,42,964,17.4%,25.0%,+5.7%,+32.3%,+41.2%,+7.1%,,-1.2pp,403,"business_bachelors x2.4 (ESTIMATED, NOT ACTUAL)",NOT_RUN,,NOT_RUN,NOT_RUN,50.5,85.6,GROWING,PENDING_BACKFILL,,COMING_SOON,,COMING_SOON,,0,60.5,50.5,85%,,168 business grads/year (2023),Business completions +41% over 5Y,,,,Backlog
0061927b-102d-4362-9c21-c5b423e43cac,University of The Cumberlands,KY,156541,University of the Cumberlands,four_year,primary,exact_name,0.98,,6091,2023,191,25,1082,17.6%,13.1%,-19.1%,+105.4%,+154.7%,+20.6%,,-2.4pp,458,"business_bachelors x2.4 (ESTIMATED, NOT ACTUAL)",NOT_RUN,,NOT_RUN,NOT_RUN,50.2,86.2,GROWING,PENDING_BACKFILL,,COMING_SOON,,COMING_SOON,,0,60.5,50.2,85%,,191 business grads/year (2023),Business completions +155% over 5Y,,,,Backlog
ccc501d6-e3db-4756-a90e-d6ba018e7af5,University of Scranton,PA,215929,University of Scranton,four_year,primary,exact_name,0.98,,3666,2023,209,41,872,24.0%,19.6%,+11.2%,-1.4%,+9.4%,+1.8%,,2.8pp,502,"business_bachelors x2.4 (ESTIMATED, NOT ACTUAL)",NOT_RUN,,NOT_RUN,NOT_RUN,55.1,73.7,GROWING,PENDING_BACKFILL,,COMING_SOON,,COMING_SOON,,0,60.4,55.1,85%,,209 business grads/year (2023),Business completions +9% over 5Y,,,,Enrich structural data
4762f036-6410-449b-8251-87eac11624d9,University of North Carolina at Greensboro,NC,199148,University of North Carolina at Greensboro,four_year,primary,existing_unitid,1,,14156,2023,582,58,3316,17.5%,10.0%,-10.6%,-17.4%,+13.9%,+2.6%,,1.9pp,1397,"business_bachelors x2.4 (ESTIMATED, NOT ACTUAL)",18,IFC+NPHC+PANHELLENIC,NOT_RUN,NOT_RUN,68.3,68.9,GROWING,37.9,35%,COMING_SOON,,COMING_SOON,,0,60.4,41,100%,,582 business grads/year (2023),Business completions +14% over 5Y,18 social Greek chapters,"Large undergrad population (14,156)",,Research + intro outreach
971f9332-c7d9-4467-8e5f-40171e863e35,Univ of Colorado at Denver,CO,127060,University of Denver,four_year,primary,name_prefix,0.683,YES,6415,2023,400,43,1278,31.3%,10.8%,-15.4%,-14.9%,-16.0%,-3.4%,,-4.4pp,960,"business_bachelors x2.4 (ESTIMATED, NOT ACTUAL)",NOT_RUN,,NOT_RUN,NOT_RUN,70,35.8,DECLINING,PENDING_BACKFILL,,COMING_SOON,,COMING_SOON,,0,60.2,70,85%,,400 business grads/year (2023),Business completions -16% over 5Y,Business-heavy (31% of bachelor's),,,Enrich structural data
ce887831-4cb8-40e8-a470-cba6d24bf774,University of Denver,CO,127060,University of Denver,four_year,primary,exact_name,0.98,YES,6415,2023,400,43,1278,31.3%,10.8%,-15.4%,-14.9%,-16.0%,-3.4%,,-4.4pp,960,"business_bachelors x2.4 (ESTIMATED, NOT ACTUAL)",NOT_RUN,,NOT_RUN,NOT_RUN,70,35.8,DECLINING,PENDING_BACKFILL,,COMING_SOON,,COMING_SOON,,0,60.2,70,85%,,400 business grads/year (2023),Business completions -16% over 5Y,Business-heavy (31% of bachelor's),,,Enrich structural data
ee901356-b1fa-4471-aae0-156e1a0ba81f,Angelo State University,TX,222831,Angelo State University,four_year,primary,existing_unitid,1,,9623,2023,197,29,1128,17.5%,14.7%,+9.4%,-8.4%,+20.1%,+3.7%,,0.8pp,473,"business_bachelors x2.4 (ESTIMATED, NOT ACTUAL)",NOT_RUN,,NOT_RUN,NOT_RUN,54.9,73.4,GROWING,PENDING_BACKFILL,,COMING_SOON,,COMING_SOON,,0,60.2,54.9,85%,,197 business grads/year (2023),Business completions +20% over 5Y,,,,Backlog
eb4a7667-96ea-4e54-a592-0c3d516926f2,Arkansas State University State,AR,106458,Arkansas State University,four_year,primary,name_prefix,0.95,YES,8760,2023,280,29,1763,15.9%,10.4%,+10.2%,+12.9%,-0.4%,-0.1%,,0.6pp,672,"business_bachelors x2.4 (ESTIMATED, NOT ACTUAL)",NOT_RUN,,NOT_RUN,NOT_RUN,57.6,66.3,GROWING,PENDING_BACKFILL,,COMING_SOON,,COMING_SOON,,0,60.1,57.6,85%,,280 business grads/year (2023),Business completions 0% over 5Y,,,,Enrich structural data
f6c82e70-079f-40d1-864a-a2e2537a8cfa,University of Indianapolis,IN,151263,University of Indianapolis,four_year,primary,exact_name,0.98,,3957,2023,214,13,893,24.0%,6.1%,+2.9%,-7.4%,+23.7%,+4.3%,,4.3pp,514,"business_bachelors x2.4 (ESTIMATED, NOT ACTUAL)",NOT_RUN,,NOT_RUN,NOT_RUN,52.6,78.2,GROWING,PENDING_BACKFILL,,COMING_SOON,,COMING_SOON,,0,59.9,52.6,85%,,214 business grads/year (2023),Business completions +24% over 5Y,,,,Backlog
e9fee1cf-3855-4543-bcda-0f8aa14930c1,"Calif State U, Los Angeles Los",CA,110592,California State University-Los Angeles,four_year,primary,name_prefix,0.95,,21527,2023,896,0,5596,16.0%,0.0%,+23.4%,-20.4%,-12.8%,-2.7%,,-3.6pp,2150,"business_bachelors x2.4 (ESTIMATED, NOT ACTUAL)",NOT_RUN,,NOT_RUN,NOT_RUN,70.5,32.2,DECLINING,PENDING_BACKFILL,,COMING_SOON,,COMING_SOON,,0,59.6,70.5,85%,,896 business grads/year (2023),Business completions -13% over 5Y,"Large undergrad population (21,527)",,,Enrich structural data
c34899c1-0fcd-4a20-b9a9-5cec52734b70,The University of Texas at Arlington,TX,228769,The University of Texas at Arlington,four_year,primary,existing_unitid,1,,31112,2023,1059,129,7307,14.5%,12.2%,-14.7%,-13.7%,-16.4%,-3.5%,,-0.2pp,2542,"business_bachelors x2.4 (ESTIMATED, NOT ACTUAL)",21,IFC+MGC+NPHC+PANHELLENIC,NOT_RUN,NOT_RUN,75.4,42,STABLE,42,35%,COMING_SOON,,COMING_SOON,,0,59.6,45.2,100%,,"1,059 business grads/year (2023)",Business completions -16% over 5Y,21 social Greek chapters,"Large undergrad population (31,112)",129 accounting grads/year,Greek council enrichment
934cc534-a779-4fcb-8fb6-4ced292ad91a,University of Houston - Clear Lake,TX,225414,University of Houston-Clear Lake,four_year,primary,existing_unitid,1,,6108,2023,339,87,1549,21.9%,25.7%,-13.1%,-14.8%,-6.6%,-1.4%,,-4.3pp,814,"business_bachelors x2.4 (ESTIMATED, NOT ACTUAL)",NOT_RUN,,NOT_RUN,NOT_RUN,65.9,42.7,STABLE,PENDING_BACKFILL,,COMING_SOON,,COMING_SOON,,0,59.3,65.9,85%,,339 business grads/year (2023),Business completions -7% over 5Y,87 accounting grads/year,,,Enrich structural data
d79f8d8d-ee85-4c80-bafc-8037d46f238d,Utah State University,UT,230728,Utah State University,four_year,primary,exact_name,0.98,,25048,2023,460,62,4231,10.9%,13.5%,+0.9%,-8.6%,-13.7%,-2.9%,,-2.6pp,1104,"business_bachelors x2.4 (ESTIMATED, NOT ACTUAL)",NOT_RUN,,NOT_RUN,NOT_RUN,67.7,38.1,DECLINING,PENDING_BACKFILL,,COMING_SOON,,COMING_SOON,,0,59.2,67.7,85%,,460 business grads/year (2023),Business completions -14% over 5Y,"Large undergrad population (25,048)",,,Enrich structural data
964be11f-f306-4df2-9671-835a053ace33,Univ of Central Arkansas,AR,106704,University of Central Arkansas,four_year,primary,exact_name,0.98,,7884,2023,297,42,1584,18.8%,14.1%,-2.9%,-8.9%,-9.4%,-2.0%,,-0.3pp,713,"business_bachelors x2.4 (ESTIMATED, NOT ACTUAL)",NOT_RUN,,NOT_RUN,NOT_RUN,61.7,53.1,STABLE,PENDING_BACKFILL,,COMING_SOON,,COMING_SOON,,0,59.2,61.7,85%,,297 business grads/year (2023),Business completions -9% over 5Y,,,,Enrich structural data
0413aa57-040e-42c2-a0e4-d93c16cbd1f2,Calif St U-Dominguez Hills,CA,110547,California State University-Dominguez Hills,four_year,primary,name_prefix,0.95,,12730,2023,568,0,3302,17.2%,0.0%,-9.3%,-8.1%,-10.1%,-2.1%,,-2.3pp,1363,"business_bachelors x2.4 (ESTIMATED, NOT ACTUAL)",NOT_RUN,,NOT_RUN,NOT_RUN,64.5,45,STABLE,PENDING_BACKFILL,,COMING_SOON,,COMING_SOON,,0,58.9,64.5,85%,,568 business grads/year (2023),Business completions -10% over 5Y,,,,Enrich structural data
a424acd3-1900-4dc0-b4e4-456106d0fff6,University of Minnesota Crookston,MN,174075,University of Minnesota-Crookston,four_year,primary,existing_unitid,1,YES,2518,2023,170,41,359,47.3%,24.1%,-11.0%,-6.6%,+9.7%,+1.9%,,9.2pp,408,"business_bachelors x2.4 (ESTIMATED, NOT ACTUAL)",NOT_RUN,,NOT_RUN,NOT_RUN,52.7,74.5,GROWING,PENDING_BACKFILL,,COMING_SOON,,COMING_SOON,,0,58.9,52.7,85%,,170 business grads/year (2023),Business completions +10% over 5Y,Business-heavy (47% of bachelor's),,,Backlog
d37a8470-046b-439a-9185-53b027865f35,University of North Alabama,AL,101879,University of North Alabama,four_year,primary,exact_name,0.98,,7451,2023,275,58,1219,22.6%,21.1%,+19.1%,+0.7%,+25.6%,+4.7%,,1.4pp,660,"business_bachelors x2.4 (ESTIMATED, NOT ACTUAL)",17,IFC+NPHC+PANHELLENIC,NOT_RUN,NOT_RUN,60.5,83,GROWING,36.2,35%,COMING_SOON,,COMING_SOON,,0,58.8,36.3,100%,,275 business grads/year (2023),Business completions +26% over 5Y,17 social Greek chapters,,,Research + intro outreach
0b932413-c969-4b71-9890-faf728e68212,Park University,MO,178721,Park University,four_year,primary,existing_unitid,1,,5376,2023,587,39,1403,41.8%,6.6%,-13.6%,-28.4%,-35.1%,-8.3%,,-4.8pp,1409,"business_bachelors x2.4 (ESTIMATED, NOT ACTUAL)",NOT_RUN,,NOT_RUN,NOT_RUN,73.9,21,DECLINING,PENDING_BACKFILL,,COMING_SOON,,COMING_SOON,,0,58.8,73.9,85%,,587 business grads/year (2023),Business completions -35% over 5Y,Business-heavy (42% of bachelor's),,,Enrich structural data
0313357b-f044-49dc-b64c-5b4429ace2ca,Northern Arizona University,AZ,105330,Northern Arizona University,four_year,primary,exact_name,0.98,,23128,2023,763,50,5268,14.5%,6.6%,-12.1%,-28.8%,-31.6%,-7.3%,,-4.0pp,1831,"business_bachelors x2.4 (ESTIMATED, NOT ACTUAL)",NOT_RUN,,NOT_RUN,NOT_RUN,75,17.9,DECLINING,PENDING_BACKFILL,,COMING_SOON,,COMING_SOON,,0,58.7,75,85%,,763 business grads/year (2023),Business completions -32% over 5Y,"Large undergrad population (23,128)",,,Enrich structural data
2567ae60-6898-4652-a62a-13a73c18e2c5,Ball State University,IN,150136,Ball State University,four_year,primary,existing_unitid,1,,14874,2023,565,55,3038,18.6%,9.7%,-3.9%,-18.1%,-19.5%,-4.3%,,-2.3pp,1356,"business_bachelors x2.4 (ESTIMATED, NOT ACTUAL)",28,IFC+MGC+NPHC+PANHELLENIC,NOT_RUN,NOT_RUN,71.6,30.4,DECLINING,55.4,35%,COMING_SOON,,COMING_SOON,,0,58.7,43,100%,,565 business grads/year (2023),Business completions -20% over 5Y,28 social Greek chapters,"Large undergrad population (14,874)",,Greek council enrichment
9619e982-14a0-4a2a-b768-75a1443715ff,Sam Houston State University,TX,227881,Sam Houston State University,four_year,primary,existing_unitid,1,,18179,2023,658,74,4154,15.8%,11.3%,-13.4%,-18.5%,-21.1%,-4.6%,,-5.9pp,1579,"business_bachelors x2.4 (ESTIMATED, NOT ACTUAL)",29,IFC+MGC+NPHC+PANHELLENIC,NOT_RUN,NOT_RUN,72.4,24.3,DECLINING,58.9,35%,COMING_SOON,,COMING_SOON,,0,58.7,43.4,100%,,658 business grads/year (2023),Business completions -21% over 5Y,29 social Greek chapters,"Large undergrad population (18,179)",74 accounting grads/year,Greek council enrichment
28653455-0e18-4437-b092-07b9d11dd0e3,Boston University,MA,164988,Boston University,four_year,primary,exact_name,0.98,,18656,2023,745,0,4557,16.4%,0.0%,-0.7%,-2.0%,-23.8%,-5.3%,,-5.7pp,1788,"business_bachelors x2.4 (ESTIMATED, NOT ACTUAL)",NOT_RUN,,NOT_RUN,NOT_RUN,68.6,33.5,DECLINING,PENDING_BACKFILL,,COMING_SOON,,COMING_SOON,,0,58.6,68.6,85%,,745 business grads/year (2023),Business completions -24% over 5Y,"Large undergrad population (18,656)",,,Enrich structural data
6cec1e83-5cda-403b-8da6-2b7b004db570,Missouri State University,MO,179566,Missouri State University-Springfield,four_year,primary,name_reverse,0.75,,19259,2023,709,72,3093,22.9%,10.2%,-10.9%,-24.6%,-21.9%,-4.8%,,-4.3pp,1702,"business_bachelors x2.4 (ESTIMATED, NOT ACTUAL)",31,IFC+NPHC+PANHELLENIC,2,0,79.6,22,DECLINING,46,75%,COMING_SOON,,COMING_SOON,,0,58.6,23.9,100%,,709 business grads/year (2023),Business completions -22% over 5Y,31 social Greek chapters,IFC + NPHC + PANHELLENIC contacts verified,"Large undergrad population (19,259)",Council outreach
acae37b2-a2b4-41cb-a205-4e807df400e4,Towson University,MD,164076,Towson University,four_year,primary,exact_name,0.98,,16517,2023,580,98,4064,14.3%,16.9%,+0.7%,-12.7%,-14.7%,-3.1%,,-0.5pp,1392,"business_bachelors x2.4 (ESTIMATED, NOT ACTUAL)",27,IFC+NPHC+PANHELLENIC,NOT_RUN,NOT_RUN,69.2,40.4,STABLE,51.8,35%,COMING_SOON,,COMING_SOON,,0,58.6,41.5,100%,,580 business grads/year (2023),Business completions -15% over 5Y,27 social Greek chapters,"Large undergrad population (16,517)",98 accounting grads/year,Greek council enrichment
592b7b48-8c25-4f49-a5cb-891e50b1a190,Univ of California San Diego La,CA,110680,University of California-San Diego,four_year,primary,name_prefix,0.79,,33792,2023,256,0,8535,3.0%,0.0%,+68.4%,+120.7%,+0.4%,+0.1%,,-0.5pp,614,"business_bachelors x2.4 (ESTIMATED, NOT ACTUAL)",NOT_RUN,,NOT_RUN,NOT_RUN,52.6,73.3,GROWING,PENDING_BACKFILL,,COMING_SOON,,COMING_SOON,,0,58.5,52.6,85%,,256 business grads/year (2023),Business completions +0% over 5Y,"Large undergrad population (33,792)",,,Backlog
a666f8fd-df3d-4c6e-bfeb-234b08bd6553,Rutgers University-Camden,NJ,186371,Rutgers University-Camden,four_year,primary,exact_name,0.98,YES,3922,2023,348,35,1302,26.7%,10.1%,-13.0%,-8.9%,-6.2%,-1.3%,,-0.1pp,835,"business_bachelors x2.4 (ESTIMATED, NOT ACTUAL)",NOT_RUN,,NOT_RUN,NOT_RUN,62.5,48.6,STABLE,PENDING_BACKFILL,,COMING_SOON,,COMING_SOON,,0,58.5,62.5,85%,,348 business grads/year (2023),Business completions -6% over 5Y,Business-heavy (27% of bachelor's),,,Enrich structural data
7f4afacd-e2fb-423d-8519-42ce3ede62a1,Texas A&M International University,TX,226152,Texas A & M International University,four_year,primary,exact_name,0.98,,7004,2023,220,59,1288,17.1%,26.8%,+4.3%,-15.1%,+8.9%,+1.7%,,0.2pp,528,"business_bachelors x2.4 (ESTIMATED, NOT ACTUAL)",NOT_RUN,,NOT_RUN,NOT_RUN,55.9,64.9,GROWING,PENDING_BACKFILL,,COMING_SOON,,COMING_SOON,,0,58.5,55.9,85%,,220 business grads/year (2023),Business completions +9% over 5Y,,,,Enrich structural data
b43fc4ee-c28e-41f4-a24f-39bc666e03a4,"Rutgers, The State University of New Jersey",NJ,186371,Rutgers University-Camden,four_year,primary,alias_exact,0.95,YES,3922,2023,348,35,1302,26.7%,10.1%,-13.0%,-8.9%,-6.2%,-1.3%,,-0.1pp,835,"business_bachelors x2.4 (ESTIMATED, NOT ACTUAL)",NOT_RUN,,NOT_RUN,NOT_RUN,62.5,48.6,STABLE,PENDING_BACKFILL,,COMING_SOON,,COMING_SOON,,0,58.5,62.5,85%,,348 business grads/year (2023),Business completions -6% over 5Y,Business-heavy (27% of bachelor's),,,Enrich structural data
18e02f64-5108-480b-9d97-bb448a55b8d0,Stetson University,FL,137546,Stetson University,four_year,primary,exact_name,0.98,,2338,2023,207,31,728,28.4%,15.0%,+15.6%,+6.2%,+13.7%,+2.6%,,-1.3pp,497,"business_bachelors x2.4 (ESTIMATED, NOT ACTUAL)",NOT_RUN,,NOT_RUN,NOT_RUN,51.8,74.8,GROWING,PENDING_BACKFILL,,COMING_SOON,,COMING_SOON,,0,58.4,51.8,85%,,207 business grads/year (2023),Business completions +14% over 5Y,Business-heavy (28% of bachelor's),,,Backlog
5fb03ee8-3e82-4143-98d6-9210e0132aec,Xavier University,OH,206622,Xavier University,four_year,primary,exact_name,0.98,,4748,2023,259,36,1257,20.6%,13.9%,-0.4%,+7.0%,+2.8%,+0.5%,,-6.4pp,622,"business_bachelors x2.4 (ESTIMATED, NOT ACTUAL)",NOT_RUN,,NOT_RUN,NOT_RUN,56.6,61.9,GROWING,PENDING_BACKFILL,,COMING_SOON,,COMING_SOON,,0,58.1,56.6,85%,,259 business grads/year (2023),Business completions +3% over 5Y,,,,Enrich structural data
f16686c2-edc6-43f8-9638-6890f52c829a,University of Missouri,MO,176965,University of Central Missouri,four_year,primary,existing_unitid,1,,7203,2023,197,33,1493,13.2%,16.8%,+8.2%,-17.6%,-19.9%,-4.3%,,0.9pp,473,"business_bachelors x2.4 (ESTIMATED, NOT ACTUAL)",62,IFC+MGC+NPHC+PANHELLENIC,4,0,55.6,39,STABLE,77.7,75%,COMING_SOON,,COMING_SOON,,0,57.9,16.7,100%,,197 business grads/year (2023),Business completions -20% over 5Y,62 social Greek chapters,IFC + MGC + NPHC + PANHELLENIC contacts verified,SEC school (priority Greek/football market),Council outreach
503ab8f8-7be1-496d-9b82-2e4392bfd188,Lamar University,TX,226091,Lamar University,four_year,primary,existing_unitid,1,,7998,2023,289,30,1555,18.6%,10.4%,+39.6%,+57.9%,+41.0%,+7.1%,,6.4pp,694,"business_bachelors x2.4 (ESTIMATED, NOT ACTUAL)",16,IFC+NPHC+PANHELLENIC,NOT_RUN,NOT_RUN,56.2,94.2,RAPID_GROWTH,32.1,35%,COMING_SOON,,COMING_SOON,,0,57.9,33.7,100%,,289 business grads/year (2023),Business completions +41% over 5Y,16 social Greek chapters,,,Backlog
171479ac-0d62-494b-b7ee-cfecb8ebc587,Florida Southern College,FL,134079,Florida Southern College,four_year,primary,exact_name,0.98,,2626,2023,144,25,600,24.0%,17.4%,+2.9%,+22.0%,+22.0%,+4.1%,,3.1pp,346,"business_bachelors x2.4 (ESTIMATED, NOT ACTUAL)",NOT_RUN,,NOT_RUN,NOT_RUN,45.5,88.7,RAPID_GROWTH,PENDING_BACKFILL,,COMING_SOON,,COMING_SOON,,0,57.8,45.5,85%,,144 business grads/year (2023),Business completions +22% over 5Y,,,,Backlog
09468af0-2e5e-4758-b9db-9b8d8473720e,Campbellsville University,KY,156365,Campbellsville University,four_year,primary,existing_unitid,1,,6853,2023,98,0,430,22.8%,0.0%,+12.6%,+32.4%,+60.7%,+10.0%,,5.1pp,235,"business_bachelors x2.4 (ESTIMATED, NOT ACTUAL)",NOT_RUN,,NOT_RUN,NOT_RUN,42.1,96.7,GROWING,PENDING_BACKFILL,,COMING_SOON,,COMING_SOON,,0,57.7,42.1,85%,,98 business grads/year (2023),Business completions +61% over 5Y,,,,Backlog
50609aee-1e7c-4718-b0ad-f3ef6f05fb17,Calif State U - San Marcos San,CA,366711,California State University-San Marcos,four_year,primary,name_prefix,0.95,,14246,2023,470,0,3427,13.7%,0.0%,-11.5%,-23.1%,+4.9%,+1.0%,,-0.5pp,1128,"business_bachelors x2.4 (ESTIMATED, NOT ACTUAL)",NOT_RUN,,NOT_RUN,NOT_RUN,59.6,52.6,STABLE,PENDING_BACKFILL,,COMING_SOON,,COMING_SOON,,0,57.6,59.6,85%,,470 business grads/year (2023),Business completions +5% over 5Y,"Large undergrad population (14,246)",,,Enrich structural data
3d119fd6-9b90-4969-9c6f-65d34faad03f,Samford University,AL,102049,Samford University,four_year,primary,exact_name,0.98,,3832,2023,167,30,837,20.0%,18.0%,+8.4%,+3.1%,+16.0%,+3.0%,,2.1pp,401,"business_bachelors x2.4 (ESTIMATED, NOT ACTUAL)",NOT_RUN,,NOT_RUN,NOT_RUN,48.4,80.7,GROWING,PENDING_BACKFILL,,COMING_SOON,,COMING_SOON,,0,57.6,48.4,85%,,167 business grads/year (2023),Business completions +16% over 5Y,,,,Backlog
390be85e-40fa-4a5f-beba-45d794270644,Indiana University,IN,151111,Indiana University-Indianapolis,four_year,primary,name_reverse,0.683,YES,17037,2023,645,0,4212,15.3%,0.0%,-2.4%,-12.4%,-15.0%,-3.2%,,-2.0pp,1548,"business_bachelors x2.4 (ESTIMATED, NOT ACTUAL)",NOT_RUN,,NOT_RUN,NOT_RUN,65.4,37.9,DECLINING,PENDING_BACKFILL,,COMING_SOON,,COMING_SOON,,0,57.5,65.4,85%,,645 business grads/year (2023),Business completions -15% over 5Y,"Large undergrad population (17,037)",,,Enrich structural data
0e791cac-4313-4d1d-b394-69dc6523a86b,Southeastern Oklahoma St,OK,207847,Southeastern Oklahoma State University,four_year,primary,name_reverse,0.75,YES,3207,2023,124,15,547,22.7%,12.1%,+6.0%,+25.3%,+36.3%,+6.4%,,7.2pp,298,"business_bachelors x2.4 (ESTIMATED, NOT ACTUAL)",NOT_RUN,,NOT_RUN,NOT_RUN,42.6,94.6,RAPID_GROWTH,PENDING_BACKFILL,,COMING_SOON,,COMING_SOON,,0,57.5,42.6,85%,,124 business grads/year (2023),Business completions +36% over 5Y,,,,Backlog
916ffb4e-6b04-49cf-a8fb-3ab2a6706dd1,Southeastern Oklahoma State University,OK,207847,Southeastern Oklahoma State University,four_year,primary,existing_unitid,1,YES,3207,2023,124,15,547,22.7%,12.1%,+6.0%,+25.3%,+36.3%,+6.4%,,7.2pp,298,"business_bachelors x2.4 (ESTIMATED, NOT ACTUAL)",NOT_RUN,,NOT_RUN,NOT_RUN,42.6,94.6,RAPID_GROWTH,PENDING_BACKFILL,,COMING_SOON,,COMING_SOON,,0,57.5,42.6,85%,,124 business grads/year (2023),Business completions +36% over 5Y,,,,Backlog
6f131e58-09ef-4618-a2c5-2aac3146324f,Indiana University Indianapolis,IN,151111,Indiana University-Indianapolis,four_year,primary,existing_unitid,1,YES,17037,2023,645,0,4212,15.3%,0.0%,-2.4%,-12.4%,-15.0%,-3.2%,,-2.0pp,1548,"business_bachelors x2.4 (ESTIMATED, NOT ACTUAL)",NOT_RUN,,NOT_RUN,NOT_RUN,65.4,37.9,DECLINING,PENDING_BACKFILL,,COMING_SOON,,COMING_SOON,,0,57.5,65.4,85%,,645 business grads/year (2023),Business completions -15% over 5Y,"Large undergrad population (17,037)",,,Enrich structural data
4d5deb87-3fe2-4437-9c93-4830ca167366,Troy University,AL,102368,Troy University,four_year,primary,existing_unitid,1,,10468,2023,423,22,2101,20.1%,5.2%,-15.2%,-4.1%,-2.1%,-0.4%,,0.7pp,1015,"business_bachelors x2.4 (ESTIMATED, NOT ACTUAL)",23,IFC+NPHC+PANHELLENIC,NOT_RUN,NOT_RUN,64.2,55.4,STABLE,44.6,35%,COMING_SOON,,COMING_SOON,,0,57.2,38.5,100%,,423 business grads/year (2023),Business completions -2% over 5Y,23 social Greek chapters,,,Greek council enrichment
9d49fc62-9150-4ffc-bd20-a5b60b60e7c2,Manhattan College,NY,192703,Manhattan College,four_year,primary,exact_name,0.98,,2928,2023,199,23,777,25.6%,11.6%,+11.2%,+2.1%,+8.7%,+1.7%,,1.7pp,478,"business_bachelors x2.4 (ESTIMATED, NOT ACTUAL)",NOT_RUN,,NOT_RUN,NOT_RUN,51.4,71.6,GROWING,PENDING_BACKFILL,,COMING_SOON,,COMING_SOON,,0,57.2,51.4,85%,,199 business grads/year (2023),Business completions +9% over 5Y,Business-heavy (26% of bachelor's),,,Backlog
610ceccb-2051-41c9-b827-70391e26ce3e,Ferris State University Big,MI,169910,Ferris State University,four_year,primary,name_prefix,0.75,,8940,2023,361,41,1749,20.6%,11.4%,-13.4%,-29.5%,-31.5%,-7.3%,,0.3pp,866,"business_bachelors x2.4 (ESTIMATED, NOT ACTUAL)",NOT_RUN,,NOT_RUN,NOT_RUN,66.9,32.1,DECLINING,PENDING_BACKFILL,,COMING_SOON,,COMING_SOON,,0,57,66.9,85%,,361 business grads/year (2023),Business completions -31% over 5Y,,,,Enrich structural data
7a187453-8a9d-46ab-8966-bf5e4ae97bc1,"Auburn Univ, Montgomery",AL,100830,Auburn University at Montgomery,four_year,primary,name_prefix,0.95,,3407,2023,137,30,704,19.5%,21.9%,+22.3%,+13.2%,+25.7%,+4.7%,,4.7pp,329,"business_bachelors x2.4 (ESTIMATED, NOT ACTUAL)",NOT_RUN,,NOT_RUN,NOT_RUN,43.9,89.5,RAPID_GROWTH,PENDING_BACKFILL,,COMING_SOON,,COMING_SOON,,0,56.9,43.9,85%,,137 business grads/year (2023),Business completions +26% over 5Y,,,,Backlog
55bdaf15-10b6-4e78-b41c-6498c94db332,"Calif St U, San Bernardino S",CA,110510,California State University-San Bernardino,four_year,primary,name_prefix,0.817,,16067,2023,768,0,4286,17.9%,0.0%,+13.4%,-27.0%,-17.9%,-3.9%,,-4.7pp,1843,"business_bachelors x2.4 (ESTIMATED, NOT ACTUAL)",NOT_RUN,,NOT_RUN,NOT_RUN,69.8,24.4,DECLINING,PENDING_BACKFILL,,COMING_SOON,,COMING_SOON,,0,56.8,69.8,85%,,768 business grads/year (2023),Business completions -18% over 5Y,"Large undergrad population (16,067)",,,Enrich structural data
942659b0-c399-4802-b095-4cee98f767ef,University of Houston - Victoria,TX,225502,University of Houston-Victoria,four_year,primary,existing_unitid,1,,2707,2023,254,53,742,34.2%,20.9%,-12.1%,-3.4%,-1.9%,-0.4%,,-4.7pp,610,"business_bachelors x2.4 (ESTIMATED, NOT ACTUAL)",NOT_RUN,,NOT_RUN,NOT_RUN,58.5,52.6,STABLE,PENDING_BACKFILL,,COMING_SOON,,COMING_SOON,,0,56.8,58.5,85%,,254 business grads/year (2023),Business completions -2% over 5Y,Business-heavy (34% of bachelor's),,,Enrich structural data
7aaee15f-267f-432f-bbba-c77fada8539e,Univ of Nebraska at Omaha,NE,181394,University of Nebraska at Omaha,four_year,primary,exact_name,0.98,,11859,2023,394,61,2414,16.3%,15.5%,-7.3%,-13.2%,-16.9%,-3.6%,,-4.6pp,946,"business_bachelors x2.4 (ESTIMATED, NOT ACTUAL)",NOT_RUN,,NOT_RUN,NOT_RUN,66,33.2,DECLINING,PENDING_BACKFILL,,COMING_SOON,,COMING_SOON,,0,56.6,66,85%,,394 business grads/year (2023),Business completions -17% over 5Y,,,,Enrich structural data
cdad3007-6eac-4111-8c1b-be946e69e632,Pepperdine Univ-Malibu,CA,121150,Pepperdine University,four_year,primary,name_prefix,0.683,,3629,2023,236,16,824,28.6%,6.8%,-10.9%,-2.5%,-8.5%,-1.8%,,1.0pp,566,"business_bachelors x2.4 (ESTIMATED, NOT ACTUAL)",NOT_RUN,,NOT_RUN,NOT_RUN,55.9,58.1,STABLE,PENDING_BACKFILL,,COMING_SOON,,COMING_SOON,,0,56.5,55.9,85%,,236 business grads/year (2023),Business completions -9% over 5Y,Business-heavy (29% of bachelor's),,,Enrich structural data
cede6ca5-d9a3-409a-bfcb-51f8fde1033b,Lehigh University,PA,213543,Lehigh University,four_year,primary,exact_name,0.98,,5811,2023,345,36,1266,27.3%,10.4%,+3.0%,-15.2%,-13.1%,-2.8%,,-3.1pp,828,"business_bachelors x2.4 (ESTIMATED, NOT ACTUAL)",NOT_RUN,,NOT_RUN,NOT_RUN,65.8,33,DECLINING,PENDING_BACKFILL,,COMING_SOON,,COMING_SOON,,0,56.4,65.8,85%,,345 business grads/year (2023),Business completions -13% over 5Y,Business-heavy (27% of bachelor's),,,Enrich structural data
74aa6d4a-28ab-4349-b8fd-8f0c7fdbf72f,Roger Williams University,RI,217518,Roger Williams University,four_year,primary,exact_name,0.98,,4050,2023,256,17,922,27.8%,6.6%,+26.7%,+0.8%,-6.9%,-1.4%,,-0.0pp,614,"business_bachelors x2.4 (ESTIMATED, NOT ACTUAL)",NOT_RUN,,NOT_RUN,NOT_RUN,57.3,53.9,STABLE,PENDING_BACKFILL,,COMING_SOON,,COMING_SOON,,0,56.3,57.3,85%,,256 business grads/year (2023),Business completions -7% over 5Y,Business-heavy (28% of bachelor's),,,Enrich structural data
a8528f4c-570c-40eb-b385-4c357aedb55b,"Calif State U., Bakersfield",CA,110486,California State University-Bakersfield,four_year,primary,name_prefix,0.95,,8336,2023,361,0,2188,16.5%,0.0%,+2.9%,-2.7%,+2.0%,+0.4%,,-3.2pp,866,"business_bachelors x2.4 (ESTIMATED, NOT ACTUAL)",NOT_RUN,,NOT_RUN,NOT_RUN,55.5,57,STABLE,PENDING_BACKFILL,,COMING_SOON,,COMING_SOON,,0,55.9,55.5,85%,,361 business grads/year (2023),Business completions +2% over 5Y,,,,Enrich structural data
d14f1731-a353-475f-8973-456ac48a4fb1,Yeshiva University New,NY,197708,Yeshiva University,four_year,primary,name_prefix,0.683,,3091,2023,196,53,564,34.8%,27.0%,-11.3%,-3.0%,-4.4%,-0.9%,,-0.8pp,470,"business_bachelors x2.4 (ESTIMATED, NOT ACTUAL)",NOT_RUN,,NOT_RUN,NOT_RUN,55.9,55.8,STABLE,PENDING_BACKFILL,,COMING_SOON,,COMING_SOON,,0,55.9,55.9,85%,,196 business grads/year (2023),Business completions -4% over 5Y,Business-heavy (35% of bachelor's),,,Enrich structural data
1190fd15-76d0-4fdd-bf3a-1e0e293ad7c7,Univ of Michigan-Dearborn,MI,171137,University of Michigan-Dearborn,four_year,primary,exact_name,0.98,,6071,2023,276,59,1437,19.2%,21.4%,-4.8%,-6.1%,-12.4%,-2.6%,,-3.6pp,662,"business_bachelors x2.4 (ESTIMATED, NOT ACTUAL)",NOT_RUN,,NOT_RUN,NOT_RUN,60.2,45.2,STABLE,PENDING_BACKFILL,,COMING_SOON,,COMING_SOON,,0,55.9,60.2,85%,,276 business grads/year (2023),Business completions -12% over 5Y,,,,Enrich structural data
94f67099-2561-4fd8-92af-ed730e8db5ac,University of Toledo,OH,206084,University of Toledo,four_year,primary,existing_unitid,1,,11447,2023,488,64,2688,18.1%,13.1%,-10.1%,-20.5%,-13.2%,-2.8%,,-2.0pp,1171,"business_bachelors x2.4 (ESTIMATED, NOT ACTUAL)",25,IFC+NPHC+PANHELLENIC,NOT_RUN,NOT_RUN,67.5,37.7,DECLINING,47.3,35%,COMING_SOON,,COMING_SOON,,0,55.9,40.5,100%,,488 business grads/year (2023),Business completions -13% over 5Y,25 social Greek chapters,,,Greek council enrichment
d12ec77c-5834-488d-bb7f-2423d2ed9ae0,Pace University New,NY,194310,Pace University,four_year,primary,name_prefix,0.683,,8176,2023,388,78,1726,22.5%,20.1%,-12.8%,-22.4%,-26.8%,-6.0%,,-7.8pp,931,"business_bachelors x2.4 (ESTIMATED, NOT ACTUAL)",NOT_RUN,,NOT_RUN,NOT_RUN,70.4,19.4,DECLINING,PENDING_BACKFILL,,COMING_SOON,,COMING_SOON,,0,55.8,70.4,85%,,388 business grads/year (2023),Business completions -27% over 5Y,78 accounting grads/year,,,Enrich structural data
462eb615-e29e-49c5-b3e1-254e604d9398,Georgia Institute of Tech,GA,139755,Georgia Institute of Technology-Main Campus,four_year,primary,name_reverse,0.63,,19505,2023,351,0,4227,8.3%,0.0%,-2.2%,+3.5%,-3.8%,-0.8%,,-2.1pp,842,"business_bachelors x2.4 (ESTIMATED, NOT ACTUAL)",NOT_RUN,,NOT_RUN,NOT_RUN,54.8,58,STABLE,PENDING_BACKFILL,,COMING_SOON,,COMING_SOON,,0,55.7,54.8,85%,,351 business grads/year (2023),Business completions -4% over 5Y,"Large undergrad population (19,505)",,,Backlog
47c388bd-8c4a-4e2b-a781-a1ad46680c21,Univ of Missouri - St. Louis St.,MO,178420,University of Missouri-St Louis,four_year,primary,name_prefix,0.95,YES,12137,2023,348,69,1493,23.3%,19.8%,-17.7%,-34.5%,-34.8%,-8.2%,,-3.5pp,835,"business_bachelors x2.4 (ESTIMATED, NOT ACTUAL)",NOT_RUN,,NOT_RUN,NOT_RUN,71.9,15,DECLINING,PENDING_BACKFILL,,COMING_SOON,,COMING_SOON,,0,55.6,71.9,85%,,348 business grads/year (2023),Business completions -35% over 5Y,69 accounting grads/year,,,Enrich structural data
23805d96-0063-4b26-aba8-a02a866086a4,University of Missouri–St. Louis,MO,178420,University of Missouri-St Louis,four_year,primary,existing_unitid,1,YES,12137,2023,348,69,1493,23.3%,19.8%,-17.7%,-34.5%,-34.8%,-8.2%,,-3.5pp,835,"business_bachelors x2.4 (ESTIMATED, NOT ACTUAL)",NOT_RUN,,NOT_RUN,NOT_RUN,71.9,15,DECLINING,PENDING_BACKFILL,,COMING_SOON,,COMING_SOON,,0,55.6,71.9,85%,,348 business grads/year (2023),Business completions -35% over 5Y,69 accounting grads/year,,,Enrich structural data
ec4f4635-fa9b-41eb-ac1c-5c61a8722b97,Salisbury University,MD,163851,Salisbury University,four_year,primary,existing_unitid,1,,6281,2023,276,41,1605,17.2%,14.9%,+15.0%,-11.3%,-8.6%,-1.8%,,1.1pp,662,"business_bachelors x2.4 (ESTIMATED, NOT ACTUAL)",NOT_RUN,,NOT_RUN,NOT_RUN,57.3,51.5,STABLE,PENDING_BACKFILL,,COMING_SOON,,COMING_SOON,,0,55.6,57.3,85%,,276 business grads/year (2023),Business completions -9% over 5Y,,,,Enrich structural data
d4f67951-69fb-4df8-b92d-bf85151ab254,Northern Illinois Univ,IL,147703,Northern Illinois University,four_year,primary,exact_name,0.98,,11358,2023,457,82,2582,17.7%,17.9%,-16.3%,-29.7%,-30.8%,-7.1%,,-1.5pp,1097,"business_bachelors x2.4 (ESTIMATED, NOT ACTUAL)",NOT_RUN,,NOT_RUN,NOT_RUN,70.4,18.1,DECLINING,PENDING_BACKFILL,,COMING_SOON,,COMING_SOON,,0,55.5,70.4,85%,,457 business grads/year (2023),Business completions -31% over 5Y,82 accounting grads/year,,,Enrich structural data
e60857bb-43c5-45a0-89e4-33f513882d40,University of Rochester,NY,195030,University of Rochester,four_year,primary,exact_name,0.98,,6764,2023,189,0,1887,10.0%,0.0%,-6.9%,+32.2%,+71.8%,+11.4%,,3.7pp,454,"business_bachelors x2.4 (ESTIMATED, NOT ACTUAL)",NOT_RUN,,NOT_RUN,NOT_RUN,39.4,95.8,RAPID_GROWTH,PENDING_BACKFILL,,COMING_SOON,,COMING_SOON,,0,55.5,39.4,85%,,189 business grads/year (2023),Business completions +72% over 5Y,,,,Backlog
bb30b97a-81d3-4ce5-8683-3805c66ff85f,Texas Woman's University,TX,229179,Texas Woman's University,four_year,primary,existing_unitid,1,,10260,2023,236,22,2141,11.0%,9.3%,-1.7%,-4.8%,+2.2%,+0.4%,,0.3pp,566,"business_bachelors x2.4 (ESTIMATED, NOT ACTUAL)",NOT_RUN,,NOT_RUN,NOT_RUN,51.7,64.5,GROWING,PENDING_BACKFILL,,COMING_SOON,,COMING_SOON,,0,55.4,51.7,85%,,236 business grads/year (2023),Business completions +2% over 5Y,,,,Backlog
7a5d59b8-53d3-47a6-983c-c3009234af1a,Uof Alabama in Huntsville,AL,100706,University of Alabama in Huntsville,four_year,primary,name_reverse,0.75,,6851,2023,270,26,1624,16.6%,9.6%,-15.6%,+5.1%,+3.5%,+0.7%,,-4.6pp,648,"business_bachelors x2.4 (ESTIMATED, NOT ACTUAL)",NOT_RUN,,NOT_RUN,NOT_RUN,55.2,55.5,STABLE,PENDING_BACKFILL,,COMING_SOON,,COMING_SOON,,0,55.3,55.2,85%,,270 business grads/year (2023),Business completions +3% over 5Y,,,,Enrich structural data
ded1f5b6-1f32-43cf-802b-d1ee547d1160,Athens State University,AL,100812,Athens State University,four_year,primary,existing_unitid,1,,2531,2023,235,61,707,33.2%,26.0%,-9.6%,-11.3%,-10.3%,-2.1%,,-1.3pp,564,"business_bachelors x2.4 (ESTIMATED, NOT ACTUAL)",NOT_RUN,,NOT_RUN,NOT_RUN,57.4,50,STABLE,PENDING_BACKFILL,,COMING_SOON,,COMING_SOON,,0,55.3,57.4,85%,,235 business grads/year (2023),Business completions -10% over 5Y,Business-heavy (33% of bachelor's),,,Enrich structural data
10fd53d0-9208-49ca-a413-bfe2c75b5968,University of North Dakota Grand,ND,200280,University of North Dakota,four_year,primary,name_prefix,0.75,,10216,2023,281,49,1859,15.1%,17.4%,+11.5%,-19.5%,-8.8%,-1.8%,,0.9pp,674,"business_bachelors x2.4 (ESTIMATED, NOT ACTUAL)",NOT_RUN,,NOT_RUN,NOT_RUN,59.6,44.3,STABLE,PENDING_BACKFILL,,COMING_SOON,,COMING_SOON,,0,55.2,59.6,85%,,281 business grads/year (2023),Business completions -9% over 5Y,,,,Enrich structural data
ea95df00-5f04-4cc7-8e0a-a5cc0ed848ea,University of West Florida,FL,138354,University of West Florida,four_year,primary,exact_name,0.98,,9661,2023,277,37,2174,12.7%,13.4%,-0.7%,-14.0%,-3.1%,-0.6%,,0.3pp,665,"business_bachelors x2.4 (ESTIMATED, NOT ACTUAL)",NOT_RUN,,NOT_RUN,NOT_RUN,56.2,52.8,STABLE,PENDING_BACKFILL,,COMING_SOON,,COMING_SOON,,0,55.2,56.2,85%,,277 business grads/year (2023),Business completions -3% over 5Y,,,,Enrich structural data
9a2858ec-9f5f-4833-a891-7cf0357ed43d,Quinnipiac University,CT,130226,Quinnipiac University,four_year,primary,exact_name,0.98,,6248,2023,333,32,1607,20.7%,9.6%,-14.2%,-23.4%,-5.9%,-1.2%,,-2.2pp,799,"business_bachelors x2.4 (ESTIMATED, NOT ACTUAL)",NOT_RUN,,NOT_RUN,NOT_RUN,62,38.2,DECLINING,PENDING_BACKFILL,,COMING_SOON,,COMING_SOON,,0,55.2,62,85%,,333 business grads/year (2023),Business completions -6% over 5Y,,,,Enrich structural data
6f399342-fdd6-41d1-80b5-6866944940f7,U Massachusetts Boston,MA,166638,University of Massachusetts-Boston,four_year,primary,name_prefix,0.95,,12373,2023,417,0,2389,17.5%,0.0%,-4.4%,-9.7%,-14.5%,-3.1%,,-1.7pp,1001,"business_bachelors x2.4 (ESTIMATED, NOT ACTUAL)",NOT_RUN,,NOT_RUN,NOT_RUN,60.9,40.9,STABLE,PENDING_BACKFILL,,COMING_SOON,,COMING_SOON,,0,55.2,60.9,85%,,417 business grads/year (2023),Business completions -15% over 5Y,,,,Enrich structural data
74ef8b14-c57e-434e-a7ea-d40e98017070,University of Northern Iowa Cedar,IA,154095,University of Northern Iowa,four_year,primary,name_prefix,0.75,,7734,2023,404,0,1992,20.3%,0.0%,-8.4%,-13.3%,-8.4%,-1.7%,,0.1pp,970,"business_bachelors x2.4 (ESTIMATED, NOT ACTUAL)",NOT_RUN,,NOT_RUN,NOT_RUN,59.9,42.8,STABLE,PENDING_BACKFILL,,COMING_SOON,,COMING_SOON,,0,55,59.9,85%,,404 business grads/year (2023),Business completions -8% over 5Y,,,,Enrich structural data
c18e90df-5f97-4c6f-b370-7692f593b1b5,Minnesota State U Moorhead,MN,174358,Minnesota State University Moorhead,four_year,primary,name_prefix,0.95,,3413,2023,203,26,983,20.6%,12.8%,-7.3%,-9.4%,+7.4%,+1.4%,,3.2pp,487,"business_bachelors x2.4 (ESTIMATED, NOT ACTUAL)",NOT_RUN,,NOT_RUN,NOT_RUN,50.5,65.8,GROWING,PENDING_BACKFILL,,COMING_SOON,,COMING_SOON,,0,54.9,50.5,85%,,203 business grads/year (2023),Business completions +7% over 5Y,,,,Backlog
4d3d2512-cf8e-4061-9ce1-329bf3918490,Texas A&M University-Commerce,TX,224554,Texas A & M University-Commerce,four_year,primary,exact_name,0.98,YES,8318,2023,227,41,1809,12.6%,18.1%,-14.7%,-9.6%,+1.8%,+0.4%,,-0.2pp,545,"business_bachelors x2.4 (ESTIMATED, NOT ACTUAL)",NOT_RUN,,NOT_RUN,NOT_RUN,52.6,60.4,STABLE,PENDING_BACKFILL,,COMING_SOON,,COMING_SOON,,0,54.8,52.6,85%,,227 business grads/year (2023),Business completions +2% over 5Y,,,,Backlog
54036bcf-4050-45da-94e7-cb001da199a0,East Texas A&M University,TX,224554,Texas A & M University-Commerce,four_year,primary,existing_unitid,1,YES,8318,2023,227,41,1809,12.6%,18.1%,-14.7%,-9.6%,+1.8%,+0.4%,,-0.2pp,545,"business_bachelors x2.4 (ESTIMATED, NOT ACTUAL)",NOT_RUN,,NOT_RUN,NOT_RUN,52.6,60.4,STABLE,PENDING_BACKFILL,,COMING_SOON,,COMING_SOON,,0,54.8,52.6,85%,,227 business grads/year (2023),Business completions +2% over 5Y,,,,Backlog
a19c66da-129a-4816-826e-1876586b5eb5,Aurora University,IL,143118,Aurora University,four_year,primary,exact_name,0.98,,4098,2023,255,19,1209,21.1%,7.4%,+4.9%,+15.4%,-1.2%,-0.2%,,-3.2pp,612,"business_bachelors x2.4 (ESTIMATED, NOT ACTUAL)",NOT_RUN,,NOT_RUN,NOT_RUN,53.8,56.7,STABLE,PENDING_BACKFILL,,COMING_SOON,,COMING_SOON,,0,54.6,53.8,85%,,255 business grads/year (2023),Business completions -1% over 5Y,,,,Backlog
78604ee3-811c-4b88-8bdd-3f198fa7df10,Arkansas State University,AR,106458,Arkansas State University,four_year,primary,existing_unitid,1,YES,8760,2023,280,29,1763,15.9%,10.4%,+10.2%,+12.9%,-0.4%,-0.1%,,0.6pp,672,"business_bachelors x2.4 (ESTIMATED, NOT ACTUAL)",22,IFC+NPHC+PANHELLENIC,NOT_RUN,NOT_RUN,55.5,66.3,GROWING,43.3,35%,COMING_SOON,,COMING_SOON,,0,54.6,33.3,100%,,280 business grads/year (2023),Business completions 0% over 5Y,22 social Greek chapters,,,Greek council enrichment
61c58928-adb6-49ca-aa57-faf958bf241d,"Calif State U, Stanislaus",CA,110495,California State University-Stanislaus,four_year,primary,name_prefix,0.95,,8669,2023,385,0,2330,16.5%,0.0%,-5.9%,-6.3%,-5.9%,-1.2%,,-2.3pp,924,"business_bachelors x2.4 (ESTIMATED, NOT ACTUAL)",NOT_RUN,,NOT_RUN,NOT_RUN,56.3,50.3,STABLE,PENDING_BACKFILL,,COMING_SOON,,COMING_SOON,,0,54.6,56.3,85%,,385 business grads/year (2023),Business completions -6% over 5Y,,,,Enrich structural data
20168b9b-752c-456a-ac58-a779659fa955,East Carolina University,NC,198464,East Carolina University,four_year,primary,exact_name,0.98,,21328,2023,925,77,4829,19.2%,8.3%,+11.2%,+0.4%,+7.6%,+1.5%,,1.4pp,2220,"business_bachelors x2.4 (ESTIMATED, NOT ACTUAL)",1,IFC,0,0,71.8,73.6,GROWING,4.8,75%,COMING_SOON,,COMING_SOON,,0,54.5,43.1,100%,,925 business grads/year (2023),Business completions +8% over 5Y,1 social Greek chapters,"Large undergrad population (21,328)",77 accounting grads/year,Research + intro outreach
379b6839-6a7d-479a-b2df-d1dbce1d831e,Kent State University,OH,203517,Kent State University at Kent,four_year,primary,name_prefix,0.95,,20485,2023,983,95,4576,21.5%,9.7%,-8.9%,-17.9%,-19.8%,-4.3%,,-0.4pp,2359,"business_bachelors x2.4 (ESTIMATED, NOT ACTUAL)",1,IFC,3,0,73.8,37.3,DECLINING,29.8,75%,COMING_SOON,,COMING_SOON,,0,54.5,22.1,100%,,983 business grads/year (2023),Business completions -20% over 5Y,1 social Greek chapters,IFC contacts verified,"Large undergrad population (20,485)",Council outreach
62f42404-8006-4fa6-9068-516683198e09,New York University,NY,193900,New York University,four_year,primary,existing_unitid,1,YES,29760,2023,864,0,7005,12.3%,0.0%,+1.3%,-2.5%,+2.7%,+0.5%,,-1.0pp,2074,"business_bachelors x2.4 (ESTIMATED, NOT ACTUAL)",16,IFC+PANHELLENIC,NOT_RUN,NOT_RUN,62.7,61.8,GROWING,32.1,35%,COMING_SOON,,COMING_SOON,,0,54.5,37.6,100%,,864 business grads/year (2023),Business completions +3% over 5Y,16 social Greek chapters,"Large undergrad population (29,760)",,Research + intro outreach
e615f07f-9c76-4594-be28-2f1e2551ba10,University of Southern Indiana,IN,151306,University of Southern Indiana,four_year,primary,existing_unitid,1,,7428,2023,235,39,1292,18.2%,16.6%,+3.1%,-8.6%,-13.0%,-2.7%,,0.9pp,564,"business_bachelors x2.4 (ESTIMATED, NOT ACTUAL)",NOT_RUN,,NOT_RUN,NOT_RUN,57.2,47.8,STABLE,PENDING_BACKFILL,,COMING_SOON,,COMING_SOON,,0,54.5,57.2,85%,,235 business grads/year (2023),Business completions -13% over 5Y,,,,Enrich structural data
826884a5-9a66-41e8-9a4e-0c3417955bd4,Univ of California-Davis,CA,110644,University of California-Davis,four_year,primary,exact_name,0.98,,31797,2023,498,0,8283,6.0%,0.0%,-16.3%,-15.9%,-14.1%,-3.0%,,-1.1pp,1195,"business_bachelors x2.4 (ESTIMATED, NOT ACTUAL)",NOT_RUN,,NOT_RUN,NOT_RUN,60.8,38.2,DECLINING,PENDING_BACKFILL,,COMING_SOON,,COMING_SOON,,0,54.3,60.8,85%,,498 business grads/year (2023),Business completions -14% over 5Y,"Large undergrad population (31,797)",,,Enrich structural data
3a475885-a4d7-481d-8e79-0c284b6dc6d3,Purdue Univ Fort Wayne Fort,IN,151102,Purdue University Fort Wayne,four_year,primary,name_prefix,0.95,,8110,2023,213,0,1087,19.6%,0.0%,+22.4%,-10.5%,-4.0%,-0.8%,,4.1pp,511,"business_bachelors x2.4 (ESTIMATED, NOT ACTUAL)",NOT_RUN,,NOT_RUN,NOT_RUN,52,60.1,STABLE,PENDING_BACKFILL,,COMING_SOON,,COMING_SOON,,0,54.3,52,85%,,213 business grads/year (2023),Business completions -4% over 5Y,,,,Backlog
5190a915-add2-421e-aaa6-cc49c69b9e63,Augsburg University,MN,173045,Augsburg University,four_year,primary,exact_name,0.98,,2445,2023,128,15,503,25.4%,11.7%,+19.6%,+5.8%,+17.4%,+3.3%,,5.6pp,307,"business_bachelors x2.4 (ESTIMATED, NOT ACTUAL)",NOT_RUN,,NOT_RUN,NOT_RUN,42.1,84,GROWING,PENDING_BACKFILL,,COMING_SOON,,COMING_SOON,,0,54.1,42.1,85%,,128 business grads/year (2023),Business completions +17% over 5Y,Business-heavy (25% of bachelor's),,,Backlog
1084bf96-1261-41f7-9187-1a44b33ee412,University of Montevallo,AL,101709,University of Montevallo,four_year,primary,exact_name,0.98,,2545,2023,95,16,440,21.6%,16.8%,+86.3%,+33.8%,+50.8%,+8.6%,,9.2pp,228,"business_bachelors x2.4 (ESTIMATED, NOT ACTUAL)",NOT_RUN,,NOT_RUN,NOT_RUN,36.5,97.3,GROWING,PENDING_BACKFILL,,COMING_SOON,,COMING_SOON,,0,53.9,36.5,85%,,95 business grads/year (2023),Business completions +51% over 5Y,,,,Backlog
43f18a73-0f16-4f1e-8010-f8e3ba44aad2,Univ of Texas at Tyler,TX,228802,The University of Texas at Tyler,four_year,primary,name_prefix,0.95,,7287,2023,271,32,1827,14.8%,11.8%,-5.2%,-11.7%,-2.2%,-0.4%,,-2.1pp,650,"business_bachelors x2.4 (ESTIMATED, NOT ACTUAL)",NOT_RUN,,NOT_RUN,NOT_RUN,54.5,52,STABLE,PENDING_BACKFILL,,COMING_SOON,,COMING_SOON,,0,53.8,54.5,85%,,271 business grads/year (2023),Business completions -2% over 5Y,,,,Backlog
698dd98f-dd92-46c1-8f28-e930568cb15d,Louisiana State University,LA,160038,Northwestern State University of Louisiana,four_year,primary,existing_unitid,1,YES,7898,2023,149,38,1282,11.6%,25.5%,-29.0%,-19.0%,-17.2%,-3.7%,,-3.9pp,358,"business_bachelors x2.4 (ESTIMATED, NOT ACTUAL)",45,IFC+MGC+NPHC+PANHELLENIC,NOT_RUN,NOT_RUN,49.8,33.5,DECLINING,78.1,35%,COMING_SOON,,COMING_SOON,,0,53.8,29.9,100%,,149 business grads/year (2023),Business completions -17% over 5Y,45 social Greek chapters,SEC school (priority Greek/football market),,Greek council enrichment
bcea8237-a35e-4b1c-ae0f-0831acb066ef,Univ of Central Oklahoma,OK,206941,University of Central Oklahoma,four_year,primary,exact_name,0.98,,10454,2023,380,64,2234,17.0%,16.8%,-6.9%,-21.0%,-32.9%,-7.7%,,-5.9pp,912,"business_bachelors x2.4 (ESTIMATED, NOT ACTUAL)",NOT_RUN,,NOT_RUN,NOT_RUN,66.1,22.9,DECLINING,PENDING_BACKFILL,,COMING_SOON,,COMING_SOON,,0,53.8,66.1,85%,,380 business grads/year (2023),Business completions -33% over 5Y,,,,Enrich structural data
398c1e45-85ba-4330-97e8-04d7c88c9cde,University of Wisconsin–Milwaukee,WI,240453,University of Wisconsin-Milwaukee,four_year,primary,existing_unitid,1,,18047,2023,663,55,3408,19.4%,8.3%,-10.8%,-11.8%,-21.4%,-4.7%,,-2.2pp,1591,"business_bachelors x2.4 (ESTIMATED, NOT ACTUAL)",17,IFC+NPHC+PANHELLENIC,NOT_RUN,NOT_RUN,71.9,30.5,DECLINING,36.2,35%,COMING_SOON,,COMING_SOON,,0,53.8,43.1,100%,,663 business grads/year (2023),Business completions -21% over 5Y,17 social Greek chapters,"Large undergrad population (18,047)",,Research + intro outreach
e38b78a6-8295-4269-8b41-b9c3bbc219d1,Susquehanna University,PA,216278,Susquehanna University,four_year,primary,exact_name,0.98,,2241,2023,142,25,575,24.7%,17.6%,-2.7%,+6.8%,+21.4%,+4.0%,,-0.1pp,341,"business_bachelors x2.4 (ESTIMATED, NOT ACTUAL)",NOT_RUN,,NOT_RUN,NOT_RUN,43.8,78.6,GROWING,PENDING_BACKFILL,,COMING_SOON,,COMING_SOON,,0,53.7,43.8,85%,,142 business grads/year (2023),Business completions +21% over 5Y,,,,Backlog
088edb1d-097d-4182-abd0-6bd91bd2b485,University of Wisconsin–Oshkosh,WI,240365,University of Wisconsin-Oshkosh,four_year,primary,existing_unitid,1,,12674,2023,266,22,1591,16.7%,8.3%,-11.9%,-13.1%,-21.8%,-4.8%,,0.5pp,638,"business_bachelors x2.4 (ESTIMATED, NOT ACTUAL)",NOT_RUN,,NOT_RUN,NOT_RUN,59.2,39.9,STABLE,PENDING_BACKFILL,,COMING_SOON,,COMING_SOON,,0,53.7,59.2,85%,,266 business grads/year (2023),Business completions -22% over 5Y,,,,Enrich structural data
cfa13e53-1907-4ffb-bb69-b3bd182f9beb,Tennessee Technological Un,TN,221847,Tennessee Technological University,four_year,primary,name_prefix,0.95,,8838,2023,278,55,1824,15.2%,19.8%,-5.1%,-11.2%,-18.7%,-4.1%,,-0.5pp,667,"business_bachelors x2.4 (ESTIMATED, NOT ACTUAL)",NOT_RUN,,NOT_RUN,NOT_RUN,59,39.5,STABLE,PENDING_BACKFILL,,COMING_SOON,,COMING_SOON,,0,53.4,59,85%,,278 business grads/year (2023),Business completions -19% over 5Y,,,,Enrich structural data
2c434afb-1227-464b-9876-da717055f353,Uof Minnesota Duluth,MN,174233,University of Minnesota-Duluth,four_year,primary,name_prefix,0.95,,8525,2023,327,60,1912,17.1%,18.4%,-8.4%,-17.6%,-19.9%,-4.3%,,-2.4pp,785,"business_bachelors x2.4 (ESTIMATED, NOT ACTUAL)",NOT_RUN,,NOT_RUN,NOT_RUN,62.7,30.2,DECLINING,PENDING_BACKFILL,,COMING_SOON,,COMING_SOON,,0,53.4,62.7,85%,,327 business grads/year (2023),Business completions -20% over 5Y,,,,Enrich structural data
cad32c49-057b-43be-873b-9ff8b0f36b6d,Loyola University Maryland,MD,163046,Loyola University Maryland,four_year,primary,exact_name,0.98,,3987,2023,298,51,880,33.9%,17.1%,+3.8%,-14.6%,-21.6%,-4.8%,,-5.4pp,715,"business_bachelors x2.4 (ESTIMATED, NOT ACTUAL)",NOT_RUN,,NOT_RUN,NOT_RUN,63.9,27.1,DECLINING,PENDING_BACKFILL,,COMING_SOON,,COMING_SOON,,0,53.4,63.9,85%,,298 business grads/year (2023),Business completions -22% over 5Y,Business-heavy (34% of bachelor's),,,Enrich structural data
37eee2c8-db8d-428d-a938-3fcfb3dbd696,Rollins College Winter,FL,136950,Rollins College,four_year,primary,name_prefix,0.683,,2595,2023,198,0,629,31.5%,0.0%,+0.5%,+6.5%,-2.0%,-0.4%,,0.9pp,475,"business_bachelors x2.4 (ESTIMATED, NOT ACTUAL)",NOT_RUN,,NOT_RUN,NOT_RUN,47.2,68.7,GROWING,PENDING_BACKFILL,,COMING_SOON,,COMING_SOON,,0,53.3,47.2,85%,,198 business grads/year (2023),Business completions -2% over 5Y,Business-heavy (31% of bachelor's),,,Backlog
8f469f4c-2082-4008-be23-49b0e1b5c349,"Calif State Univ, Fresno",CA,110556,California State University-Fresno,four_year,primary,name_prefix,0.95,,21430,2023,596,0,4995,11.9%,0.0%,-8.7%,-24.0%,-17.6%,-3.8%,,-3.4pp,1430,"business_bachelors x2.4 (ESTIMATED, NOT ACTUAL)",NOT_RUN,,NOT_RUN,NOT_RUN,63.3,27.1,DECLINING,PENDING_BACKFILL,,COMING_SOON,,COMING_SOON,,0,53,63.3,85%,,596 business grads/year (2023),Business completions -18% over 5Y,"Large undergrad population (21,430)",,,Enrich structural data
144e6ab5-3085-49c2-9bd5-4d134a21834b,Indiana University Kokomo,IN,151333,Indiana University-Kokomo,four_year,primary,exact_name,0.98,,2674,2023,113,0,526,21.5%,0.0%,-16.9%,+48.7%,+54.8%,+9.1%,,8.7pp,271,"business_bachelors x2.4 (ESTIMATED, NOT ACTUAL)",NOT_RUN,,NOT_RUN,NOT_RUN,35,97.8,RAPID_GROWTH,PENDING_BACKFILL,,COMING_SOON,,COMING_SOON,,0,52.9,35,85%,,113 business grads/year (2023),Business completions +55% over 5Y,,,,Backlog
4dd525ed-6102-46a0-810d-132a2a435f0a,Northern Michigan Univ,MI,171456,Northern Michigan University,four_year,primary,exact_name,0.98,,6584,2023,193,26,1240,15.6%,13.5%,+6.6%,+9.7%,-1.5%,-0.3%,,-0.6pp,463,"business_bachelors x2.4 (ESTIMATED, NOT ACTUAL)",NOT_RUN,,NOT_RUN,NOT_RUN,48.5,64,GROWING,PENDING_BACKFILL,,COMING_SOON,,COMING_SOON,,0,52.9,48.5,85%,,193 business grads/year (2023),Business completions -2% over 5Y,,,,Backlog
b1e37925-8407-4abd-9826-11c8191a905a,University of Massachusetts Lowell,MA,166513,University of Massachusetts-Lowell,four_year,primary,existing_unitid,1,,12128,2023,615,0,2918,21.1%,0.0%,+2.0%,+0.5%,+11.8%,+2.3%,,1.4pp,1476,"business_bachelors x2.4 (ESTIMATED, NOT ACTUAL)",5,IFC+MGC+PANHELLENIC,NOT_RUN,NOT_RUN,61.2,75.9,GROWING,17.9,35%,COMING_SOON,,COMING_SOON,,0,52.9,36.7,100%,,615 business grads/year (2023),Business completions +12% over 5Y,5 social Greek chapters,,,Research + intro outreach
1eadb5cb-b0b8-45f1-9529-51cf18863dc0,Oral Roberts University,OK,207582,Oral Roberts University,four_year,primary,existing_unitid,1,,4565,2023,134,14,533,25.1%,10.4%,+2.3%,-19.8%,+19.6%,+3.6%,,2.7pp,322,"business_bachelors x2.4 (ESTIMATED, NOT ACTUAL)",NOT_RUN,,NOT_RUN,NOT_RUN,47.2,66.7,GROWING,PENDING_BACKFILL,,COMING_SOON,,COMING_SOON,,0,52.8,47.2,85%,,134 business grads/year (2023),Business completions +20% over 5Y,Business-heavy (25% of bachelor's),,,Backlog
ede66ee5-cebb-498d-b10a-22aae43cf8b7,Northwood University,MI,171492,Northwood University,four_year,primary,exact_name,0.98,,1989,2023,547,64,613,89.2%,11.7%,-6.0%,-31.8%,-31.8%,-7.4%,,-3.7pp,1313,"business_bachelors x2.4 (ESTIMATED, NOT ACTUAL)",NOT_RUN,,NOT_RUN,NOT_RUN,67.6,15.1,DECLINING,PENDING_BACKFILL,,COMING_SOON,,COMING_SOON,,0,52.6,67.6,85%,,547 business grads/year (2023),Business completions -32% over 5Y,Business-heavy (89% of bachelor's),,,Enrich structural data
e32d9134-b104-447d-9fee-a51d633bd8ae,Pittsburg State University,KS,155681,Pittsburg State University,four_year,primary,exact_name,0.98,,4426,2023,224,25,1039,21.6%,11.2%,-1.3%,-12.5%,-8.2%,-1.7%,,0.4pp,538,"business_bachelors x2.4 (ESTIMATED, NOT ACTUAL)",NOT_RUN,,NOT_RUN,NOT_RUN,54,49.2,STABLE,PENDING_BACKFILL,,COMING_SOON,,COMING_SOON,,0,52.6,54,85%,,224 business grads/year (2023),Business completions -8% over 5Y,,,,Backlog
691e247f-d841-483d-8052-c937bff5b80b,Lone Star College,TX,227182,Lone Star College System,four_year,primary,existing_unitid,1,,70991,2023,71,0,176,40.3%,0.0%,+195.8%,,,,,,170,"business_bachelors x2.4 (ESTIMATED, NOT ACTUAL)",NOT_RUN,,NOT_RUN,NOT_RUN,52.5,,INSUFFICIENT_DATA,PENDING_BACKFILL,,COMING_SOON,,COMING_SOON,,0,52.5,52.5,85%,,71 business grads/year (2023),"Large undergrad population (70,991)",Business-heavy (40% of bachelor's),,,Backlog
d1a63c43-c944-4ed3-a377-40e899ce290e,University of Pennsylvania,PA,215062,University of Pennsylvania,four_year,primary,existing_unitid,1,,11611,2023,264,6,2772,9.5%,2.3%,-52.0%,-55.6%,-51.9%,-13.6%,,-10.0pp,634,"business_bachelors x2.4 (ESTIMATED, NOT ACTUAL)",51,IFC+MGC+NPHC+PANHELLENIC,4,2,56.2,2.4,DECLINING,84.2,75%,COMING_SOON,,COMING_SOON,,0,52.2,5.6,100%,,264 business grads/year (2023),Business completions -52% over 5Y,51 social Greek chapters,IFC + MGC + NPHC + PANHELLENIC contacts verified,,Council outreach
fa9fb190-4098-47eb-8dce-5ef934435b3d,University of Idaho,ID,142285,University of Idaho,four_year,primary,existing_unitid,1,,9269,2023,202,33,1504,13.4%,16.3%,-12.9%,-17.9%,-18.9%,-4.1%,,-1.5pp,485,"business_bachelors x2.4 (ESTIMATED, NOT ACTUAL)",30,IFC+MGC+PANHELLENIC,NOT_RUN,NOT_RUN,53.2,37.9,DECLINING,61.6,35%,COMING_SOON,,COMING_SOON,,0,52.2,31.9,100%,,202 business grads/year (2023),Business completions -19% over 5Y,30 social Greek chapters,,,Greek council enrichment
24265ab0-ff8f-4428-8bd9-7a60ba5a39c2,University of Louisiana at Lafayette,LA,160658,University of Louisiana at Lafayette,four_year,primary,exact_name,0.98,,13179,2023,320,41,2365,13.5%,12.8%,-11.6%,-23.8%,-19.8%,-4.3%,,-0.7pp,768,"business_bachelors x2.4 (ESTIMATED, NOT ACTUAL)",NOT_RUN,,NOT_RUN,NOT_RUN,61,28.5,DECLINING,PENDING_BACKFILL,,COMING_SOON,,COMING_SOON,,0,51.7,61,85%,,320 business grads/year (2023),Business completions -20% over 5Y,"Large undergrad population (13,179)",,,Enrich structural data
59a61d79-e406-4d25-aa97-5bc067e002c2,Northwest Missouri St Univ,MO,178624,Northwest Missouri State University,four_year,primary,name_prefix,0.95,,5599,2023,189,29,1074,17.6%,15.3%,-3.1%,-6.4%,0.0%,0.0%,,-1.7pp,454,"business_bachelors x2.4 (ESTIMATED, NOT ACTUAL)",NOT_RUN,,NOT_RUN,NOT_RUN,49.7,56.5,STABLE,PENDING_BACKFILL,,COMING_SOON,,COMING_SOON,,0,51.6,49.7,85%,,189 business grads/year (2023),Business completions 0% over 5Y,,,,Backlog
af045436-976c-4f48-85b0-c7a5e0ce3000,Saint Louis University St.,MO,179159,Saint Louis University,four_year,primary,name_prefix,0.95,,10519,2023,285,35,1765,16.2%,12.3%,+13.1%,-3.1%,-25.6%,-5.7%,,-6.5pp,684,"business_bachelors x2.4 (ESTIMATED, NOT ACTUAL)",NOT_RUN,,NOT_RUN,NOT_RUN,60.1,30.4,DECLINING,PENDING_BACKFILL,,COMING_SOON,,COMING_SOON,,0,51.6,60.1,85%,,285 business grads/year (2023),Business completions -26% over 5Y,,,,Enrich structural data
8258c5bb-9425-4e60-9996-61f5713e9f2b,University of Texas at El Paso,TX,228796,The University of Texas at El Paso,four_year,primary,existing_unitid,1,,20609,2023,515,127,3849,13.4%,24.7%,-10.6%,-12.0%,-3.4%,-0.7%,,-2.1pp,1236,"business_bachelors x2.4 (ESTIMATED, NOT ACTUAL)",10,IFC+NPHC+PANHELLENIC,NOT_RUN,NOT_RUN,64.5,52.1,STABLE,25.4,35%,COMING_SOON,,COMING_SOON,,0,51.6,38.7,100%,,515 business grads/year (2023),Business completions -3% over 5Y,10 social Greek chapters,"Large undergrad population (20,609)",127 accounting grads/year,Research + intro outreach
f7ad62be-bb56-4789-8590-d4a40753a11c,Nicholls State University,LA,159966,Nicholls State University,four_year,primary,exact_name,0.98,,5612,2023,202,28,1021,19.8%,13.9%,-23.2%,-10.2%,-3.8%,-0.8%,,-1.9pp,485,"business_bachelors x2.4 (ESTIMATED, NOT ACTUAL)",NOT_RUN,,NOT_RUN,NOT_RUN,53.6,46.3,STABLE,PENDING_BACKFILL,,COMING_SOON,,COMING_SOON,,0,51.5,53.6,85%,,202 business grads/year (2023),Business completions -4% over 5Y,,,,Backlog
f3b7ae70-62da-4b7c-886b-db819d133472,Eastern Michigan University,MI,169798,Eastern Michigan University,four_year,primary,existing_unitid,1,,11129,2023,457,75,2638,17.3%,16.4%,-13.1%,-27.9%,-34.3%,-8.1%,,-3.2pp,1097,"business_bachelors x2.4 (ESTIMATED, NOT ACTUAL)",25,IFC+NPHC+PANHELLENIC,NOT_RUN,NOT_RUN,66.3,19.4,DECLINING,47.3,35%,COMING_SOON,,COMING_SOON,,0,51.4,39.8,100%,,457 business grads/year (2023),Business completions -34% over 5Y,25 social Greek chapters,75 accounting grads/year,,Greek council enrichment
460e5468-6994-4ba5-bf91-cf9e7cc607e7,Stonehill College,MA,167996,Stonehill College,four_year,primary,exact_name,0.98,,2515,2023,157,24,541,29.0%,15.3%,-7.1%,-13.3%,+4.0%,+0.8%,,1.3pp,377,"business_bachelors x2.4 (ESTIMATED, NOT ACTUAL)",NOT_RUN,,NOT_RUN,NOT_RUN,48,59.4,STABLE,PENDING_BACKFILL,,COMING_SOON,,COMING_SOON,,0,51.3,48,85%,,157 business grads/year (2023),Business completions +4% over 5Y,Business-heavy (29% of bachelor's),,,Backlog
df0a1fea-03e2-4ffb-9662-0e08e38de16b,Penn Western Univ-Clarion,PA,498571,Pennsylvania Western University,four_year,primary,name_prefix,0.75,,8336,2023,218,43,2055,10.6%,19.7%,-24.3%,,,,,,523,"business_bachelors x2.4 (ESTIMATED, NOT ACTUAL)",NOT_RUN,,NOT_RUN,NOT_RUN,51,,INSUFFICIENT_DATA,PENDING_BACKFILL,,COMING_SOON,,COMING_SOON,,0,51,51,85%,,218 business grads/year (2023),,,,,Backlog
c43ce0f2-0a99-4475-8b1a-5788fb7169f7,Georgia Southwestern St Un,GA,139764,Georgia Southwestern State University,four_year,primary,name_prefix,0.95,,2753,2023,143,42,345,41.4%,29.4%,+14.4%,-2.7%,-17.8%,-3.9%,,4.7pp,343,"business_bachelors x2.4 (ESTIMATED, NOT ACTUAL)",NOT_RUN,,NOT_RUN,NOT_RUN,50.6,51.8,STABLE,PENDING_BACKFILL,,COMING_SOON,,COMING_SOON,,0,50.9,50.6,85%,,143 business grads/year (2023),Business completions -18% over 5Y,Business-heavy (41% of bachelor's),,,Backlog
38d26c62-4217-42fb-861b-5a4dd2d6d85e,Western Nevada College,NV,182564,Western Nevada College,four_year,primary,existing_unitid,1,,4188,2023,10,0,11,90.9%,0.0%,-23.1%,,,,,90.9pp,24,"business_bachelors x2.4 (ESTIMATED, NOT ACTUAL)",NOT_RUN,,NOT_RUN,NOT_RUN,30.9,99.7,GROWING,PENDING_BACKFILL,,COMING_SOON,,COMING_SOON,,0,50.6,30.9,85%,,10 business grads/year (2023),Business-heavy (91% of bachelor's),,,,Backlog
167bb454-f11c-446d-aa3e-edf7b33f9978,La Salle University,PA,213367,La Salle University,four_year,primary,exact_name,0.98,,2426,2023,176,48,662,26.6%,27.3%,-12.9%,-19.6%,-12.0%,-2.5%,,2.4pp,422,"business_bachelors x2.4 (ESTIMATED, NOT ACTUAL)",NOT_RUN,,NOT_RUN,NOT_RUN,50.7,49.5,STABLE,PENDING_BACKFILL,,COMING_SOON,,COMING_SOON,,0,50.4,50.7,85%,,176 business grads/year (2023),Business completions -12% over 5Y,Business-heavy (27% of bachelor's),,,Backlog
85541c29-e394-4484-8370-ac07ba1ac189,"Calif State Univ, Chico",CA,110538,California State University-Chico,four_year,primary,name_prefix,0.95,,13160,2023,498,0,3531,14.1%,0.0%,-12.5%,-20.7%,-23.4%,-5.2%,,-1.6pp,1195,"business_bachelors x2.4 (ESTIMATED, NOT ACTUAL)",NOT_RUN,,NOT_RUN,NOT_RUN,60.2,26,DECLINING,PENDING_BACKFILL,,COMING_SOON,,COMING_SOON,,0,50.4,60.2,85%,,498 business grads/year (2023),Business completions -23% over 5Y,"Large undergrad population (13,160)",,,Enrich structural data
69189032-e251-48ca-86b2-9ac8b8a67c39,Univ of District of Columbia,DC,131399,University of the District of Columbia,four_year,primary,name_prefix,0.95,,3297,2023,86,14,350,24.6%,16.3%,+10.3%,+4.9%,+24.6%,+4.5%,,4.2pp,206,"business_bachelors x2.4 (ESTIMATED, NOT ACTUAL)",NOT_RUN,,NOT_RUN,NOT_RUN,39,78.7,GROWING,PENDING_BACKFILL,,COMING_SOON,,COMING_SOON,,0,50.3,39,85%,,86 business grads/year (2023),Business completions +25% over 5Y,,,,Backlog
0b7532ee-e905-4012-b835-ab99faf022d6,Howard University,DC,131520,Howard University,four_year,primary,existing_unitid,1,,10190,2023,258,15,1657,15.6%,5.8%,+33.7%,+58.3%,+41.8%,+7.2%,,0.8pp,619,"business_bachelors x2.4 (ESTIMATED, NOT ACTUAL)",6,NPHC,NOT_RUN,NOT_RUN,49.7,84.4,GROWING,24.4,50%,COMING_SOON,,COMING_SOON,,0,50.3,24.9,100%,,258 business grads/year (2023),Business completions +42% over 5Y,6 social Greek chapters,,,Backlog
c0aa702e-76fa-422a-86ba-13ab222dd072,Cleveland State University,OH,202134,Cleveland State University,four_year,primary,existing_unitid,1,,9463,2023,387,60,2301,16.8%,15.5%,-10.8%,-11.2%,-11.8%,-2.5%,,-0.4pp,929,"business_bachelors x2.4 (ESTIMATED, NOT ACTUAL)",16,IFC+NPHC+PANHELLENIC,NOT_RUN,NOT_RUN,59.9,47.9,STABLE,32.1,35%,COMING_SOON,,COMING_SOON,,0,50.1,35.9,100%,,387 business grads/year (2023),Business completions -12% over 5Y,16 social Greek chapters,,,Backlog
94c96b7d-afde-478c-a3d6-86672fc897cc,Tennessee State University,TN,221838,Tennessee State University,four_year,primary,exact_name,0.98,,6765,2023,145,18,756,19.2%,12.4%,+22.9%,-12.1%,-9.4%,-1.9%,,4.4pp,348,"business_bachelors x2.4 (ESTIMATED, NOT ACTUAL)",NOT_RUN,,NOT_RUN,NOT_RUN,48.5,53.7,STABLE,PENDING_BACKFILL,,COMING_SOON,,COMING_SOON,,0,50,48.5,85%,,145 business grads/year (2023),Business completions -9% over 5Y,,,,Backlog
8c611872-ff7f-4e8c-9d21-6e57bd4a8ef0,Governors State University,IL,145336,Governors State University,four_year,primary,existing_unitid,1,,2536,2023,136,40,626,21.7%,29.4%,+0.7%,-4.2%,-6.9%,-1.4%,,5.3pp,326,"business_bachelors x2.4 (ESTIMATED, NOT ACTUAL)",NOT_RUN,,NOT_RUN,NOT_RUN,44,64.2,GROWING,PENDING_BACKFILL,,COMING_SOON,,COMING_SOON,,0,49.8,44,85%,,136 business grads/year (2023),Business completions -7% over 5Y,,,,Backlog
ed941b6e-3152-4e2c-bb9e-2e143eccfe02,Wright State University,OH,206604,Wright State University-Main Campus,four_year,primary,name_reverse,0.63,,7012,2023,330,41,1471,22.4%,12.4%,-14.5%,-35.4%,-41.8%,-10.3%,,-2.3pp,792,"business_bachelors x2.4 (ESTIMATED, NOT ACTUAL)",NOT_RUN,,NOT_RUN,NOT_RUN,65,11.3,DECLINING,PENDING_BACKFILL,,COMING_SOON,,COMING_SOON,,0,49.7,65,85%,,330 business grads/year (2023),Business completions -42% over 5Y,,,,Enrich structural data
1cc28287-8ed6-41c4-8cd7-ff0ba716c76f,Siena College,NY,195474,Siena College,four_year,primary,exact_name,0.98,,3497,2023,242,60,770,31.4%,24.8%,+9.0%,-18.5%,-22.4%,-5.0%,,-10.2pp,581,"business_bachelors x2.4 (ESTIMATED, NOT ACTUAL)",NOT_RUN,,NOT_RUN,NOT_RUN,60.4,22.5,DECLINING,PENDING_BACKFILL,,COMING_SOON,,COMING_SOON,,0,49.6,60.4,85%,,242 business grads/year (2023),Business completions -22% over 5Y,Business-heavy (31% of bachelor's),,,Enrich structural data
247b6ca0-f442-4b46-9093-595086f24a23,North Dakota State University,ND,200332,North Dakota State University-Main Campus,four_year,primary,existing_unitid,1,,9791,2023,343,43,2131,16.1%,12.5%,+0.6%,-8.5%,-3.6%,-0.7%,,1.4pp,823,"business_bachelors x2.4 (ESTIMATED, NOT ACTUAL)",15,IFC+NPHC+PANHELLENIC,NOT_RUN,NOT_RUN,57,56.4,STABLE,28.6,35%,COMING_SOON,,COMING_SOON,,0,49.4,34.2,100%,,343 business grads/year (2023),Business completions -4% over 5Y,15 social Greek chapters,,,Backlog
a15b74b4-1830-41e3-b9b1-535d2b5c0673,St. Mary's University San,TX,228149,St. Mary's University,four_year,primary,name_prefix,0.79,,2147,2023,110,16,421,26.1%,14.5%,+12.2%,-3.5%,+8.9%,+1.7%,,4.3pp,264,"business_bachelors x2.4 (ESTIMATED, NOT ACTUAL)",NOT_RUN,,NOT_RUN,NOT_RUN,39.2,74.5,GROWING,PENDING_BACKFILL,,COMING_SOON,,COMING_SOON,,0,49.3,39.2,85%,,110 business grads/year (2023),Business completions +9% over 5Y,Business-heavy (26% of bachelor's),,,Backlog
a77d0008-6465-4ede-bfff-995d7a2777f6,Washington and Lee Univ,VA,234207,Washington and Lee University,four_year,primary,exact_name,0.98,,1898,2023,131,39,453,28.9%,29.8%,+5.7%,-14.4%,+3.1%,+0.6%,,1.9pp,314,"business_bachelors x2.4 (ESTIMATED, NOT ACTUAL)",NOT_RUN,,NOT_RUN,NOT_RUN,45.3,58.7,STABLE,PENDING_BACKFILL,,COMING_SOON,,COMING_SOON,,0,49.1,45.3,85%,,131 business grads/year (2023),Business completions +3% over 5Y,Business-heavy (29% of bachelor's),,,Backlog
ea7f5b3c-4903-4c05-aff5-328a1c1de292,Alabama State University,AL,100724,Alabama State University,four_year,primary,existing_unitid,1,,3322,2023,79,28,475,16.6%,35.4%,+9.7%,+23.4%,+14.5%,+2.7%,,6.0pp,190,"business_bachelors x2.4 (ESTIMATED, NOT ACTUAL)",NOT_RUN,,NOT_RUN,NOT_RUN,33.4,88,GROWING,PENDING_BACKFILL,,COMING_SOON,,COMING_SOON,,1,49,33.4,85%,,79 business grads/year (2023),Business completions +14% over 5Y,,,,Backlog
fdf5e2e4-ed2d-4fd4-8d46-2d3cc88c0cbc,Montana State University,MT,180461,Montana State University,four_year,primary,exact_name,0.98,,14872,2023,312,0,2535,12.3%,0.0%,+1.6%,+1.3%,+9.5%,+1.8%,,0.4pp,749,"business_bachelors x2.4 (ESTIMATED, NOT ACTUAL)",10,IFC+PANHELLENIC,2,0,49.6,72.7,GROWING,28.5,75%,COMING_SOON,,COMING_SOON,,0,48.9,14.9,100%,,312 business grads/year (2023),Business completions +9% over 5Y,10 social Greek chapters,IFC + PANHELLENIC contacts verified,"Large undergrad population (14,872)",Council outreach
ce1c0370-a602-4ae8-94a5-a45ab40cf0d2,Loyola University Chicago,IL,146719,Loyola University Chicago,four_year,primary,existing_unitid,1,,12487,2023,557,63,2920,19.1%,11.3%,-6.2%,-20.2%,-17.1%,-3.7%,,-5.0pp,1337,"business_bachelors x2.4 (ESTIMATED, NOT ACTUAL)",13,IFC+NPHC+PANHELLENIC,NOT_RUN,NOT_RUN,66.8,31.3,DECLINING,27.2,35%,COMING_SOON,,COMING_SOON,,0,48.9,40.1,100%,,557 business grads/year (2023),Business completions -17% over 5Y,13 social Greek chapters,,,Research + intro outreach
03bd72c1-3c7e-4b34-8f74-9b1da782f752,Erskine College,SC,217998,Erskine College,four_year,primary,exact_name,0.98,,854,2023,57,0,123,46.3%,0.0%,+90.0%,+83.9%,+200.0%,+24.6%,,26.6pp,137,"business_bachelors x2.4 (ESTIMATED, NOT ACTUAL)",NOT_RUN,,NOT_RUN,NOT_RUN,28.7,99.2,GROWING,PENDING_BACKFILL,,COMING_SOON,,COMING_SOON,,0,48.8,28.7,85%,,57 business grads/year (2023),Business completions +200% over 5Y,Business-heavy (46% of bachelor's),,,Backlog
7e2639c2-554c-4981-8f24-3fe2f866b3fc,Florida A&M University,FL,133650,Florida Agricultural and Mechanical University,four_year,primary,alias_exact,0.95,,7796,2023,129,23,1466,8.8%,17.8%,-31.0%,-16.2%,+31.6%,+5.7%,,1.0pp,310,"business_bachelors x2.4 (ESTIMATED, NOT ACTUAL)",NOT_RUN,,NOT_RUN,NOT_RUN,39.9,70.7,GROWING,PENDING_BACKFILL,,COMING_SOON,,COMING_SOON,,0,48.7,39.9,85%,,129 business grads/year (2023),Business completions +32% over 5Y,,,,Backlog
38b46e76-3660-4620-b3ac-ab695d04013d,Univ of Alaska Fairbanks,AK,102614,University of Alaska Fairbanks,four_year,primary,exact_name,0.98,,5638,2023,72,21,444,16.2%,29.2%,+4.3%,-7.7%,+41.2%,+7.1%,,6.7pp,173,"business_bachelors x2.4 (ESTIMATED, NOT ACTUAL)",NOT_RUN,,NOT_RUN,NOT_RUN,34.8,82.6,GROWING,PENDING_BACKFILL,,COMING_SOON,,COMING_SOON,,0,48.5,34.8,85%,,72 business grads/year (2023),Business completions +41% over 5Y,,,,Backlog
599b6c9e-4316-48a3-a647-7e0a782e7ed2,San Francisco State University,CA,122597,San Francisco State University,four_year,primary,existing_unitid,1,,20756,2023,1015,0,5360,18.9%,0.0%,-22.9%,-33.7%,-41.7%,-10.2%,,-8.8pp,2436,"business_bachelors x2.4 (ESTIMATED, NOT ACTUAL)",19,IFC+MGC+NPHC+PANHELLENIC,NOT_RUN,NOT_RUN,69.2,7.4,DECLINING,38.8,35%,COMING_SOON,,COMING_SOON,,0,48.2,41.5,100%,,"1,015 business grads/year (2023)",Business completions -42% over 5Y,19 social Greek chapters,"Large undergrad population (20,756)",,Research + intro outreach
233b5757-3c57-4670-8646-49c83abe263d,Norfolk State University,VA,232937,Norfolk State University,four_year,primary,exact_name,0.98,,5510,2023,98,15,781,12.6%,15.3%,+21.0%,+7.7%,+22.5%,+4.1%,,1.6pp,235,"business_bachelors x2.4 (ESTIMATED, NOT ACTUAL)",NOT_RUN,,NOT_RUN,NOT_RUN,33.8,83.9,GROWING,PENDING_BACKFILL,,COMING_SOON,,COMING_SOON,,0,48.1,33.8,85%,,98 business grads/year (2023),Business completions +23% over 5Y,,,,Backlog
12545761-cf00-4814-98a9-1233d9fcb40b,Uof Arkansas at Little Rock Little,AR,106245,University of Arkansas at Little Rock,four_year,primary,name_prefix,0.95,,5789,2023,168,63,1014,16.6%,37.5%,-15.2%,-22.6%,-19.6%,-4.3%,,1.6pp,403,"business_bachelors x2.4 (ESTIMATED, NOT ACTUAL)",NOT_RUN,,NOT_RUN,NOT_RUN,50.1,42.3,STABLE,PENDING_BACKFILL,,COMING_SOON,,COMING_SOON,,0,47.9,50.1,85%,,168 business grads/year (2023),Business completions -20% over 5Y,,,,Backlog
21d50e49-537c-4f56-829e-90c3d7307451,Columbus State University,GA,139366,Columbus State University,four_year,primary,exact_name,0.98,,6008,2023,162,23,911,17.8%,14.2%,-5.8%,-19.4%,-6.4%,-1.3%,,0.9pp,389,"business_bachelors x2.4 (ESTIMATED, NOT ACTUAL)",NOT_RUN,,NOT_RUN,NOT_RUN,48,47.7,STABLE,PENDING_BACKFILL,,COMING_SOON,,COMING_SOON,,0,47.9,48,85%,,162 business grads/year (2023),Business completions -6% over 5Y,,,,Backlog
8d55c666-9cb4-49f3-87de-b7014695a2fe,Saint Ambrose University,IA,154235,Saint Ambrose University,four_year,primary,existing_unitid,1,,2114,2023,123,18,554,22.2%,14.6%,+21.8%,+23.0%,-3.1%,-0.6%,,1.1pp,295,"business_bachelors x2.4 (ESTIMATED, NOT ACTUAL)",NOT_RUN,,NOT_RUN,NOT_RUN,39.1,70,GROWING,PENDING_BACKFILL,,COMING_SOON,,COMING_SOON,,0,47.9,39.1,85%,,123 business grads/year (2023),Business completions -3% over 5Y,,,,Backlog
243ec81c-f171-4480-94e7-683791da360c,Hofstra University,NY,191649,Hofstra University,four_year,primary,exact_name,0.98,,6224,2023,264,49,1266,20.8%,18.6%,-8.3%,-29.6%,-32.8%,-7.6%,,-5.2pp,634,"business_bachelors x2.4 (ESTIMATED, NOT ACTUAL)",NOT_RUN,,NOT_RUN,NOT_RUN,60.5,16.1,DECLINING,PENDING_BACKFILL,,COMING_SOON,,COMING_SOON,,0,47.8,60.5,85%,,264 business grads/year (2023),Business completions -33% over 5Y,,,,Enrich structural data
147c54d6-9172-4f20-9912-fbd9c2a4d81e,Dalton State College,GA,139463,Dalton State College,four_year,primary,existing_unitid,1,,4902,2023,143,21,440,32.5%,14.7%,-5.9%,-8.9%,-16.4%,-3.5%,,-5.6pp,343,"business_bachelors x2.4 (ESTIMATED, NOT ACTUAL)",NOT_RUN,,NOT_RUN,NOT_RUN,52,37.2,DECLINING,PENDING_BACKFILL,,COMING_SOON,,COMING_SOON,,0,47.8,52,85%,,143 business grads/year (2023),Business completions -16% over 5Y,Business-heavy (33% of bachelor's),,,Backlog
b26313fa-a73d-4072-99fe-a8c6ba0faf52,Black Hills State University,SD,219046,Black Hills State University,four_year,primary,exact_name,0.98,,3279,2023,86,4,370,23.2%,4.7%,+17.8%,0.0%,+4.9%,+1.0%,,5.0pp,206,"business_bachelors x2.4 (ESTIMATED, NOT ACTUAL)",NOT_RUN,,NOT_RUN,NOT_RUN,37,74.5,GROWING,PENDING_BACKFILL,,COMING_SOON,,COMING_SOON,,0,47.7,37,85%,,86 business grads/year (2023),Business completions +5% over 5Y,,,,Backlog
d1b0ef09-0c29-4fa5-b28a-28055f68a6f4,Grambling State University,LA,159009,Grambling State University,four_year,primary,existing_unitid,1,,4279,2023,109,35,659,16.5%,32.1%,+16.0%,+70.3%,+2.8%,+0.6%,,-2.7pp,262,"business_bachelors x2.4 (ESTIMATED, NOT ACTUAL)",NOT_RUN,,NOT_RUN,NOT_RUN,39,69.5,GROWING,PENDING_BACKFILL,,COMING_SOON,,COMING_SOON,,0,47.7,39,85%,,109 business grads/year (2023),Business completions +3% over 5Y,,,,Backlog
66c35f4e-b9d7-4a01-b673-b51c512fa4d7,Duquesne University,PA,212106,Duquesne University,four_year,primary,exact_name,0.98,,5226,2023,261,29,1385,18.8%,11.1%,-7.1%,-30.4%,-12.1%,-2.5%,,-2.9pp,626,"business_bachelors x2.4 (ESTIMATED, NOT ACTUAL)",NOT_RUN,,NOT_RUN,NOT_RUN,55.3,28.4,DECLINING,PENDING_BACKFILL,,COMING_SOON,,COMING_SOON,,0,47.6,55.3,85%,,261 business grads/year (2023),Business completions -12% over 5Y,,,,Enrich structural data
79474d56-4f60-46c2-8305-edf089d42737,East Tennessee State Univ Johnson,TN,220075,East Tennessee State University,four_year,primary,name_prefix,0.79,,10633,2023,296,46,2440,12.1%,15.5%,-7.2%,-23.5%,-23.1%,-5.1%,,-3.6pp,710,"business_bachelors x2.4 (ESTIMATED, NOT ACTUAL)",NOT_RUN,,NOT_RUN,NOT_RUN,57.9,21.4,DECLINING,PENDING_BACKFILL,,COMING_SOON,,COMING_SOON,,0,47.5,57.9,85%,,296 business grads/year (2023),Business completions -23% over 5Y,,,,Enrich structural data
a0945c4f-7aac-41ca-8b66-44cf9daf39ce,Kutztown Univ of Penn,PA,213349,Kutztown University of Pennsylvania,four_year,primary,name_prefix,0.95,,6420,2023,236,0,1388,17.0%,0.0%,+6.8%,-11.3%,-12.6%,-2.7%,,-0.7pp,566,"business_bachelors x2.4 (ESTIMATED, NOT ACTUAL)",NOT_RUN,,NOT_RUN,NOT_RUN,48.6,43.9,STABLE,PENDING_BACKFILL,,COMING_SOON,,COMING_SOON,,0,47.3,48.6,85%,,236 business grads/year (2023),Business completions -13% over 5Y,,,,Backlog
263926a7-4015-4b52-8066-c0f1682fb0e8,Winona State University,MN,175272,Winona State University,four_year,primary,exact_name,0.98,,5267,2023,237,36,1370,17.3%,15.2%,+6.3%,-21.0%,-21.0%,-4.6%,,-0.7pp,569,"business_bachelors x2.4 (ESTIMATED, NOT ACTUAL)",NOT_RUN,,NOT_RUN,NOT_RUN,53.4,31.7,DECLINING,PENDING_BACKFILL,,COMING_SOON,,COMING_SOON,,0,47.2,53.4,85%,,237 business grads/year (2023),Business completions -21% over 5Y,,,,Backlog
e6d861bc-be3a-4470-9fef-05fe7bb9c81b,Loyola University New Orleans,LA,159656,Loyola University New Orleans,four_year,primary,existing_unitid,1,,3205,2023,116,7,651,17.8%,6.0%,+30.3%,+41.5%,+18.4%,+3.4%,,-3.2pp,278,"business_bachelors x2.4 (ESTIMATED, NOT ACTUAL)",NOT_RUN,,NOT_RUN,NOT_RUN,35.5,76.3,GROWING,PENDING_BACKFILL,,COMING_SOON,,COMING_SOON,,0,47.2,35.5,85%,,116 business grads/year (2023),Business completions +18% over 5Y,,,,Backlog
f72f4b7b-32a9-40b4-976d-e2d59793a28e,Augustana College IL Rock,IL,143084,Augustana College,four_year,primary,name_prefix,0.55,,2446,2023,123,21,528,23.3%,17.1%,+10.8%,-3.9%,-3.1%,-0.6%,,2.8pp,295,"business_bachelors x2.4 (ESTIMATED, NOT ACTUAL)",NOT_RUN,,NOT_RUN,NOT_RUN,41.4,60.9,STABLE,PENDING_BACKFILL,,COMING_SOON,,COMING_SOON,,0,47,41.4,85%,,123 business grads/year (2023),Business completions -3% over 5Y,,,,Backlog
d51305bc-4b97-4bc3-a6a5-24678f9dd387,Mercer University-Macon,GA,140447,Mercer University,four_year,primary,name_prefix,0.683,,4807,2023,178,34,1171,15.2%,19.1%,-3.8%,0.0%,-14.0%,-3.0%,,-3.1pp,427,"business_bachelors x2.4 (ESTIMATED, NOT ACTUAL)",NOT_RUN,,NOT_RUN,NOT_RUN,45.5,50.3,STABLE,PENDING_BACKFILL,,COMING_SOON,,COMING_SOON,,0,46.9,45.5,85%,,178 business grads/year (2023),Business completions -14% over 5Y,,,,Backlog
827c088a-2469-4fed-b09e-0b7716fb8075,Gannon University,PA,212601,Gannon University,four_year,primary,exact_name,0.98,,2920,2023,80,14,600,13.3%,17.5%,-1.2%,+33.3%,+48.1%,+8.2%,,3.7pp,192,"business_bachelors x2.4 (ESTIMATED, NOT ACTUAL)",NOT_RUN,,NOT_RUN,NOT_RUN,27.4,95.4,GROWING,PENDING_BACKFILL,,COMING_SOON,,COMING_SOON,,0,46.8,27.4,85%,,80 business grads/year (2023),Business completions +48% over 5Y,,,,Backlog
8076bc57-904c-42e0-a2f2-01adc659fa82,Queens Univ of Charlotte,NC,199412,Queens University of Charlotte,four_year,primary,exact_name,0.98,,1373,2023,82,8,381,21.5%,9.8%,+26.2%,+26.2%,+15.5%,+2.9%,,2.8pp,197,"business_bachelors x2.4 (ESTIMATED, NOT ACTUAL)",NOT_RUN,,NOT_RUN,NOT_RUN,30.7,86.9,GROWING,PENDING_BACKFILL,,COMING_SOON,,COMING_SOON,,0,46.8,30.7,85%,,82 business grads/year (2023),Business completions +15% over 5Y,,,,Backlog
03be85e7-c388-40db-ac11-960c88d1a8b2,Missouri Southern St Univ,MO,178341,Missouri Southern State University,four_year,primary,name_prefix,0.95,YES,3930,2023,194,0,715,27.1%,0.0%,+26.8%,-11.0%,-22.4%,-5.0%,,1.3pp,466,"business_bachelors x2.4 (ESTIMATED, NOT ACTUAL)",NOT_RUN,,NOT_RUN,NOT_RUN,48.8,40.9,STABLE,PENDING_BACKFILL,,COMING_SOON,,COMING_SOON,,0,46.5,48.8,85%,,194 business grads/year (2023),Business completions -22% over 5Y,Business-heavy (27% of bachelor's),,,Backlog
b92f3930-82f8-4470-9c8f-cf3f06f60ebf,Missouri Southern State University,MO,178341,Missouri Southern State University,four_year,primary,existing_unitid,1,YES,3930,2023,194,0,715,27.1%,0.0%,+26.8%,-11.0%,-22.4%,-5.0%,,1.3pp,466,"business_bachelors x2.4 (ESTIMATED, NOT ACTUAL)",NOT_RUN,,NOT_RUN,NOT_RUN,48.8,40.9,STABLE,PENDING_BACKFILL,,COMING_SOON,,COMING_SOON,,0,46.5,48.8,85%,,194 business grads/year (2023),Business completions -22% over 5Y,Business-heavy (27% of bachelor's),,,Backlog
f273198b-4e2b-492e-a2c0-d741e9177fd2,Lindenwood University St.,MO,177968,Lindenwood University,four_year,primary,name_prefix,0.683,,4933,2023,308,27,1001,30.8%,8.8%,-9.1%,-46.2%,-56.8%,-15.4%,,-5.1pp,739,"business_bachelors x2.4 (ESTIMATED, NOT ACTUAL)",NOT_RUN,,NOT_RUN,NOT_RUN,63.2,4.5,DECLINING,PENDING_BACKFILL,,COMING_SOON,,COMING_SOON,,0,46.4,63.2,85%,,308 business grads/year (2023),Business completions -57% over 5Y,Business-heavy (31% of bachelor's),,,Enrich structural data
1a8addf0-3ad8-4a34-887b-409b12876e4e,Northeastern Illinois Univ,IL,147776,Northeastern Illinois University,four_year,primary,exact_name,0.98,,4042,2023,236,55,1049,22.5%,23.3%,-25.1%,-27.2%,-36.2%,-8.6%,,-1.9pp,566,"business_bachelors x2.4 (ESTIMATED, NOT ACTUAL)",NOT_RUN,,NOT_RUN,NOT_RUN,57.6,18.1,DECLINING,PENDING_BACKFILL,,COMING_SOON,,COMING_SOON,,0,46.3,57.6,85%,,236 business grads/year (2023),Business completions -36% over 5Y,,,,Enrich structural data
85e0b395-ec04-418c-a583-3a1e88df2c7c,University of Colorado Colorado Springs,CO,126580,University of Colorado Colorado Springs,four_year,primary,existing_unitid,1,,9398,2023,354,0,1943,18.2%,0.0%,+12.4%,-2.2%,+7.0%,+1.4%,,-0.4pp,850,"business_bachelors x2.4 (ESTIMATED, NOT ACTUAL)",5,IFC+PANHELLENIC,NOT_RUN,NOT_RUN,52.1,67.3,GROWING,17.9,35%,COMING_SOON,,COMING_SOON,,0,46.3,31.3,100%,,354 business grads/year (2023),Business completions +7% over 5Y,5 social Greek chapters,,,Backlog
c2443e77-e8d8-4492-b503-2989f29dd590,Bemidji State University,MN,173124,Bemidji State University,four_year,primary,exact_name,0.98,,3610,2023,189,39,851,22.2%,20.6%,-13.7%,-18.5%,-24.1%,-5.4%,,-1.2pp,454,"business_bachelors x2.4 (ESTIMATED, NOT ACTUAL)",NOT_RUN,,NOT_RUN,NOT_RUN,51.6,31.8,DECLINING,PENDING_BACKFILL,,COMING_SOON,,COMING_SOON,,0,45.9,51.6,85%,,189 business grads/year (2023),Business completions -24% over 5Y,,,,Backlog
82d2d96d-bd68-413c-b8af-7931ceea020b,University of St. Thomas-TX,TX,227863,University of St Thomas,four_year,primary,name_prefix,0.75,YES,2969,2023,103,21,606,17.0%,20.4%,+51.5%,+18.4%,+24.1%,+4.4%,,-6.3pp,247,"business_bachelors x2.4 (ESTIMATED, NOT ACTUAL)",NOT_RUN,,NOT_RUN,NOT_RUN,34.7,74,GROWING,PENDING_BACKFILL,,COMING_SOON,,COMING_SOON,,0,45.9,34.7,85%,,103 business grads/year (2023),Business completions +24% over 5Y,,,,Backlog
eb202e0a-5d46-489b-a975-85e41e0fe58f,Southern Arkansas Univ,AR,107983,Southern Arkansas University Main Campus,four_year,primary,name_reverse,0.63,,3224,2023,98,25,592,16.6%,25.5%,-6.7%,+22.5%,+8.9%,+1.7%,,-1.8pp,235,"business_bachelors x2.4 (ESTIMATED, NOT ACTUAL)",NOT_RUN,,NOT_RUN,NOT_RUN,34.9,73.2,GROWING,PENDING_BACKFILL,,COMING_SOON,,COMING_SOON,,0,45.8,34.9,85%,,98 business grads/year (2023),Business completions +9% over 5Y,,,,Backlog
cf2aa238-eda2-4487-ad36-d5f0cc409791,Virginia State University,VA,234155,Virginia State University,four_year,primary,exact_name,0.98,,4829,2023,118,18,620,19.0%,15.3%,+2.6%,+16.8%,-17.5%,-3.8%,,-0.5pp,283,"business_bachelors x2.4 (ESTIMATED, NOT ACTUAL)",NOT_RUN,,NOT_RUN,NOT_RUN,42.2,54,STABLE,PENDING_BACKFILL,,COMING_SOON,,COMING_SOON,,0,45.6,42.2,85%,,118 business grads/year (2023),Business completions -17% over 5Y,,,,Backlog
8fe9ccdc-a26b-414d-a410-986d6c651097,New Jersey City University,NJ,185129,New Jersey City University,four_year,primary,existing_unitid,1,,4209,2023,186,49,993,18.7%,26.3%,-29.0%,-31.9%,-21.9%,-4.8%,,1.6pp,446,"business_bachelors x2.4 (ESTIMATED, NOT ACTUAL)",NOT_RUN,,NOT_RUN,NOT_RUN,50.2,33.4,DECLINING,PENDING_BACKFILL,,COMING_SOON,,COMING_SOON,,0,45.4,50.2,85%,,186 business grads/year (2023),Business completions -22% over 5Y,,,,Backlog
10760ba6-adb3-4111-9efb-6347b0e122ac,Bellarmine University,KY,156286,Bellarmine University,four_year,primary,exact_name,0.98,,2351,2023,94,16,632,14.9%,17.0%,+2.2%,+19.0%,+23.7%,+4.3%,,1.6pp,226,"business_bachelors x2.4 (ESTIMATED, NOT ACTUAL)",NOT_RUN,,NOT_RUN,NOT_RUN,28.6,87.1,GROWING,PENDING_BACKFILL,,COMING_SOON,,COMING_SOON,,0,45.3,28.6,85%,,94 business grads/year (2023),Business completions +24% over 5Y,,,,Backlog
91e62f9c-43b0-41f3-a84d-002824754da6,University of Oklahoma,OK,207324,Oklahoma Christian University,four_year,primary,existing_unitid,1,,2012,2023,50,9,340,14.7%,18.0%,-10.7%,+13.6%,-35.9%,-8.5%,,-5.1pp,120,"business_bachelors x2.4 (ESTIMATED, NOT ACTUAL)",48,IFC+MGC+NPHC+PANHELLENIC,NOT_RUN,NOT_RUN,30.4,34.9,DECLINING,83.5,35%,COMING_SOON,,COMING_SOON,,0,45.3,18.2,100%,,50 business grads/year (2023),Business completions -36% over 5Y,48 social Greek chapters,SEC school (priority Greek/football market),,Greek council enrichment
3448114c-075e-4d97-87a2-f555c22d2e22,Western Colorado University,CO,128391,Western Colorado University,four_year,primary,existing_unitid,1,,3569,2023,77,4,358,21.5%,5.2%,+1.3%,+1.3%,+2.7%,+0.5%,,1.8pp,185,"business_bachelors x2.4 (ESTIMATED, NOT ACTUAL)",NOT_RUN,,NOT_RUN,NOT_RUN,35.2,70.4,GROWING,PENDING_BACKFILL,,COMING_SOON,,COMING_SOON,,0,45.3,35.2,85%,,77 business grads/year (2023),Business completions +3% over 5Y,,,,Backlog
89759e20-f828-4ff3-bab1-342c20c777e3,Trinity University San,TX,229267,Trinity University,four_year,primary,name_prefix,0.683,,2531,2023,122,32,586,20.8%,26.2%,-25.1%,-6.2%,-2.4%,-0.5%,,-2.5pp,293,"business_bachelors x2.4 (ESTIMATED, NOT ACTUAL)",NOT_RUN,,NOT_RUN,NOT_RUN,40.7,56.5,STABLE,PENDING_BACKFILL,,COMING_SOON,,COMING_SOON,,0,45.2,40.7,85%,,122 business grads/year (2023),Business completions -2% over 5Y,,,,Backlog
972451c3-bc5e-48d7-9f88-868a55378efa,Vanderbilt University,TN,221999,Vanderbilt University,four_year,primary,existing_unitid,1,,7152,2023,0,0,1820,0.0%,,,,,,,0.0pp,0,"business_bachelors x2.4 (ESTIMATED, NOT ACTUAL)",39,IFC+MGC+NPHC+PANHELLENIC,4,0,24.9,59.7,STABLE,73.3,90%,COMING_SOON,,COMING_SOON,,0,45,5,100%,,39 social Greek chapters,IFC + MGC + NPHC + PANHELLENIC contacts verified,SEC school (priority Greek/football market),,,Council outreach
b672bbda-beea-49ff-aa2c-86fd70c74b6b,Univ N Carolina at Pembroke,NC,489937,Carolina University,four_year,primary,name_prefix,0.55,YES,424,2023,25,0,69,36.2%,0.0%,-19.4%,+108.3%,,,,36.2pp,60,"business_bachelors x2.4 (ESTIMATED, NOT ACTUAL)",NOT_RUN,,NOT_RUN,NOT_RUN,23.1,99.5,GROWING,PENDING_BACKFILL,,COMING_SOON,,COMING_SOON,,0,44.9,23.1,85%,,25 business grads/year (2023),Business-heavy (36% of bachelor's),,,,Backlog
9d076366-8d03-44d4-856f-c5cee36cd4ab,Univ N Carolina at Charlotte,NC,489937,Carolina University,four_year,primary,name_prefix,0.55,YES,424,2023,25,0,69,36.2%,0.0%,-19.4%,+108.3%,,,,36.2pp,60,"business_bachelors x2.4 (ESTIMATED, NOT ACTUAL)",NOT_RUN,,NOT_RUN,NOT_RUN,23.1,99.5,GROWING,PENDING_BACKFILL,,COMING_SOON,,COMING_SOON,,0,44.9,23.1,85%,,25 business grads/year (2023),Business-heavy (36% of bachelor's),,,,Backlog
2e7d0614-5165-4f09-ac53-11d3daded701,St. Cloud State University Saint,MN,174783,Saint Cloud State University,four_year,primary,name_prefix,0.95,,8430,2023,250,28,1329,18.8%,11.2%,-18.8%,-34.0%,-42.5%,-10.5%,,-3.5pp,600,"business_bachelors x2.4 (ESTIMATED, NOT ACTUAL)",NOT_RUN,,NOT_RUN,NOT_RUN,58.8,9.8,DECLINING,PENDING_BACKFILL,,COMING_SOON,,COMING_SOON,,0,44.8,58.8,85%,,250 business grads/year (2023),Business completions -43% over 5Y,,,,Enrich structural data
5f09e5d9-bf5b-4672-8fde-5c1f5f4af107,Augusta University,GA,482149,Augusta University,four_year,primary,exact_name,0.98,,5684,2023,127,23,1015,12.5%,18.1%,-11.2%,-11.8%,+3.3%,+0.6%,,0.1pp,305,"business_bachelors x2.4 (ESTIMATED, NOT ACTUAL)",NOT_RUN,,NOT_RUN,NOT_RUN,38.6,59.2,STABLE,PENDING_BACKFILL,,COMING_SOON,,COMING_SOON,,0,44.5,38.6,85%,,127 business grads/year (2023),Business completions +3% over 5Y,,,,Backlog
80ae185c-a39a-4506-9f54-adefebf47662,University of La Verne,CA,117140,University of La Verne,four_year,primary,existing_unitid,1,,3352,2023,286,22,822,34.8%,7.7%,-23.3%,-41.9%,-50.4%,-13.1%,,-8.0pp,686,"business_bachelors x2.4 (ESTIMATED, NOT ACTUAL)",NOT_RUN,,NOT_RUN,NOT_RUN,59.9,4.9,DECLINING,PENDING_BACKFILL,,COMING_SOON,,COMING_SOON,,0,44.2,59.9,85%,,286 business grads/year (2023),Business completions -50% over 5Y,Business-heavy (35% of bachelor's),,,Enrich structural data
d96605dc-58bc-4e44-acd4-1fa9f666d1cc,Lipscomb University,TN,219976,Lipscomb University,four_year,primary,exact_name,0.98,,3270,2023,143,20,663,21.6%,14.0%,-16.4%,-9.5%,-10.6%,-2.2%,,-2.6pp,343,"business_bachelors x2.4 (ESTIMATED, NOT ACTUAL)",NOT_RUN,,NOT_RUN,NOT_RUN,44.7,42.7,STABLE,PENDING_BACKFILL,,COMING_SOON,,COMING_SOON,,0,44.1,44.7,85%,,143 business grads/year (2023),Business completions -11% over 5Y,,,,Backlog
5df1c263-9cb3-4545-b4a6-eaca56a8fb8f,Bryant & Stratton College,NY,188517,Bryant & Stratton College-Albany,four_year,primary,existing_unitid,1,,224,2023,12,0,16,75.0%,0.0%,,,,,,75.0pp,29,"business_bachelors x2.4 (ESTIMATED, NOT ACTUAL)",NOT_RUN,,NOT_RUN,NOT_RUN,22.1,99.2,GROWING,PENDING_BACKFILL,,COMING_SOON,,COMING_SOON,,0,44.1,22.1,85%,,12 business grads/year (2023),Business-heavy (75% of bachelor's),,,,Backlog
45ba56b7-2a0b-4483-be22-190189083ce8,Ithaca College,NY,191968,Ithaca College,four_year,primary,exact_name,0.98,,4368,2023,144,14,1178,12.2%,9.7%,+7.5%,+5.1%,-4.0%,-0.8%,,1.4pp,346,"business_bachelors x2.4 (ESTIMATED, NOT ACTUAL)",NOT_RUN,,NOT_RUN,NOT_RUN,37.1,61.3,STABLE,PENDING_BACKFILL,,COMING_SOON,,COMING_SOON,,0,44,37.1,85%,,144 business grads/year (2023),Business completions -4% over 5Y,,,,Backlog
35187e01-7447-437e-a012-ac68815b1a24,University of Wisconsin–Stevens Point,WI,240480,University of Wisconsin-Stevens Point,four_year,primary,existing_unitid,1,,7419,2023,149,19,1282,11.6%,12.8%,+7.2%,-23.2%,-6.9%,-1.4%,,1.9pp,358,"business_bachelors x2.4 (ESTIMATED, NOT ACTUAL)",NOT_RUN,,NOT_RUN,NOT_RUN,42.3,48.2,STABLE,PENDING_BACKFILL,,COMING_SOON,,COMING_SOON,,0,44,42.3,85%,,149 business grads/year (2023),Business completions -7% over 5Y,,,,Backlog
c72a8f91-65bc-4dc9-81e9-a4ce4e943a6f,Purdue University Northwest,IN,490805,Purdue University Northwest,four_year,primary,exact_name,0.98,,7902,2023,206,52,1329,15.5%,25.2%,-20.5%,-34.8%,-40.1%,-9.8%,,-1.7pp,494,"business_bachelors x2.4 (ESTIMATED, NOT ACTUAL)",NOT_RUN,,NOT_RUN,NOT_RUN,53.6,19.6,DECLINING,PENDING_BACKFILL,,COMING_SOON,,COMING_SOON,,0,43.9,53.6,85%,,206 business grads/year (2023),Business completions -40% over 5Y,,,,Backlog
b913ad43-1616-4c37-8125-338976942c8a,Lourdes University,OH,203757,Lourdes University,four_year,primary,exact_name,0.98,,827,2023,44,9,171,25.7%,20.4%,-6.4%,+4.8%,+25.7%,+4.7%,,9.9pp,106,"business_bachelors x2.4 (ESTIMATED, NOT ACTUAL)",NOT_RUN,,NOT_RUN,NOT_RUN,26.3,87.8,GROWING,PENDING_BACKFILL,,COMING_SOON,,COMING_SOON,,0,43.9,26.3,85%,,44 business grads/year (2023),Business completions +26% over 5Y,Business-heavy (26% of bachelor's),,,Backlog
8aa7b3a8-9d2b-4dab-a137-3e2b23981622,Eastern Kentucky University,KY,156620,Eastern Kentucky University,four_year,primary,exact_name,0.98,,12726,2023,301,58,2264,13.3%,19.3%,-5.1%,-19.5%,+15.3%,+2.9%,,3.4pp,722,"business_bachelors x2.4 (ESTIMATED, NOT ACTUAL)",1,IFC,0,0,53.1,69.3,GROWING,4.8,75%,COMING_SOON,,COMING_SOON,,0,43.8,31.9,100%,,301 business grads/year (2023),Business completions +15% over 5Y,1 social Greek chapters,,,Backlog
71f16455-bb85-4967-b1f7-588d06f667d8,McNeese State University Lake,LA,159717,McNeese State University,four_year,primary,name_prefix,0.75,,5560,2023,161,35,1027,15.7%,21.7%,-3.0%,-18.7%,-13.0%,-2.7%,,-2.7pp,386,"business_bachelors x2.4 (ESTIMATED, NOT ACTUAL)",NOT_RUN,,NOT_RUN,NOT_RUN,45.9,38.2,DECLINING,PENDING_BACKFILL,,COMING_SOON,,COMING_SOON,,0,43.7,45.9,85%,,161 business grads/year (2023),Business completions -13% over 5Y,,,,Backlog
6e18e239-bfbe-481b-be4a-38a3f2740641,Southeast Missouri St Univ C,MO,179557,Southeast Missouri State University,four_year,primary,name_prefix,0.79,,8099,2023,201,28,1586,12.7%,13.9%,+8.6%,-25.6%,-19.6%,-4.3%,,-1.9pp,482,"business_bachelors x2.4 (ESTIMATED, NOT ACTUAL)",NOT_RUN,,NOT_RUN,NOT_RUN,49.4,29,DECLINING,PENDING_BACKFILL,,COMING_SOON,,COMING_SOON,,0,43.6,49.4,85%,,201 business grads/year (2023),Business completions -20% over 5Y,,,,Backlog
40e687ef-df5d-49e1-887f-f482f5df6e42,Washington University St.,MO,179867,Washington University in St Louis,four_year,primary,name_reverse,0.63,,8267,2023,211,12,1868,11.3%,5.7%,-8.7%,-7.5%,-20.4%,-4.5%,,-3.2pp,506,"business_bachelors x2.4 (ESTIMATED, NOT ACTUAL)",NOT_RUN,,NOT_RUN,NOT_RUN,47.1,34.9,DECLINING,PENDING_BACKFILL,,COMING_SOON,,COMING_SOON,,0,43.6,47.1,85%,,211 business grads/year (2023),Business completions -20% over 5Y,,,,Backlog
b38e972d-a01b-44db-8e06-cf840a98743d,Sonoma State University Rohnert,CA,123572,Sonoma State University,four_year,primary,name_prefix,0.75,,5412,2023,322,0,1867,17.3%,0.0%,-23.2%,-24.8%,-22.8%,-5.0%,,-1.7pp,773,"business_bachelors x2.4 (ESTIMATED, NOT ACTUAL)",NOT_RUN,,NOT_RUN,NOT_RUN,51,25,DECLINING,PENDING_BACKFILL,,COMING_SOON,,COMING_SOON,,0,43.6,51,85%,,322 business grads/year (2023),Business completions -23% over 5Y,,,,Backlog
f25abc44-579d-46cf-8561-39f3ba1e8480,Adrian College,MI,168528,Adrian College,four_year,primary,exact_name,0.98,,1678,2023,81,13,305,26.6%,16.1%,-3.6%,-2.4%,+2.5%,+0.5%,,0.5pp,194,"business_bachelors x2.4 (ESTIMATED, NOT ACTUAL)",NOT_RUN,,NOT_RUN,NOT_RUN,34.5,66,GROWING,PENDING_BACKFILL,,COMING_SOON,,COMING_SOON,,0,43.5,34.5,85%,,81 business grads/year (2023),Business completions +3% over 5Y,Business-heavy (27% of bachelor's),,,Backlog
82ddec8e-3ba1-43c1-a445-7efee49786e8,Rochester Institute of Technology,NY,195003,Rochester Institute of Technology,four_year,primary,existing_unitid,1,YES,14076,2023,165,22,2438,6.8%,13.3%,-19.5%,-31.0%,-29.5%,-6.8%,,-2.7pp,396,"business_bachelors x2.4 (ESTIMATED, NOT ACTUAL)",27,IFC+MGC+NPHC+PANHELLENIC,NOT_RUN,NOT_RUN,48,21.5,DECLINING,51.8,35%,COMING_SOON,,COMING_SOON,,0,43.4,28.8,100%,,165 business grads/year (2023),Business completions -29% over 5Y,27 social Greek chapters,"Large undergrad population (14,076)",,Greek council enrichment
8666d5d1-85ec-4e4c-af1c-8e25a7c5d880,Sul Ross State University,TX,228501,Sul Ross State University,four_year,primary,exact_name,0.98,,1441,2023,65,0,362,18.0%,0.0%,-4.4%,+14.0%,+85.7%,+13.2%,,9.8pp,156,"business_bachelors x2.4 (ESTIMATED, NOT ACTUAL)",NOT_RUN,,NOT_RUN,NOT_RUN,22.5,95.3,GROWING,PENDING_BACKFILL,,COMING_SOON,,COMING_SOON,,0,43.3,22.5,85%,,65 business grads/year (2023),Business completions +86% over 5Y,,,,Backlog
d2a7f96d-2040-4e61-8ec0-5d779494011e,Univ of Michigan-Flint,MI,171146,University of Michigan-Flint,four_year,primary,exact_name,0.98,,4751,2023,156,34,957,16.3%,21.8%,-13.3%,-29.7%,-17.0%,-3.7%,,-0.1pp,374,"business_bachelors x2.4 (ESTIMATED, NOT ACTUAL)",NOT_RUN,,NOT_RUN,NOT_RUN,44.9,38.9,DECLINING,PENDING_BACKFILL,,COMING_SOON,,COMING_SOON,,0,43.2,44.9,85%,,156 business grads/year (2023),Business completions -17% over 5Y,,,,Backlog
77bb1c71-2791-4cd4-8083-8cf5fa4acd67,John Carroll University,OH,203368,John Carroll University,four_year,primary,exact_name,0.98,,2287,2023,199,34,616,32.3%,17.1%,-27.9%,-19.8%,-26.0%,-5.9%,,-7.1pp,478,"business_bachelors x2.4 (ESTIMATED, NOT ACTUAL)",NOT_RUN,,NOT_RUN,NOT_RUN,52,20.8,DECLINING,PENDING_BACKFILL,,COMING_SOON,,COMING_SOON,,0,43.1,52,85%,,199 business grads/year (2023),Business completions -26% over 5Y,Business-heavy (32% of bachelor's),,,Backlog
b7b28289-86f4-4cdc-90da-39211bcd1cc3,University of Massachusetts Dartmouth,MA,167987,University of Massachusetts-Dartmouth,four_year,primary,existing_unitid,1,,5602,2023,309,61,1134,27.3%,19.7%,-9.1%,-20.6%,-21.0%,-4.6%,,-1.4pp,742,"business_bachelors x2.4 (ESTIMATED, NOT ACTUAL)",6,IFC+PANHELLENIC,NOT_RUN,NOT_RUN,59.1,31.5,DECLINING,20.5,35%,COMING_SOON,,COMING_SOON,,0,43.1,35.5,100%,,309 business grads/year (2023),Business completions -21% over 5Y,6 social Greek chapters,Business-heavy (27% of bachelor's),,Backlog
c3766dfa-b24b-4817-8c18-4a217e3f608f,Central College,IA,153108,Central College,four_year,primary,existing_unitid,1,,1095,2023,49,10,219,22.4%,20.4%,+28.9%,+36.1%,+6.5%,+1.3%,,7.7pp,118,"business_bachelors x2.4 (ESTIMATED, NOT ACTUAL)",NOT_RUN,,NOT_RUN,NOT_RUN,26.2,84.9,GROWING,PENDING_BACKFILL,,COMING_SOON,,COMING_SOON,,0,43,26.2,85%,,49 business grads/year (2023),Business completions +7% over 5Y,,,,Backlog
fdafc302-1ea9-40ad-8fba-16a8b1d187e0,University of New Orleans New,LA,159939,University of New Orleans,four_year,primary,name_prefix,0.95,,5476,2023,196,45,878,22.3%,23.0%,-27.9%,-32.6%,-39.7%,-9.6%,,-6.3pp,470,"business_bachelors x2.4 (ESTIMATED, NOT ACTUAL)",NOT_RUN,,NOT_RUN,NOT_RUN,55.9,10.4,DECLINING,PENDING_BACKFILL,,COMING_SOON,,COMING_SOON,,0,42.9,55.9,85%,,196 business grads/year (2023),Business completions -40% over 5Y,,,,Enrich structural data
0c1f92c6-28ac-4337-a9ff-cc37dde1e15c,University of Hawaii at Hilo,HI,141565,University of Hawaii at Hilo,four_year,primary,exact_name,0.98,,2424,2023,75,16,586,12.8%,21.3%,-27.9%,+27.1%,+13.6%,+2.6%,,4.4pp,180,"business_bachelors x2.4 (ESTIMATED, NOT ACTUAL)",NOT_RUN,,NOT_RUN,NOT_RUN,25.2,87.1,GROWING,PENDING_BACKFILL,,COMING_SOON,,COMING_SOON,,0,42.9,25.2,85%,,75 business grads/year (2023),Business completions +14% over 5Y,,,,Backlog
09eb4c4d-1391-4809-be0e-11ac02c3cf7e,King's College,PA,213321,King's College,four_year,primary,exact_name,0.98,YES,1590,2023,117,48,401,29.2%,41.0%,-26.4%,-8.6%,-12.7%,-2.7%,,-5.6pp,281,"business_bachelors x2.4 (ESTIMATED, NOT ACTUAL)",NOT_RUN,,NOT_RUN,NOT_RUN,43.2,42.2,STABLE,PENDING_BACKFILL,,COMING_SOON,,COMING_SOON,,0,42.9,43.2,85%,,117 business grads/year (2023),Business completions -13% over 5Y,Business-heavy (29% of bachelor's),,,Backlog
356ddca2-f616-4344-baed-6b1e5c5c83ff,King's College - Pennsylvania,PA,213321,King's College,four_year,primary,name_prefix,0.75,YES,1590,2023,117,48,401,29.2%,41.0%,-26.4%,-8.6%,-12.7%,-2.7%,,-5.6pp,281,"business_bachelors x2.4 (ESTIMATED, NOT ACTUAL)",NOT_RUN,,NOT_RUN,NOT_RUN,43.2,42.2,STABLE,PENDING_BACKFILL,,COMING_SOON,,COMING_SOON,,0,42.9,43.2,85%,,117 business grads/year (2023),Business completions -13% over 5Y,Business-heavy (29% of bachelor's),,,Backlog
6ae849d0-f506-4742-9231-abaccc8c562d,Marietta College,OH,203845,Marietta College,four_year,primary,exact_name,0.98,,1085,2023,49,4,267,18.4%,8.2%,-12.5%,+75.0%,+40.0%,+7.0%,,4.6pp,118,"business_bachelors x2.4 (ESTIMATED, NOT ACTUAL)",NOT_RUN,,NOT_RUN,NOT_RUN,21.5,95.8,GROWING,PENDING_BACKFILL,,COMING_SOON,,COMING_SOON,,0,42.7,21.5,85%,,49 business grads/year (2023),Business completions +40% over 5Y,,,,Backlog
29965458-b9bd-44c8-a837-4910eff23d36,Anderson University SC,SC,217633,Anderson University,four_year,primary,name_prefix,0.683,,3413,2023,99,5,634,15.6%,5.1%,-22.7%,+5.3%,+4.2%,+0.8%,,-0.3pp,238,"business_bachelors x2.4 (ESTIMATED, NOT ACTUAL)",NOT_RUN,,NOT_RUN,NOT_RUN,31.7,69.9,GROWING,PENDING_BACKFILL,,COMING_SOON,,COMING_SOON,,0,42.6,31.7,85%,,99 business grads/year (2023),Business completions +4% over 5Y,,,,Backlog
902eef5e-867a-4379-9f36-9490c2a7a396,Clark Atlanta University,GA,138947,Clark Atlanta University,four_year,primary,exact_name,0.98,,3495,2023,89,6,452,19.7%,6.7%,-22.6%,-47.9%,+23.6%,+4.3%,,2.2pp,214,"business_bachelors x2.4 (ESTIMATED, NOT ACTUAL)",NOT_RUN,,NOT_RUN,NOT_RUN,35.5,60.3,STABLE,PENDING_BACKFILL,,COMING_SOON,,COMING_SOON,,0,42.6,35.5,85%,,89 business grads/year (2023),Business completions +24% over 5Y,,,,Backlog
01668df5-a744-4307-b733-2db6e8cde542,Jacksonville State University,AL,101480,Jacksonville State University,four_year,primary,existing_unitid,1,,8378,2023,173,33,1409,12.3%,19.1%,-9.4%,-13.1%,-16.4%,-3.5%,,-3.6pp,415,"business_bachelors x2.4 (ESTIMATED, NOT ACTUAL)",20,IFC+NPHC+PANHELLENIC,NOT_RUN,NOT_RUN,46.8,34.7,DECLINING,40.2,35%,COMING_SOON,,COMING_SOON,,0,42.5,28.1,100%,,173 business grads/year (2023),Business completions -16% over 5Y,20 social Greek chapters,,,Greek council enrichment
7a2e14b5-e5aa-4536-9120-4612c793109a,Indiana University of Pennsylvania,PA,213020,Indiana University of Pennsylvania-Main Campus,four_year,primary,existing_unitid,1,,7432,2023,256,36,1386,18.5%,14.1%,-16.1%,-47.0%,-59.6%,-16.6%,,-9.8pp,614,"business_bachelors x2.4 (ESTIMATED, NOT ACTUAL)",NOT_RUN,,NOT_RUN,NOT_RUN,58.2,2.8,DECLINING,PENDING_BACKFILL,,COMING_SOON,,COMING_SOON,,0,42.4,58.2,85%,,256 business grads/year (2023),Business completions -60% over 5Y,,,,Enrich structural data
88b53812-431e-4416-b30e-0c965380f53d,Odessa College,TX,227304,Odessa College,four_year,primary,existing_unitid,1,,8708,2023,51,0,60,85.0%,0.0%,-26.1%,,,,,,122,"business_bachelors x2.4 (ESTIMATED, NOT ACTUAL)",NOT_RUN,,NOT_RUN,NOT_RUN,42.3,,INSUFFICIENT_DATA,PENDING_BACKFILL,,COMING_SOON,,COMING_SOON,,0,42.3,42.3,85%,,51 business grads/year (2023),Business-heavy (85% of bachelor's),,,,Backlog
b6a866f0-7b3c-4945-8d19-46d793a89dda,Stevens Institute of Tech,NJ,186867,Stevens Institute of Technology,four_year,primary,name_prefix,0.95,,4092,2023,91,0,948,9.6%,0.0%,-12.5%,+2.3%,+46.8%,+8.0%,,0.6pp,218,"business_bachelors x2.4 (ESTIMATED, NOT ACTUAL)",NOT_RUN,,NOT_RUN,NOT_RUN,25.6,83.8,GROWING,PENDING_BACKFILL,,COMING_SOON,,COMING_SOON,,0,42.2,25.6,85%,,91 business grads/year (2023),Business completions +47% over 5Y,,,,Backlog
d4a67616-74fe-4cbd-bfa1-77901bd027cd,Berry College Mount,GA,139144,Berry College,four_year,primary,name_prefix,0.683,,2226,2023,75,16,463,16.2%,21.3%,+8.7%,+17.2%,+8.7%,+1.7%,,0.3pp,180,"business_bachelors x2.4 (ESTIMATED, NOT ACTUAL)",NOT_RUN,,NOT_RUN,NOT_RUN,27.4,77.8,GROWING,PENDING_BACKFILL,,COMING_SOON,,COMING_SOON,,0,41.8,27.4,85%,,75 business grads/year (2023),Business completions +9% over 5Y,,,,Backlog
fc8b0ae0-233c-4fe0-94c9-7544cb7cf015,Salem State University,MA,167729,Salem State University,four_year,primary,exact_name,0.98,,4853,2023,226,35,1140,19.8%,15.5%,-5.4%,-34.3%,-41.3%,-10.1%,,-3.3pp,542,"business_bachelors x2.4 (ESTIMATED, NOT ACTUAL)",NOT_RUN,,NOT_RUN,NOT_RUN,54.5,10,DECLINING,PENDING_BACKFILL,,COMING_SOON,,COMING_SOON,,0,41.8,54.5,85%,,226 business grads/year (2023),Business completions -41% over 5Y,,,,Backlog
ae5fb538-c4d4-4b5a-a2f7-faff90b27b12,Northwestern State University,LA,160038,Northwestern State University of Louisiana,four_year,primary,existing_unitid,1,YES,7898,2023,149,38,1282,11.6%,25.5%,-29.0%,-19.0%,-17.2%,-3.7%,,-3.9pp,358,"business_bachelors x2.4 (ESTIMATED, NOT ACTUAL)",NOT_RUN,,NOT_RUN,NOT_RUN,44.8,33.5,DECLINING,PENDING_BACKFILL,,COMING_SOON,,COMING_SOON,,0,41.6,44.8,85%,,149 business grads/year (2023),Business completions -17% over 5Y,,,,Backlog
acde21cd-fdf6-410a-a141-a09eaaf24bac,Savannah State University,GA,140960,Savannah State University,four_year,primary,existing_unitid,1,,2857,2023,104,14,431,24.1%,13.5%,-7.1%,-16.1%,+28.4%,+5.1%,,9.3pp,250,"business_bachelors x2.4 (ESTIMATED, NOT ACTUAL)",9,NPHC,NOT_RUN,NOT_RUN,37.4,74.6,GROWING,23.7,35%,COMING_SOON,,COMING_SOON,,0,41.6,22.4,100%,,104 business grads/year (2023),Business completions +28% over 5Y,9 social Greek chapters,,,Backlog
a3ad66ae-47ef-466d-9cbb-2c0bbe2680de,Walla Walla University,WA,236896,Walla Walla University,four_year,primary,existing_unitid,1,,1266,2023,69,0,366,18.9%,0.0%,+53.3%,+43.8%,+19.0%,+3.5%,,1.2pp,166,"business_bachelors x2.4 (ESTIMATED, NOT ACTUAL)",NOT_RUN,,NOT_RUN,NOT_RUN,23.4,86.6,GROWING,PENDING_BACKFILL,,COMING_SOON,,COMING_SOON,,0,41.5,23.4,85%,,69 business grads/year (2023),Business completions +19% over 5Y,,,,Backlog
c31d46b4-aef4-4e03-862c-a9efc6924752,Columbia International University,SC,217925,Columbia International University,four_year,primary,existing_unitid,1,,916,2023,34,0,177,19.2%,0.0%,-10.5%,+112.5%,+209.1%,+25.3%,,11.0pp,82,"business_bachelors x2.4 (ESTIMATED, NOT ACTUAL)",NOT_RUN,,NOT_RUN,NOT_RUN,18.5,98.7,GROWING,PENDING_BACKFILL,,COMING_SOON,,COMING_SOON,,0,41.4,18.5,85%,,34 business grads/year (2023),,,,,Backlog
2f64caa2-688c-4c86-b6af-387d722c8315,Indiana University Southeast,IN,151379,Indiana University-Southeast,four_year,primary,existing_unitid,1,,3286,2023,153,0,720,21.3%,0.0%,-5.0%,-8.9%,-18.2%,-3.9%,,-0.4pp,367,"business_bachelors x2.4 (ESTIMATED, NOT ACTUAL)",NOT_RUN,,NOT_RUN,NOT_RUN,41.1,41.8,STABLE,PENDING_BACKFILL,,COMING_SOON,,COMING_SOON,,0,41.3,41.1,85%,,153 business grads/year (2023),Business completions -18% over 5Y,,,,Backlog
7d00a6d0-1d67-4be5-a70d-2a038ee11bbc,Univ of Tennessee at Martin,TN,221768,The University of Tennessee-Martin,four_year,primary,name_prefix,0.95,,6234,2023,164,11,1018,16.1%,6.7%,-3.0%,-4.7%,-23.4%,-5.2%,,-2.4pp,394,"business_bachelors x2.4 (ESTIMATED, NOT ACTUAL)",NOT_RUN,,NOT_RUN,NOT_RUN,44.9,31.5,DECLINING,PENDING_BACKFILL,,COMING_SOON,,COMING_SOON,,0,41.1,44.9,85%,,164 business grads/year (2023),Business completions -23% over 5Y,,,,Backlog
4f8c2b5d-5fb6-4140-8668-a3fa72fa4102,Dallas Baptist University,TX,224226,Dallas Baptist University,four_year,primary,existing_unitid,1,,2850,2023,152,14,544,27.9%,9.2%,-6.8%,-15.1%,-26.2%,-5.9%,,-2.0pp,365,"business_bachelors x2.4 (ESTIMATED, NOT ACTUAL)",NOT_RUN,,NOT_RUN,NOT_RUN,46.8,27,DECLINING,PENDING_BACKFILL,,COMING_SOON,,COMING_SOON,,0,41.1,46.8,85%,,152 business grads/year (2023),Business completions -26% over 5Y,Business-heavy (28% of bachelor's),,,Backlog
ef616b59-8e53-47b5-b818-7ccc0a2ad6c8,Case Western Reserve Univ,OH,201645,Case Western Reserve University,four_year,primary,exact_name,0.98,,6186,2023,113,36,1361,8.3%,31.9%,+32.9%,-1.7%,-8.9%,-1.8%,,-2.2pp,271,"business_bachelors x2.4 (ESTIMATED, NOT ACTUAL)",NOT_RUN,,NOT_RUN,NOT_RUN,37.1,50.8,STABLE,PENDING_BACKFILL,,COMING_SOON,,COMING_SOON,,0,41,37.1,85%,,113 business grads/year (2023),Business completions -9% over 5Y,,,,Backlog
a107c3fb-796d-4259-ba0a-1997aa70398b,Drake University Des,IA,153269,Drake University,four_year,primary,name_prefix,0.683,,2702,2023,179,28,699,25.6%,15.6%,+4.1%,-12.3%,-37.6%,-9.0%,,-8.4pp,430,"business_bachelors x2.4 (ESTIMATED, NOT ACTUAL)",NOT_RUN,,NOT_RUN,NOT_RUN,49.7,19.3,DECLINING,PENDING_BACKFILL,,COMING_SOON,,COMING_SOON,,0,41,49.7,85%,,179 business grads/year (2023),Business completions -38% over 5Y,Business-heavy (26% of bachelor's),,,Backlog
1f213617-6ce4-44d4-a83b-3bae55f9030a,Texas Wesleyan University Fort,TX,229160,Texas Wesleyan University,four_year,primary,name_prefix,0.75,,1910,2023,93,17,312,29.8%,18.3%,-1.1%,+3.3%,-19.8%,-4.3%,,-1.2pp,223,"business_bachelors x2.4 (ESTIMATED, NOT ACTUAL)",NOT_RUN,,NOT_RUN,NOT_RUN,38.6,45.3,STABLE,PENDING_BACKFILL,,COMING_SOON,,COMING_SOON,,0,40.5,38.6,85%,,93 business grads/year (2023),Business completions -20% over 5Y,Business-heavy (30% of bachelor's),,,Backlog
66f2f8af-6af5-48d2-b1fe-c46b82f1082b,Schiller International University,FL,404338,Schiller International University,four_year,primary,exact_name,0.98,,35,2023,2,0,2,100.0%,0.0%,-33.3%,-33.3%,-84.6%,-31.2%,,43.5pp,5,"business_bachelors x2.4 (ESTIMATED, NOT ACTUAL)",NOT_RUN,,NOT_RUN,NOT_RUN,21.3,88.6,GROWING,PENDING_BACKFILL,,COMING_SOON,,COMING_SOON,,0,40.5,21.3,85%,,2 business grads/year (2023),Business-heavy (100% of bachelor's),,,,Backlog
a1e57676-9ca7-46d9-a433-0227b694047e,North Carolina Central Univ,NC,199157,North Carolina Central University,four_year,primary,exact_name,0.98,,5973,2023,129,11,971,13.3%,8.5%,-3.7%,-18.4%,-7.2%,-1.5%,,-0.3pp,310,"business_bachelors x2.4 (ESTIMATED, NOT ACTUAL)",NOT_RUN,,NOT_RUN,NOT_RUN,38.4,45.5,STABLE,PENDING_BACKFILL,,COMING_SOON,,COMING_SOON,,0,40.4,38.4,85%,,129 business grads/year (2023),Business completions -7% over 5Y,,,,Backlog
12bbe4a6-0781-41f6-a0f4-590a8ea973c5,Lincoln University - California,CA,117557,Lincoln University,four_year,primary,name_prefix,0.683,,223,2023,10,0,20,50.0%,0.0%,+66.7%,+100.0%,+11.1%,+2.1%,,7.1pp,24,"business_bachelors x2.4 (ESTIMATED, NOT ACTUAL)",NOT_RUN,,NOT_RUN,NOT_RUN,21.7,87.3,GROWING,PENDING_BACKFILL,,COMING_SOON,,COMING_SOON,,0,40.4,21.7,85%,,10 business grads/year (2023),Business-heavy (50% of bachelor's),,,,Backlog
22af1952-1da1-45e4-8128-b977774a7936,Morehouse College,GA,140553,Morehouse College,four_year,primary,existing_unitid,1,,2738,2023,128,0,398,32.2%,0.0%,+9.4%,+20.8%,+15.3%,+2.9%,,4.3pp,307,"business_bachelors x2.4 (ESTIMATED, NOT ACTUAL)",5,NPHC,0,0,37.9,86.7,RAPID_GROWTH,8.4,75%,COMING_SOON,,COMING_SOON,,0,40.4,22.7,100%,,128 business grads/year (2023),Business completions +15% over 5Y,5 social Greek chapters,Business-heavy (32% of bachelor's),,Backlog
ddcc6e53-df9e-4714-a66f-80bb2e29023e,Saginaw Valley State Univ Univ,MI,172051,Saginaw Valley State University,four_year,primary,name_prefix,0.95,,6184,2023,192,38,1268,15.1%,19.8%,-7.7%,-28.9%,-28.1%,-6.4%,,-3.9pp,461,"business_bachelors x2.4 (ESTIMATED, NOT ACTUAL)",NOT_RUN,,NOT_RUN,NOT_RUN,48.7,19.4,DECLINING,PENDING_BACKFILL,,COMING_SOON,,COMING_SOON,,0,40.3,48.7,85%,,192 business grads/year (2023),Business completions -28% over 5Y,,,,Backlog
0ca1f08f-0e84-4db9-8b99-db84f2d35b18,Southern Illinois Univ,IL,149222,Southern Illinois University-Carbondale,four_year,primary,name_reverse,0.75,,8195,2023,197,71,1886,10.4%,36.0%,+9.4%,-37.1%,-44.7%,-11.2%,,-0.5pp,473,"business_bachelors x2.4 (ESTIMATED, NOT ACTUAL)",NOT_RUN,,NOT_RUN,NOT_RUN,50.3,15.2,DECLINING,PENDING_BACKFILL,,COMING_SOON,,COMING_SOON,,0,40.3,50.3,85%,,197 business grads/year (2023),Business completions -45% over 5Y,71 accounting grads/year,,,Backlog
255bc3e7-e679-429e-9e07-c32fcbece318,William Paterson University,NJ,187444,William Paterson University of New Jersey,four_year,primary,name_reverse,0.63,,6546,2023,244,55,1847,13.2%,22.5%,-15.3%,-34.8%,-40.3%,-9.8%,,-6.9pp,586,"business_bachelors x2.4 (ESTIMATED, NOT ACTUAL)",NOT_RUN,,NOT_RUN,NOT_RUN,52.8,8.5,DECLINING,PENDING_BACKFILL,,COMING_SOON,,COMING_SOON,,0,40.1,52.8,85%,,244 business grads/year (2023),Business completions -40% over 5Y,,,,Backlog
9965f192-d3dd-4ab7-ac02-65eafb45daeb,University of New Haven West,CT,129941,University of New Haven,four_year,primary,name_prefix,0.75,,4865,2023,115,16,1028,11.2%,13.9%,-15.4%,-6.5%,-4.2%,-0.9%,,1.5pp,276,"business_bachelors x2.4 (ESTIMATED, NOT ACTUAL)",NOT_RUN,,NOT_RUN,NOT_RUN,33.8,55.7,STABLE,PENDING_BACKFILL,,COMING_SOON,,COMING_SOON,,0,40.1,33.8,85%,,115 business grads/year (2023),Business completions -4% over 5Y,,,,Backlog
01a4f731-5f9a-4d62-a663-f51adccd3231,Montana State Univ-Billings,MT,180179,Montana State University Billings,four_year,primary,exact_name,0.98,,3765,2023,107,0,398,26.9%,0.0%,-10.1%,-20.2%,-7.8%,-1.6%,,-1.6pp,257,"business_bachelors x2.4 (ESTIMATED, NOT ACTUAL)",NOT_RUN,,NOT_RUN,NOT_RUN,39.9,40.3,STABLE,PENDING_BACKFILL,,COMING_SOON,,COMING_SOON,,0,40,39.9,85%,,107 business grads/year (2023),Business completions -8% over 5Y,Business-heavy (27% of bachelor's),,,Backlog
237b083b-8fd3-4662-bfea-b9b52919a7dc,Rochester Inst of Technology,NY,195003,Rochester Institute of Technology,four_year,primary,name_prefix,0.95,YES,14076,2023,165,22,2438,6.8%,13.3%,-19.5%,-31.0%,-29.5%,-6.8%,,-2.7pp,396,"business_bachelors x2.4 (ESTIMATED, NOT ACTUAL)",NOT_RUN,,NOT_RUN,NOT_RUN,47.3,21.5,DECLINING,PENDING_BACKFILL,,COMING_SOON,,COMING_SOON,,0,39.9,47.3,85%,,165 business grads/year (2023),Business completions -29% over 5Y,"Large undergrad population (14,076)",,,Backlog
53cd6d0b-a9ab-4cbf-bb19-ee9ba3564314,Menlo College,CA,118693,Menlo College,four_year,primary,exact_name,0.98,,831,2023,137,24,182,75.3%,17.5%,-8.1%,-2.1%,-24.7%,-5.5%,,-13.5pp,329,"business_bachelors x2.4 (ESTIMATED, NOT ACTUAL)",NOT_RUN,,NOT_RUN,NOT_RUN,43.4,31.2,DECLINING,PENDING_BACKFILL,,COMING_SOON,,COMING_SOON,,0,39.9,43.4,85%,,137 business grads/year (2023),Business completions -25% over 5Y,Business-heavy (75% of bachelor's),,,Backlog
c8a2760d-7168-4b10-86e7-8c3ec7b83f76,Southwestern Oklahoma State University,OK,207865,Southwestern Oklahoma State University,four_year,primary,existing_unitid,1,,3995,2023,127,0,893,14.2%,0.0%,+9.5%,+20.9%,-8.0%,-1.7%,,-2.8pp,305,"business_bachelors x2.4 (ESTIMATED, NOT ACTUAL)",NOT_RUN,,NOT_RUN,NOT_RUN,32.6,58,STABLE,PENDING_BACKFILL,,COMING_SOON,,COMING_SOON,,0,39.9,32.6,85%,,127 business grads/year (2023),Business completions -8% over 5Y,,,,Backlog
ec51fe64-7980-4004-99fe-1bad86b4a3ce,Adelphi University Garden,NY,188429,Adelphi University,four_year,primary,name_prefix,0.683,,5124,2023,147,27,1277,11.5%,18.4%,+8.1%,-15.5%,-13.5%,-2.9%,,-2.3pp,353,"business_bachelors x2.4 (ESTIMATED, NOT ACTUAL)",NOT_RUN,,NOT_RUN,NOT_RUN,39.8,39.4,STABLE,PENDING_BACKFILL,,COMING_SOON,,COMING_SOON,,0,39.7,39.8,85%,,147 business grads/year (2023),Business completions -14% over 5Y,,,,Backlog
a5a70954-2eda-4491-8b5c-568d577edbb3,Truman State University,MO,178615,Truman State University,four_year,primary,exact_name,0.98,,3302,2023,139,36,800,17.4%,25.9%,-3.5%,-22.8%,-23.6%,-5.3%,,1.8pp,334,"business_bachelors x2.4 (ESTIMATED, NOT ACTUAL)",NOT_RUN,,NOT_RUN,NOT_RUN,42.1,33.8,DECLINING,PENDING_BACKFILL,,COMING_SOON,,COMING_SOON,,0,39.7,42.1,85%,,139 business grads/year (2023),Business completions -24% over 5Y,,,,Backlog
19cec263-576b-4358-a420-390ac8264399,University of South Alabama,AL,102094,University of South Alabama,four_year,primary,exact_name,0.98,,8914,2023,188,37,1809,10.4%,19.7%,-19.3%,-32.1%,-27.1%,-6.1%,,-2.0pp,451,"business_bachelors x2.4 (ESTIMATED, NOT ACTUAL)",NOT_RUN,,NOT_RUN,NOT_RUN,48,18.6,DECLINING,PENDING_BACKFILL,,COMING_SOON,,COMING_SOON,,0,39.6,48,85%,,188 business grads/year (2023),Business completions -27% over 5Y,,,,Backlog
519ab87b-e1bc-4847-a579-140ec08ef841,Wayland Baptist University,TX,229780,Wayland Baptist University,four_year,primary,existing_unitid,1,,2162,2023,217,0,573,37.9%,0.0%,-13.9%,-34.6%,-38.4%,-9.2%,,0.0pp,521,"business_bachelors x2.4 (ESTIMATED, NOT ACTUAL)",NOT_RUN,,NOT_RUN,NOT_RUN,48,18.5,DECLINING,PENDING_BACKFILL,,COMING_SOON,,COMING_SOON,,0,39.6,48,85%,,217 business grads/year (2023),Business completions -38% over 5Y,Business-heavy (38% of bachelor's),,,Backlog
9496c832-b361-42bb-bd9b-c4d51f47cd79,"Univ of Alaska, Anchorage",AK,102553,University of Alaska Anchorage,four_year,primary,exact_name,0.98,,10162,2023,128,27,820,15.6%,21.1%,-20.0%,-38.5%,-31.6%,-7.3%,,0.1pp,307,"business_bachelors x2.4 (ESTIMATED, NOT ACTUAL)",NOT_RUN,,NOT_RUN,NOT_RUN,46.5,21.8,DECLINING,PENDING_BACKFILL,,COMING_SOON,,COMING_SOON,,0,39.4,46.5,85%,,128 business grads/year (2023),Business completions -32% over 5Y,,,,Backlog
8ffbeac6-9bc5-4bf5-92a3-a6e828e54946,Univ of Nebraska at Kearney,NE,181215,University of Nebraska at Kearney,four_year,primary,exact_name,0.98,,4224,2023,155,0,856,18.1%,0.0%,-13.9%,+4.0%,-24.4%,-5.4%,,-5.2pp,372,"business_bachelors x2.4 (ESTIMATED, NOT ACTUAL)",NOT_RUN,,NOT_RUN,NOT_RUN,40.4,36.4,DECLINING,PENDING_BACKFILL,,COMING_SOON,,COMING_SOON,,0,39.3,40.4,85%,,155 business grads/year (2023),Business completions -24% over 5Y,,,,Backlog
e4cf2784-7f20-4ea7-8295-23e6566d51bf,Idaho State University,ID,142276,Idaho State University,four_year,primary,exact_name,0.98,,10406,2023,119,26,1121,10.6%,21.9%,-0.8%,-27.4%,-19.6%,-4.3%,,-2.1pp,286,"business_bachelors x2.4 (ESTIMATED, NOT ACTUAL)",NOT_RUN,,NOT_RUN,NOT_RUN,41.9,32.5,DECLINING,PENDING_BACKFILL,,COMING_SOON,,COMING_SOON,,0,39.2,41.9,85%,,119 business grads/year (2023),Business completions -20% over 5Y,,,,Backlog
deae68b0-ed73-4f47-a753-f9c3fbf80db2,University of Mary,ND,200217,University of Mary,four_year,primary,exact_name,0.98,,2650,2023,94,9,506,18.6%,9.6%,-14.5%,+4.4%,-7.8%,-1.6%,,-2.0pp,226,"business_bachelors x2.4 (ESTIMATED, NOT ACTUAL)",NOT_RUN,,NOT_RUN,NOT_RUN,32.9,54.9,STABLE,PENDING_BACKFILL,,COMING_SOON,,COMING_SOON,,0,39.2,32.9,85%,,94 business grads/year (2023),Business completions -8% over 5Y,,,,Backlog
47d4b417-0631-4081-ae04-95578efb9f62,University of Vermont,VT,231174,University of Vermont,four_year,primary,existing_unitid,1,,12168,2023,215,0,2603,8.3%,0.0%,-12.2%,-8.5%,-18.9%,-4.1%,,-2.8pp,516,"business_bachelors x2.4 (ESTIMATED, NOT ACTUAL)",16,IFC+PANHELLENIC,NOT_RUN,NOT_RUN,43.7,36.5,DECLINING,32.1,35%,COMING_SOON,,COMING_SOON,,0,39.1,26.2,100%,,215 business grads/year (2023),Business completions -19% over 5Y,16 social Greek chapters,,,Backlog
81a0e240-292a-4319-a272-aee496cc7632,Aquinas College Grand,MI,168786,Aquinas College,four_year,primary,name_prefix,0.683,,1209,2023,71,12,245,29.0%,16.9%,-7.8%,-10.1%,-11.3%,-2.4%,,5.2pp,170,"business_bachelors x2.4 (ESTIMATED, NOT ACTUAL)",NOT_RUN,,NOT_RUN,NOT_RUN,32.5,55.1,STABLE,PENDING_BACKFILL,,COMING_SOON,,COMING_SOON,,0,39,32.5,85%,,71 business grads/year (2023),Business completions -11% over 5Y,Business-heavy (29% of bachelor's),,,Backlog
8f442115-9b6b-4cdf-a6d0-428257b4eecb,Clayton State University,GA,139311,Clayton  State University,four_year,primary,exact_name,0.98,,5301,2023,165,18,847,19.5%,10.9%,-23.6%,-37.3%,-32.1%,-7.4%,,-4.6pp,396,"business_bachelors x2.4 (ESTIMATED, NOT ACTUAL)",NOT_RUN,,NOT_RUN,NOT_RUN,48.5,14,DECLINING,PENDING_BACKFILL,,COMING_SOON,,COMING_SOON,,0,38.6,48.5,85%,,165 business grads/year (2023),Business completions -32% over 5Y,,,,Backlog
ea6f3381-59fb-4ed6-bc78-6d440f54108f,Univ of Northern Colorado,CO,127741,University of Northern Colorado,four_year,primary,exact_name,0.98,,6616,2023,168,0,1571,10.7%,0.0%,+16.7%,-15.2%,-18.4%,-4.0%,,0.2pp,403,"business_bachelors x2.4 (ESTIMATED, NOT ACTUAL)",NOT_RUN,,NOT_RUN,NOT_RUN,38.5,38.8,DECLINING,PENDING_BACKFILL,,COMING_SOON,,COMING_SOON,,0,38.6,38.5,85%,,168 business grads/year (2023),Business completions -18% over 5Y,,,,Backlog
70eee749-b3df-4b53-bd6d-5546e97c4757,Culver-Stockton College,MO,177144,Culver-Stockton College,four_year,primary,exact_name,0.98,,930,2023,45,8,165,27.3%,17.8%,+12.5%,+9.8%,-10.0%,-2.1%,,5.1pp,108,"business_bachelors x2.4 (ESTIMATED, NOT ACTUAL)",NOT_RUN,,NOT_RUN,NOT_RUN,27.3,66.9,GROWING,PENDING_BACKFILL,,COMING_SOON,,COMING_SOON,,0,38.6,27.3,85%,,45 business grads/year (2023),Business completions -10% over 5Y,Business-heavy (27% of bachelor's),,,Backlog
5c769137-f886-40f0-99f3-690719e46337,SUNY College at Oneonta,NY,196185,SUNY Oneonta,four_year,primary,name_prefix,0.683,,4904,2023,160,13,1308,12.2%,8.1%,+14.3%,-18.8%,-13.0%,-2.8%,,-0.4pp,384,"business_bachelors x2.4 (ESTIMATED, NOT ACTUAL)",NOT_RUN,,NOT_RUN,NOT_RUN,39.3,36.6,DECLINING,PENDING_BACKFILL,,COMING_SOON,,COMING_SOON,,0,38.5,39.3,85%,,160 business grads/year (2023),Business completions -13% over 5Y,,,,Backlog
4bd98964-3625-4197-9c14-9e0c64ebe87d,Western New Mexico University,NM,188304,Western New Mexico University,four_year,primary,existing_unitid,1,,2602,2023,36,6,287,12.5%,16.7%,-26.5%,+28.6%,+20.0%,+3.7%,,1.6pp,86,"business_bachelors x2.4 (ESTIMATED, NOT ACTUAL)",NOT_RUN,,NOT_RUN,NOT_RUN,18.6,87,GROWING,PENDING_BACKFILL,,COMING_SOON,,COMING_SOON,,0,38.1,18.6,85%,,36 business grads/year (2023),Business completions +20% over 5Y,,,,Backlog
36cbc0fe-6655-4c06-84bc-5f6f72c6f892,Clark University,MA,165334,Clark University,four_year,primary,exact_name,0.98,,2369,2023,58,0,602,9.6%,0.0%,+16.0%,+9.4%,+75.8%,+11.9%,,2.4pp,139,"business_bachelors x2.4 (ESTIMATED, NOT ACTUAL)",NOT_RUN,,NOT_RUN,NOT_RUN,16.9,90.9,GROWING,PENDING_BACKFILL,,COMING_SOON,,COMING_SOON,,0,38,16.9,85%,,58 business grads/year (2023),Business completions +76% over 5Y,,,,Backlog
7b202c04-686d-413f-878f-a2bd3675a1f0,Uof Arkansas at Monticello,AR,106485,University of Arkansas at Monticello,four_year,primary,name_prefix,0.95,,2328,2023,56,11,264,21.2%,19.6%,-16.4%,+7.7%,-16.4%,-3.5%,,2.6pp,134,"business_bachelors x2.4 (ESTIMATED, NOT ACTUAL)",NOT_RUN,,NOT_RUN,NOT_RUN,29.3,59.2,STABLE,PENDING_BACKFILL,,COMING_SOON,,COMING_SOON,,0,37.8,29.3,85%,,56 business grads/year (2023),Business completions -16% over 5Y,,,,Backlog
869cfc8a-c5bb-4bb9-8354-d11f86252e6a,Alaska Pacific University,AK,102669,Alaska Pacific University,four_year,primary,exact_name,0.98,,437,2023,11,0,55,20.0%,0.0%,0.0%,-35.3%,+175.0%,+22.4%,,10.0pp,26,"business_bachelors x2.4 (ESTIMATED, NOT ACTUAL)",NOT_RUN,,NOT_RUN,NOT_RUN,15.9,92.1,GROWING,PENDING_BACKFILL,,COMING_SOON,,COMING_SOON,,0,37.7,15.9,85%,,11 business grads/year (2023),,,,,Backlog
cb5e06ea-c042-439c-8d66-41b97a52c811,Morgan State University,MD,163453,Morgan State University,four_year,primary,exact_name,0.98,,8300,2023,159,16,964,16.5%,10.1%,-8.1%,-29.3%,-36.6%,-8.7%,,-5.3pp,382,"business_bachelors x2.4 (ESTIMATED, NOT ACTUAL)",NOT_RUN,,NOT_RUN,NOT_RUN,48,11.7,DECLINING,PENDING_BACKFILL,,COMING_SOON,,COMING_SOON,,0,37.6,48,85%,,159 business grads/year (2023),Business completions -37% over 5Y,,,,Backlog
d7ed6ba4-b161-42d3-aba3-68c583fd1630,Univ of Southern Maine,ME,161554,University of Southern Maine,four_year,primary,exact_name,0.98,,5520,2023,160,10,934,17.1%,6.3%,-10.6%,-23.4%,-24.2%,-5.4%,,-2.4pp,384,"business_bachelors x2.4 (ESTIMATED, NOT ACTUAL)",NOT_RUN,,NOT_RUN,NOT_RUN,44.4,20.4,DECLINING,PENDING_BACKFILL,,COMING_SOON,,COMING_SOON,,0,37.5,44.4,85%,,160 business grads/year (2023),Business completions -24% over 5Y,,,,Backlog
ac82bfcf-5d9d-45a3-a652-89b5f992485f,Suffolk University,MA,168005,Suffolk University,four_year,primary,existing_unitid,1,,4484,2023,344,44,909,37.8%,12.8%,-22.2%,-33.6%,-36.2%,-8.6%,,-9.3pp,826,"business_bachelors x2.4 (ESTIMATED, NOT ACTUAL)",3,IFC+PANHELLENIC,NOT_RUN,NOT_RUN,58.5,11.7,DECLINING,15.6,35%,COMING_SOON,,COMING_SOON,,0,37.4,35.1,100%,,344 business grads/year (2023),Business completions -36% over 5Y,3 social Greek chapters,Business-heavy (38% of bachelor's),,Backlog
aba6890b-beb3-43c0-8bbc-ecdc2435befb,Delaware State University,DE,130934,Delaware State University,four_year,primary,exact_name,0.98,,4941,2023,73,11,670,10.9%,15.1%,-13.1%,-1.4%,-1.4%,-0.3%,,-1.2pp,175,"business_bachelors x2.4 (ESTIMATED, NOT ACTUAL)",NOT_RUN,,NOT_RUN,NOT_RUN,28.1,60.1,STABLE,PENDING_BACKFILL,,COMING_SOON,,COMING_SOON,,0,37.2,28.1,85%,,73 business grads/year (2023),Business completions -1% over 5Y,,,,Backlog
12036875-583c-41fc-9126-001e51583256,Michigan Technological Univ,MI,171128,Michigan Technological University,four_year,primary,exact_name,0.98,,5892,2023,68,14,1109,6.1%,20.6%,+23.6%,-21.8%,+11.5%,+2.2%,,0.7pp,163,"business_bachelors x2.4 (ESTIMATED, NOT ACTUAL)",NOT_RUN,,NOT_RUN,NOT_RUN,27.9,60.4,STABLE,PENDING_BACKFILL,,COMING_SOON,,COMING_SOON,,0,37.2,27.9,85%,,68 business grads/year (2023),Business completions +11% over 5Y,,,,Backlog
7d9df2aa-4485-48e4-86f7-bfd409b9ef35,Seminole State College of Florida,FL,137209,Seminole State College of Florida,four_year,primary,existing_unitid,1,,14104,2023,103,0,477,21.6%,0.0%,-19.5%,-29.0%,-33.1%,-7.7%,,-20.9pp,247,"business_bachelors x2.4 (ESTIMATED, NOT ACTUAL)",NOT_RUN,,NOT_RUN,NOT_RUN,46.6,11.5,DECLINING,PENDING_BACKFILL,,COMING_SOON,,COMING_SOON,,0,36.6,46.6,85%,,103 business grads/year (2023),Business completions -33% over 5Y,"Large undergrad population (14,104)",,,Backlog
a1d047cc-8929-499e-a10d-b3db27e03723,North Park University,IL,147679,North Park University,four_year,primary,existing_unitid,1,,1876,2023,101,0,392,25.8%,0.0%,+6.3%,-14.4%,-19.2%,-4.2%,,2.3pp,242,"business_bachelors x2.4 (ESTIMATED, NOT ACTUAL)",NOT_RUN,,NOT_RUN,NOT_RUN,34,42.6,STABLE,PENDING_BACKFILL,,COMING_SOON,,COMING_SOON,,0,36.5,34,85%,,101 business grads/year (2023),Business completions -19% over 5Y,Business-heavy (26% of bachelor's),,,Backlog
80f0a71a-4c1d-4ee6-8203-4713f3fe867f,Albion College,MI,168546,Albion College,four_year,primary,exact_name,0.98,,1354,2023,45,10,281,16.0%,22.2%,-16.7%,+25.0%,+4.7%,+0.9%,,0.7pp,108,"business_bachelors x2.4 (ESTIMATED, NOT ACTUAL)",NOT_RUN,,NOT_RUN,NOT_RUN,19.6,77.8,GROWING,PENDING_BACKFILL,,COMING_SOON,,COMING_SOON,,0,36.2,19.6,85%,,45 business grads/year (2023),Business completions +5% over 5Y,,,,Backlog
6e83a0ab-82e0-4188-88f2-cd461bdc97f5,Texas Southern University,TX,229063,Texas Southern University,four_year,primary,exact_name,0.98,,6619,2023,154,25,908,17.0%,16.2%,-12.0%,-30.6%,-41.0%,-10.0%,,-9.8pp,370,"business_bachelors x2.4 (ESTIMATED, NOT ACTUAL)",NOT_RUN,,NOT_RUN,NOT_RUN,47.3,8.4,DECLINING,PENDING_BACKFILL,,COMING_SOON,,COMING_SOON,,0,36.2,47.3,85%,,154 business grads/year (2023),Business completions -41% over 5Y,,,,Backlog
7839ef8a-5b97-42fc-8d0d-300552c364bd,University of Dallas,TX,224323,University of Dallas,four_year,primary,exact_name,0.98,,1427,2023,61,0,303,20.1%,0.0%,0.0%,-9.0%,+13.0%,+2.5%,,-0.6pp,146,"business_bachelors x2.4 (ESTIMATED, NOT ACTUAL)",NOT_RUN,,NOT_RUN,NOT_RUN,24.5,64.9,GROWING,PENDING_BACKFILL,,COMING_SOON,,COMING_SOON,,0,36,24.5,85%,,61 business grads/year (2023),Business completions +13% over 5Y,,,,Backlog
ed9776cb-5afc-42f5-8dd3-e246cf6334f7,Belmont University,TN,219709,Belmont University,four_year,primary,exact_name,0.98,,7330,2023,154,16,1522,10.1%,10.4%,-1.9%,-25.2%,-24.1%,-5.4%,,-3.6pp,370,"business_bachelors x2.4 (ESTIMATED, NOT ACTUAL)",NOT_RUN,,NOT_RUN,NOT_RUN,41.3,22.5,DECLINING,PENDING_BACKFILL,,COMING_SOON,,COMING_SOON,,1,35.9,41.3,85%,,154 business grads/year (2023),Business completions -24% over 5Y,,,,Backlog
86d84cfa-181c-4333-8c01-e93bf9555f97,SUNY Polytechnic Institute,NY,196112,SUNY Polytechnic Institute,four_year,primary,exact_name,0.98,,1904,2023,88,20,513,17.2%,22.7%,+17.3%,+10.0%,-12.0%,-2.5%,,-2.5pp,211,"business_bachelors x2.4 (ESTIMATED, NOT ACTUAL)",NOT_RUN,,NOT_RUN,NOT_RUN,30.3,49.9,STABLE,PENDING_BACKFILL,,COMING_SOON,,COMING_SOON,,0,35.9,30.3,85%,,88 business grads/year (2023),Business completions -12% over 5Y,,,,Backlog
e61ddff3-433f-4443-b48b-2c2f090fb9c0,Embry-Riddle Aeronautical U Daytona,FL,133553,Embry-Riddle Aeronautical University-Daytona Beach,four_year,primary,name_reverse,0.817,,10274,2023,74,0,1397,5.3%,0.0%,-16.9%,-3.9%,-7.5%,-1.6%,,-2.7pp,178,"business_bachelors x2.4 (ESTIMATED, NOT ACTUAL)",NOT_RUN,,NOT_RUN,NOT_RUN,30.3,48.9,STABLE,PENDING_BACKFILL,,COMING_SOON,,COMING_SOON,,0,35.6,30.3,85%,,74 business grads/year (2023),Business completions -7% over 5Y,,,,Backlog
217f80e3-e73d-44b5-b442-996200638993,Rhode Island College,RI,217420,Rhode Island College,four_year,primary,existing_unitid,1,,4785,2023,154,38,1048,14.7%,24.7%,-9.9%,-31.6%,-33.0%,-7.7%,,-2.3pp,370,"business_bachelors x2.4 (ESTIMATED, NOT ACTUAL)",NOT_RUN,,NOT_RUN,NOT_RUN,43.3,16.3,DECLINING,PENDING_BACKFILL,,COMING_SOON,,COMING_SOON,,0,35.6,43.3,85%,,154 business grads/year (2023),Business completions -33% over 5Y,,,,Backlog
f5cf7de4-6d61-4eee-aa1f-f7c6d00324af,Bradley University,IL,143358,Bradley University,four_year,primary,exact_name,0.98,,3883,2023,163,34,1023,15.9%,20.9%,-20.9%,-15.5%,-26.6%,-6.0%,,-6.1pp,391,"business_bachelors x2.4 (ESTIMATED, NOT ACTUAL)",1,IFC,3,2,38.6,21.4,DECLINING,39.8,75%,COMING_SOON,,COMING_SOON,,0,35.3,3.9,100%,,163 business grads/year (2023),Business completions -27% over 5Y,1 social Greek chapters,IFC contacts verified,,Council outreach
9b132b31-63f3-42e6-8f70-4a2d5d640120,Saint Xavier University,IL,148627,Saint Xavier University,four_year,primary,exact_name,0.98,,3039,2023,118,27,692,17.1%,22.9%,-7.8%,-19.7%,-23.4%,-5.2%,,-4.6pp,283,"business_bachelors x2.4 (ESTIMATED, NOT ACTUAL)",NOT_RUN,,NOT_RUN,NOT_RUN,37.6,29.4,DECLINING,PENDING_BACKFILL,,COMING_SOON,,COMING_SOON,,0,35.3,37.6,85%,,118 business grads/year (2023),Business completions -23% over 5Y,,,,Backlog
9d769837-cb0d-4da8-9e48-fdbe72f9b534,Walsh College,MI,172608,Walsh College,four_year,primary,exact_name,0.98,,545,2023,161,38,200,80.5%,23.6%,-32.4%,-36.4%,-47.6%,-12.1%,,-9.8pp,386,"business_bachelors x2.4 (ESTIMATED, NOT ACTUAL)",NOT_RUN,,NOT_RUN,NOT_RUN,47.1,5.3,DECLINING,PENDING_BACKFILL,,COMING_SOON,,COMING_SOON,,0,35.2,47.1,85%,,161 business grads/year (2023),Business completions -48% over 5Y,Business-heavy (81% of bachelor's),,,Backlog
bee1cc05-1e2a-429f-9b2a-ea251f196920,Knox College,IL,146427,Knox College,four_year,primary,exact_name,0.98,,1001,2023,26,0,243,10.7%,0.0%,-7.1%,+44.4%,,,,10.7pp,62,"business_bachelors x2.4 (ESTIMATED, NOT ACTUAL)",NOT_RUN,,NOT_RUN,NOT_RUN,9.7,98.5,GROWING,PENDING_BACKFILL,,COMING_SOON,,COMING_SOON,,0,35.1,9.7,85%,,26 business grads/year (2023),,,,,Backlog
892382c3-5770-41cb-b94f-8407abd92be8,Indiana University Northwest,IN,151360,Indiana University-Northwest,four_year,primary,existing_unitid,1,,2787,2023,78,0,526,14.8%,0.0%,+21.9%,+30.0%,-11.4%,-2.4%,,-0.7pp,187,"business_bachelors x2.4 (ESTIMATED, NOT ACTUAL)",NOT_RUN,,NOT_RUN,NOT_RUN,24.6,61.2,STABLE,PENDING_BACKFILL,,COMING_SOON,,COMING_SOON,,0,35.1,24.6,85%,,78 business grads/year (2023),Business completions -11% over 5Y,,,,Backlog
afc34f5a-4dd9-47f0-972a-e72d579052bb,Colorado State Univ-Pueblo,CO,128106,Colorado State University Pueblo,four_year,primary,exact_name,0.98,,4816,2023,95,8,603,15.8%,8.4%,-18.1%,-25.2%,-15.2%,-3.2%,,0.7pp,228,"business_bachelors x2.4 (ESTIMATED, NOT ACTUAL)",NOT_RUN,,NOT_RUN,NOT_RUN,34,37.6,DECLINING,PENDING_BACKFILL,,COMING_SOON,,COMING_SOON,,0,35,34,85%,,95 business grads/year (2023),Business completions -15% over 5Y,,,,Backlog
2ec60732-9510-4ee0-a694-b9e2e7231bab,Alma College,MI,168591,Alma College,four_year,primary,exact_name,0.98,,1235,2023,52,7,277,18.8%,13.5%,0.0%,0.0%,-3.7%,-0.8%,,0.5pp,125,"business_bachelors x2.4 (ESTIMATED, NOT ACTUAL)",NOT_RUN,,NOT_RUN,NOT_RUN,23.6,63,GROWING,PENDING_BACKFILL,,COMING_SOON,,COMING_SOON,,0,34.9,23.6,85%,,52 business grads/year (2023),Business completions -4% over 5Y,,,,Backlog
e10d4e7f-f243-4713-b21c-b4ac88b69205,Univ of Louisiana at Monroe,LA,159993,University of Louisiana at Monroe,four_year,primary,exact_name,0.98,,6550,2023,149,16,1066,14.0%,10.7%,-24.4%,-29.7%,-30.4%,-7.0%,,-3.7pp,358,"business_bachelors x2.4 (ESTIMATED, NOT ACTUAL)",NOT_RUN,,NOT_RUN,NOT_RUN,42.5,15.9,DECLINING,PENDING_BACKFILL,,COMING_SOON,,COMING_SOON,,0,34.9,42.5,85%,,149 business grads/year (2023),Business completions -30% over 5Y,,,,Backlog
8b60f73d-7924-45a5-92b2-35824107948e,St. Edward's University,TX,227845,Saint Edward's University,four_year,primary,name_prefix,0.95,,2731,2023,140,22,659,21.2%,15.7%,-14.6%,-31.7%,-34.3%,-8.1%,,-3.4pp,336,"business_bachelors x2.4 (ESTIMATED, NOT ACTUAL)",NOT_RUN,,NOT_RUN,NOT_RUN,42.7,15,DECLINING,PENDING_BACKFILL,,COMING_SOON,,COMING_SOON,,0,34.8,42.7,85%,,140 business grads/year (2023),Business completions -34% over 5Y,,,,Backlog
2fb75c3f-c5c3-4de5-b82d-4e4684cea60f,Missouri Univ Science & Tech,MO,178411,Missouri University of Science and Technology,four_year,primary,name_prefix,0.95,,5510,2023,31,0,1205,2.6%,0.0%,+10.7%,+6.9%,+6.9%,+1.3%,,0.5pp,74,"business_bachelors x2.4 (ESTIMATED, NOT ACTUAL)",NOT_RUN,,NOT_RUN,NOT_RUN,18.8,74.6,GROWING,PENDING_BACKFILL,,COMING_SOON,,COMING_SOON,,0,34.7,18.8,85%,,31 business grads/year (2023),Business completions +7% over 5Y,,,,Backlog
92a8c453-b8a0-46d6-a871-57b08ac53965,University of Portland,OR,209825,University of Portland,four_year,primary,exact_name,0.98,,3136,2023,112,15,865,13.0%,13.4%,-23.3%,+5.7%,-20.6%,-4.5%,,-0.9pp,269,"business_bachelors x2.4 (ESTIMATED, NOT ACTUAL)",NOT_RUN,,NOT_RUN,NOT_RUN,31.5,42.5,STABLE,PENDING_BACKFILL,,COMING_SOON,,COMING_SOON,,0,34.6,31.5,85%,,112 business grads/year (2023),Business completions -21% over 5Y,,,,Backlog
f8cd97cd-6ba9-4282-abf1-2c2828fb627c,Brandeis University,MA,165015,Brandeis University,four_year,primary,existing_unitid,1,,3675,2023,50,0,884,5.7%,0.0%,+35.1%,+4.2%,+47.1%,+8.0%,,1.9pp,120,"business_bachelors x2.4 (ESTIMATED, NOT ACTUAL)",8,IFC+PANHELLENIC,NOT_RUN,NOT_RUN,19.4,87.4,GROWING,22.8,35%,COMING_SOON,,COMING_SOON,,0,34.6,11.6,100%,,50 business grads/year (2023),Business completions +47% over 5Y,8 social Greek chapters,,,Backlog
937aa008-9316-4e4c-acfd-1c28cd6629b6,"College at Brockport, SUNY",NY,196121,SUNY Brockport,four_year,primary,name_prefix,0.683,,5429,2023,167,19,1433,11.7%,11.4%,-9.7%,-33.7%,-29.5%,-6.8%,,-1.5pp,401,"business_bachelors x2.4 (ESTIMATED, NOT ACTUAL)",NOT_RUN,,NOT_RUN,NOT_RUN,41.4,16.8,DECLINING,PENDING_BACKFILL,,COMING_SOON,,COMING_SOON,,0,34.4,41.4,85%,,167 business grads/year (2023),Business completions -30% over 5Y,,,,Backlog
0be532c5-92f3-4118-bfeb-598814125b3a,Widener University,PA,216852,Widener University,four_year,primary,exact_name,0.98,,2811,2023,107,17,664,16.1%,15.9%,-13.7%,-19.6%,-11.6%,-2.4%,,-0.5pp,257,"business_bachelors x2.4 (ESTIMATED, NOT ACTUAL)",NOT_RUN,,NOT_RUN,NOT_RUN,33.2,36.8,DECLINING,PENDING_BACKFILL,,COMING_SOON,,COMING_SOON,,0,34.2,33.2,85%,,107 business grads/year (2023),Business completions -12% over 5Y,,,,Backlog
9186a65e-e745-4c08-9896-25e746359ab2,Emporia State University,KS,155025,Emporia State University,four_year,primary,exact_name,0.98,,2412,2023,117,10,710,16.5%,8.6%,-7.1%,-13.3%,-9.3%,-1.9%,,-1.0pp,281,"business_bachelors x2.4 (ESTIMATED, NOT ACTUAL)",NOT_RUN,,NOT_RUN,NOT_RUN,32.1,39.4,STABLE,PENDING_BACKFILL,,COMING_SOON,,COMING_SOON,,0,34.2,32.1,85%,,117 business grads/year (2023),Business completions -9% over 5Y,,,,Backlog
53ec4d40-0dad-4012-b2f0-0ca78b569459,Southern Univ at New Orleans New,LA,160630,Southern University at New Orleans,four_year,primary,name_prefix,0.95,,1773,2023,41,0,223,18.4%,0.0%,+20.6%,-6.8%,+2.5%,+0.5%,,4.9pp,98,"business_bachelors x2.4 (ESTIMATED, NOT ACTUAL)",NOT_RUN,,NOT_RUN,NOT_RUN,20.3,68.1,GROWING,PENDING_BACKFILL,,COMING_SOON,,COMING_SOON,,0,34,20.3,85%,,41 business grads/year (2023),Business completions +3% over 5Y,,,,Backlog
300b679c-d17d-412b-8a4f-ca4b11e42306,Winthrop University Rock,SC,218964,Winthrop University,four_year,primary,name_prefix,0.683,,3787,2023,141,0,821,17.2%,0.0%,-15.6%,-26.6%,-22.5%,-5.0%,,-0.9pp,338,"business_bachelors x2.4 (ESTIMATED, NOT ACTUAL)",NOT_RUN,,NOT_RUN,NOT_RUN,36.9,26.4,DECLINING,PENDING_BACKFILL,,COMING_SOON,,COMING_SOON,,0,33.9,36.9,85%,,141 business grads/year (2023),Business completions -23% over 5Y,,,,Backlog
fac55964-81f5-4be8-844a-8a5f7afddee3,Rogers State University,OK,207661,Rogers State University,four_year,primary,existing_unitid,1,,3094,2023,89,0,411,21.6%,0.0%,-30.5%,-8.3%,-19.1%,-4.2%,,-6.0pp,214,"business_bachelors x2.4 (ESTIMATED, NOT ACTUAL)",NOT_RUN,,NOT_RUN,NOT_RUN,33.8,33.7,DECLINING,PENDING_BACKFILL,,COMING_SOON,,COMING_SOON,,0,33.8,33.8,85%,,89 business grads/year (2023),Business completions -19% over 5Y,,,,Backlog
6a5adfa7-2b07-4254-ae83-c2b2a90055dc,Eastern Illinois Univ,IL,144892,Eastern Illinois University,four_year,primary,exact_name,0.98,,6849,2023,132,17,1104,12.0%,12.9%,-6.4%,-25.8%,-33.3%,-7.8%,,-1.6pp,317,"business_bachelors x2.4 (ESTIMATED, NOT ACTUAL)",NOT_RUN,,NOT_RUN,NOT_RUN,39.9,17.7,DECLINING,PENDING_BACKFILL,,COMING_SOON,,COMING_SOON,,0,33.6,39.9,85%,,132 business grads/year (2023),Business completions -33% over 5Y,,,,Backlog
c6f2425e-f4fb-4145-a230-429cd9359057,William Jewell College,MO,179955,William Jewell College,four_year,primary,exact_name,0.98,,868,2023,41,7,181,22.7%,17.1%,-2.4%,-2.4%,-14.6%,-3.1%,,4.8pp,98,"business_bachelors x2.4 (ESTIMATED, NOT ACTUAL)",NOT_RUN,,NOT_RUN,NOT_RUN,24.4,56.7,STABLE,PENDING_BACKFILL,,COMING_SOON,,COMING_SOON,,0,33.6,24.4,85%,,41 business grads/year (2023),Business completions -15% over 5Y,,,,Backlog
afb9cd13-7cd5-48fb-8416-e358d02bc2ae,Pennsylvania State University,PA,214713,Pennsylvania State University-Penn State Harrisburg,four_year,primary,existing_unitid,1,,4164,2023,127,21,729,17.4%,16.5%,-17.0%,,-39.2%,-9.5%,,-9.4pp,305,"business_bachelors x2.4 (ESTIMATED, NOT ACTUAL)",20,IFC+NPHC+PANHELLENIC,NOT_RUN,NOT_RUN,40.6,7.2,DECLINING,40.2,35%,COMING_SOON,,COMING_SOON,,0,33.5,24.4,100%,,127 business grads/year (2023),Business completions -39% over 5Y,20 social Greek chapters,,,Greek council enrichment
366a326d-7077-4ab7-ae89-b40efd459f3f,Longwood University,VA,232566,Longwood University,four_year,primary,exact_name,0.98,,3223,2023,109,0,716,15.2%,0.0%,-24.3%,-9.2%,-19.3%,-4.2%,,0.7pp,262,"business_bachelors x2.4 (ESTIMATED, NOT ACTUAL)",NOT_RUN,,NOT_RUN,NOT_RUN,29.4,43.7,STABLE,PENDING_BACKFILL,,COMING_SOON,,COMING_SOON,,0,33.5,29.4,85%,,109 business grads/year (2023),Business completions -19% over 5Y,,,,Backlog
695149ba-2389-45e3-8164-f29a9f46de55,Alabama A&M University,AL,100654,Alabama A & M University,four_year,primary,exact_name,0.98,,5845,2023,74,9,511,14.5%,12.2%,-5.1%,-22.1%,-7.5%,-1.6%,,-1.3pp,178,"business_bachelors x2.4 (ESTIMATED, NOT ACTUAL)",NOT_RUN,,NOT_RUN,NOT_RUN,32,36.2,DECLINING,PENDING_BACKFILL,,COMING_SOON,,COMING_SOON,,0,33.2,32,85%,,74 business grads/year (2023),Business completions -7% over 5Y,,,,Backlog
238792eb-7de7-4568-a96a-43356a756fe2,Western Illinois University,IL,149772,Western Illinois University,four_year,primary,exact_name,0.98,,5025,2023,141,27,1105,12.8%,19.1%,-24.2%,-41.0%,-42.2%,-10.4%,,-0.1pp,338,"business_bachelors x2.4 (ESTIMATED, NOT ACTUAL)",NOT_RUN,,NOT_RUN,NOT_RUN,40,15.9,DECLINING,PENDING_BACKFILL,,COMING_SOON,,COMING_SOON,,0,33.1,40,85%,,141 business grads/year (2023),Business completions -42% over 5Y,,,,Backlog
54a5eca7-03c1-496c-bbbd-032df1589250,Morehead State University,KY,157386,Morehead State University,four_year,primary,exact_name,0.98,,8058,2023,118,26,992,11.9%,22.0%,-6.3%,-29.3%,-36.6%,-8.7%,,-2.3pp,283,"business_bachelors x2.4 (ESTIMATED, NOT ACTUAL)",NOT_RUN,,NOT_RUN,NOT_RUN,40.5,14.3,DECLINING,PENDING_BACKFILL,,COMING_SOON,,COMING_SOON,,0,33,40.5,85%,,118 business grads/year (2023),Business completions -37% over 5Y,,,,Backlog
7cd43201-9dde-4cfa-be62-cd3008e13940,Shenandoah University,VA,233541,Shenandoah University,four_year,primary,exact_name,0.98,,2590,2023,60,0,487,12.3%,0.0%,+3.5%,+20.0%,-4.8%,-1.0%,,-0.5pp,144,"business_bachelors x2.4 (ESTIMATED, NOT ACTUAL)",NOT_RUN,,NOT_RUN,NOT_RUN,19.6,66.2,GROWING,PENDING_BACKFILL,,COMING_SOON,,COMING_SOON,,0,32.9,19.6,85%,,60 business grads/year (2023),Business completions -5% over 5Y,,,,Backlog
a975d81f-9737-44f3-adc8-3f33e1aa6754,Western New England Univ,MA,168254,Western New England University,four_year,primary,exact_name,0.98,,2584,2023,111,19,552,20.1%,17.1%,-31.9%,-29.3%,-22.9%,-5.1%,,-2.7pp,266,"business_bachelors x2.4 (ESTIMATED, NOT ACTUAL)",NOT_RUN,,NOT_RUN,NOT_RUN,37.7,20.1,DECLINING,PENDING_BACKFILL,,COMING_SOON,,COMING_SOON,,0,32.7,37.7,85%,,111 business grads/year (2023),Business completions -23% over 5Y,,,,Backlog
675fd9e9-bb80-446e-9a75-9b5a722d3797,University of the Pacific,CA,120883,University of the Pacific,four_year,primary,exact_name,0.98,,3297,2023,121,15,871,13.9%,12.4%,-8.3%,-3.2%,-30.1%,-6.9%,,-6.2pp,290,"business_bachelors x2.4 (ESTIMATED, NOT ACTUAL)",NOT_RUN,,NOT_RUN,NOT_RUN,33.7,29.3,DECLINING,PENDING_BACKFILL,,COMING_SOON,,COMING_SOON,,0,32.4,33.7,85%,,121 business grads/year (2023),Business completions -30% over 5Y,,,,Backlog
757eaeef-c9f9-4a0e-9ce9-66b34c9ed755,Fort Lewis College,CO,127185,Fort Lewis College,four_year,primary,exact_name,0.98,,3313,2023,97,14,521,18.6%,14.4%,+2.1%,-19.2%,-28.7%,-6.5%,,-1.4pp,233,"business_bachelors x2.4 (ESTIMATED, NOT ACTUAL)",NOT_RUN,,NOT_RUN,NOT_RUN,35.8,23.5,DECLINING,PENDING_BACKFILL,,COMING_SOON,,COMING_SOON,,0,32.3,35.8,85%,,97 business grads/year (2023),Business completions -29% over 5Y,,,,Backlog
429a3f53-60ea-43d0-92c7-fbd392cdc3a1,Univ Illinois at Springfield,IL,148654,University of Illinois Springfield,four_year,primary,name_prefix,0.95,,2342,2023,127,22,662,19.2%,17.3%,-6.6%,-24.4%,-25.7%,-5.8%,,-4.7pp,305,"business_bachelors x2.4 (ESTIMATED, NOT ACTUAL)",NOT_RUN,,NOT_RUN,NOT_RUN,38.1,17.4,DECLINING,PENDING_BACKFILL,,COMING_SOON,,COMING_SOON,,0,32.2,38.1,85%,,127 business grads/year (2023),Business completions -26% over 5Y,,,,Backlog
5c3debe3-95b4-4dd9-8680-23c8c72c1077,University of St. Thomas,TX,227863,University of St Thomas,four_year,primary,existing_unitid,1,YES,2969,2023,103,21,606,17.0%,20.4%,+51.5%,+18.4%,+24.1%,+4.4%,,-6.3pp,247,"business_bachelors x2.4 (ESTIMATED, NOT ACTUAL)",0,,NOT_RUN,NOT_RUN,30,74,GROWING,3.1,35%,COMING_SOON,,COMING_SOON,,0,32.2,18,100%,,103 business grads/year (2023),Business completions +24% over 5Y,,,,Backlog
774fdd9c-50fc-446e-8f16-4c80ad19bb64,Harding University,AR,107044,Harding University,four_year,primary,exact_name,0.98,,3496,2023,111,32,705,15.7%,28.8%,-17.2%,-30.6%,-32.7%,-7.6%,,-2.2pp,266,"business_bachelors x2.4 (ESTIMATED, NOT ACTUAL)",NOT_RUN,,NOT_RUN,NOT_RUN,36.7,19.8,DECLINING,PENDING_BACKFILL,,COMING_SOON,,COMING_SOON,,0,31.9,36.7,85%,,111 business grads/year (2023),Business completions -33% over 5Y,,,,Backlog
f7dd7f3d-c11f-47fa-a968-32b7f180a202,Amberton University,TX,222628,Amberton University,four_year,primary,existing_unitid,1,,111,2023,17,3,51,33.3%,17.6%,-19.1%,-5.6%,0.0%,0.0%,,-0.7pp,41,"business_bachelors x2.4 (ESTIMATED, NOT ACTUAL)",NOT_RUN,,NOT_RUN,NOT_RUN,23.4,53.1,STABLE,PENDING_BACKFILL,,COMING_SOON,,COMING_SOON,,0,31.9,23.4,85%,,17 business grads/year (2023),Business completions 0% over 5Y,Business-heavy (33% of bachelor's),,,Backlog
0a2467b0-4236-4560-8258-9c06494ec754,Foothill College,CA,114716,Foothill College,four_year,primary,existing_unitid,1,,12931,2023,0,0,54,0.0%,,,,,,,0.0pp,0,"business_bachelors x2.4 (ESTIMATED, NOT ACTUAL)",NOT_RUN,,NOT_RUN,NOT_RUN,20.7,59.7,STABLE,PENDING_BACKFILL,,COMING_SOON,,COMING_SOON,,0,31.8,20.7,85%,,"Large undergrad population (12,931)",,,,,Backlog
b3f40783-beaf-44f7-a90d-3c924710437a,Meredith College,NC,198950,Meredith College,four_year,primary,exact_name,0.98,,1309,2023,62,5,322,19.3%,8.1%,-10.1%,-18.4%,-11.4%,-2.4%,,1.9pp,149,"business_bachelors x2.4 (ESTIMATED, NOT ACTUAL)",NOT_RUN,,NOT_RUN,NOT_RUN,25.4,47.2,STABLE,PENDING_BACKFILL,,COMING_SOON,,COMING_SOON,,0,31.6,25.4,85%,,62 business grads/year (2023),Business completions -11% over 5Y,,,,Backlog
2d23ea54-35d6-4f68-8a2b-5c53849a61be,Texas A&M Univ-Texarkana,TX,224545,Texas A&M University-Texarkana,four_year,primary,exact_name,0.98,,1760,2023,76,17,367,20.7%,22.4%,+8.6%,-27.6%,-11.6%,-2.4%,,-3.0pp,182,"business_bachelors x2.4 (ESTIMATED, NOT ACTUAL)",NOT_RUN,,NOT_RUN,NOT_RUN,31.7,31.5,DECLINING,PENDING_BACKFILL,,COMING_SOON,,COMING_SOON,,0,31.6,31.7,85%,,76 business grads/year (2023),Business completions -12% over 5Y,,,,Backlog
a41b86e6-01e0-41e1-b9d1-c01c9ace5db2,Ivy Tech Community College,IN,150987,Ivy Tech Community College,two_year,two_year,exact_name,0.98,,100077,,0,0,0,,,,,,,,,0,"business_bachelors x2.4 (ESTIMATED, NOT ACTUAL)",NOT_RUN,,NOT_RUN,NOT_RUN,31.6,,INSUFFICIENT_DATA,PENDING_BACKFILL,,COMING_SOON,,COMING_SOON,,0,31.6,31.6,70%,,"Large undergrad population (100,077)",,,,,Backlog
36b634ee-8202-4a0d-8ff6-0f45ce3a000b,Evangel University,MO,177339,Evangel University,four_year,primary,exact_name,0.98,,1427,2023,57,9,313,18.2%,15.8%,-1.7%,-21.9%,-1.7%,-0.4%,,-0.0pp,137,"business_bachelors x2.4 (ESTIMATED, NOT ACTUAL)",NOT_RUN,,NOT_RUN,NOT_RUN,24.5,49.1,STABLE,PENDING_BACKFILL,,COMING_SOON,,COMING_SOON,,0,31.5,24.5,85%,,57 business grads/year (2023),Business completions -2% over 5Y,,,,Backlog
6b5433eb-a6da-4beb-a18c-ebc5e6a1fab5,Northern Virginia Community College,VA,232946,Northern Virginia Community College,two_year,two_year,existing_unitid,1,,53810,,0,0,0,,,,,,,,,0,"business_bachelors x2.4 (ESTIMATED, NOT ACTUAL)",NOT_RUN,,NOT_RUN,NOT_RUN,31.5,,INSUFFICIENT_DATA,PENDING_BACKFILL,,COMING_SOON,,COMING_SOON,,0,31.5,31.5,70%,,"Large undergrad population (53,810)",,,,,Backlog
67d4f9e2-5cb4-4662-af97-da0d6eca0743,Tarrant County College,TX,228547,Tarrant County College District,two_year,two_year,existing_unitid,1,,41472,,0,0,0,,,,,,,,,0,"business_bachelors x2.4 (ESTIMATED, NOT ACTUAL)",NOT_RUN,,NOT_RUN,NOT_RUN,31.1,,INSUFFICIENT_DATA,PENDING_BACKFILL,,COMING_SOON,,COMING_SOON,,0,31.1,31.1,70%,,"Large undergrad population (41,472)",,,,,Backlog
aa44b165-a6cc-4c71-b271-e34d92118f3a,University of Detroit Mercy,MI,169716,University of Detroit Mercy,four_year,primary,exact_name,0.98,,3352,2023,52,5,623,8.3%,9.6%,-14.8%,+6.1%,-13.3%,-2.8%,,-0.2pp,125,"business_bachelors x2.4 (ESTIMATED, NOT ACTUAL)",NOT_RUN,,NOT_RUN,NOT_RUN,21.2,55.2,STABLE,PENDING_BACKFILL,,COMING_SOON,,COMING_SOON,,0,30.9,21.2,85%,,52 business grads/year (2023),Business completions -13% over 5Y,,,,Backlog
0054904a-2d2a-4686-af96-8ac394798e2b,University of Montana,MT,180489,The University of Montana,four_year,primary,alias_exact,0.95,,7570,2023,141,18,1192,11.8%,12.8%,-26.6%,-37.0%,-55.8%,-15.1%,,-9.5pp,338,"business_bachelors x2.4 (ESTIMATED, NOT ACTUAL)",NOT_RUN,,NOT_RUN,NOT_RUN,41.4,4.5,DECLINING,PENDING_BACKFILL,,COMING_SOON,,COMING_SOON,,0,30.9,41.4,85%,,141 business grads/year (2023),Business completions -56% over 5Y,,,,Backlog
1a74e225-71ce-4468-bd59-de5872700f40,Penn State Wilkes-Barre,PA,214643,Pennsylvania State University-Penn State Wilkes-Barre,four_year,primary,existing_unitid,1,,348,2023,10,0,38,26.3%,0.0%,0.0%,,-50.0%,-12.9%,,0.0pp,24,"business_bachelors x2.4 (ESTIMATED, NOT ACTUAL)",NOT_RUN,,NOT_RUN,NOT_RUN,19.3,59.7,STABLE,PENDING_BACKFILL,,COMING_SOON,,COMING_SOON,,0,30.8,19.3,85%,,10 business grads/year (2023),Business completions -50% over 5Y,Business-heavy (26% of bachelor's),,,Backlog
de0ad748-1314-4667-be67-2af2a1a2ebcb,Dominican University River,IL,148496,Dominican University,four_year,primary,name_prefix,0.683,,2397,2023,92,19,415,22.2%,20.6%,-8.0%,-24.0%,-34.3%,-8.1%,,-3.1pp,221,"business_bachelors x2.4 (ESTIMATED, NOT ACTUAL)",NOT_RUN,,NOT_RUN,NOT_RUN,36.2,17.1,DECLINING,PENDING_BACKFILL,,COMING_SOON,,COMING_SOON,,0,30.7,36.2,85%,,92 business grads/year (2023),Business completions -34% over 5Y,,,,Backlog
5adb35e0-976c-4f17-a3e2-2699525b98f3,Catawba College,NC,198215,Catawba College,four_year,primary,existing_unitid,1,,1153,2023,56,4,249,22.5%,7.1%,+7.7%,-6.7%,-21.1%,-4.6%,,-0.3pp,134,"business_bachelors x2.4 (ESTIMATED, NOT ACTUAL)",NOT_RUN,,NOT_RUN,NOT_RUN,26.6,41,STABLE,PENDING_BACKFILL,,COMING_SOON,,COMING_SOON,,0,30.7,26.6,85%,,56 business grads/year (2023),Business completions -21% over 5Y,,,,Backlog
585211f0-42ef-4cc3-9826-01f516bd33fc,Jackson State University,MS,175856,Jackson State University,four_year,primary,exact_name,0.98,,4769,2023,104,29,839,12.4%,27.9%,-30.2%,-25.2%,-33.8%,-7.9%,,-1.8pp,250,"business_bachelors x2.4 (ESTIMATED, NOT ACTUAL)",NOT_RUN,,NOT_RUN,NOT_RUN,35.1,19.5,DECLINING,PENDING_BACKFILL,,COMING_SOON,,COMING_SOON,,0,30.6,35.1,85%,,104 business grads/year (2023),Business completions -34% over 5Y,,,,Backlog
5f2e34bd-d832-4f30-87b4-698eb93cc40e,South Carolina State Univ,SC,218733,South Carolina State University,four_year,primary,exact_name,0.98,,2762,2023,36,6,232,15.5%,16.7%,-26.5%,-5.3%,-14.3%,-3.0%,,2.0pp,86,"business_bachelors x2.4 (ESTIMATED, NOT ACTUAL)",NOT_RUN,,NOT_RUN,NOT_RUN,21.5,53.3,STABLE,PENDING_BACKFILL,,COMING_SOON,,COMING_SOON,,0,30.6,21.5,85%,,36 business grads/year (2023),Business completions -14% over 5Y,,,,Backlog
277031ea-17f5-47ee-b8e4-51e4e9f008b2,Penn State York,PA,214829,Pennsylvania State University-Penn State York,four_year,primary,existing_unitid,1,,702,2023,25,0,85,29.4%,0.0%,+4.2%,,0.0%,0.0%,,-4.8pp,60,"business_bachelors x2.4 (ESTIMATED, NOT ACTUAL)",NOT_RUN,,NOT_RUN,NOT_RUN,22.6,50.3,STABLE,PENDING_BACKFILL,,COMING_SOON,,COMING_SOON,,0,30.5,22.6,85%,,25 business grads/year (2023),Business completions 0% over 5Y,Business-heavy (29% of bachelor's),,,Backlog
523452b0-3bac-473c-a9be-d8537ab5365f,Walla Walla Community College,WA,236887,Walla Walla Community College,four_year,primary,existing_unitid,1,,2982,2023,28,0,33,84.9%,0.0%,+211.1%,,,,,,67,"business_bachelors x2.4 (ESTIMATED, NOT ACTUAL)",NOT_RUN,,NOT_RUN,NOT_RUN,30.5,,INSUFFICIENT_DATA,PENDING_BACKFILL,,COMING_SOON,,COMING_SOON,,0,30.5,30.5,85%,,28 business grads/year (2023),Business-heavy (85% of bachelor's),,,,Backlog
85bc073a-5ea9-45ca-b7be-c397206e9169,West Los Angeles College,CA,125471,West Los Angeles College,four_year,primary,exact_name,0.98,,9299,2023,0,0,56,0.0%,,,,,,,0.0pp,0,"business_bachelors x2.4 (ESTIMATED, NOT ACTUAL)",NOT_RUN,,NOT_RUN,NOT_RUN,18.5,59.7,STABLE,PENDING_BACKFILL,,COMING_SOON,,COMING_SOON,,0,30.3,18.5,85%,,,,,,,Backlog
1241a874-8b43-46a9-8401-f3bab71d08df,Carson Newman University,TN,219806,Carson-Newman University,four_year,primary,existing_unitid,1,,1669,2023,63,7,372,16.9%,11.1%,-10.0%,-27.6%,0.0%,0.0%,,-0.8pp,151,"business_bachelors x2.4 (ESTIMATED, NOT ACTUAL)",NOT_RUN,,NOT_RUN,NOT_RUN,24,46.1,STABLE,PENDING_BACKFILL,,COMING_SOON,,COMING_SOON,,0,30.3,24,85%,,63 business grads/year (2023),Business completions 0% over 5Y,,,,Backlog
e67809ea-17f6-4792-ac07-3713502bdafe,Harvard University,MA,166027,Harvard University,four_year,primary,exact_name,0.98,,9095,2023,0,0,1898,0.0%,,,,,,,0.0pp,0,"business_bachelors x2.4 (ESTIMATED, NOT ACTUAL)",NOT_RUN,,NOT_RUN,NOT_RUN,18.3,59.7,STABLE,PENDING_BACKFILL,,COMING_SOON,,COMING_SOON,,0,30.1,18.3,85%,,,,,,,Backlog
960ac540-be74-4a05-8d1c-e84de0c293e8,Ottawa University,KS,155627,Ottawa University-Ottawa,four_year,primary,existing_unitid,1,,936,2023,29,5,133,21.8%,17.2%,-25.6%,-12.1%,+3.6%,+0.7%,,-5.9pp,70,"business_bachelors x2.4 (ESTIMATED, NOT ACTUAL)",NOT_RUN,,NOT_RUN,NOT_RUN,22.2,49.6,STABLE,PENDING_BACKFILL,,COMING_SOON,,COMING_SOON,,0,30,22.2,85%,,29 business grads/year (2023),Business completions +4% over 5Y,,,,Backlog
f80519fd-1784-4a8e-a405-ebdd375eb45f,City Vision University,MO,457697,City Vision University,four_year,primary,exact_name,0.98,,188,2023,5,0,20,25.0%,0.0%,-28.6%,0.0%,0.0%,0.0%,,0.0pp,12,"business_bachelors x2.4 (ESTIMATED, NOT ACTUAL)",NOT_RUN,,NOT_RUN,NOT_RUN,18,59.7,STABLE,PENDING_BACKFILL,,COMING_SOON,,COMING_SOON,,0,29.9,18,85%,,5 business grads/year (2023),,,,,Backlog
e9c8be9c-5820-4f26-92b6-fb127931ea64,Adams State University,CO,126182,Adams State University,four_year,primary,exact_name,0.98,,1576,2023,70,0,260,26.9%,0.0%,-41.7%,-24.7%,-19.5%,-4.3%,,-0.7pp,168,"business_bachelors x2.4 (ESTIMATED, NOT ACTUAL)",NOT_RUN,,NOT_RUN,NOT_RUN,29.6,30.1,DECLINING,PENDING_BACKFILL,,COMING_SOON,,COMING_SOON,,0,29.7,29.6,85%,,70 business grads/year (2023),Business completions -20% over 5Y,Business-heavy (27% of bachelor's),,,Backlog
8613ae59-6df6-4198-a892-327d6bf0c8db,Niagara University Niagara,NY,193973,Niagara University,four_year,primary,name_prefix,0.95,,2747,2023,131,17,738,17.8%,13.0%,-0.8%,-28.0%,-41.8%,-10.3%,,-9.2pp,314,"business_bachelors x2.4 (ESTIMATED, NOT ACTUAL)",NOT_RUN,,NOT_RUN,NOT_RUN,38.2,8.4,DECLINING,PENDING_BACKFILL,,COMING_SOON,,COMING_SOON,,0,29.7,38.2,85%,,131 business grads/year (2023),Business completions -42% over 5Y,,,,Backlog
bb7dc736-4a33-468b-a612-edff11a73849,Indiana University East,IN,151388,Indiana University-East,four_year,primary,exact_name,0.98,,2746,2023,123,5,615,20.0%,4.1%,-26.4%,-44.1%,-33.1%,-7.7%,,-5.2pp,295,"business_bachelors x2.4 (ESTIMATED, NOT ACTUAL)",NOT_RUN,,NOT_RUN,NOT_RUN,37.6,9.9,DECLINING,PENDING_BACKFILL,,COMING_SOON,,COMING_SOON,,0,29.7,37.6,85%,,123 business grads/year (2023),Business completions -33% over 5Y,,,,Backlog
99391f60-44a3-4844-bb5d-7859ec3b82a7,Ohio Northern University,OH,204635,Ohio Northern University,four_year,primary,exact_name,0.98,,2592,2023,62,12,505,12.3%,19.4%,-8.8%,-18.4%,+19.2%,+3.6%,,-0.6pp,149,"business_bachelors x2.4 (ESTIMATED, NOT ACTUAL)",1,IFC,2,0,21.1,60.8,STABLE,21.5,75%,COMING_SOON,,COMING_SOON,,0,29.6,6.3,100%,,62 business grads/year (2023),Business completions +19% over 5Y,1 social Greek chapters,IFC contacts verified,,Council outreach
fb93f711-f809-465c-a02d-6b9d5969e806,Azusa Pacific University,CA,109785,Azusa Pacific University,four_year,primary,existing_unitid,1,,2977,2023,138,18,1256,11.0%,13.0%,-8.0%,-25.4%,-33.7%,-7.9%,,-2.4pp,331,"business_bachelors x2.4 (ESTIMATED, NOT ACTUAL)",NOT_RUN,,NOT_RUN,NOT_RUN,33.3,20.2,DECLINING,PENDING_BACKFILL,,COMING_SOON,,COMING_SOON,,0,29.6,33.3,85%,,138 business grads/year (2023),Business completions -34% over 5Y,,,,Backlog
c973ec84-2505-4cb7-8594-41e1de90c857,Barry University Miami,FL,132471,Barry University,four_year,primary,name_prefix,0.683,,3150,2023,122,9,571,21.4%,7.4%,-24.2%,-47.2%,-46.7%,-11.8%,,-11.2pp,293,"business_bachelors x2.4 (ESTIMATED, NOT ACTUAL)",NOT_RUN,,NOT_RUN,NOT_RUN,39.9,3.3,DECLINING,PENDING_BACKFILL,,COMING_SOON,,COMING_SOON,,0,29.4,39.9,85%,,122 business grads/year (2023),Business completions -47% over 5Y,,,,Backlog
88390087-3589-48ae-b624-0eeb2302910e,Massachusetts Inst of Tech,MA,166683,Massachusetts Institute of Technology,four_year,primary,name_prefix,0.95,YES,4576,2023,21,0,1146,1.8%,0.0%,-19.2%,-4.5%,+23.5%,+4.3%,,0.2pp,50,"business_bachelors x2.4 (ESTIMATED, NOT ACTUAL)",NOT_RUN,,NOT_RUN,NOT_RUN,16.1,62.6,GROWING,PENDING_BACKFILL,,COMING_SOON,,COMING_SOON,,0,29.4,16.1,85%,,21 business grads/year (2023),Business completions +24% over 5Y,,,,Backlog
de916521-862f-4160-a359-6e202af729c4,Massachusetts Institute of Technology,MA,166683,Massachusetts Institute of Technology,four_year,primary,existing_unitid,1,YES,4576,2023,21,0,1146,1.8%,0.0%,-19.2%,-4.5%,+23.5%,+4.3%,,0.2pp,50,"business_bachelors x2.4 (ESTIMATED, NOT ACTUAL)",NOT_RUN,,NOT_RUN,NOT_RUN,16.1,62.6,GROWING,PENDING_BACKFILL,,COMING_SOON,,COMING_SOON,,0,29.4,16.1,85%,,21 business grads/year (2023),Business completions +24% over 5Y,,,,Backlog
5e6610d2-c113-4dc3-8b49-6fe9eb27007d,Trevecca Nazarene University,TN,221892,Trevecca Nazarene University,four_year,primary,exact_name,0.98,,1825,2023,103,3,380,27.1%,2.9%,-17.6%,-48.5%,-24.8%,-5.5%,,-7.9pp,247,"business_bachelors x2.4 (ESTIMATED, NOT ACTUAL)",NOT_RUN,,NOT_RUN,NOT_RUN,36.3,12.1,DECLINING,PENDING_BACKFILL,,COMING_SOON,,COMING_SOON,,0,29.4,36.3,85%,,103 business grads/year (2023),Business completions -25% over 5Y,Business-heavy (27% of bachelor's),,,Backlog
fd76c429-3697-4e8d-b3bd-2ad19806f6c9,Mt. San Antonio College,CA,119164,Mt San Antonio College,two_year,two_year,existing_unitid,1,,28742,,0,0,0,,,,,,,,,0,"business_bachelors x2.4 (ESTIMATED, NOT ACTUAL)",NOT_RUN,,NOT_RUN,NOT_RUN,29.3,,INSUFFICIENT_DATA,PENDING_BACKFILL,,COMING_SOON,,COMING_SOON,,0,29.3,29.3,70%,,"Large undergrad population (28,742)",,,,,Backlog
20d1bda2-ab50-4426-8dde-42a78951a9cf,Radford University,VA,233277,Radford University,four_year,primary,exact_name,0.98,,5704,2023,217,17,1543,14.1%,7.8%,+5.9%,-17.5%,-29.5%,-6.8%,,-2.1pp,521,"business_bachelors x2.4 (ESTIMATED, NOT ACTUAL)",1,IFC,NOT_RUN,NOT_RUN,41.6,22,DECLINING,10.3,35%,COMING_SOON,,COMING_SOON,,0,29.2,25,100%,,217 business grads/year (2023),Business completions -30% over 5Y,1 social Greek chapters,,,Backlog
f2efedd3-7d70-4aaf-9346-cc5f46f5be05,Nelson University,TX,228325,Southwestern Assemblies of God University,four_year,primary,existing_unitid,1,,1413,2023,42,3,261,16.1%,7.1%,+23.5%,+35.5%,-20.8%,-4.5%,,0.3pp,101,"business_bachelors x2.4 (ESTIMATED, NOT ACTUAL)",NOT_RUN,,NOT_RUN,NOT_RUN,18.5,55.9,STABLE,PENDING_BACKFILL,,COMING_SOON,,COMING_SOON,,0,29.2,18.5,85%,,42 business grads/year (2023),Business completions -21% over 5Y,,,,Backlog
f0c53fab-d637-4f6c-8eef-97474fa31f1b,University of Mobile,AL,101693,University of Mobile,four_year,primary,exact_name,0.98,,1688,2023,44,9,255,17.3%,20.4%,-6.4%,0.0%,-15.4%,-3.3%,,-1.1pp,106,"business_bachelors x2.4 (ESTIMATED, NOT ACTUAL)",NOT_RUN,,NOT_RUN,NOT_RUN,21.8,47.5,STABLE,PENDING_BACKFILL,,COMING_SOON,,COMING_SOON,,0,29.1,21.8,85%,,44 business grads/year (2023),Business completions -15% over 5Y,,,,Backlog
33422353-e982-42b4-b0e4-26fbb9cf1d1e,Doane University,NE,181020,Doane University,four_year,primary,existing_unitid,1,,1190,2023,52,5,268,19.4%,9.6%,-7.1%,-36.6%,+126.1%,+17.7%,,9.3pp,125,"business_bachelors x2.4 (ESTIMATED, NOT ACTUAL)",NOT_RUN,,NOT_RUN,NOT_RUN,23.9,41.1,STABLE,PENDING_BACKFILL,,COMING_SOON,,COMING_SOON,,0,28.8,23.9,85%,,52 business grads/year (2023),Business completions +126% over 5Y,,,,Backlog
8211857b-67fa-4a29-9cc0-e143bca60d3b,Fresno City College,CA,114789,Fresno City College,two_year,two_year,existing_unitid,1,,25285,,0,0,0,,,,,,,,,0,"business_bachelors x2.4 (ESTIMATED, NOT ACTUAL)",NOT_RUN,,NOT_RUN,NOT_RUN,28.8,,INSUFFICIENT_DATA,PENDING_BACKFILL,,COMING_SOON,,COMING_SOON,,0,28.8,28.8,70%,,"Large undergrad population (25,285)",,,,,Backlog
6432dced-bb87-4968-ba01-d5ab3c7075e5,Wilkes University,PA,216931,Wilkes University,four_year,primary,exact_name,0.98,,1956,2023,86,9,487,17.7%,10.5%,-18.9%,-13.1%,-23.2%,-5.1%,,-2.0pp,206,"business_bachelors x2.4 (ESTIMATED, NOT ACTUAL)",NOT_RUN,,NOT_RUN,NOT_RUN,29.3,27.2,DECLINING,PENDING_BACKFILL,,COMING_SOON,,COMING_SOON,,0,28.7,29.3,85%,,86 business grads/year (2023),Business completions -23% over 5Y,,,,Backlog
98ee430a-ae7d-4d1c-9522-606ca41ae950,El Paso Community College,TX,224642,El Paso Community College,two_year,two_year,existing_unitid,1,,24420,,0,0,0,,,,,,,,,0,"business_bachelors x2.4 (ESTIMATED, NOT ACTUAL)",NOT_RUN,,NOT_RUN,NOT_RUN,28.6,,INSUFFICIENT_DATA,PENDING_BACKFILL,,COMING_SOON,,COMING_SOON,,0,28.6,28.6,70%,,"Large undergrad population (24,420)",,,,,Backlog
51fea346-5d62-401f-9fc8-eb50765e024c,Dominican Univ of Calif San,CA,113698,Dominican University of California,four_year,primary,name_prefix,0.75,,1182,2023,48,0,319,15.0%,0.0%,+6.7%,+17.1%,-11.1%,-2.3%,,-0.6pp,115,"business_bachelors x2.4 (ESTIMATED, NOT ACTUAL)",NOT_RUN,,NOT_RUN,NOT_RUN,15.9,60,STABLE,PENDING_BACKFILL,,COMING_SOON,,COMING_SOON,,0,28.5,15.9,85%,,48 business grads/year (2023),Business completions -11% over 5Y,,,,Backlog
ba22b66d-58b4-4dd1-948f-1e6fc966517d,Texas A&M Univ-Kingsville,TX,228705,Texas A & M University-Kingsville,four_year,primary,exact_name,0.98,,5187,2023,73,19,895,8.2%,26.0%,+2.8%,-17.1%,-24.7%,-5.5%,,-1.5pp,175,"business_bachelors x2.4 (ESTIMATED, NOT ACTUAL)",NOT_RUN,,NOT_RUN,NOT_RUN,28.7,28.1,DECLINING,PENDING_BACKFILL,,COMING_SOON,,COMING_SOON,,0,28.5,28.7,85%,,73 business grads/year (2023),Business completions -25% over 5Y,,,,Backlog
c3dd686d-977b-4495-9565-1b38202941c7,Campbell University,NC,198136,Campbell University,four_year,primary,existing_unitid,1,,2813,2023,149,22,729,20.4%,14.8%,-19.5%,-28.7%,-38.2%,-9.2%,,-5.3pp,358,"business_bachelors x2.4 (ESTIMATED, NOT ACTUAL)",5,IFC+PANHELLENIC,NOT_RUN,NOT_RUN,39.8,13.3,DECLINING,17.9,35%,COMING_SOON,,COMING_SOON,,0,28.5,23.9,100%,,149 business grads/year (2023),Business completions -38% over 5Y,5 social Greek chapters,,,Backlog
520243a8-73d8-45ea-80d6-3b1e7a7f1fa3,Webster University St.,MO,179894,Webster University,four_year,primary,name_prefix,0.683,,2204,2023,110,2,554,19.9%,1.8%,-1.8%,-24.7%,-34.5%,-8.1%,,-3.8pp,264,"business_bachelors x2.4 (ESTIMATED, NOT ACTUAL)",NOT_RUN,,NOT_RUN,NOT_RUN,33.5,15.5,DECLINING,PENDING_BACKFILL,,COMING_SOON,,COMING_SOON,,0,28.4,33.5,85%,,110 business grads/year (2023),Business completions -35% over 5Y,,,,Backlog
bb44fb26-0e2b-4e03-9d2a-b3ad8028a7a0,Washburn University,KS,156082,Washburn University,four_year,primary,exact_name,0.98,,4930,2023,86,11,701,12.3%,12.8%,-7.5%,-24.6%,-22.5%,-5.0%,,-2.0pp,206,"business_bachelors x2.4 (ESTIMATED, NOT ACTUAL)",NOT_RUN,,NOT_RUN,NOT_RUN,30.8,22.3,DECLINING,PENDING_BACKFILL,,COMING_SOON,,COMING_SOON,,0,28.4,30.8,85%,,86 business grads/year (2023),Business completions -23% over 5Y,,,,Backlog
4e4f2d99-2f1b-4db0-b53b-298d709a8d8d,Pasadena City College,CA,121044,Pasadena City College,two_year,two_year,existing_unitid,1,,23592,,0,0,0,,,,,,,,,0,"business_bachelors x2.4 (ESTIMATED, NOT ACTUAL)",NOT_RUN,,NOT_RUN,NOT_RUN,28.4,,INSUFFICIENT_DATA,PENDING_BACKFILL,,COMING_SOON,,COMING_SOON,,0,28.4,28.4,70%,,"Large undergrad population (23,592)",,,,,Backlog
03ce5ea1-240d-4a8a-a7a6-c35e76aeb549,Albany State University,GA,138716,Albany State University,four_year,primary,existing_unitid,1,,6018,2023,82,9,623,13.2%,11.0%,-1.2%,-20.4%,-18.0%,-3.9%,,-7.6pp,197,"business_bachelors x2.4 (ESTIMATED, NOT ACTUAL)",10,NPHC+PANHELLENIC,NOT_RUN,NOT_RUN,31.3,25.1,DECLINING,25.4,35%,COMING_SOON,,COMING_SOON,,0,28.4,18.8,100%,,82 business grads/year (2023),Business completions -18% over 5Y,10 social Greek chapters,,,Backlog
2880ad1b-4158-4b1c-a3d9-7c0b30b9ed5c,Yale University New,CT,130794,Yale University,four_year,primary,name_prefix,0.683,,6818,2023,0,0,1449,0.0%,,,,,,,0.0pp,0,"business_bachelors x2.4 (ESTIMATED, NOT ACTUAL)",NOT_RUN,,NOT_RUN,NOT_RUN,15.8,59.7,STABLE,PENDING_BACKFILL,,COMING_SOON,,COMING_SOON,,0,28.3,15.8,85%,,,,,,,Backlog
d8ad9173-e844-4cc2-a222-a81c7ac06c30,College of DuPage,IL,144865,College of DuPage,two_year,two_year,existing_unitid,1,,23216,,0,0,0,,,,,,,,,0,"business_bachelors x2.4 (ESTIMATED, NOT ACTUAL)",NOT_RUN,,NOT_RUN,NOT_RUN,28.3,,INSUFFICIENT_DATA,PENDING_BACKFILL,,COMING_SOON,,COMING_SOON,,0,28.3,28.3,70%,,"Large undergrad population (23,216)",,,,,Backlog
2295938f-dc14-4a90-af6f-2cd67c4d98cb,Univ of Alaska Southeast,AK,102632,University of Alaska Southeast,four_year,primary,exact_name,0.98,,1678,2023,37,0,130,28.5%,0.0%,+27.6%,+5.7%,-28.8%,-6.6%,,-10.3pp,89,"business_bachelors x2.4 (ESTIMATED, NOT ACTUAL)",NOT_RUN,,NOT_RUN,NOT_RUN,26,33.6,DECLINING,PENDING_BACKFILL,,COMING_SOON,,COMING_SOON,,0,28.2,26,85%,,37 business grads/year (2023),Business completions -29% over 5Y,Business-heavy (28% of bachelor's),,,Backlog
c8fa3dd9-e7bb-44c3-a5eb-641b422b2d0f,Charleston Southern Univ,SC,217688,Charleston Southern University,four_year,primary,exact_name,0.98,,2914,2023,82,6,483,17.0%,7.3%,-9.9%,-24.1%,-22.6%,-5.0%,,-2.7pp,197,"business_bachelors x2.4 (ESTIMATED, NOT ACTUAL)",NOT_RUN,,NOT_RUN,NOT_RUN,30.1,23.2,DECLINING,PENDING_BACKFILL,,COMING_SOON,,COMING_SOON,,0,28.1,30.1,85%,,82 business grads/year (2023),Business completions -23% over 5Y,,,,Backlog
e4babfe5-48bd-4339-a430-c4a49cf502b3,University of Mount Olive,NC,199069,University of Mount Olive,four_year,primary,exact_name,0.98,,1937,2023,110,17,456,24.1%,15.4%,-26.2%,-44.2%,-54.5%,-14.6%,,-11.8pp,264,"business_bachelors x2.4 (ESTIMATED, NOT ACTUAL)",NOT_RUN,,NOT_RUN,NOT_RUN,38.3,2.4,DECLINING,PENDING_BACKFILL,,COMING_SOON,,COMING_SOON,,0,28,38.3,85%,,110 business grads/year (2023),Business completions -55% over 5Y,,,,Backlog
2549e4aa-15b7-4286-92b9-5042805a6e5a,Chipola College,FL,133021,Chipola College,four_year,primary,existing_unitid,1,,1820,2023,17,0,55,30.9%,0.0%,-39.3%,-39.3%,+6.3%,+1.2%,,5.5pp,41,"business_bachelors x2.4 (ESTIMATED, NOT ACTUAL)",NOT_RUN,,NOT_RUN,NOT_RUN,24.4,36.9,DECLINING,PENDING_BACKFILL,,COMING_SOON,,COMING_SOON,,0,28,24.4,85%,,17 business grads/year (2023),Business completions +6% over 5Y,Business-heavy (31% of bachelor's),,,Backlog
46195ee9-9599-4f71-b624-079d1c2aedad,Jacksonville University,FL,134945,Jacksonville University,four_year,primary,existing_unitid,1,,2662,2023,73,1,603,12.1%,1.4%,-28.4%,-28.4%,-11.0%,-2.3%,,0.5pp,175,"business_bachelors x2.4 (ESTIMATED, NOT ACTUAL)",NOT_RUN,,NOT_RUN,NOT_RUN,22.8,40.5,STABLE,PENDING_BACKFILL,,COMING_SOON,,COMING_SOON,,0,27.9,22.8,85%,,73 business grads/year (2023),Business completions -11% over 5Y,,,,Backlog
378aee56-c546-4fd6-9e1f-1eb73502f55a,University of Akron,OH,200785,Herzing University-Akron,four_year,primary,existing_unitid,1,,381,2023,6,0,20,30.0%,0.0%,0.0%,-60.0%,+50.0%,+8.5%,,-3.3pp,14,"business_bachelors x2.4 (ESTIMATED, NOT ACTUAL)",NOT_RUN,,NOT_RUN,NOT_RUN,20.2,46.6,STABLE,PENDING_BACKFILL,,COMING_SOON,,COMING_SOON,,0,27.7,20.2,85%,,6 business grads/year (2023),Business-heavy (30% of bachelor's),,,,Backlog
28b71fa7-96f8-4793-bbd2-2b9300b4b925,University of Evansville,IN,150534,University of Evansville,four_year,primary,exact_name,0.98,,1741,2023,59,18,382,15.4%,30.5%,-16.9%,-7.8%,-20.3%,-4.4%,,-1.7pp,142,"business_bachelors x2.4 (ESTIMATED, NOT ACTUAL)",NOT_RUN,,NOT_RUN,NOT_RUN,23.6,37.6,DECLINING,PENDING_BACKFILL,,COMING_SOON,,COMING_SOON,,0,27.6,23.6,85%,,59 business grads/year (2023),Business completions -20% over 5Y,,,,Backlog
c4181814-91e1-44b3-9f4a-dd2c2e895706,Cerritos College,CA,111887,Cerritos College,two_year,two_year,existing_unitid,1,,21046,,0,0,0,,,,,,,,,0,"business_bachelors x2.4 (ESTIMATED, NOT ACTUAL)",NOT_RUN,,NOT_RUN,NOT_RUN,27.6,,INSUFFICIENT_DATA,PENDING_BACKFILL,,COMING_SOON,,COMING_SOON,,0,27.6,27.6,70%,,"Large undergrad population (21,046)",,,,,Backlog
0058c3b5-9cf3-4da2-a236-75b19b8b7911,Lawrence Technological Univ,MI,170675,Lawrence Technological University,four_year,primary,exact_name,0.98,,2367,2023,27,1,382,7.1%,3.7%,-3.6%,-6.9%,+17.4%,+3.3%,,1.1pp,65,"business_bachelors x2.4 (ESTIMATED, NOT ACTUAL)",NOT_RUN,,NOT_RUN,NOT_RUN,13.7,61.8,GROWING,PENDING_BACKFILL,,COMING_SOON,,COMING_SOON,,0,27.4,13.7,85%,,27 business grads/year (2023),Business completions +17% over 5Y,,,,Backlog
17b27729-2428-4f20-8125-a1c17c6bc9da,Chaffey College,CA,111939,Chaffey College,two_year,two_year,existing_unitid,1,,20632,,0,0,0,,,,,,,,,0,"business_bachelors x2.4 (ESTIMATED, NOT ACTUAL)",NOT_RUN,,NOT_RUN,NOT_RUN,27.4,,INSUFFICIENT_DATA,PENDING_BACKFILL,,COMING_SOON,,COMING_SOON,,0,27.4,27.4,70%,,"Large undergrad population (20,632)",,,,,Backlog
76ddaad2-9bb1-4144-9493-b5dd39c3d8a5,Clarkson University,NY,190044,Clarkson University,four_year,primary,exact_name,0.98,,2513,2023,72,21,667,10.8%,29.2%,+53.2%,-19.1%,-17.2%,-3.7%,,-0.3pp,173,"business_bachelors x2.4 (ESTIMATED, NOT ACTUAL)",NOT_RUN,,NOT_RUN,NOT_RUN,23.8,35.9,DECLINING,PENDING_BACKFILL,,COMING_SOON,,COMING_SOON,,0,27.3,23.8,85%,,72 business grads/year (2023),Business completions -17% over 5Y,,,,Backlog
88939f16-1d5a-42f4-86bd-77c8ddcd3d1f,Suffolk County Community College,NY,366395,Suffolk County Community College,two_year,two_year,existing_unitid,1,,20053,,0,0,0,,,,,,,,,0,"business_bachelors x2.4 (ESTIMATED, NOT ACTUAL)",NOT_RUN,,NOT_RUN,NOT_RUN,27.3,,INSUFFICIENT_DATA,PENDING_BACKFILL,,COMING_SOON,,COMING_SOON,,0,27.3,27.3,70%,,"Large undergrad population (20,053)",,,,,Backlog
2353c499-87b3-4ddc-8c33-f595c39f79a2,University of South Carolina Upstate,SC,218742,University of South Carolina-Upstate,four_year,primary,existing_unitid,1,,4471,2023,117,28,1058,11.1%,23.9%,-17.0%,-34.6%,-43.8%,-10.9%,,-5.3pp,281,"business_bachelors x2.4 (ESTIMATED, NOT ACTUAL)",NOT_RUN,,NOT_RUN,NOT_RUN,35,7.7,DECLINING,PENDING_BACKFILL,,COMING_SOON,,COMING_SOON,,0,27.2,35,85%,,117 business grads/year (2023),Business completions -44% over 5Y,,,,Backlog
0b3dfa6a-84b2-439c-baf7-8b176d6baf4b,Northern State University,SD,219259,Northern State University,four_year,primary,existing_unitid,1,,2932,2023,59,19,285,20.7%,32.2%,-10.6%,-21.3%,-37.9%,-9.1%,,-10.0pp,142,"business_bachelors x2.4 (ESTIMATED, NOT ACTUAL)",NOT_RUN,,NOT_RUN,NOT_RUN,32.9,12.5,DECLINING,PENDING_BACKFILL,,COMING_SOON,,COMING_SOON,,0,27.1,32.9,85%,,59 business grads/year (2023),Business completions -38% over 5Y,,,,Backlog
8dfbf0a0-ff60-4411-a8fb-1e79b524a9ee,Ouachita Baptist University,AR,107512,Ouachita Baptist University,four_year,primary,exact_name,0.98,,1734,2023,57,11,344,16.6%,19.3%,+23.9%,+9.6%,-27.9%,-6.3%,,-8.6pp,137,"business_bachelors x2.4 (ESTIMATED, NOT ACTUAL)",NOT_RUN,,NOT_RUN,NOT_RUN,23.6,35.6,DECLINING,PENDING_BACKFILL,,COMING_SOON,,COMING_SOON,,0,27,23.6,85%,,57 business grads/year (2023),Business completions -28% over 5Y,,,,Backlog
9b46170a-251c-462b-86ce-16c20915aad0,University of Baltimore,MD,161873,University of Baltimore,four_year,primary,exact_name,0.98,,1292,2023,117,0,373,31.4%,0.0%,-5.7%,-39.7%,-55.7%,-15.0%,,-5.8pp,281,"business_bachelors x2.4 (ESTIMATED, NOT ACTUAL)",NOT_RUN,,NOT_RUN,NOT_RUN,35.8,4.7,DECLINING,PENDING_BACKFILL,,COMING_SOON,,COMING_SOON,,0,26.9,35.8,85%,,117 business grads/year (2023),Business completions -56% over 5Y,Business-heavy (31% of bachelor's),,,Backlog
28b0fb4c-fe23-4b22-8d4f-9fcf9f5f3d5b,Champlain College,VT,230852,Champlain College,four_year,primary,existing_unitid,1,,2886,2023,129,24,685,18.8%,18.6%,-22.8%,-26.7%,-14.6%,-3.1%,,-0.5pp,310,"business_bachelors x2.4 (ESTIMATED, NOT ACTUAL)",0,,NOT_RUN,NOT_RUN,34.9,36.6,DECLINING,3.1,35%,COMING_SOON,,COMING_SOON,,0,26.9,20.9,100%,,129 business grads/year (2023),Business completions -15% over 5Y,,,,Backlog
99cbe050-fe80-4f07-bc9f-4bc76099e9a3,Fullerton College,CA,114859,Fullerton College,two_year,two_year,existing_unitid,1,,18569,,0,0,0,,,,,,,,,0,"business_bachelors x2.4 (ESTIMATED, NOT ACTUAL)",NOT_RUN,,NOT_RUN,NOT_RUN,26.9,,INSUFFICIENT_DATA,PENDING_BACKFILL,,COMING_SOON,,COMING_SOON,,0,26.9,26.9,70%,,"Large undergrad population (18,569)",,,,,Backlog
f0f41169-393f-4a62-b77e-d99007dbbafe,Saddleback College,CA,122205,Saddleback College,two_year,two_year,existing_unitid,1,,18370,,0,0,0,,,,,,,,,0,"business_bachelors x2.4 (ESTIMATED, NOT ACTUAL)",NOT_RUN,,NOT_RUN,NOT_RUN,26.9,,INSUFFICIENT_DATA,PENDING_BACKFILL,,COMING_SOON,,COMING_SOON,,0,26.9,26.9,70%,,"Large undergrad population (18,370)",,,,,Backlog
f5694930-31de-47b3-b2d1-68f31e0e0866,Quincy College,MA,167525,Quincy College,four_year,primary,existing_unitid,1,,2603,2023,3,0,3,100.0%,0.0%,,,,,,,7,"business_bachelors x2.4 (ESTIMATED, NOT ACTUAL)",NOT_RUN,,NOT_RUN,NOT_RUN,26.8,,INSUFFICIENT_DATA,PENDING_BACKFILL,,COMING_SOON,,COMING_SOON,,0,26.8,26.8,85%,,3 business grads/year (2023),Business-heavy (100% of bachelor's),,,,Backlog
3f2b5f3c-75a1-4c40-9e3a-798aa26d9fe9,Rockhurst University Kansas,MO,179043,Rockhurst University,four_year,primary,name_prefix,0.683,YES,2430,2023,82,0,453,18.1%,0.0%,+22.4%,-12.8%,-25.4%,-5.7%,,-6.4pp,197,"business_bachelors x2.4 (ESTIMATED, NOT ACTUAL)",NOT_RUN,,NOT_RUN,NOT_RUN,27.6,24.1,DECLINING,PENDING_BACKFILL,,COMING_SOON,,COMING_SOON,,0,26.6,27.6,85%,,82 business grads/year (2023),Business completions -25% over 5Y,,,,Backlog
aa693672-2bb7-4b81-847c-7b7be9f3ab10,City College of San Francisco,CA,112190,City College of San Francisco,two_year,two_year,existing_unitid,1,,17808,,0,0,0,,,,,,,,,0,"business_bachelors x2.4 (ESTIMATED, NOT ACTUAL)",NOT_RUN,,NOT_RUN,NOT_RUN,26.6,,INSUFFICIENT_DATA,PENDING_BACKFILL,,COMING_SOON,,COMING_SOON,,0,26.6,26.6,70%,,"Large undergrad population (17,808)",,,,,Backlog
78fc9d08-b381-45ee-b219-a45e2b10b8c0,Olympic College,WA,236188,Olympic College,four_year,primary,existing_unitid,1,,5413,2023,20,0,60,33.3%,0.0%,-46.0%,-48.7%,-4.8%,-1.0%,,-2.9pp,48,"business_bachelors x2.4 (ESTIMATED, NOT ACTUAL)",NOT_RUN,,NOT_RUN,NOT_RUN,32.6,11.7,DECLINING,PENDING_BACKFILL,,COMING_SOON,,COMING_SOON,,0,26.6,32.6,85%,,20 business grads/year (2023),Business completions -5% over 5Y,Business-heavy (33% of bachelor's),,,Backlog
09de9381-4821-4dd2-af13-9b0dab76009d,Rockhurst University,MO,179043,Rockhurst University,four_year,primary,existing_unitid,1,YES,2430,2023,82,0,453,18.1%,0.0%,+22.4%,-12.8%,-25.4%,-5.7%,,-6.4pp,197,"business_bachelors x2.4 (ESTIMATED, NOT ACTUAL)",NOT_RUN,,NOT_RUN,NOT_RUN,27.6,24.1,DECLINING,PENDING_BACKFILL,,COMING_SOON,,COMING_SOON,,0,26.6,27.6,85%,,82 business grads/year (2023),Business completions -25% over 5Y,,,,Backlog
7e8be616-afcd-4961-830d-87a484b80a50,Rice University,TX,227757,Rice University,four_year,primary,exact_name,0.98,,4574,2023,1,0,1052,0.1%,0.0%,0.0%,0.0%,0.0%,0.0%,,0.0pp,2,"business_bachelors x2.4 (ESTIMATED, NOT ACTUAL)",NOT_RUN,,NOT_RUN,NOT_RUN,13.8,58.4,STABLE,PENDING_BACKFILL,,COMING_SOON,,COMING_SOON,,0,26.5,13.8,85%,,1 business grads/year (2023),,,,,Backlog
9d3c5ea8-f147-46b6-b81b-7a5fe08de8a4,Alfred University,NY,188641,Alfred University,four_year,primary,exact_name,0.98,,1422,2023,46,6,299,15.4%,13.0%,-30.3%,-4.2%,-20.7%,-4.5%,,0.7pp,110,"business_bachelors x2.4 (ESTIMATED, NOT ACTUAL)",NOT_RUN,,NOT_RUN,NOT_RUN,18.7,45.7,STABLE,PENDING_BACKFILL,,COMING_SOON,,COMING_SOON,,0,26.4,18.7,85%,,46 business grads/year (2023),Business completions -21% over 5Y,,,,Backlog
a5b396a9-2fba-4679-b03a-906266a324ca,"University of California, Santa Barbara",CA,110705,University of California-Santa Barbara,four_year,primary,existing_unitid,1,,23232,2023,47,0,6563,0.7%,0.0%,-4.1%,-42.7%,-34.7%,-8.2%,,-0.6pp,113,"business_bachelors x2.4 (ESTIMATED, NOT ACTUAL)",NOT_RUN,,NOT_RUN,NOT_RUN,30.3,16.5,DECLINING,PENDING_BACKFILL,,COMING_SOON,,COMING_SOON,,0,26.4,30.3,85%,,47 business grads/year (2023),Business completions -35% over 5Y,"Large undergrad population (23,232)",,,Backlog
dc64b64b-d840-4bd0-98b2-d8b5e52a8b6d,Hawaii Pacific University,HI,141644,Hawaii Pacific University,four_year,primary,existing_unitid,1,,3814,2023,98,0,493,19.9%,0.0%,-1.0%,-37.6%,-46.7%,-11.8%,,-8.5pp,235,"business_bachelors x2.4 (ESTIMATED, NOT ACTUAL)",NOT_RUN,,NOT_RUN,NOT_RUN,35,4.9,DECLINING,PENDING_BACKFILL,,COMING_SOON,,COMING_SOON,,0,26.4,35,85%,,98 business grads/year (2023),Business completions -47% over 5Y,,,,Backlog
32e35afe-6d01-4f9a-b65f-c77de726af63,John Brown University,AR,107141,John Brown University,four_year,primary,exact_name,0.98,,1882,2023,74,6,327,22.6%,8.1%,-24.5%,-14.0%,-49.0%,-12.6%,,-14.4pp,178,"business_bachelors x2.4 (ESTIMATED, NOT ACTUAL)",NOT_RUN,,NOT_RUN,NOT_RUN,31.5,13.8,DECLINING,PENDING_BACKFILL,,COMING_SOON,,COMING_SOON,,0,26.4,31.5,85%,,74 business grads/year (2023),Business completions -49% over 5Y,,,,Backlog
1eb85006-b10a-4afc-bc07-ed87060b60bd,Johnson County Community College,KS,155210,Johnson County Community College,two_year,two_year,existing_unitid,1,,17121,,0,0,0,,,,,,,,,0,"business_bachelors x2.4 (ESTIMATED, NOT ACTUAL)",NOT_RUN,,NOT_RUN,NOT_RUN,26.4,,INSUFFICIENT_DATA,PENDING_BACKFILL,,COMING_SOON,,COMING_SOON,,0,26.4,26.4,70%,,"Large undergrad population (17,121)",,,,,Backlog
64eba2ec-0147-42d0-bf3a-cb4fbd597666,Orange Coast College,CA,120342,Orange Coast College,two_year,two_year,existing_unitid,1,,17085,,0,0,0,,,,,,,,,0,"business_bachelors x2.4 (ESTIMATED, NOT ACTUAL)",NOT_RUN,,NOT_RUN,NOT_RUN,26.4,,INSUFFICIENT_DATA,PENDING_BACKFILL,,COMING_SOON,,COMING_SOON,,0,26.4,26.4,70%,,"Large undergrad population (17,085)",,,,,Backlog
9abc52dc-600d-4529-8de8-eaf45d54cd9d,University of Hartford W,CT,129525,University of Hartford,four_year,primary,name_prefix,0.683,,4131,2023,93,19,810,11.5%,20.4%,-31.1%,-35.9%,-30.6%,-7.0%,,-2.9pp,223,"business_bachelors x2.4 (ESTIMATED, NOT ACTUAL)",NOT_RUN,,NOT_RUN,NOT_RUN,30.9,14.9,DECLINING,PENDING_BACKFILL,,COMING_SOON,,COMING_SOON,,0,26.3,30.9,85%,,93 business grads/year (2023),Business completions -31% over 5Y,,,,Backlog
bdeb1f43-8b3b-433c-9f75-2046a52d6e59,Santa Rosa Junior College,CA,123013,Santa Rosa Junior College,two_year,two_year,existing_unitid,1,,16803,,0,0,0,,,,,,,,,0,"business_bachelors x2.4 (ESTIMATED, NOT ACTUAL)",NOT_RUN,,NOT_RUN,NOT_RUN,26.3,,INSUFFICIENT_DATA,PENDING_BACKFILL,,COMING_SOON,,COMING_SOON,,0,26.3,26.3,70%,,"Large undergrad population (16,803)",,,,,Backlog
163adfda-42e6-4a63-9af0-2c63d4e871e5,De Anza College,CA,113333,De Anza College,two_year,two_year,existing_unitid,1,,16990,,0,0,0,,,,,,,,,0,"business_bachelors x2.4 (ESTIMATED, NOT ACTUAL)",NOT_RUN,,NOT_RUN,NOT_RUN,26.3,,INSUFFICIENT_DATA,PENDING_BACKFILL,,COMING_SOON,,COMING_SOON,,0,26.3,26.3,70%,,"Large undergrad population (16,990)",,,,,Backlog
ac57b18f-f6c2-424c-85dd-873eb8dddef0,Wilmington College,OH,206507,Wilmington College,four_year,primary,existing_unitid,1,,924,2023,60,16,267,22.5%,26.7%,-9.1%,-27.7%,-22.1%,-4.9%,,-5.3pp,144,"business_bachelors x2.4 (ESTIMATED, NOT ACTUAL)",NOT_RUN,,NOT_RUN,NOT_RUN,28.7,20,DECLINING,PENDING_BACKFILL,,COMING_SOON,,COMING_SOON,,0,26.2,28.7,85%,,60 business grads/year (2023),Business completions -22% over 5Y,,,,Backlog
959d2a70-6fd1-462b-a312-328eab64a393,Albright College,PA,210571,Albright College,four_year,primary,exact_name,0.98,,1328,2023,65,16,250,26.0%,24.6%,-51.5%,-42.5%,-51.5%,-13.5%,,-1.3pp,156,"business_bachelors x2.4 (ESTIMATED, NOT ACTUAL)",NOT_RUN,,NOT_RUN,NOT_RUN,31.8,11.7,DECLINING,PENDING_BACKFILL,,COMING_SOON,,COMING_SOON,,0,26.1,31.8,85%,,65 business grads/year (2023),Business completions -51% over 5Y,Business-heavy (26% of bachelor's),,,Backlog
2ab31520-af20-40bc-98c3-10e4eb16b553,Tidewater Community College,VA,233772,Tidewater Community College,two_year,two_year,existing_unitid,1,,15912,,0,0,0,,,,,,,,,0,"business_bachelors x2.4 (ESTIMATED, NOT ACTUAL)",NOT_RUN,,NOT_RUN,NOT_RUN,26,,INSUFFICIENT_DATA,PENDING_BACKFILL,,COMING_SOON,,COMING_SOON,,0,26,26,70%,,"Large undergrad population (15,912)",,,,,Backlog
55262f96-e712-463b-bf70-01c2ddde5e7e,Metropolitan Community College,NE,181303,Metropolitan Community College Area,two_year,two_year,existing_unitid,1,,15964,,0,0,0,,,,,,,,,0,"business_bachelors x2.4 (ESTIMATED, NOT ACTUAL)",NOT_RUN,,NOT_RUN,NOT_RUN,26,,INSUFFICIENT_DATA,PENDING_BACKFILL,,COMING_SOON,,COMING_SOON,,0,26,26,70%,,"Large undergrad population (15,964)",,,,,Backlog
aca746c3-6b65-4ce0-aac9-c0278c486da5,Community College of Baltimore County,MD,434672,Community College of Baltimore County,two_year,two_year,existing_unitid,1,,15803,,0,0,0,,,,,,,,,0,"business_bachelors x2.4 (ESTIMATED, NOT ACTUAL)",NOT_RUN,,NOT_RUN,NOT_RUN,25.9,,INSUFFICIENT_DATA,PENDING_BACKFILL,,COMING_SOON,,COMING_SOON,,0,25.9,25.9,70%,,"Large undergrad population (15,803)",,,,,Backlog
e3114266-7c3f-4cd0-b4aa-56d1f4ea58d5,Los Angeles Valley College,CA,117733,Los Angeles Valley College,two_year,two_year,existing_unitid,1,,15733,,0,0,0,,,,,,,,,0,"business_bachelors x2.4 (ESTIMATED, NOT ACTUAL)",NOT_RUN,,NOT_RUN,NOT_RUN,25.9,,INSUFFICIENT_DATA,PENDING_BACKFILL,,COMING_SOON,,COMING_SOON,,0,25.9,25.9,70%,,"Large undergrad population (15,733)",,,,,Backlog
5ecc7590-129b-4dec-885d-904a25aaa79f,Dartmouth College,NH,182670,Dartmouth College,four_year,primary,exact_name,0.98,,4447,2023,0,0,1211,0.0%,,,,,,,0.0pp,0,"business_bachelors x2.4 (ESTIMATED, NOT ACTUAL)",NOT_RUN,,NOT_RUN,NOT_RUN,12.3,59.7,STABLE,PENDING_BACKFILL,,COMING_SOON,,COMING_SOON,,0,25.8,12.3,85%,,,,,,,Backlog
b230da3f-ad97-4124-864a-2b126ffa8eac,Rensselaer Poly Institute,NY,194824,Rensselaer Polytechnic Institute,four_year,primary,name_prefix,0.95,,5954,2023,65,0,1379,4.7%,0.0%,-4.4%,-14.5%,-25.3%,-5.7%,,-1.4pp,156,"business_bachelors x2.4 (ESTIMATED, NOT ACTUAL)",NOT_RUN,,NOT_RUN,NOT_RUN,24.3,29.4,DECLINING,PENDING_BACKFILL,,COMING_SOON,,COMING_SOON,,0,25.8,24.3,85%,,65 business grads/year (2023),Business completions -25% over 5Y,,,,Backlog
3bc8c84a-aa2f-4aab-a49c-a0a35192717e,Francis Marion University,SC,218061,Francis Marion University,four_year,primary,exact_name,0.98,,3623,2023,72,6,491,14.7%,8.3%,-11.1%,-20.0%,-28.0%,-6.4%,,-2.9pp,173,"business_bachelors x2.4 (ESTIMATED, NOT ACTUAL)",NOT_RUN,,NOT_RUN,NOT_RUN,27.6,21.4,DECLINING,PENDING_BACKFILL,,COMING_SOON,,COMING_SOON,,0,25.8,27.6,85%,,72 business grads/year (2023),Business completions -28% over 5Y,,,,Backlog
7b5a4d9b-0e32-4dcd-9da0-d7e4419131d5,Collin College,TX,247834,Collin County Community College District,four_year,primary,existing_unitid,1,,37772,2023,0,0,102,0.0%,,,,,,,,0,"business_bachelors x2.4 (ESTIMATED, NOT ACTUAL)",NOT_RUN,,NOT_RUN,NOT_RUN,25.7,,INSUFFICIENT_DATA,PENDING_BACKFILL,,COMING_SOON,,COMING_SOON,,0,25.7,25.7,85%,,"Large undergrad population (37,772)",,,,,Backlog
2547e625-3204-4a9f-9a1a-0f257e64f2ad,Chandler–Gilbert Community College,AZ,364025,Chandler-Gilbert Community College,two_year,two_year,exact_name,0.98,,14725,,0,0,0,,,,,,,,,0,"business_bachelors x2.4 (ESTIMATED, NOT ACTUAL)",NOT_RUN,,NOT_RUN,NOT_RUN,25.7,,INSUFFICIENT_DATA,PENDING_BACKFILL,,COMING_SOON,,COMING_SOON,,0,25.7,25.7,70%,,"Large undergrad population (14,725)",,,,,Backlog
e1d3aaab-0722-4800-8b9d-2eedf84393b8,Austin Community College,TX,222992,Austin Community College District,four_year,primary,existing_unitid,1,,35600,2023,0,0,77,0.0%,,,,,,,,0,"business_bachelors x2.4 (ESTIMATED, NOT ACTUAL)",NOT_RUN,,NOT_RUN,NOT_RUN,25.6,,INSUFFICIENT_DATA,PENDING_BACKFILL,,COMING_SOON,,COMING_SOON,,0,25.6,25.6,85%,,"Large undergrad population (35,600)",,,,,Backlog
7148ae85-ca10-4541-89d6-dfb8dce8b24a,Tulsa Community College,OK,207935,Tulsa Community College,two_year,two_year,existing_unitid,1,,14538,,0,0,0,,,,,,,,,0,"business_bachelors x2.4 (ESTIMATED, NOT ACTUAL)",NOT_RUN,,NOT_RUN,NOT_RUN,25.6,,INSUFFICIENT_DATA,PENDING_BACKFILL,,COMING_SOON,,COMING_SOON,,0,25.6,25.6,70%,,"Large undergrad population (14,538)",,,,,Backlog
a12fd983-9c9e-4e52-bec1-af8b7246036e,Andrews University Berrien,MI,168740,Andrews University,four_year,primary,name_prefix,0.683,,1312,2023,32,2,312,10.3%,6.3%,+14.3%,-8.6%,-3.0%,-0.6%,,-0.1pp,77,"business_bachelors x2.4 (ESTIMATED, NOT ACTUAL)",NOT_RUN,,NOT_RUN,NOT_RUN,12.6,56.7,STABLE,PENDING_BACKFILL,,COMING_SOON,,COMING_SOON,,0,25.2,12.6,85%,,32 business grads/year (2023),Business completions -3% over 5Y,,,,Backlog
198f0b0d-a269-494d-8d24-7b682822be61,Uof Arkansas at Pine Bluff Pine,AR,106412,University of Arkansas at Pine Bluff,four_year,primary,name_prefix,0.95,,1905,2023,48,5,350,13.7%,10.4%,+26.3%,-20.0%,-11.1%,-2.3%,,-0.6pp,115,"business_bachelors x2.4 (ESTIMATED, NOT ACTUAL)",NOT_RUN,,NOT_RUN,NOT_RUN,19,40.2,STABLE,PENDING_BACKFILL,,COMING_SOON,,COMING_SOON,,0,25.1,19,85%,,48 business grads/year (2023),Business completions -11% over 5Y,,,,Backlog
d814f035-7255-44d7-8693-da0c46ec67ae,Avila University Kansas,MO,176628,Avila University,four_year,primary,name_prefix,0.683,,1196,2023,38,1,216,17.6%,2.6%,0.0%,-13.6%,-19.1%,-4.2%,,0.4pp,91,"business_bachelors x2.4 (ESTIMATED, NOT ACTUAL)",NOT_RUN,,NOT_RUN,NOT_RUN,19.2,39.6,STABLE,PENDING_BACKFILL,,COMING_SOON,,COMING_SOON,,0,25,19.2,85%,,38 business grads/year (2023),Business completions -19% over 5Y,,,,Backlog
e623f3ab-9b03-424f-9bdc-d3422a1ef17a,Bay Path University,MA,164632,Bay Path University,four_year,primary,existing_unitid,1,,1278,2023,69,4,307,22.5%,5.8%,-22.5%,-43.0%,-32.4%,-7.5%,,-1.1pp,166,"business_bachelors x2.4 (ESTIMATED, NOT ACTUAL)",NOT_RUN,,NOT_RUN,NOT_RUN,28.4,16.6,DECLINING,PENDING_BACKFILL,,COMING_SOON,,COMING_SOON,,0,25,28.4,85%,,69 business grads/year (2023),Business completions -32% over 5Y,,,,Backlog
f8ac653e-067b-4df9-aa85-52a834d3bf8f,Oakland Community College,MI,171535,Oakland Community College,two_year,two_year,existing_unitid,1,,13831,,0,0,0,,,,,,,,,0,"business_bachelors x2.4 (ESTIMATED, NOT ACTUAL)",NOT_RUN,,NOT_RUN,NOT_RUN,25,,INSUFFICIENT_DATA,PENDING_BACKFILL,,COMING_SOON,,COMING_SOON,,0,25,25,70%,,"Large undergrad population (13,831)",,,,,Backlog
336bd28f-485a-48af-a24c-9794cf742cfa,San Jacinto College,TX,227979,San Jacinto Community College,four_year,primary,existing_unitid,1,,31494,2023,0,0,33,0.0%,,,,,,,,0,"business_bachelors x2.4 (ESTIMATED, NOT ACTUAL)",NOT_RUN,,NOT_RUN,NOT_RUN,24.8,,INSUFFICIENT_DATA,PENDING_BACKFILL,,COMING_SOON,,COMING_SOON,,0,24.8,24.8,85%,,"Large undergrad population (31,494)",,,,,Backlog
9a2a8eae-cc53-4fe9-843f-9fff41401846,Frostburg State University,MD,162584,Frostburg State University,four_year,primary,exact_name,0.98,,3344,2023,82,15,725,11.3%,18.3%,-4.7%,-30.5%,-37.9%,-9.1%,,-1.5pp,197,"business_bachelors x2.4 (ESTIMATED, NOT ACTUAL)",NOT_RUN,,NOT_RUN,NOT_RUN,27.7,17,DECLINING,PENDING_BACKFILL,,COMING_SOON,,COMING_SOON,,0,24.6,27.7,85%,,82 business grads/year (2023),Business completions -38% over 5Y,,,,Backlog
21fab442-05d9-42ac-a3bd-5edbd0731cb1,Winston-Salem State University,NC,199999,Winston-Salem State University,four_year,primary,existing_unitid,1,,4260,2023,69,7,914,7.5%,10.1%,-5.5%,-15.8%,-11.5%,-2.4%,,-0.3pp,166,"business_bachelors x2.4 (ESTIMATED, NOT ACTUAL)",7,NPHC,0,0,24.4,43.2,STABLE,10.2,75%,COMING_SOON,,COMING_SOON,,0,24.6,14.6,100%,,69 business grads/year (2023),Business completions -12% over 5Y,7 social Greek chapters,,,Backlog
eb727b6b-e7ce-4b06-a715-57f9cee04d2a,Northwest College,WY,240657,Northwest College,four_year,primary,existing_unitid,1,,1379,2023,14,0,14,100.0%,0.0%,,,,,,,34,"business_bachelors x2.4 (ESTIMATED, NOT ACTUAL)",NOT_RUN,,NOT_RUN,NOT_RUN,24.6,,INSUFFICIENT_DATA,PENDING_BACKFILL,,COMING_SOON,,COMING_SOON,,0,24.6,24.6,85%,,14 business grads/year (2023),Business-heavy (100% of bachelor's),,,,Backlog
342bca14-34bc-49fa-bac0-b7bc73bdbfb8,Harrisburg Area Community College,PA,212878,Harrisburg Area Community College,two_year,two_year,existing_unitid,1,,12880,,0,0,0,,,,,,,,,0,"business_bachelors x2.4 (ESTIMATED, NOT ACTUAL)",NOT_RUN,,NOT_RUN,NOT_RUN,24.6,,INSUFFICIENT_DATA,PENDING_BACKFILL,,COMING_SOON,,COMING_SOON,,0,24.6,24.6,70%,,"Large undergrad population (12,880)",,,,,Backlog
4511c588-2713-4e82-99e3-7c3a05824108,Westmont College,CA,125727,Westmont College,four_year,primary,exact_name,0.98,,1310,2023,52,0,328,15.8%,0.0%,+40.5%,+2.0%,+8.3%,+1.6%,,1.0pp,125,"business_bachelors x2.4 (ESTIMATED, NOT ACTUAL)",0,,NOT_RUN,NOT_RUN,15.7,73.6,GROWING,3.1,35%,COMING_SOON,,COMING_SOON,,0,24.6,9.4,100%,,52 business grads/year (2023),Business completions +8% over 5Y,,,,Backlog
0fad3da2-b1f2-4e2b-9637-7b5d0737ec4d,Harris-Stowe State Univ St.,MO,177551,Harris-Stowe State University,four_year,primary,name_prefix,0.95,,1098,2023,48,12,244,19.7%,25.0%,+14.3%,-9.4%,-25.0%,-5.6%,,-16.7pp,115,"business_bachelors x2.4 (ESTIMATED, NOT ACTUAL)",NOT_RUN,,NOT_RUN,NOT_RUN,24,25.6,DECLINING,PENDING_BACKFILL,,COMING_SOON,,COMING_SOON,,0,24.5,24,85%,,48 business grads/year (2023),Business completions -25% over 5Y,,,,Backlog
10d95c68-bd9f-4167-bedf-2031cd6f0697,Illinois Institute of Tech,IL,145725,Illinois Institute of Technology,four_year,primary,name_prefix,0.95,,3316,2023,12,0,630,1.9%,0.0%,-33.3%,-50.0%,-25.0%,-5.6%,,-1.0pp,29,"business_bachelors x2.4 (ESTIMATED, NOT ACTUAL)",NOT_RUN,,NOT_RUN,NOT_RUN,13,52.9,STABLE,PENDING_BACKFILL,,COMING_SOON,,COMING_SOON,,0,24.4,13,85%,,12 business grads/year (2023),Business completions -25% over 5Y,,,,Backlog
c0c0ef02-e8a5-490e-b6ec-bc3a89362656,Mississippi College,MS,176053,Mississippi College,four_year,primary,exact_name,0.98,,2706,2023,80,17,541,14.8%,21.3%,-7.0%,-22.3%,-35.0%,-8.2%,,-4.6pp,192,"business_bachelors x2.4 (ESTIMATED, NOT ACTUAL)",NOT_RUN,,NOT_RUN,NOT_RUN,28.3,14.6,DECLINING,PENDING_BACKFILL,,COMING_SOON,,COMING_SOON,,0,24.4,28.3,85%,,80 business grads/year (2023),Business completions -35% over 5Y,,,,Backlog
a78c470a-f86c-44ef-a549-9ed91623bddc,"Univ of Calif, Los Angeles Los",CA,110662,University of California-Los Angeles,four_year,primary,name_prefix,0.95,YES,33040,2023,25,0,9303,0.3%,0.0%,+31.6%,-24.2%,-88.3%,-34.8%,,-2.2pp,60,"business_bachelors x2.4 (ESTIMATED, NOT ACTUAL)",NOT_RUN,,NOT_RUN,NOT_RUN,29,12.1,DECLINING,PENDING_BACKFILL,,COMING_SOON,,COMING_SOON,,0,24.2,29,85%,,25 business grads/year (2023),Business completions -88% over 5Y,"Large undergrad population (33,040)",,,Backlog
6f1da4b9-fd70-4dc8-a266-cddf13a323a0,"University of California, Los Angeles",CA,110662,University of California-Los Angeles,four_year,primary,existing_unitid,1,YES,33040,2023,25,0,9303,0.3%,0.0%,+31.6%,-24.2%,-88.3%,-34.8%,,-2.2pp,60,"business_bachelors x2.4 (ESTIMATED, NOT ACTUAL)",NOT_RUN,,NOT_RUN,NOT_RUN,29,12.1,DECLINING,PENDING_BACKFILL,,COMING_SOON,,COMING_SOON,,0,24.2,29,85%,,25 business grads/year (2023),Business completions -88% over 5Y,"Large undergrad population (33,040)",,,Backlog
2c4a27b0-8a7e-47f8-94bc-ee1f94c88d37,Community College of Rhode Island,RI,217475,Community College of Rhode Island,two_year,two_year,existing_unitid,1,,12518,,0,0,0,,,,,,,,,0,"business_bachelors x2.4 (ESTIMATED, NOT ACTUAL)",NOT_RUN,,NOT_RUN,NOT_RUN,24.2,,INSUFFICIENT_DATA,PENDING_BACKFILL,,COMING_SOON,,COMING_SOON,,0,24.2,24.2,70%,,,,,,,Backlog
c1a80a4b-0acb-4a94-831e-06680837522b,Jefferson Community and Technical College,KY,156921,Jefferson Community and Technical College,two_year,two_year,existing_unitid,1,,12574,,0,0,0,,,,,,,,,0,"business_bachelors x2.4 (ESTIMATED, NOT ACTUAL)",NOT_RUN,,NOT_RUN,NOT_RUN,24.2,,INSUFFICIENT_DATA,PENDING_BACKFILL,,COMING_SOON,,COMING_SOON,,0,24.2,24.2,70%,,,,,,,Backlog
ccee7297-0b61-4436-bd00-f71019547067,Chabot College,CA,111920,Chabot College,two_year,two_year,existing_unitid,1,,12218,,0,0,0,,,,,,,,,0,"business_bachelors x2.4 (ESTIMATED, NOT ACTUAL)",NOT_RUN,,NOT_RUN,NOT_RUN,24,,INSUFFICIENT_DATA,PENDING_BACKFILL,,COMING_SOON,,COMING_SOON,,0,24,24,70%,,,,,,,Backlog
439997eb-bc7f-4225-98e5-09b2bdc4ad14,Fontbonne University St.,MO,177418,Fontbonne University,four_year,primary,name_prefix,0.683,,650,2023,27,5,137,19.7%,18.5%,+42.1%,-12.9%,-32.5%,-7.6%,,1.3pp,65,"business_bachelors x2.4 (ESTIMATED, NOT ACTUAL)",NOT_RUN,,NOT_RUN,NOT_RUN,19.9,33.9,DECLINING,PENDING_BACKFILL,,COMING_SOON,,COMING_SOON,,0,23.9,19.9,85%,,27 business grads/year (2023),Business completions -32% over 5Y,,,,Backlog
e7215e61-04b3-4e36-afa7-06e3b898126c,Seattle University,WA,236595,Seattle University,four_year,primary,existing_unitid,1,,4137,2023,199,24,1148,17.3%,12.1%,-18.1%,-41.8%,-37.2%,-8.9%,,-7.4pp,478,"business_bachelors x2.4 (ESTIMATED, NOT ACTUAL)",0,,NOT_RUN,NOT_RUN,41,7.3,DECLINING,3.1,35%,COMING_SOON,,COMING_SOON,,0,23.9,24.6,100%,,199 business grads/year (2023),Business completions -37% over 5Y,,,,Backlog
f777aeb5-db85-49a8-8f49-7f8936d17abf,University of Mary Washington,VA,232681,University of Mary Washington,four_year,primary,existing_unitid,1,,3611,2023,131,0,832,15.8%,0.0%,+6.5%,-23.4%,-13.8%,-2.9%,,-0.6pp,314,"business_bachelors x2.4 (ESTIMATED, NOT ACTUAL)",0,,NOT_RUN,NOT_RUN,29.4,36.2,DECLINING,3.1,35%,COMING_SOON,,COMING_SOON,,0,23.9,17.6,100%,,131 business grads/year (2023),Business completions -14% over 5Y,,,,Backlog
4a1720da-d044-42a3-bdde-1542ae9e096c,Stanford University,CA,243744,Stanford University,four_year,primary,exact_name,0.98,,8054,2023,0,0,1573,0.0%,,,,,,,0.0pp,0,"business_bachelors x2.4 (ESTIMATED, NOT ACTUAL)",1,IFC,NOT_RUN,NOT_RUN,16.2,59.7,STABLE,10.3,35%,COMING_SOON,,COMING_SOON,,0,23.8,9.7,100%,,1 social Greek chapters,,,,,Backlog
569ea866-31b2-4e34-bd4a-c9fd5ed8570d,Irvine Valley College,CA,116439,Irvine Valley College,two_year,two_year,existing_unitid,1,,11994,,0,0,0,,,,,,,,,0,"business_bachelors x2.4 (ESTIMATED, NOT ACTUAL)",NOT_RUN,,NOT_RUN,NOT_RUN,23.8,,INSUFFICIENT_DATA,PENDING_BACKFILL,,COMING_SOON,,COMING_SOON,,0,23.8,23.8,70%,,,,,,,Backlog
92e2c12c-b56b-4012-b97d-acdc0396d71e,Nassau Community College,NY,193478,Nassau Community College,two_year,two_year,existing_unitid,1,,11984,,0,0,0,,,,,,,,,0,"business_bachelors x2.4 (ESTIMATED, NOT ACTUAL)",NOT_RUN,,NOT_RUN,NOT_RUN,23.8,,INSUFFICIENT_DATA,PENDING_BACKFILL,,COMING_SOON,,COMING_SOON,,0,23.8,23.8,70%,,,,,,,Backlog
1a36c076-bb65-4fab-87d0-389c52320681,Texas State Technical College,TX,487320,Texas State Technical College,two_year,two_year,exact_name,0.98,,11436,,0,0,0,,,,,,,,,0,"business_bachelors x2.4 (ESTIMATED, NOT ACTUAL)",NOT_RUN,,NOT_RUN,NOT_RUN,23.7,,INSUFFICIENT_DATA,PENDING_BACKFILL,,COMING_SOON,,COMING_SOON,,0,23.7,23.7,70%,,,,,,,Backlog
b3d05deb-1b8c-415c-affe-ea7a707e5e1a,Ventura College,CA,125028,Ventura College,two_year,two_year,existing_unitid,1,,11367,,0,0,0,,,,,,,,,0,"business_bachelors x2.4 (ESTIMATED, NOT ACTUAL)",NOT_RUN,,NOT_RUN,NOT_RUN,23.6,,INSUFFICIENT_DATA,PENDING_BACKFILL,,COMING_SOON,,COMING_SOON,,0,23.6,23.6,70%,,,,,,,Backlog
6920f319-ad8f-49fb-84e1-d08fbe841fa7,University of Chicago,IL,144050,University of Chicago,four_year,primary,exact_name,0.98,,7643,2023,0,0,1689,0.0%,,,,,,,0.0pp,0,"business_bachelors x2.4 (ESTIMATED, NOT ACTUAL)",1,IFC,NOT_RUN,NOT_RUN,15.7,59.7,STABLE,10.3,35%,COMING_SOON,,COMING_SOON,,0,23.5,9.4,100%,,1 social Greek chapters,,,,,Backlog
2add23d8-7a54-45a0-be98-55f2e911a905,Ozarks Technical Community College,MO,177472,Ozarks Technical Community College,four_year,primary,existing_unitid,1,,11036,2023,0,0,0,,,,,,,,,0,"business_bachelors x2.4 (ESTIMATED, NOT ACTUAL)",NOT_RUN,,NOT_RUN,NOT_RUN,23.5,,INSUFFICIENT_DATA,PENDING_BACKFILL,,COMING_SOON,,COMING_SOON,,0,23.5,23.5,70%,,,,,,,Backlog
5a0ea0ba-1598-44be-9ac6-20117745ab68,Anne Arundel Community College,MD,161767,Anne Arundel Community College,two_year,two_year,existing_unitid,1,,11158,,0,0,0,,,,,,,,,0,"business_bachelors x2.4 (ESTIMATED, NOT ACTUAL)",NOT_RUN,,NOT_RUN,NOT_RUN,23.5,,INSUFFICIENT_DATA,PENDING_BACKFILL,,COMING_SOON,,COMING_SOON,,0,23.5,23.5,70%,,,,,,,Backlog
9ac3cbcb-4a60-4405-8d96-ee7fcf80584c,Prince George's Community College,MD,163657,Prince George's Community College,two_year,two_year,existing_unitid,1,,10513,,0,0,0,,,,,,,,,0,"business_bachelors x2.4 (ESTIMATED, NOT ACTUAL)",NOT_RUN,,NOT_RUN,NOT_RUN,23.2,,INSUFFICIENT_DATA,PENDING_BACKFILL,,COMING_SOON,,COMING_SOON,,0,23.2,23.2,70%,,,,,,,Backlog
dc001c64-7bc5-4bc3-bf4b-4ab00cea5bde,Wartburg College,IA,154527,Wartburg College,four_year,primary,existing_unitid,1,,1454,2023,52,8,325,16.0%,15.4%,-27.8%,-17.5%,-22.4%,-4.9%,,-2.4pp,125,"business_bachelors x2.4 (ESTIMATED, NOT ACTUAL)",NOT_RUN,,NOT_RUN,NOT_RUN,21.2,27.7,DECLINING,PENDING_BACKFILL,,COMING_SOON,,COMING_SOON,,0,23.1,21.2,85%,,52 business grads/year (2023),Business completions -22% over 5Y,,,,Backlog
c47176e3-d0e5-4e38-939b-89180bb0556c,Front Range Community College,CO,127200,Front Range Community College,four_year,primary,existing_unitid,1,,21096,2023,0,0,17,0.0%,,,,,,,,0,"business_bachelors x2.4 (ESTIMATED, NOT ACTUAL)",NOT_RUN,,NOT_RUN,NOT_RUN,23.1,,INSUFFICIENT_DATA,PENDING_BACKFILL,,COMING_SOON,,COMING_SOON,,0,23.1,23.1,85%,,"Large undergrad population (21,096)",,,,,Backlog
6c3227b1-ac79-4962-931e-7700a8bcc96f,Golden West College,CA,115126,Golden West College,two_year,two_year,existing_unitid,1,,10433,,0,0,0,,,,,,,,,0,"business_bachelors x2.4 (ESTIMATED, NOT ACTUAL)",NOT_RUN,,NOT_RUN,NOT_RUN,23.1,,INSUFFICIENT_DATA,PENDING_BACKFILL,,COMING_SOON,,COMING_SOON,,0,23.1,23.1,70%,,,,,,,Backlog
c344c808-1d67-44ff-a972-092a832c39db,Cuesta College,CA,113193,Cuesta College,two_year,two_year,existing_unitid,1,,10437,,0,0,0,,,,,,,,,0,"business_bachelors x2.4 (ESTIMATED, NOT ACTUAL)",NOT_RUN,,NOT_RUN,NOT_RUN,23.1,,INSUFFICIENT_DATA,PENDING_BACKFILL,,COMING_SOON,,COMING_SOON,,0,23.1,23.1,70%,,,,,,,Backlog
4277ee6f-3ba3-490c-aac0-1034bb15a547,Laney College,CA,117247,Laney College,two_year,two_year,existing_unitid,1,,10211,,0,0,0,,,,,,,,,0,"business_bachelors x2.4 (ESTIMATED, NOT ACTUAL)",NOT_RUN,,NOT_RUN,NOT_RUN,22.8,,INSUFFICIENT_DATA,PENDING_BACKFILL,,COMING_SOON,,COMING_SOON,,0,22.8,22.8,70%,,,,,,,Backlog
0a691d0a-34aa-4226-8511-bd241c559a29,Cal Poly Humboldt,CA,115755,California State Polytechnic University-Humboldt,four_year,primary,alias_exact,0.95,,5594,2023,90,0,1360,6.6%,0.0%,-16.7%,-37.1%,-45.1%,-11.3%,,-1.8pp,216,"business_bachelors x2.4 (ESTIMATED, NOT ACTUAL)",NOT_RUN,,NOT_RUN,NOT_RUN,27.3,11.2,DECLINING,PENDING_BACKFILL,,COMING_SOON,,COMING_SOON,,0,22.7,27.3,85%,,90 business grads/year (2023),Business completions -45% over 5Y,,,,Backlog
7c06eaea-9a16-4010-a9b9-2e20c245b7a0,Lower Columbia College,WA,235750,Lower Columbia College,four_year,primary,existing_unitid,1,,2412,2023,13,0,56,23.2%,0.0%,,,,,,,31,"business_bachelors x2.4 (ESTIMATED, NOT ACTUAL)",NOT_RUN,,NOT_RUN,NOT_RUN,22.6,,INSUFFICIENT_DATA,PENDING_BACKFILL,,COMING_SOON,,COMING_SOON,,0,22.6,22.6,85%,,13 business grads/year (2023),,,,,Backlog
e831fd80-ba40-4abb-bcdc-5f395f10ebd9,Brookdale Community College,NJ,183859,Brookdale Community College,two_year,two_year,existing_unitid,1,,9916,,0,0,0,,,,,,,,,0,"business_bachelors x2.4 (ESTIMATED, NOT ACTUAL)",NOT_RUN,,NOT_RUN,NOT_RUN,22.4,,INSUFFICIENT_DATA,PENDING_BACKFILL,,COMING_SOON,,COMING_SOON,,0,22.4,22.4,70%,,,,,,,Backlog
028b5829-9bac-49e7-949f-c11f2f4a4522,University of New Hampshire,NH,183071,University of New Hampshire at Manchester,four_year,primary,name_reverse,0.75,,522,2023,23,0,143,16.1%,0.0%,-20.7%,+21.1%,-17.9%,-3.9%,,2.0pp,55,"business_bachelors x2.4 (ESTIMATED, NOT ACTUAL)",NOT_RUN,,NOT_RUN,NOT_RUN,12.8,46.1,STABLE,PENDING_BACKFILL,,COMING_SOON,,COMING_SOON,,0,22.3,12.8,85%,,23 business grads/year (2023),Business completions -18% over 5Y,,,,Backlog
6e228c88-6be0-4c7c-a70f-d2854aac448b,Tuskegee University,AL,102377,Tuskegee University,four_year,primary,exact_name,0.98,,2400,2023,54,8,410,13.2%,14.8%,+28.6%,-3.6%,-37.2%,-8.9%,,-7.2pp,130,"business_bachelors x2.4 (ESTIMATED, NOT ACTUAL)",NOT_RUN,,NOT_RUN,NOT_RUN,21.1,25.1,DECLINING,PENDING_BACKFILL,,COMING_SOON,,COMING_SOON,,0,22.2,21.1,85%,,54 business grads/year (2023),Business completions -37% over 5Y,,,,Backlog
f47c0997-2c32-4abf-b468-ae3e6e8b0f8d,Modesto Junior College,CA,118976,Modesto Junior College,four_year,primary,existing_unitid,1,,17152,2023,0,0,14,0.0%,,,,,,,,0,"business_bachelors x2.4 (ESTIMATED, NOT ACTUAL)",NOT_RUN,,NOT_RUN,NOT_RUN,22.1,,INSUFFICIENT_DATA,PENDING_BACKFILL,,COMING_SOON,,COMING_SOON,,0,22.1,22.1,85%,,"Large undergrad population (17,152)",,,,,Backlog
7c12b848-fed4-47c7-87c6-1613ffd16c0c,Evergreen Valley College,CA,114266,Evergreen Valley College,two_year,two_year,existing_unitid,1,,8989,,0,0,0,,,,,,,,,0,"business_bachelors x2.4 (ESTIMATED, NOT ACTUAL)",NOT_RUN,,NOT_RUN,NOT_RUN,21.9,,INSUFFICIENT_DATA,PENDING_BACKFILL,,COMING_SOON,,COMING_SOON,,0,21.9,21.9,70%,,,,,,,Backlog
fff8a734-eb34-4927-846d-50b30cdc1d59,Lansing Community College,MI,170657,Lansing Community College,two_year,two_year,existing_unitid,1,,9207,,0,0,0,,,,,,,,,0,"business_bachelors x2.4 (ESTIMATED, NOT ACTUAL)",NOT_RUN,,NOT_RUN,NOT_RUN,21.9,,INSUFFICIENT_DATA,PENDING_BACKFILL,,COMING_SOON,,COMING_SOON,,0,21.9,21.9,70%,,,,,,,Backlog
f7429d11-c236-4c42-a5bb-72a9d1b654ed,Delaware Valley University,PA,211981,Delaware Valley University,four_year,primary,exact_name,0.98,,1759,2023,51,0,344,14.8%,0.0%,+13.3%,-25.0%,-17.7%,-3.8%,,-0.8pp,122,"business_bachelors x2.4 (ESTIMATED, NOT ACTUAL)",NOT_RUN,,NOT_RUN,NOT_RUN,18,31.4,DECLINING,PENDING_BACKFILL,,COMING_SOON,,COMING_SOON,,0,21.8,18,85%,,51 business grads/year (2023),Business completions -18% over 5Y,,,,Backlog
d4a7fffb-46c2-40b4-ba73-67432ef69acf,South Plains College,TX,228158,South Plains College,two_year,two_year,existing_unitid,1,,8866,,0,0,0,,,,,,,,,0,"business_bachelors x2.4 (ESTIMATED, NOT ACTUAL)",NOT_RUN,,NOT_RUN,NOT_RUN,21.7,,INSUFFICIENT_DATA,PENDING_BACKFILL,,COMING_SOON,,COMING_SOON,,0,21.7,21.7,70%,,,,,,,Backlog
d5fd3d1d-cbb0-4d21-9194-888b6cd678a9,Southwest Baptist Univ,MO,179326,Southwest Baptist University,four_year,primary,exact_name,0.98,,1622,2023,33,4,293,11.3%,12.1%,-21.4%,+3.1%,-25.0%,-5.6%,,-1.8pp,79,"business_bachelors x2.4 (ESTIMATED, NOT ACTUAL)",NOT_RUN,,NOT_RUN,NOT_RUN,14.2,39.8,STABLE,PENDING_BACKFILL,,COMING_SOON,,COMING_SOON,,0,21.5,14.2,85%,,33 business grads/year (2023),Business completions -25% over 5Y,,,,Backlog
3c705af5-e9b4-48a5-a06d-eda9bd395ce8,Howard Community College,MD,162779,Howard Community College,two_year,two_year,existing_unitid,1,,8540,,0,0,0,,,,,,,,,0,"business_bachelors x2.4 (ESTIMATED, NOT ACTUAL)",NOT_RUN,,NOT_RUN,NOT_RUN,21.5,,INSUFFICIENT_DATA,PENDING_BACKFILL,,COMING_SOON,,COMING_SOON,,0,21.5,21.5,70%,,,,,,,Backlog
82a8f268-daae-4557-a54a-80b23f68ed7f,Coastline Community College,CA,112385,Coastline Community College,two_year,two_year,existing_unitid,1,,8576,,0,0,0,,,,,,,,,0,"business_bachelors x2.4 (ESTIMATED, NOT ACTUAL)",NOT_RUN,,NOT_RUN,NOT_RUN,21.5,,INSUFFICIENT_DATA,PENDING_BACKFILL,,COMING_SOON,,COMING_SOON,,0,21.5,21.5,70%,,,,,,,Backlog
d725079a-c122-4041-89fb-685ddd4ef97d,Northampton Community College,PA,214379,Northampton County Area Community College,two_year,two_year,existing_unitid,1,,8695,,0,0,0,,,,,,,,,0,"business_bachelors x2.4 (ESTIMATED, NOT ACTUAL)",NOT_RUN,,NOT_RUN,NOT_RUN,21.5,,INSUFFICIENT_DATA,PENDING_BACKFILL,,COMING_SOON,,COMING_SOON,,0,21.5,21.5,70%,,,,,,,Backlog
b92684a6-c0d1-4ffe-8e2c-1d0877706896,East Georgia State College,GA,139621,East Georgia State College,four_year,primary,existing_unitid,1,,1756,2023,0,0,19,0.0%,,,,,,,0.0pp,0,"business_bachelors x2.4 (ESTIMATED, NOT ACTUAL)",NOT_RUN,,NOT_RUN,NOT_RUN,6,59.7,STABLE,PENDING_BACKFILL,,COMING_SOON,,COMING_SOON,,0,21.3,6,85%,,,,,,,Backlog
5fb17f2e-cbe9-4b34-8e6e-c0cd2c01ca87,Willamette University,OR,210401,Willamette University,four_year,primary,exact_name,0.98,,1571,2023,0,0,342,0.0%,,,,,,,0.0pp,0,"business_bachelors x2.4 (ESTIMATED, NOT ACTUAL)",NOT_RUN,,NOT_RUN,NOT_RUN,5.4,59.7,STABLE,PENDING_BACKFILL,,COMING_SOON,,COMING_SOON,,0,20.9,5.4,85%,,,,,,,Backlog
f0486b27-8b7a-410d-8d54-6dbf969747ac,Reedley College,CA,117052,Reedley College,two_year,two_year,exact_name,0.98,,8174,,0,0,0,,,,,,,,,0,"business_bachelors x2.4 (ESTIMATED, NOT ACTUAL)",NOT_RUN,,NOT_RUN,NOT_RUN,20.8,,INSUFFICIENT_DATA,PENDING_BACKFILL,,COMING_SOON,,COMING_SOON,,0,20.8,20.8,70%,,,,,,,Backlog
2c482aba-f2cb-4133-b4bf-f3e05b1ac071,Spalding University,KY,157757,Spalding University,four_year,primary,existing_unitid,1,,734,2023,30,8,181,16.6%,26.7%,-3.2%,-14.3%,-33.3%,-7.8%,,0.1pp,72,"business_bachelors x2.4 (ESTIMATED, NOT ACTUAL)",NOT_RUN,,NOT_RUN,NOT_RUN,17.1,29.9,DECLINING,PENDING_BACKFILL,,COMING_SOON,,COMING_SOON,,0,20.8,17.1,85%,,30 business grads/year (2023),Business completions -33% over 5Y,,,,Backlog
06bf71a9-dd00-4ec2-85b2-dc4ec507a5ec,Valparaiso University,IN,152600,Valparaiso University,four_year,primary,exact_name,0.98,,2255,2023,74,12,617,12.0%,16.2%,-17.8%,-41.3%,-27.5%,-6.2%,,-2.9pp,178,"business_bachelors x2.4 (ESTIMATED, NOT ACTUAL)",NOT_RUN,,NOT_RUN,NOT_RUN,23,15,DECLINING,PENDING_BACKFILL,,COMING_SOON,,COMING_SOON,,0,20.7,23,85%,,74 business grads/year (2023),Business completions -27% over 5Y,,,,Backlog
27ba2556-1124-4a4a-9f65-447bc45bbc09,Germanna Virginia Community College,VA,232195,Germanna Community College,two_year,two_year,name_prefix,0.75,YES,8082,,0,0,0,,,,,,,,,0,"business_bachelors x2.4 (ESTIMATED, NOT ACTUAL)",NOT_RUN,,NOT_RUN,NOT_RUN,20.7,,INSUFFICIENT_DATA,PENDING_BACKFILL,,COMING_SOON,,COMING_SOON,,0,20.7,20.7,70%,,,,,,,Backlog
1fe25f7c-0601-4e2d-be12-d6a2e4dac428,Germanna Community College,VA,232195,Germanna Community College,two_year,two_year,existing_unitid,1,YES,8082,,0,0,0,,,,,,,,,0,"business_bachelors x2.4 (ESTIMATED, NOT ACTUAL)",NOT_RUN,,NOT_RUN,NOT_RUN,20.7,,INSUFFICIENT_DATA,PENDING_BACKFILL,,COMING_SOON,,COMING_SOON,,0,20.7,20.7,70%,,,,,,,Backlog
200ff92f-14f1-4ea5-a816-ff3a713d62a1,Claflin University,SC,217873,Claflin University,four_year,primary,exact_name,0.98,,1754,2023,49,1,334,14.7%,2.0%,-31.9%,-12.5%,-25.8%,-5.8%,,-6.6pp,118,"business_bachelors x2.4 (ESTIMATED, NOT ACTUAL)",NOT_RUN,,NOT_RUN,NOT_RUN,18.9,24,DECLINING,PENDING_BACKFILL,,COMING_SOON,,COMING_SOON,,0,20.4,18.9,85%,,49 business grads/year (2023),Business completions -26% over 5Y,,,,Backlog
18b2b639-de5a-41a6-b7b8-0e05f579b533,SUNY Fredonia,NY,196158,SUNY at Fredonia,four_year,primary,existing_unitid,1,,2877,2023,82,14,839,9.8%,17.1%,-3.5%,-38.4%,-48.8%,-12.5%,,-6.0pp,197,"business_bachelors x2.4 (ESTIMATED, NOT ACTUAL)",NOT_RUN,,NOT_RUN,NOT_RUN,25.4,7.5,DECLINING,PENDING_BACKFILL,,COMING_SOON,,COMING_SOON,,0,20.3,25.4,85%,,82 business grads/year (2023),Business completions -49% over 5Y,,,,Backlog
70dbdd53-9b50-44d3-81c1-407dc3d97427,Abilene Christian Univ,TX,222178,Abilene Christian University,four_year,primary,exact_name,0.98,,3188,2023,80,9,701,11.4%,11.3%,-8.1%,-55.1%,-36.5%,-8.7%,,-6.3pp,192,"business_bachelors x2.4 (ESTIMATED, NOT ACTUAL)",NOT_RUN,,NOT_RUN,NOT_RUN,25.7,6.4,DECLINING,PENDING_BACKFILL,,COMING_SOON,,COMING_SOON,,0,20.2,25.7,85%,,80 business grads/year (2023),Business completions -37% over 5Y,,,,Backlog
7dd29d13-ccd1-4e50-8595-2dd88a64b252,Calumet College of Saint Joseph,IN,150172,Calumet College of Saint Joseph,four_year,primary,exact_name,0.98,,560,2023,31,3,125,24.8%,9.7%,+40.9%,+106.7%,-44.6%,-11.2%,,-2.1pp,74,"business_bachelors x2.4 (ESTIMATED, NOT ACTUAL)",NOT_RUN,,NOT_RUN,NOT_RUN,23.3,12.5,DECLINING,PENDING_BACKFILL,,COMING_SOON,,COMING_SOON,,0,20.2,23.3,85%,,31 business grads/year (2023),Business completions -45% over 5Y,,,,Backlog
1cd28141-8461-4fe6-864d-c424dd1340fa,Owens Community College,OH,204945,Owens Community College,two_year,two_year,existing_unitid,1,,7762,,0,0,0,,,,,,,,,0,"business_bachelors x2.4 (ESTIMATED, NOT ACTUAL)",NOT_RUN,,NOT_RUN,NOT_RUN,20,,INSUFFICIENT_DATA,PENDING_BACKFILL,,COMING_SOON,,COMING_SOON,,0,20,20,70%,,,,,,,Backlog
14304f21-086e-4e59-9c54-52684fa8251e,Westminster College - Pennsylvania,PA,216807,Westminster College,four_year,primary,name_prefix,0.683,,1155,2023,41,8,184,22.3%,19.5%,-21.1%,-34.9%,-39.7%,-9.6%,,-6.7pp,98,"business_bachelors x2.4 (ESTIMATED, NOT ACTUAL)",NOT_RUN,,NOT_RUN,NOT_RUN,24.6,7.7,DECLINING,PENDING_BACKFILL,,COMING_SOON,,COMING_SOON,,0,19.8,24.6,85%,,41 business grads/year (2023),Business completions -40% over 5Y,,,,Backlog
54240b28-04bf-435e-af0c-f7b60f26c3af,North Central Texas College,TX,224110,North Central Texas College,two_year,two_year,exact_name,0.98,,7544,,0,0,0,,,,,,,,,0,"business_bachelors x2.4 (ESTIMATED, NOT ACTUAL)",NOT_RUN,,NOT_RUN,NOT_RUN,19.8,,INSUFFICIENT_DATA,PENDING_BACKFILL,,COMING_SOON,,COMING_SOON,,0,19.8,19.8,70%,,,,,,,Backlog
678fb645-37f4-4a2e-a533-a83d5e5798d7,Greenville Technical College,SC,218113,Greenville Technical College,four_year,primary,exact_name,0.98,,10661,2023,0,0,8,0.0%,,,,,,,,0,"business_bachelors x2.4 (ESTIMATED, NOT ACTUAL)",NOT_RUN,,NOT_RUN,NOT_RUN,19.5,,INSUFFICIENT_DATA,PENDING_BACKFILL,,COMING_SOON,,COMING_SOON,,0,19.5,19.5,85%,,,,,,,Backlog
c16a3be6-feed-4831-b038-35b4e1aacc63,Furman University,SC,218070,Furman University,four_year,primary,existing_unitid,1,,2327,2023,47,9,509,9.2%,19.1%,-25.4%,-29.8%,-46.0%,-11.6%,,-4.7pp,113,"business_bachelors x2.4 (ESTIMATED, NOT ACTUAL)",15,IFC+NPHC+PANHELLENIC,NOT_RUN,NOT_RUN,18.9,9,DECLINING,28.6,35%,COMING_SOON,,COMING_SOON,,0,19.4,11.3,100%,,47 business grads/year (2023),Business completions -46% over 5Y,15 social Greek chapters,,,Backlog
540e2567-9d61-460f-9afc-cff3783bda4c,Shorter University,GA,140988,Shorter University,four_year,primary,exact_name,0.98,,1322,2023,48,7,237,20.3%,14.6%,-26.2%,-33.3%,-44.2%,-11.0%,,-11.5pp,115,"business_bachelors x2.4 (ESTIMATED, NOT ACTUAL)",NOT_RUN,,NOT_RUN,NOT_RUN,24.4,6.3,DECLINING,PENDING_BACKFILL,,COMING_SOON,,COMING_SOON,,0,19.2,24.4,85%,,48 business grads/year (2023),Business completions -44% over 5Y,,,,Backlog
b840ea4e-049e-4ad4-acfa-594f15dfd70a,Southwest Tennessee Community College,TN,221485,Southwest Tennessee Community College,two_year,two_year,existing_unitid,1,,6980,,0,0,0,,,,,,,,,0,"business_bachelors x2.4 (ESTIMATED, NOT ACTUAL)",NOT_RUN,,NOT_RUN,NOT_RUN,19,,INSUFFICIENT_DATA,PENDING_BACKFILL,,COMING_SOON,,COMING_SOON,,0,19,19,70%,,,,,,,Backlog
1ea5aedb-ca83-4b0b-8a67-0922286988ba,Oxnard College,CA,120421,Oxnard College,two_year,two_year,existing_unitid,1,,6911,,0,0,0,,,,,,,,,0,"business_bachelors x2.4 (ESTIMATED, NOT ACTUAL)",NOT_RUN,,NOT_RUN,NOT_RUN,19,,INSUFFICIENT_DATA,PENDING_BACKFILL,,COMING_SOON,,COMING_SOON,,0,19,19,70%,,,,,,,Backlog
d7f8594c-8a01-48e6-9b2f-8576ae47583e,Essex County College,NJ,184481,Essex County College,two_year,two_year,existing_unitid,1,,6790,,0,0,0,,,,,,,,,0,"business_bachelors x2.4 (ESTIMATED, NOT ACTUAL)",NOT_RUN,,NOT_RUN,NOT_RUN,18.8,,INSUFFICIENT_DATA,PENDING_BACKFILL,,COMING_SOON,,COMING_SOON,,0,18.8,18.8,70%,,,,,,,Backlog
a9e5ecb0-efcc-47f2-acfb-ca973240b0c7,East Central University,OK,207041,East Central University,four_year,primary,exact_name,0.98,,2460,2023,55,19,545,10.1%,34.5%,-23.6%,-40.9%,-42.1%,-10.3%,,-4.3pp,132,"business_bachelors x2.4 (ESTIMATED, NOT ACTUAL)",NOT_RUN,,NOT_RUN,NOT_RUN,21.2,12.5,DECLINING,PENDING_BACKFILL,,COMING_SOON,,COMING_SOON,,0,18.7,21.2,85%,,55 business grads/year (2023),Business completions -42% over 5Y,,,,Backlog
1a33f054-89c8-4d91-9882-42ccf611d597,Ohio University,OH,204820,Ohio University-Chillicothe Campus,four_year,primary,name_reverse,0.55,,1941,2023,6,0,47,12.8%,0.0%,-68.4%,,,,,,14,"business_bachelors x2.4 (ESTIMATED, NOT ACTUAL)",2,IFC,3,0,11.9,,INSUFFICIENT_DATA,31.9,75%,COMING_SOON,,COMING_SOON,,0,18.6,3.6,100%,,6 business grads/year (2023),2 social Greek chapters,IFC contacts verified,,,Council outreach
38500765-705e-4dd6-b69e-ccc0372713f4,Claremont McKenna College,CA,112260,Claremont McKenna College,four_year,primary,exact_name,0.98,,1381,2023,10,10,326,3.1%,100.0%,+100.0%,+66.7%,-52.4%,-13.8%,,-3.6pp,24,"business_bachelors x2.4 (ESTIMATED, NOT ACTUAL)",NOT_RUN,,NOT_RUN,NOT_RUN,10.2,39.4,STABLE,PENDING_BACKFILL,,COMING_SOON,,COMING_SOON,,0,18.5,10.2,85%,,10 business grads/year (2023),Business completions -52% over 5Y,,,,Backlog
eb81939f-3101-45c3-b20c-aa2c88c725ff,Nashville State Community College,TN,221184,Nashville State Community College,two_year,two_year,existing_unitid,1,,6608,,0,0,0,,,,,,,,,0,"business_bachelors x2.4 (ESTIMATED, NOT ACTUAL)",NOT_RUN,,NOT_RUN,NOT_RUN,18.5,,INSUFFICIENT_DATA,PENDING_BACKFILL,,COMING_SOON,,COMING_SOON,,0,18.5,18.5,70%,,,,,,,Backlog
3603b53c-af52-4632-b942-d2a2fe8cf8ff,Valley City State University,ND,200572,Valley City State University,four_year,primary,exact_name,0.98,,1628,2023,22,0,234,9.4%,0.0%,-29.0%,-8.3%,-15.4%,-3.3%,,-1.4pp,53,"business_bachelors x2.4 (ESTIMATED, NOT ACTUAL)",NOT_RUN,,NOT_RUN,NOT_RUN,10.1,38.3,DECLINING,PENDING_BACKFILL,,COMING_SOON,,COMING_SOON,,0,18.2,10.1,85%,,22 business grads/year (2023),Business completions -15% over 5Y,,,,Backlog
fabacc2f-2064-45a0-a047-10d98334c837,Minneapolis Community and Technical College,MN,174136,Minneapolis Community and Technical College,two_year,two_year,existing_unitid,1,,6269,,0,0,0,,,,,,,,,0,"business_bachelors x2.4 (ESTIMATED, NOT ACTUAL)",NOT_RUN,,NOT_RUN,NOT_RUN,18.1,,INSUFFICIENT_DATA,PENDING_BACKFILL,,COMING_SOON,,COMING_SOON,,0,18.1,18.1,70%,,,,,,,Backlog
acd721bb-d2a0-49b8-8932-5f849ae27fb7,Everett Community College,WA,235149,Everett Community College,four_year,primary,existing_unitid,1,,6211,,0,0,0,,,,,,,,,0,"business_bachelors x2.4 (ESTIMATED, NOT ACTUAL)",NOT_RUN,,NOT_RUN,NOT_RUN,17.9,,INSUFFICIENT_DATA,PENDING_BACKFILL,,COMING_SOON,,COMING_SOON,,0,17.9,17.9,70%,,,,,,,Backlog
edb01572-9cac-43ee-a3c2-a77293c4b51a,Thomas Nelson Community College,VA,233754,Virginia Peninsula Community College,two_year,two_year,alias_exact,0.95,,6127,,0,0,0,,,,,,,,,0,"business_bachelors x2.4 (ESTIMATED, NOT ACTUAL)",NOT_RUN,,NOT_RUN,NOT_RUN,17.8,,INSUFFICIENT_DATA,PENDING_BACKFILL,,COMING_SOON,,COMING_SOON,,0,17.8,17.8,70%,,,,,,,Backlog
ad7da69c-8adf-4484-b9e2-0e0705bc0921,Virginia Western Community College,VA,233949,Virginia Western Community College,two_year,two_year,existing_unitid,1,,6170,,0,0,0,,,,,,,,,0,"business_bachelors x2.4 (ESTIMATED, NOT ACTUAL)",NOT_RUN,,NOT_RUN,NOT_RUN,17.8,,INSUFFICIENT_DATA,PENDING_BACKFILL,,COMING_SOON,,COMING_SOON,,0,17.8,17.8,70%,,,,,,,Backlog
b3093949-cf55-4b02-9e52-d33ad895fa46,Bucks County Community College,PA,211307,Bucks County Community College,two_year,two_year,existing_unitid,1,,6098,,0,0,0,,,,,,,,,0,"business_bachelors x2.4 (ESTIMATED, NOT ACTUAL)",NOT_RUN,,NOT_RUN,NOT_RUN,17.7,,INSUFFICIENT_DATA,PENDING_BACKFILL,,COMING_SOON,,COMING_SOON,,0,17.7,17.7,70%,,,,,,,Backlog
ee5df01f-b124-49c9-86df-2d967685a33a,County College of Morris,NJ,184180,County College of Morris,two_year,two_year,existing_unitid,1,,6069,,0,0,0,,,,,,,,,0,"business_bachelors x2.4 (ESTIMATED, NOT ACTUAL)",NOT_RUN,,NOT_RUN,NOT_RUN,17.6,,INSUFFICIENT_DATA,PENDING_BACKFILL,,COMING_SOON,,COMING_SOON,,0,17.6,17.6,70%,,,,,,,Backlog
d11e6ca3-fae0-4e1e-ac9f-cbbac4c238f0,Parkland College,IL,147916,Parkland College,two_year,two_year,existing_unitid,1,,6018,,0,0,0,,,,,,,,,0,"business_bachelors x2.4 (ESTIMATED, NOT ACTUAL)",NOT_RUN,,NOT_RUN,NOT_RUN,17.5,,INSUFFICIENT_DATA,PENDING_BACKFILL,,COMING_SOON,,COMING_SOON,,0,17.5,17.5,70%,,,,,,,Backlog
f4d7a095-1bc3-4c0f-bf31-34fc8e61f1ab,Union University,TN,221971,Union University,four_year,primary,exact_name,0.98,,1891,2023,60,13,404,14.8%,21.7%,-34.8%,-36.2%,-58.9%,-16.3%,,-11.2pp,144,"business_bachelors x2.4 (ESTIMATED, NOT ACTUAL)",NOT_RUN,,NOT_RUN,NOT_RUN,22.9,3.7,DECLINING,PENDING_BACKFILL,,COMING_SOON,,COMING_SOON,,0,17.4,22.9,85%,,60 business grads/year (2023),Business completions -59% over 5Y,,,,Backlog
e6c4d818-8e76-473a-8a94-ba12819e464c,Yuba College,CA,126119,Yuba College,two_year,two_year,existing_unitid,1,,5735,,0,0,0,,,,,,,,,0,"business_bachelors x2.4 (ESTIMATED, NOT ACTUAL)",NOT_RUN,,NOT_RUN,NOT_RUN,17,,INSUFFICIENT_DATA,PENDING_BACKFILL,,COMING_SOON,,COMING_SOON,,0,17,17,70%,,,,,,,Backlog
c25d661c-930b-478f-b1de-8ae1456cbf0b,Somerset Community College,KY,157711,Somerset Community College,two_year,two_year,existing_unitid,1,,5766,,0,0,0,,,,,,,,,0,"business_bachelors x2.4 (ESTIMATED, NOT ACTUAL)",NOT_RUN,,NOT_RUN,NOT_RUN,17,,INSUFFICIENT_DATA,PENDING_BACKFILL,,COMING_SOON,,COMING_SOON,,0,17,17,70%,,,,,,,Backlog
33b67a71-d3bb-4b72-b388-e4ac8cebe84e,Rockland Community College,NY,195058,Rockland Community College,two_year,two_year,existing_unitid,1,,5763,,0,0,0,,,,,,,,,0,"business_bachelors x2.4 (ESTIMATED, NOT ACTUAL)",NOT_RUN,,NOT_RUN,NOT_RUN,17,,INSUFFICIENT_DATA,PENDING_BACKFILL,,COMING_SOON,,COMING_SOON,,0,17,17,70%,,,,,,,Backlog
7b462501-d1b5-4a82-a76c-281e975de3d5,Wharton County Junior College,TX,229841,Wharton County Junior College,two_year,two_year,exact_name,0.98,,5687,,0,0,0,,,,,,,,,0,"business_bachelors x2.4 (ESTIMATED, NOT ACTUAL)",NOT_RUN,,NOT_RUN,NOT_RUN,16.9,,INSUFFICIENT_DATA,PENDING_BACKFILL,,COMING_SOON,,COMING_SOON,,0,16.9,16.9,70%,,,,,,,Backlog
6b4894d0-c5c3-44f5-9aaf-3dda28994bd0,Johns Hopkins University,MD,162928,Johns Hopkins University,four_year,primary,exact_name,0.98,,6089,2023,0,0,1434,0.0%,,,-100.0%,-100.0%,-100.0%,,-1.9pp,0,"business_bachelors x2.4 (ESTIMATED, NOT ACTUAL)",1,IFC,2,0,14.2,16.4,DECLINING,21.5,75%,COMING_SOON,,COMING_SOON,,0,16.6,4.3,100%,,Business completions -100% over 5Y,1 social Greek chapters,IFC contacts verified,,,Council outreach
35477678-ec10-42e4-b8d7-9cec7bd719c5,Penn State Mont Alto,PA,214795,Pennsylvania State University-Penn State Mont Alto,four_year,primary,existing_unitid,1,,587,2023,14,0,76,18.4%,0.0%,+40.0%,,-22.2%,-4.9%,,-6.2pp,34,"business_bachelors x2.4 (ESTIMATED, NOT ACTUAL)",NOT_RUN,,NOT_RUN,NOT_RUN,14.7,20.3,DECLINING,PENDING_BACKFILL,,COMING_SOON,,COMING_SOON,,0,16.3,14.7,85%,,14 business grads/year (2023),Business completions -22% over 5Y,,,,Backlog
334e7a3a-7055-41a9-901c-0a9459d4fddf,Los Angeles Southwest College,CA,117715,Los Angeles Southwest College,two_year,two_year,exact_name,0.98,,5267,,0,0,0,,,,,,,,,0,"business_bachelors x2.4 (ESTIMATED, NOT ACTUAL)",NOT_RUN,,NOT_RUN,NOT_RUN,16,,INSUFFICIENT_DATA,PENDING_BACKFILL,,COMING_SOON,,COMING_SOON,,0,16,16,70%,,,,,,,Backlog
063e3e9e-7bec-4e35-8cd6-2f3d14e56f40,Piedmont Virginia Community College,VA,233116,Piedmont Virginia Community College,two_year,two_year,exact_name,0.98,,5174,,0,0,0,,,,,,,,,0,"business_bachelors x2.4 (ESTIMATED, NOT ACTUAL)",NOT_RUN,,NOT_RUN,NOT_RUN,15.9,,INSUFFICIENT_DATA,PENDING_BACKFILL,,COMING_SOON,,COMING_SOON,,0,15.9,15.9,70%,,,,,,,Backlog
083af01c-5504-4361-8165-2c8e07f52f1b,Drury University,MO,177214,Drury University,four_year,primary,exact_name,0.98,,1368,2023,29,5,265,10.9%,17.2%,-37.0%,-44.2%,-17.1%,-3.7%,,-2.8pp,70,"business_bachelors x2.4 (ESTIMATED, NOT ACTUAL)",NOT_RUN,,NOT_RUN,NOT_RUN,13.1,22.5,DECLINING,PENDING_BACKFILL,,COMING_SOON,,COMING_SOON,,0,15.8,13.1,85%,,29 business grads/year (2023),Business completions -17% over 5Y,,,,Backlog
a4e6567b-2e3b-4ef4-a2f5-e20631d87f2f,Arcadia University,PA,211088,Arcadia University,four_year,primary,exact_name,0.98,,1890,2023,50,3,400,12.5%,6.0%,-2.0%,-33.3%,-45.6%,-11.5%,,-3.5pp,120,"business_bachelors x2.4 (ESTIMATED, NOT ACTUAL)",NOT_RUN,,NOT_RUN,NOT_RUN,18.1,9.4,DECLINING,PENDING_BACKFILL,,COMING_SOON,,COMING_SOON,,0,15.6,18.1,85%,,50 business grads/year (2023),Business completions -46% over 5Y,,,,Backlog
9e61454f-9c58-4bc7-9fdb-3394746b105d,Owensboro Community and Technical College,KY,247940,Owensboro Community and Technical College,two_year,two_year,existing_unitid,1,,4694,,0,0,0,,,,,,,,,0,"business_bachelors x2.4 (ESTIMATED, NOT ACTUAL)",NOT_RUN,,NOT_RUN,NOT_RUN,15,,INSUFFICIENT_DATA,PENDING_BACKFILL,,COMING_SOON,,COMING_SOON,,0,15,15,70%,,,,,,,Backlog
95f44ca2-4006-412f-bc21-8b59ba5e2340,Johnston Community College,NC,198774,Johnston Community College,two_year,two_year,existing_unitid,1,,4680,,0,0,0,,,,,,,,,0,"business_bachelors x2.4 (ESTIMATED, NOT ACTUAL)",NOT_RUN,,NOT_RUN,NOT_RUN,15,,INSUFFICIENT_DATA,PENDING_BACKFILL,,COMING_SOON,,COMING_SOON,,0,15,15,70%,,,,,,,Backlog
9ed8c466-4196-4225-96a6-be527a2823e4,Bethune-Cookman University Daytona,FL,132602,Bethune-Cookman University,four_year,primary,name_prefix,0.75,,2414,2023,46,1,337,13.7%,2.2%,-25.8%,-41.8%,-54.5%,-14.5%,,-6.2pp,110,"business_bachelors x2.4 (ESTIMATED, NOT ACTUAL)",NOT_RUN,,NOT_RUN,NOT_RUN,19.1,4.3,DECLINING,PENDING_BACKFILL,,COMING_SOON,,COMING_SOON,,0,14.9,19.1,85%,,46 business grads/year (2023),Business completions -54% over 5Y,,,,Backlog
59575c9b-3309-4500-9f5b-700d1b82e6cf,Lakeland Community College,OH,203599,Lakeland Community College,two_year,two_year,existing_unitid,1,,4654,,0,0,0,,,,,,,,,0,"business_bachelors x2.4 (ESTIMATED, NOT ACTUAL)",NOT_RUN,,NOT_RUN,NOT_RUN,14.9,,INSUFFICIENT_DATA,PENDING_BACKFILL,,COMING_SOON,,COMING_SOON,,0,14.9,14.9,70%,,,,,,,Backlog
992a2fd0-da9b-44ed-ae81-790e2f65afa0,Shoreline Community College,WA,236610,Shoreline Community College,two_year,two_year,existing_unitid,1,,4460,,0,0,0,,,,,,,,,0,"business_bachelors x2.4 (ESTIMATED, NOT ACTUAL)",NOT_RUN,,NOT_RUN,NOT_RUN,14.6,,INSUFFICIENT_DATA,PENDING_BACKFILL,,COMING_SOON,,COMING_SOON,,0,14.6,14.6,70%,,,,,,,Backlog
034f7eaf-fd20-4890-a886-1aad917e13f9,Durham Technical Community College,NC,198455,Durham Technical Community College,two_year,two_year,existing_unitid,1,,4354,,0,0,0,,,,,,,,,0,"business_bachelors x2.4 (ESTIMATED, NOT ACTUAL)",NOT_RUN,,NOT_RUN,NOT_RUN,14.5,,INSUFFICIENT_DATA,PENDING_BACKFILL,,COMING_SOON,,COMING_SOON,,0,14.5,14.5,70%,,,,,,,Backlog
6c2bfcd5-86ff-4126-a9a8-c617ff3bfb33,College of the Redwoods,CA,121707,College of the Redwoods,two_year,two_year,existing_unitid,1,,4260,,0,0,0,,,,,,,,,0,"business_bachelors x2.4 (ESTIMATED, NOT ACTUAL)",NOT_RUN,,NOT_RUN,NOT_RUN,14.3,,INSUFFICIENT_DATA,PENDING_BACKFILL,,COMING_SOON,,COMING_SOON,,0,14.3,14.3,70%,,,,,,,Backlog
219109ba-69a3-44d4-87d9-ec01570b4e8e,Anderson University IN,IN,150066,Anderson University,four_year,primary,name_prefix,0.95,,1095,2023,32,4,242,13.2%,12.5%,-30.4%,-17.9%,-50.0%,-12.9%,,-4.7pp,77,"business_bachelors x2.4 (ESTIMATED, NOT ACTUAL)",NOT_RUN,,NOT_RUN,NOT_RUN,14.3,14.1,DECLINING,PENDING_BACKFILL,,COMING_SOON,,COMING_SOON,,0,14.2,14.3,85%,,32 business grads/year (2023),Business completions -50% over 5Y,,,,Backlog
135d7070-b769-4c6a-9e0e-88bc5baef315,Athens Technical College,GA,246813,Athens Technical College,two_year,two_year,exact_name,0.98,,4169,,0,0,0,,,,,,,,,0,"business_bachelors x2.4 (ESTIMATED, NOT ACTUAL)",NOT_RUN,,NOT_RUN,NOT_RUN,14.1,,INSUFFICIENT_DATA,PENDING_BACKFILL,,COMING_SOON,,COMING_SOON,,0,14.1,14.1,70%,,,,,,,Backlog
239b5fd1-f932-49cf-b416-f4e7215a0572,Pulaski Technical College,AR,107664,University of Arkansas-Pulaski Technical College,two_year,two_year,existing_unitid,1,,4175,,0,0,0,,,,,,,,,0,"business_bachelors x2.4 (ESTIMATED, NOT ACTUAL)",NOT_RUN,,NOT_RUN,NOT_RUN,14.1,,INSUFFICIENT_DATA,PENDING_BACKFILL,,COMING_SOON,,COMING_SOON,,0,14.1,14.1,70%,,,,,,,Backlog
0a3b9320-6bf6-4bb8-b6bf-ae15265f984f,South Mountain Community College,AZ,105792,South Mountain Community College,two_year,two_year,existing_unitid,1,,4157,,0,0,0,,,,,,,,,0,"business_bachelors x2.4 (ESTIMATED, NOT ACTUAL)",NOT_RUN,,NOT_RUN,NOT_RUN,14,,INSUFFICIENT_DATA,PENDING_BACKFILL,,COMING_SOON,,COMING_SOON,,0,14,14,70%,,,,,,,Backlog
b452d7d4-1e15-42f8-a6e4-afecea0f5bf7,Worcester Polytechnic Inst,MA,168421,Worcester Polytechnic Institute,four_year,primary,name_prefix,0.95,,5453,2023,5,0,1088,0.5%,0.0%,-68.8%,-86.8%,-84.9%,-31.4%,,-2.9pp,12,"business_bachelors x2.4 (ESTIMATED, NOT ACTUAL)",NOT_RUN,,NOT_RUN,NOT_RUN,15.5,9.9,DECLINING,PENDING_BACKFILL,,COMING_SOON,,COMING_SOON,,0,13.9,15.5,85%,,5 business grads/year (2023),Business completions -85% over 5Y,,,,Backlog
0854cf69-76e9-41a4-bc7e-9e2a902b0ff6,Weatherford College,TX,229799,Weatherford College,four_year,primary,exact_name,0.98,,5440,2023,0,0,22,0.0%,,,,,,,,0,"business_bachelors x2.4 (ESTIMATED, NOT ACTUAL)",NOT_RUN,,NOT_RUN,NOT_RUN,13.8,,INSUFFICIENT_DATA,PENDING_BACKFILL,,COMING_SOON,,COMING_SOON,,0,13.8,13.8,85%,,,,,,,Backlog
1bd287c5-561a-493b-b9df-51399ae78725,Georgian Court University,NJ,184773,Georgian Court University,four_year,primary,exact_name,0.98,,1478,2023,34,8,357,9.5%,23.5%,-35.9%,-39.3%,-32.0%,-7.4%,,-3.3pp,82,"business_bachelors x2.4 (ESTIMATED, NOT ACTUAL)",NOT_RUN,,NOT_RUN,NOT_RUN,13.9,13.2,DECLINING,PENDING_BACKFILL,,COMING_SOON,,COMING_SOON,,0,13.7,13.9,85%,,34 business grads/year (2023),Business completions -32% over 5Y,,,,Backlog
64a30d2a-feaa-4bf3-ac47-b582e1a8ab53,James A. Rhodes State College,OH,203678,James A. Rhodes State College,four_year,primary,existing_unitid,1,,3968,,0,0,0,,,,,,,,,0,"business_bachelors x2.4 (ESTIMATED, NOT ACTUAL)",NOT_RUN,,NOT_RUN,NOT_RUN,13.6,,INSUFFICIENT_DATA,PENDING_BACKFILL,,COMING_SOON,,COMING_SOON,,0,13.6,13.6,70%,,,,,,,Backlog
325865d7-5847-472d-abca-25fb1f4c81de,Concord University,WV,237330,Concord University,four_year,primary,exact_name,0.98,,1472,2023,40,0,297,13.5%,0.0%,-21.6%,-29.8%,-39.4%,-9.5%,,-4.7pp,96,"business_bachelors x2.4 (ESTIMATED, NOT ACTUAL)",NOT_RUN,,NOT_RUN,NOT_RUN,14.5,10.9,DECLINING,PENDING_BACKFILL,,COMING_SOON,,COMING_SOON,,0,13.5,14.5,85%,,40 business grads/year (2023),Business completions -39% over 5Y,,,,Backlog
98516247-4fc7-4e24-9dd6-a32f638a6420,Crowder College Neosho,MO,177135,Crowder College,two_year,two_year,name_prefix,0.683,,3865,,0,0,0,,,,,,,,,0,"business_bachelors x2.4 (ESTIMATED, NOT ACTUAL)",NOT_RUN,,NOT_RUN,NOT_RUN,13.4,,INSUFFICIENT_DATA,PENDING_BACKFILL,,COMING_SOON,,COMING_SOON,,0,13.4,13.4,70%,,,,,,,Backlog
d9ad83fb-89de-461a-9ea3-84e3da4b1e6b,Jackson College,MI,170444,Jackson College,four_year,primary,existing_unitid,1,,4975,2023,0,0,1,0.0%,,,,,,,,0,"business_bachelors x2.4 (ESTIMATED, NOT ACTUAL)",NOT_RUN,,NOT_RUN,NOT_RUN,13.3,,INSUFFICIENT_DATA,PENDING_BACKFILL,,COMING_SOON,,COMING_SOON,,0,13.3,13.3,85%,,,,,,,Backlog
ad7520ec-3975-4e99-9d34-35a1f46b0932,Linfield College,OR,209065,Linfield University,four_year,primary,alias_exact,0.95,,1678,2023,44,11,534,8.2%,25.0%,-25.4%,-38.9%,-35.3%,-8.3%,,-11.7pp,106,"business_bachelors x2.4 (ESTIMATED, NOT ACTUAL)",NOT_RUN,,NOT_RUN,NOT_RUN,15.5,7.5,DECLINING,PENDING_BACKFILL,,COMING_SOON,,COMING_SOON,,0,13.2,15.5,85%,,44 business grads/year (2023),Business completions -35% over 5Y,,,,Backlog
cfb8ffb1-177d-4886-af65-069ac1f7679b,Bishop State Community College,AL,102030,Bishop State Community College,two_year,two_year,existing_unitid,1,,3568,,0,0,0,,,,,,,,,0,"business_bachelors x2.4 (ESTIMATED, NOT ACTUAL)",NOT_RUN,,NOT_RUN,NOT_RUN,12.8,,INSUFFICIENT_DATA,PENDING_BACKFILL,,COMING_SOON,,COMING_SOON,,0,12.8,12.8,70%,,,,,,,Backlog
48694acd-4eea-48a7-9591-60a6cf341ae3,Muskegon Community College,MI,171304,Muskegon Community College,two_year,two_year,existing_unitid,1,,3518,,0,0,0,,,,,,,,,0,"business_bachelors x2.4 (ESTIMATED, NOT ACTUAL)",NOT_RUN,,NOT_RUN,NOT_RUN,12.7,,INSUFFICIENT_DATA,PENDING_BACKFILL,,COMING_SOON,,COMING_SOON,,0,12.7,12.7,70%,,,,,,,Backlog
4d35ff12-865b-431e-869b-dc2c0212e56a,Florida College,FL,133809,Florida College,four_year,primary,exact_name,0.98,,657,2023,20,0,94,21.3%,0.0%,-33.3%,-28.6%,-23.1%,-5.1%,,-18.7pp,48,"business_bachelors x2.4 (ESTIMATED, NOT ACTUAL)",0,,NOT_RUN,NOT_RUN,15.7,16.8,DECLINING,3.1,35%,COMING_SOON,,COMING_SOON,,0,12.6,9.4,100%,,20 business grads/year (2023),Business completions -23% over 5Y,,,,Backlog
f966273c-65d0-49c5-b432-c4adef34a019,Atlanta Technical College,GA,138840,Atlanta Technical College,two_year,two_year,exact_name,0.98,,3493,,0,0,0,,,,,,,,,0,"business_bachelors x2.4 (ESTIMATED, NOT ACTUAL)",NOT_RUN,,NOT_RUN,NOT_RUN,12.6,,INSUFFICIENT_DATA,PENDING_BACKFILL,,COMING_SOON,,COMING_SOON,,0,12.6,12.6,70%,,,,,,,Backlog
b8ab4988-2d30-4eaa-8b82-58cccdb9fec6,Central Virginia Community College,VA,231697,Central Virginia Community College,two_year,two_year,exact_name,0.98,,3410,,0,0,0,,,,,,,,,0,"business_bachelors x2.4 (ESTIMATED, NOT ACTUAL)",NOT_RUN,,NOT_RUN,NOT_RUN,12.5,,INSUFFICIENT_DATA,PENDING_BACKFILL,,COMING_SOON,,COMING_SOON,,0,12.5,12.5,70%,,,,,,,Backlog
a22f95ff-580c-4a29-b272-de814eb3afda,Notre Dame de Namur University,CA,120184,Notre Dame de Namur University,four_year,primary,exact_name,0.98,,14,2023,2,0,7,28.6%,0.0%,-71.4%,-96.4%,-96.1%,-47.7%,,7.9pp,5,"business_bachelors x2.4 (ESTIMATED, NOT ACTUAL)",0,,NOT_RUN,NOT_RUN,16.7,13.2,DECLINING,3.1,35%,COMING_SOON,,COMING_SOON,,0,12.4,10,100%,,2 business grads/year (2023),Business completions -96% over 5Y,Business-heavy (29% of bachelor's),,,Backlog
04a6f5fc-5913-4fc1-84f7-039fd4149b4d,Casper College,WY,240505,Casper College,two_year,two_year,existing_unitid,1,,3400,,0,0,0,,,,,,,,,0,"business_bachelors x2.4 (ESTIMATED, NOT ACTUAL)",NOT_RUN,,NOT_RUN,NOT_RUN,12.4,,INSUFFICIENT_DATA,PENDING_BACKFILL,,COMING_SOON,,COMING_SOON,,0,12.4,12.4,70%,,,,,,,Backlog
04efb67d-2b5d-41a7-8efe-c169a5b76671,New York Institute of Tech Old,NY,194091,New York Institute of Technology,four_year,primary,name_prefix,0.79,,3355,2023,35,0,686,5.1%,0.0%,-41.7%,-73.1%,-65.0%,-18.9%,,-6.6pp,84,"business_bachelors x2.4 (ESTIMATED, NOT ACTUAL)",NOT_RUN,,NOT_RUN,NOT_RUN,16.1,2,DECLINING,PENDING_BACKFILL,,COMING_SOON,,COMING_SOON,,0,12.1,16.1,85%,,35 business grads/year (2023),Business completions -65% over 5Y,,,,Backlog
eef495d2-532c-4823-a8c3-764adb9268cb,Hannibal-LaGrange University,MO,177542,Hannibal-LaGrange University,four_year,primary,exact_name,0.98,,402,2023,16,0,98,16.3%,0.0%,+6.7%,-40.7%,-46.7%,-11.8%,,-1.9pp,38,"business_bachelors x2.4 (ESTIMATED, NOT ACTUAL)",NOT_RUN,,NOT_RUN,NOT_RUN,12.1,11.8,DECLINING,PENDING_BACKFILL,,COMING_SOON,,COMING_SOON,,0,12,12.1,85%,,16 business grads/year (2023),Business completions -47% over 5Y,,,,Backlog
0cdd07d2-dead-4536-8851-da2eaf3e4627,Victoria College,TX,229540,Victoria College,two_year,two_year,existing_unitid,1,,3214,,0,0,0,,,,,,,,,0,"business_bachelors x2.4 (ESTIMATED, NOT ACTUAL)",NOT_RUN,,NOT_RUN,NOT_RUN,11.7,,INSUFFICIENT_DATA,PENDING_BACKFILL,,COMING_SOON,,COMING_SOON,,0,11.7,11.7,70%,,,,,,,Backlog
883ae647-a3f8-4382-9e9d-0cc592171ff0,Cottey College,MO,177117,Cottey College,four_year,primary,exact_name,0.98,,266,2023,7,0,50,14.0%,0.0%,+133.3%,+16.7%,-30.0%,-6.9%,,-13.8pp,17,"business_bachelors x2.4 (ESTIMATED, NOT ACTUAL)",NOT_RUN,,NOT_RUN,NOT_RUN,8.9,17.9,DECLINING,PENDING_BACKFILL,,COMING_SOON,,COMING_SOON,,0,11.5,8.9,85%,,7 business grads/year (2023),,,,,Backlog
e1d6c67e-a2ef-4de5-bef9-43f4c3e2170a,Northeast Texas Community College,TX,227225,Northeast Texas Community College,two_year,two_year,existing_unitid,1,,3105,,0,0,0,,,,,,,,,0,"business_bachelors x2.4 (ESTIMATED, NOT ACTUAL)",NOT_RUN,,NOT_RUN,NOT_RUN,11.4,,INSUFFICIENT_DATA,PENDING_BACKFILL,,COMING_SOON,,COMING_SOON,,0,11.4,11.4,70%,,,,,,,Backlog
3f4a6d65-464a-4c43-a656-fe4a2309ff67,Mid-State Technical College,WI,239220,Mid-State Technical College,two_year,two_year,existing_unitid,1,,2918,,0,0,0,,,,,,,,,0,"business_bachelors x2.4 (ESTIMATED, NOT ACTUAL)",NOT_RUN,,NOT_RUN,NOT_RUN,10.8,,INSUFFICIENT_DATA,PENDING_BACKFILL,,COMING_SOON,,COMING_SOON,,0,10.8,10.8,70%,,,,,,,Backlog
b4778b3f-6c88-43a2-808f-a8391bea2960,City Colleges of Chicago,IL,144157,City Colleges of Chicago-Kennedy-King College,two_year,two_year,existing_unitid,1,,2780,,0,0,0,,,,,,,,,0,"business_bachelors x2.4 (ESTIMATED, NOT ACTUAL)",NOT_RUN,,NOT_RUN,NOT_RUN,10.4,,INSUFFICIENT_DATA,PENDING_BACKFILL,,COMING_SOON,,COMING_SOON,,0,10.4,10.4,70%,,,,,,,Backlog
b35e85a6-d715-4b69-965a-fb920c9188a4,Rappahannock Community College,VA,233310,Rappahannock Community College,two_year,two_year,exact_name,0.98,,2767,,0,0,0,,,,,,,,,0,"business_bachelors x2.4 (ESTIMATED, NOT ACTUAL)",NOT_RUN,,NOT_RUN,NOT_RUN,10.4,,INSUFFICIENT_DATA,PENDING_BACKFILL,,COMING_SOON,,COMING_SOON,,0,10.4,10.4,70%,,,,,,,Backlog
df2475b0-2aed-47c5-bbb3-f89f27b282af,Murray State College Tishomingo,OK,207236,Murray State College,two_year,two_year,name_prefix,0.75,,2686,,0,0,0,,,,,,,,,0,"business_bachelors x2.4 (ESTIMATED, NOT ACTUAL)",NOT_RUN,,NOT_RUN,NOT_RUN,10,,INSUFFICIENT_DATA,PENDING_BACKFILL,,COMING_SOON,,COMING_SOON,,0,10,10,70%,,,,,,,Backlog
4805af64-d782-4e17-a635-04e05ae8cb07,Millsaps College,MS,175980,Millsaps College,four_year,primary,exact_name,0.98,,582,2023,20,4,133,15.0%,20.0%,-53.5%,-56.5%,-63.0%,-18.0%,,-14.1pp,48,"business_bachelors x2.4 (ESTIMATED, NOT ACTUAL)",NOT_RUN,,NOT_RUN,NOT_RUN,13.2,1.4,DECLINING,PENDING_BACKFILL,,COMING_SOON,,COMING_SOON,,0,9.8,13.2,85%,,20 business grads/year (2023),Business completions -63% over 5Y,,,,Backlog
d339fb8d-6acf-440d-a555-2f3b8c4f737c,East Central College,MO,177250,East Central College,two_year,two_year,exact_name,0.98,,2638,,0,0,0,,,,,,,,,0,"business_bachelors x2.4 (ESTIMATED, NOT ACTUAL)",NOT_RUN,,NOT_RUN,NOT_RUN,9.8,,INSUFFICIENT_DATA,PENDING_BACKFILL,,COMING_SOON,,COMING_SOON,,0,9.8,9.8,70%,,,,,,,Backlog
a8d586a7-d54e-4b0c-b35d-661e8cdf5aaa,Lewis and Clark Community College,IL,146603,Lewis and Clark Community College,two_year,two_year,existing_unitid,1,,4196,,0,0,0,,,,,,,,,0,"business_bachelors x2.4 (ESTIMATED, NOT ACTUAL)",0,,NOT_RUN,NOT_RUN,12.2,,INSUFFICIENT_DATA,3.1,35%,COMING_SOON,,COMING_SOON,,0,9.2,7.3,85%,,,,,,,Backlog
4f018d9f-31e9-4473-a6c6-50d9b6937c07,Danville Community College,VA,231882,Danville Community College,two_year,two_year,exact_name,0.98,,2489,,0,0,0,,,,,,,,,0,"business_bachelors x2.4 (ESTIMATED, NOT ACTUAL)",NOT_RUN,,NOT_RUN,NOT_RUN,9.1,,INSUFFICIENT_DATA,PENDING_BACKFILL,,COMING_SOON,,COMING_SOON,,0,9.1,9.1,70%,,,,,,,Backlog
b8634bfc-6cb4-4dc0-9b1e-28f1b5f0a505,Clovis Community College,NM,187639,Clovis Community College,two_year,two_year,existing_unitid,1,,2328,,0,0,0,,,,,,,,,0,"business_bachelors x2.4 (ESTIMATED, NOT ACTUAL)",NOT_RUN,,NOT_RUN,NOT_RUN,8.2,,INSUFFICIENT_DATA,PENDING_BACKFILL,,COMING_SOON,,COMING_SOON,,0,8.2,8.2,70%,,,,,,,Backlog
5e606899-5078-49f6-838f-a2a34e143c32,New Mexico Junior College,NM,187903,New Mexico Junior College,two_year,two_year,existing_unitid,1,,2118,,0,0,0,,,,,,,,,0,"business_bachelors x2.4 (ESTIMATED, NOT ACTUAL)",NOT_RUN,,NOT_RUN,NOT_RUN,7.8,,INSUFFICIENT_DATA,PENDING_BACKFILL,,COMING_SOON,,COMING_SOON,,0,7.8,7.8,70%,,,,,,,Backlog
1ecc155c-f2c2-4ef3-8450-04407ea1d4b5,Southern State Community College,OH,205966,Southern State Community College,two_year,two_year,existing_unitid,1,,2000,,0,0,0,,,,,,,,,0,"business_bachelors x2.4 (ESTIMATED, NOT ACTUAL)",NOT_RUN,,NOT_RUN,NOT_RUN,7.7,,INSUFFICIENT_DATA,PENDING_BACKFILL,,COMING_SOON,,COMING_SOON,,0,7.7,7.7,70%,,,,,,,Backlog
5aa53e5d-c9eb-48f0-9ce6-b89453127a96,Cedar Crest College,PA,211468,Cedar Crest College,four_year,primary,exact_name,0.98,,886,2023,20,1,264,7.6%,5.0%,+11.1%,-64.9%,-60.0%,-16.7%,,-8.5pp,48,"business_bachelors x2.4 (ESTIMATED, NOT ACTUAL)",NOT_RUN,,NOT_RUN,NOT_RUN,9.4,2.2,DECLINING,PENDING_BACKFILL,,COMING_SOON,,COMING_SOON,,0,7.3,9.4,85%,,20 business grads/year (2023),Business completions -60% over 5Y,,,,Backlog
608ea94c-7e50-4f73-96a8-abb53d78e1ea,Woodbury University,CA,125897,Woodbury University,four_year,primary,existing_unitid,1,,825,2023,20,1,192,10.4%,5.0%,-37.5%,-68.3%,-77.8%,-26.0%,,-22.4pp,48,"business_bachelors x2.4 (ESTIMATED, NOT ACTUAL)",NOT_RUN,,NOT_RUN,NOT_RUN,9.8,0.7,DECLINING,PENDING_BACKFILL,,COMING_SOON,,COMING_SOON,,0,7.2,9.8,85%,,20 business grads/year (2023),Business completions -78% over 5Y,,,,Backlog
18b8b3d0-71ec-4f35-9eb5-bff566b77e0f,Cecil College,MD,162104,Cecil College,two_year,two_year,exact_name,0.98,,1845,,0,0,0,,,,,,,,,0,"business_bachelors x2.4 (ESTIMATED, NOT ACTUAL)",NOT_RUN,,NOT_RUN,NOT_RUN,7.1,,INSUFFICIENT_DATA,PENDING_BACKFILL,,COMING_SOON,,COMING_SOON,,0,7.1,7.1,70%,,,,,,,Backlog
fa98584d-8345-4348-b524-14e7e89146ca,Seward County Community College,KS,155858,Seward County Community College,two_year,two_year,exact_name,0.98,,1787,,0,0,0,,,,,,,,,0,"business_bachelors x2.4 (ESTIMATED, NOT ACTUAL)",NOT_RUN,,NOT_RUN,NOT_RUN,7,,INSUFFICIENT_DATA,PENDING_BACKFILL,,COMING_SOON,,COMING_SOON,,0,7,7,70%,,,,,,,Backlog
fc1f2202-b64b-43fe-8f02-0ca84f248ead,Arkansas State University-Newport,AR,440402,Arkansas State University-Newport,two_year,two_year,existing_unitid,1,,1732,,0,0,0,,,,,,,,,0,"business_bachelors x2.4 (ESTIMATED, NOT ACTUAL)",NOT_RUN,,NOT_RUN,NOT_RUN,6.7,,INSUFFICIENT_DATA,PENDING_BACKFILL,,COMING_SOON,,COMING_SOON,,0,6.7,6.7,70%,,,,,,,Backlog
ed8f4775-a0df-46e5-a1a1-1d6c84b81b28,Galveston College,TX,224961,Galveston College,four_year,primary,existing_unitid,1,,2119,2023,0,0,22,0.0%,,,,,,,,0,"business_bachelors x2.4 (ESTIMATED, NOT ACTUAL)",NOT_RUN,,NOT_RUN,NOT_RUN,6.7,,INSUFFICIENT_DATA,PENDING_BACKFILL,,COMING_SOON,,COMING_SOON,,0,6.7,6.7,85%,,,,,,,Backlog
a233cd40-1ea1-4c91-9d10-4a475bd69f71,Seminole State College,OK,207740,Seminole State College,two_year,two_year,existing_unitid,1,,1471,,0,0,0,,,,,,,,,0,"business_bachelors x2.4 (ESTIMATED, NOT ACTUAL)",NOT_RUN,,NOT_RUN,NOT_RUN,6,,INSUFFICIENT_DATA,PENDING_BACKFILL,,COMING_SOON,,COMING_SOON,,0,6,6,70%,,,,,,,Backlog
8b5bd50a-9d62-40b3-bd1a-c38d919179a2,Arkansas Northeastern College,AR,107327,Arkansas Northeastern College,two_year,two_year,exact_name,0.98,,1451,,0,0,0,,,,,,,,,0,"business_bachelors x2.4 (ESTIMATED, NOT ACTUAL)",NOT_RUN,,NOT_RUN,NOT_RUN,6,,INSUFFICIENT_DATA,PENDING_BACKFILL,,COMING_SOON,,COMING_SOON,,0,6,6,70%,,,,,,,Backlog
b228b0cd-5021-448b-a8d0-66473108d126,College of the Siskiyous,CA,123484,College of the Siskiyous,two_year,two_year,existing_unitid,1,,1430,,0,0,0,,,,,,,,,0,"business_bachelors x2.4 (ESTIMATED, NOT ACTUAL)",NOT_RUN,,NOT_RUN,NOT_RUN,6,,INSUFFICIENT_DATA,PENDING_BACKFILL,,COMING_SOON,,COMING_SOON,,0,6,6,70%,,,,,,,Backlog
41176dec-0dbe-4c9d-8ede-070856e8883b,Zane State College,OH,204255,Zane State College,four_year,primary,exact_name,0.98,,1619,2023,0,0,5,0.0%,,,,,,,,0,"business_bachelors x2.4 (ESTIMATED, NOT ACTUAL)",NOT_RUN,,NOT_RUN,NOT_RUN,5.5,,INSUFFICIENT_DATA,PENDING_BACKFILL,,COMING_SOON,,COMING_SOON,,0,5.5,5.5,85%,,,,,,,Backlog
c5f9fe2f-2922-46cb-977d-78d9faeebc32,Kauai Community College,HI,141802,Kauai Community College,two_year,two_year,exact_name,0.98,,1298,,0,0,0,,,,,,,,,0,"business_bachelors x2.4 (ESTIMATED, NOT ACTUAL)",NOT_RUN,,NOT_RUN,NOT_RUN,5.3,,INSUFFICIENT_DATA,PENDING_BACKFILL,,COMING_SOON,,COMING_SOON,,0,5.3,5.3,70%,,,,,,,Backlog
c09bc369-6ce4-4603-8ddf-910417927605,Dakota College at Bottineau,ND,200314,Dakota College at Bottineau,two_year,two_year,existing_unitid,1,,1180,,0,0,0,,,,,,,,,0,"business_bachelors x2.4 (ESTIMATED, NOT ACTUAL)",NOT_RUN,,NOT_RUN,NOT_RUN,4.9,,INSUFFICIENT_DATA,PENDING_BACKFILL,,COMING_SOON,,COMING_SOON,,0,4.9,4.9,70%,,,,,,,Backlog
e47db61b-a42c-455c-9938-2e06d2f88768,New Mexico State University,NM,187994,New Mexico State University-Alamogordo,two_year,two_year,existing_unitid,1,,1088,,0,0,0,,,,,,,,,0,"business_bachelors x2.4 (ESTIMATED, NOT ACTUAL)",NOT_RUN,,NOT_RUN,NOT_RUN,4.7,,INSUFFICIENT_DATA,PENDING_BACKFILL,,COMING_SOON,,COMING_SOON,,0,4.7,4.7,70%,,,,,,,Backlog
b319a0e7-46ee-49b7-8fac-93fca757a527,Salem Community College,NJ,186469,Salem Community College,two_year,two_year,existing_unitid,1,,1094,,0,0,0,,,,,,,,,0,"business_bachelors x2.4 (ESTIMATED, NOT ACTUAL)",NOT_RUN,,NOT_RUN,NOT_RUN,4.7,,INSUFFICIENT_DATA,PENDING_BACKFILL,,COMING_SOON,,COMING_SOON,,0,4.7,4.7,70%,,,,,,,Backlog
41596046-afe7-4f6b-bfb6-bdd4f43d64db,Bladen Community College,NC,198011,Bladen Community College,two_year,two_year,exact_name,0.98,,990,,0,0,0,,,,,,,,,0,"business_bachelors x2.4 (ESTIMATED, NOT ACTUAL)",NOT_RUN,,NOT_RUN,NOT_RUN,4.6,,INSUFFICIENT_DATA,PENDING_BACKFILL,,COMING_SOON,,COMING_SOON,,0,4.6,4.6,70%,,,,,,,Backlog
4b7ba858-9367-4f7a-b0a8-9bab4028555f,Naval Postgraduate School,CA,119678,Naval Postgraduate School,four_year,primary,exact_name,0.98,,,,0,0,0,,,,,,,,,0,"business_bachelors x2.4 (ESTIMATED, NOT ACTUAL)",NOT_RUN,,NOT_RUN,NOT_RUN,4.3,,INSUFFICIENT_DATA,PENDING_BACKFILL,,COMING_SOON,,COMING_SOON,,0,4.3,4.3,50%,,,,,,,Backlog
300e5734-81ba-4ee4-bebb-930260ce1ec7,State Center Community College District,CA,123925,State Center Community College District,other,other,exact_name,0.98,,,,0,0,0,,,,,,,,,0,"business_bachelors x2.4 (ESTIMATED, NOT ACTUAL)",NOT_RUN,,NOT_RUN,NOT_RUN,4.3,,INSUFFICIENT_DATA,PENDING_BACKFILL,,COMING_SOON,,COMING_SOON,,0,4.3,4.3,50%,,,,,,,Backlog
60b48e65-7249-4a6e-8f07-5b9be8cb5dcf,Three Rivers Community College,CT,129808,Three Rivers Community College,two_year,two_year,exact_name,0.98,,,,0,0,0,,,,,,,,,0,"business_bachelors x2.4 (ESTIMATED, NOT ACTUAL)",NOT_RUN,,NOT_RUN,NOT_RUN,4.3,,INSUFFICIENT_DATA,PENDING_BACKFILL,,COMING_SOON,,COMING_SOON,,0,4.3,4.3,50%,,,,,,,Backlog
3e6cafcd-8e1b-49de-97b3-9eaf8e531657,Kentucky Community and Technical College System,KY,157854,Kentucky Community and Technical College System,other,other,exact_name,0.98,,,,0,0,0,,,,,,,,,0,"business_bachelors x2.4 (ESTIMATED, NOT ACTUAL)",NOT_RUN,,NOT_RUN,NOT_RUN,4.3,,INSUFFICIENT_DATA,PENDING_BACKFILL,,COMING_SOON,,COMING_SOON,,0,4.3,4.3,50%,,,,,,,Backlog
2c9dad4c-7c68-473a-a4f4-da84ad6bd3fb,Naugatuck Valley Community College,CT,129729,Naugatuck Valley Community College,two_year,two_year,exact_name,0.98,,,,0,0,0,,,,,,,,,0,"business_bachelors x2.4 (ESTIMATED, NOT ACTUAL)",NOT_RUN,,NOT_RUN,NOT_RUN,4.3,,INSUFFICIENT_DATA,PENDING_BACKFILL,,COMING_SOON,,COMING_SOON,,0,4.3,4.3,50%,,,,,,,Backlog