campus_display_name,campus_full_name,organization,nickname,council,greek_letters,chapter_designation,verified,roster_status,is_national_org,source_url,as_of
AU,American University,Phi Sigma Kappa,,IFC,,,true,complete,true,https://www.greekrank.com/uni/59/,2026-08-23
AU,American University,Sigma Alpha Epsilon,,IFC,,,true,complete,true,https://www.greekrank.com/uni/59/,2026-08-23
AU,American University,Sigma Alpha Mu,,IFC,,,true,complete,true,https://www.greekrank.com/uni/59/,2026-08-23
AU,American University,Pi Kappa Alpha,,IFC,,,true,complete,true,https://www.greekrank.com/uni/59/,2026-08-23
AU,American University,Sigma Chi,,IFC,,,true,complete,true,https://www.greekrank.com/uni/59/,2026-08-23
AU,American University,Delta Chi,,IFC,,,true,complete,true,https://www.greekrank.com/uni/59/,2026-08-23
AU,American University,Beta Theta Pi,,IFC,,,true,complete,true,https://www.greekrank.com/uni/59/,2026-08-23
AU,American University,Alpha Epsilon Pi,,IFC,,,true,complete,true,https://www.greekrank.com/uni/59/,2026-08-23
AU,American University,Sigma Phi Epsilon,,IFC,,,true,complete,true,https://www.greekrank.com/uni/59/,2026-08-23
AU,American University,Zeta Beta Tau,,IFC,,,true,complete,true,https://www.greekrank.com/uni/59/,2026-08-23
AU,American University,Alpha Sigma Phi,,IFC,,,true,complete,true,https://www.greekrank.com/uni/59/,2026-08-23
AU,American University,Delta Tau Delta,,IFC,,,true,complete,true,https://www.greekrank.com/uni/59/,2026-08-23
AU,American University,Zeta Psi,,IFC,,,true,complete,true,https://www.greekrank.com/uni/59/,2026-08-23
AU,American University,Lambda Chi Alpha,,IFC,,,true,complete,true,https://www.greekrank.com/uni/59/,2026-08-23
AU,American University,Phi Mu,,Panhellenic,,,true,complete,true,https://www.greekrank.com/uni/59/,2026-08-23
AU,American University,Delta Gamma,,Panhellenic,,,true,complete,true,https://www.greekrank.com/uni/59/,2026-08-23
AU,American University,Alpha Chi Omega,,Panhellenic,,,true,complete,true,https://www.greekrank.com/uni/59/,2026-08-23
AU,American University,Sigma Delta Tau,,Panhellenic,,,true,complete,true,https://www.greekrank.com/uni/59/,2026-08-23
AU,American University,Sigma Kappa,,Panhellenic,,,true,complete,true,https://www.greekrank.com/uni/59/,2026-08-23
AU,American University,Alpha Xi Delta,,Panhellenic,,,true,complete,true,https://www.greekrank.com/uni/59/,2026-08-23
AU,American University,Chi Omega,,Panhellenic,,,true,complete,true,https://www.greekrank.com/uni/59/,2026-08-23
AU,American University,Phi Sigma Sigma,,Panhellenic,,,true,complete,true,https://www.greekrank.com/uni/59/,2026-08-23
AU,American University,Alpha Epsilon Phi,,Panhellenic,,,true,complete,true,https://www.greekrank.com/uni/59/,2026-08-23
AU,American University,Delta Sigma Theta,,NPHC,,,true,complete,true,https://www.greekrank.com/uni/59/,2026-08-23
AU,American University,Lambda Pi Chi,,MGC,,,true,complete,true,https://www.greekrank.com/uni/59/,2026-08-23
AU,American University,Alpha Kappa Alpha,,NPHC,,,true,complete,true,https://www.greekrank.com/uni/59/,2026-08-23
AU,American University,Zeta Phi Beta,,NPHC,,,true,complete,true,https://www.greekrank.com/uni/59/,2026-08-23
AU,American University,Delta Phi Epsilon,,Panhellenic,,,true,complete,true,https://www.greekrank.com/uni/59/,2026-08-23
Ball State,Ball State University,Delta Tau Delta,,IFC,,,true,complete,true,https://www.greekrank.com/uni/162/,2026-08-23
Ball State,Ball State University,Sigma Chi,,IFC,,,true,complete,true,https://www.greekrank.com/uni/162/,2026-08-23
Ball State,Ball State University,Sigma Alpha Epsilon,,IFC,,,true,complete,true,https://www.greekrank.com/uni/162/,2026-08-23
Ball State,Ball State University,Phi Kappa Psi,,IFC,,,true,complete,true,https://www.greekrank.com/uni/162/,2026-08-23
Ball State,Ball State University,Alpha Tau Omega,,IFC,,,true,complete,true,https://www.greekrank.com/uni/162/,2026-08-23
Ball State,Ball State University,Phi Gamma Delta,,IFC,,,true,complete,true,https://www.greekrank.com/uni/162/,2026-08-23
Ball State,Ball State University,Phi Sigma Kappa,,IFC,,,true,complete,true,https://www.greekrank.com/uni/162/,2026-08-23
Ball State,Ball State University,Phi Delta Theta,,IFC,,,true,complete,true,https://www.greekrank.com/uni/162/,2026-08-23
Ball State,Ball State University,Sigma Nu,,IFC,,,true,complete,true,https://www.greekrank.com/uni/162/,2026-08-23
Ball State,Ball State University,Lambda Chi Alpha,,IFC,,,true,complete,true,https://www.greekrank.com/uni/162/,2026-08-23
Ball State,Ball State University,Sigma Phi Epsilon,,IFC,,,true,complete,true,https://www.greekrank.com/uni/162/,2026-08-23
Ball State,Ball State University,Pi Kappa Phi,,IFC,,,true,complete,true,https://www.greekrank.com/uni/162/,2026-08-23
Ball State,Ball State University,Alpha Phi Alpha,,NPHC,,,true,complete,true,https://www.greekrank.com/uni/162/,2026-08-23
Ball State,Ball State University,Kappa Alpha Psi,,NPHC,,,true,complete,true,https://www.greekrank.com/uni/162/,2026-08-23
Ball State,Ball State University,Phi Iota Alpha,,MGC,,,true,complete,true,https://www.greekrank.com/uni/162/,2026-08-23
Ball State,Ball State University,Phi Beta Sigma,,NPHC,,,true,complete,true,https://www.greekrank.com/uni/162/,2026-08-23
Ball State,Ball State University,Kappa Delta,,Panhellenic,,,true,complete,true,https://www.greekrank.com/uni/162/,2026-08-23
Ball State,Ball State University,Alpha Omicron Pi,,Panhellenic,,,true,complete,true,https://www.greekrank.com/uni/162/,2026-08-23
Ball State,Ball State University,Phi Mu,,Panhellenic,,,true,complete,true,https://www.greekrank.com/uni/162/,2026-08-23
Ball State,Ball State University,Delta Zeta,,Panhellenic,,,true,complete,true,https://www.greekrank.com/uni/162/,2026-08-23
Ball State,Ball State University,Alpha Phi,,Panhellenic,,,true,complete,true,https://www.greekrank.com/uni/162/,2026-08-23
Ball State,Ball State University,Alpha Chi Omega,,Panhellenic,,,true,complete,true,https://www.greekrank.com/uni/162/,2026-08-23
Ball State,Ball State University,Sigma Kappa,,Panhellenic,,,true,complete,true,https://www.greekrank.com/uni/162/,2026-08-23
Ball State,Ball State University,Pi Beta Phi,,Panhellenic,,,true,complete,true,https://www.greekrank.com/uni/162/,2026-08-23
Ball State,Ball State University,Alpha Gamma Delta,,Panhellenic,,,true,complete,true,https://www.greekrank.com/uni/162/,2026-08-23
Ball State,Ball State University,Chi Omega,,Panhellenic,,,true,complete,true,https://www.greekrank.com/uni/162/,2026-08-23
Ball State,Ball State University,Sigma Gamma Rho,,NPHC,,,true,complete,true,https://www.greekrank.com/uni/162/,2026-08-23
Binghamton,Binghamton University,Pi Kappa Alpha,,IFC,,,true,complete,true,https://www.greekrank.com/uni/436/,2026-08-23
Binghamton,Binghamton University,Pi Delta Psi,,MGC,,,true,complete,true,https://www.greekrank.com/uni/436/,2026-08-23
Binghamton,Binghamton University,Pi Lambda Phi,,IFC,,,true,complete,true,https://www.greekrank.com/uni/436/,2026-08-23
Binghamton,Binghamton University,Sigma Chi,,IFC,,,true,complete,true,https://www.greekrank.com/uni/436/,2026-08-23
Binghamton,Binghamton University,Chi Phi,,IFC,,,true,complete,true,https://www.greekrank.com/uni/436/,2026-08-23
Binghamton,Binghamton University,Sigma Alpha Epsilon,,IFC,,,true,complete,true,https://www.greekrank.com/uni/436/,2026-08-23
Binghamton,Binghamton University,Alpha Phi Alpha,,NPHC,,,true,complete,true,https://www.greekrank.com/uni/436/,2026-08-23
Binghamton,Binghamton University,Delta Epsilon Psi,,MGC,,,true,complete,true,https://www.greekrank.com/uni/436/,2026-08-23
Binghamton,Binghamton University,Delta Sigma Phi,,IFC,,,true,complete,true,https://www.greekrank.com/uni/436/,2026-08-23
Binghamton,Binghamton University,Zeta Psi,,IFC,,,true,complete,true,https://www.greekrank.com/uni/436/,2026-08-23
Binghamton,Binghamton University,Zeta Beta Tau,,IFC,,,true,complete,true,https://www.greekrank.com/uni/436/,2026-08-23
Binghamton,Binghamton University,Phi Kappa Psi,,IFC,,,true,complete,true,https://www.greekrank.com/uni/436/,2026-08-23
Binghamton,Binghamton University,Iota Nu Delta,,MGC,,,true,complete,true,https://www.greekrank.com/uni/436/,2026-08-23
Binghamton,Binghamton University,Tau Epsilon Phi,,IFC,,,true,complete,true,https://www.greekrank.com/uni/436/,2026-08-23
Binghamton,Binghamton University,Delta Chi,,IFC,,,true,complete,true,https://www.greekrank.com/uni/436/,2026-08-23
Binghamton,Binghamton University,Kappa Sigma,,IFC,,,true,complete,true,https://www.greekrank.com/uni/436/,2026-08-23
Binghamton,Binghamton University,Alpha Sigma Phi,,IFC,,,true,complete,true,https://www.greekrank.com/uni/436/,2026-08-23
Binghamton,Binghamton University,Theta Chi,,IFC,,,true,complete,true,https://www.greekrank.com/uni/436/,2026-08-23
Binghamton,Binghamton University,Tau Kappa Epsilon,,IFC,,,true,complete,true,https://www.greekrank.com/uni/436/,2026-08-23
Binghamton,Binghamton University,Theta Delta Chi,,IFC,,,true,complete,true,https://www.greekrank.com/uni/436/,2026-08-23
Binghamton,Binghamton University,Sigma Beta Rho,,MGC,,,true,complete,true,https://www.greekrank.com/uni/436/,2026-08-23
Binghamton,Binghamton University,Phi Beta Sigma,,NPHC,,,true,complete,true,https://www.greekrank.com/uni/436/,2026-08-23
Binghamton,Binghamton University,Pi Kappa Phi,,IFC,,,true,complete,true,https://www.greekrank.com/uni/436/,2026-08-23
Binghamton,Binghamton University,Alpha Epsilon Pi,,IFC,,,true,complete,true,https://www.greekrank.com/uni/436/,2026-08-23
Binghamton,Binghamton University,Sigma Alpha Mu,,IFC,,,true,complete,true,https://www.greekrank.com/uni/436/,2026-08-23
Binghamton,Binghamton University,Alpha Chi Rho,,IFC,,,true,complete,true,https://www.greekrank.com/uni/436/,2026-08-23
Binghamton,Binghamton University,Lambda Phi Epsilon,,MGC,,,true,complete,true,https://www.greekrank.com/uni/436/,2026-08-23
Binghamton,Binghamton University,Phi Iota Alpha,,MGC,,,true,complete,true,https://www.greekrank.com/uni/436/,2026-08-23
Binghamton,Binghamton University,Kappa Alpha Psi,,NPHC,,,true,complete,true,https://www.greekrank.com/uni/436/,2026-08-23
Binghamton,Binghamton University,Lambda Sigma Upsilon,,,,,true,complete,true,https://www.greekrank.com/uni/436/,2026-08-23
Binghamton,Binghamton University,Lambda Upsilon Lambda,,MGC,,,true,complete,true,https://www.greekrank.com/uni/436/,2026-08-23
Binghamton,Binghamton University,Delta Phi Epsilon,,Panhellenic,,,true,complete,true,https://www.greekrank.com/uni/436/,2026-08-23
Binghamton,Binghamton University,Alpha Epsilon Phi,,Panhellenic,,,true,complete,true,https://www.greekrank.com/uni/436/,2026-08-23
Binghamton,Binghamton University,Phi Sigma Sigma,,Panhellenic,,,true,complete,true,https://www.greekrank.com/uni/436/,2026-08-23
Binghamton,Binghamton University,Sigma Delta Tau,,Panhellenic,,,true,complete,true,https://www.greekrank.com/uni/436/,2026-08-23
Binghamton,Binghamton University,Kappa Kappa Gamma,,Panhellenic,,,true,complete,true,https://www.greekrank.com/uni/436/,2026-08-23
Binghamton,Binghamton University,Phi Mu,,Panhellenic,,,true,complete,true,https://www.greekrank.com/uni/436/,2026-08-23
Binghamton,Binghamton University,Alpha Kappa Delta Phi,,MGC,,,true,complete,true,https://www.greekrank.com/uni/436/,2026-08-23
Binghamton,Binghamton University,Sigma Psi Zeta,,MGC,,,true,complete,true,https://www.greekrank.com/uni/436/,2026-08-23
Binghamton,Binghamton University,Kappa Phi Lambda,,MGC,,,true,complete,true,https://www.greekrank.com/uni/436/,2026-08-23
Binghamton,Binghamton University,Sigma Lambda Upsilon,,MGC,,,true,complete,true,https://www.greekrank.com/uni/436/,2026-08-23
Binghamton,Binghamton University,Delta Sigma Theta,,NPHC,,,true,complete,true,https://www.greekrank.com/uni/436/,2026-08-23
Binghamton,Binghamton University,Zeta Phi Beta,,NPHC,,,true,complete,true,https://www.greekrank.com/uni/436/,2026-08-23
Binghamton,Binghamton University,Delta Kappa Delta,,,,,true,complete,true,https://www.greekrank.com/uni/436/,2026-08-23
Binghamton,Binghamton University,Lambda Theta Alpha,,MGC,,,true,complete,true,https://www.greekrank.com/uni/436/,2026-08-23
Binghamton,Binghamton University,Chi Upsilon Sigma,,MGC,,,true,complete,true,https://www.greekrank.com/uni/436/,2026-08-23
Binghamton,Binghamton University,Omega Phi Beta,,,,,true,complete,true,https://www.greekrank.com/uni/436/,2026-08-23
Binghamton,Binghamton University,Sigma Gamma Rho,,NPHC,,,true,complete,true,https://www.greekrank.com/uni/436/,2026-08-23
Binghamton,Binghamton University,Sigma Iota Alpha,,MGC,,,true,complete,true,https://www.greekrank.com/uni/436/,2026-08-23
Brandeis,Brandeis University,Phi Kappa Psi,,IFC,,,true,complete,true,https://www.greekrank.com/uni/185/,2026-08-23
Brandeis,Brandeis University,Alpha Epsilon Pi,,IFC,,,true,complete,true,https://www.greekrank.com/uni/185/,2026-08-23
Brandeis,Brandeis University,Zeta Beta Tau,,IFC,,,true,complete,true,https://www.greekrank.com/uni/185/,2026-08-23
Brandeis,Brandeis University,Sigma Alpha Mu,,IFC,,,true,complete,true,https://www.greekrank.com/uni/185/,2026-08-23
Brandeis,Brandeis University,Alpha Delta Phi,,IFC,,,true,complete,true,https://www.greekrank.com/uni/185/,2026-08-23
Brandeis,Brandeis University,Xi Kappa,,,,,true,complete,true,https://www.greekrank.com/uni/185/,2026-08-23
Brandeis,Brandeis University,Delta Phi Epsilon,,Panhellenic,,,true,complete,true,https://www.greekrank.com/uni/185/,2026-08-23
Brandeis,Brandeis University,Sigma Delta Tau,,Panhellenic,,,true,complete,true,https://www.greekrank.com/uni/185/,2026-08-23
Cal Poly,California Polytechnic State University,Alpha Sigma Phi,,IFC,,,true,complete,true,https://www.greekrank.com/uni/201/,2026-08-23
Cal Poly,California Polytechnic State University,Lambda Chi Alpha,,IFC,,,true,complete,true,https://www.greekrank.com/uni/201/,2026-08-23
Cal Poly,California Polytechnic State University,Phi Sigma Kappa,,IFC,,,true,complete,true,https://www.greekrank.com/uni/201/,2026-08-23
Cal Poly,California Polytechnic State University,Delta Chi,,IFC,,,true,complete,true,https://www.greekrank.com/uni/201/,2026-08-23
Cal Poly,California Polytechnic State University,Phi Kappa Psi,,IFC,,,true,complete,true,https://www.greekrank.com/uni/201/,2026-08-23
Cal Poly,California Polytechnic State University,Pi Kappa Alpha,,IFC,,,true,complete,true,https://www.greekrank.com/uni/201/,2026-08-23
Cal Poly,California Polytechnic State University,Delta Upsilon,,IFC,,,true,complete,true,https://www.greekrank.com/uni/201/,2026-08-23
Cal Poly,California Polytechnic State University,Kappa Sigma,,IFC,,,true,complete,true,https://www.greekrank.com/uni/201/,2026-08-23
Cal Poly,California Polytechnic State University,Theta Chi,,IFC,,,true,complete,true,https://www.greekrank.com/uni/201/,2026-08-23
Cal Poly,California Polytechnic State University,Sigma Pi,,IFC,,,true,complete,true,https://www.greekrank.com/uni/201/,2026-08-23
Cal Poly,California Polytechnic State University,Alpha Gamma Rho,,IFC,,,true,complete,true,https://www.greekrank.com/uni/201/,2026-08-23
Cal Poly,California Polytechnic State University,Zeta Beta Tau,,IFC,,,true,complete,true,https://www.greekrank.com/uni/201/,2026-08-23
Cal Poly,California Polytechnic State University,Beta Theta Pi,,IFC,,,true,complete,true,https://www.greekrank.com/uni/201/,2026-08-23
Cal Poly,California Polytechnic State University,Pi Kappa Phi,,IFC,,,true,complete,true,https://www.greekrank.com/uni/201/,2026-08-23
Cal Poly,California Polytechnic State University,Sigma Nu,,IFC,,,true,complete,true,https://www.greekrank.com/uni/201/,2026-08-23
Cal Poly,California Polytechnic State University,Alpha Epsilon Pi,,IFC,,,true,complete,true,https://www.greekrank.com/uni/201/,2026-08-23
Cal Poly,California Polytechnic State University,Delta Sigma Phi,,IFC,,,true,complete,true,https://www.greekrank.com/uni/201/,2026-08-23
Cal Poly,California Polytechnic State University,Delta Tau Delta,,IFC,,,true,complete,true,https://www.greekrank.com/uni/201/,2026-08-23
Cal Poly,California Polytechnic State University,Tau Kappa Epsilon,,IFC,,,true,complete,true,https://www.greekrank.com/uni/201/,2026-08-23
Cal Poly,California Polytechnic State University,Delta Lambda Phi,,IFC,,,true,complete,true,https://www.greekrank.com/uni/201/,2026-08-23
Cal Poly,California Polytechnic State University,Gamma Zeta Alpha,,MGC,,,true,complete,true,https://www.greekrank.com/uni/201/,2026-08-23
Cal Poly,California Polytechnic State University,Delta Gamma,,Panhellenic,,,true,complete,true,https://www.greekrank.com/uni/201/,2026-08-23
Cal Poly,California Polytechnic State University,Chi Omega,,Panhellenic,,,true,complete,true,https://www.greekrank.com/uni/201/,2026-08-23
Cal Poly,California Polytechnic State University,Alpha Omicron Pi,,Panhellenic,,,true,complete,true,https://www.greekrank.com/uni/201/,2026-08-23
Cal Poly,California Polytechnic State University,Kappa Kappa Gamma,,Panhellenic,,,true,complete,true,https://www.greekrank.com/uni/201/,2026-08-23
Cal Poly,California Polytechnic State University,Kappa Alpha Theta,,Panhellenic,,,true,complete,true,https://www.greekrank.com/uni/201/,2026-08-23
Cal Poly,California Polytechnic State University,Sigma Kappa,,Panhellenic,,,true,complete,true,https://www.greekrank.com/uni/201/,2026-08-23
Cal Poly,California Polytechnic State University,Gamma Phi Beta,,Panhellenic,,,true,complete,true,https://www.greekrank.com/uni/201/,2026-08-23
Cal Poly,California Polytechnic State University,Alpha Phi,,Panhellenic,,,true,complete,true,https://www.greekrank.com/uni/201/,2026-08-23
Cal Poly,California Polytechnic State University,Alpha Gamma Delta,,Panhellenic,,,true,complete,true,https://www.greekrank.com/uni/201/,2026-08-23
Cal Poly,California Polytechnic State University,Alpha Epsilon Phi,,Panhellenic,,,true,complete,true,https://www.greekrank.com/uni/201/,2026-08-23
Cal Poly,California Polytechnic State University,Alpha Chi Omega,,Panhellenic,,,true,complete,true,https://www.greekrank.com/uni/201/,2026-08-23
Cal Poly,California Polytechnic State University,Lambda Sigma Gamma,,MGC,,,true,complete,true,https://www.greekrank.com/uni/201/,2026-08-23
Cleveland State,Cleveland State University,Alpha Phi Alpha,,NPHC,,,true,complete,true,https://www.greekrank.com/uni/23/,2026-08-23
Cleveland State,Cleveland State University,Delta Sigma Phi,,IFC,,,true,complete,true,https://www.greekrank.com/uni/23/,2026-08-23
Cleveland State,Cleveland State University,Phi Beta Sigma,,NPHC,,,true,complete,true,https://www.greekrank.com/uni/23/,2026-08-23
Cleveland State,Cleveland State University,Sigma Phi Epsilon,,IFC,,,true,complete,true,https://www.greekrank.com/uni/23/,2026-08-23
Cleveland State,Cleveland State University,Tau Kappa Epsilon,,IFC,,,true,complete,true,https://www.greekrank.com/uni/23/,2026-08-23
Cleveland State,Cleveland State University,Sigma Tau Gamma,,IFC,,,true,complete,true,https://www.greekrank.com/uni/23/,2026-08-23
Cleveland State,Cleveland State University,Kappa Alpha Psi,,NPHC,,,true,complete,true,https://www.greekrank.com/uni/23/,2026-08-23
Cleveland State,Cleveland State University,Iota Phi Theta,,NPHC,,,true,complete,true,https://www.greekrank.com/uni/23/,2026-08-23
Cleveland State,Cleveland State University,Omega Psi Phi,,NPHC,,,true,complete,true,https://www.greekrank.com/uni/23/,2026-08-23
Cleveland State,Cleveland State University,Phi Mu,,Panhellenic,,,true,complete,true,https://www.greekrank.com/uni/23/,2026-08-23
Cleveland State,Cleveland State University,Delta Zeta,,Panhellenic,,,true,complete,true,https://www.greekrank.com/uni/23/,2026-08-23
Cleveland State,Cleveland State University,Theta Phi Alpha,,Panhellenic,,,true,complete,true,https://www.greekrank.com/uni/23/,2026-08-23
Cleveland State,Cleveland State University,Delta Sigma Theta,,NPHC,,,true,complete,true,https://www.greekrank.com/uni/23/,2026-08-23
Cleveland State,Cleveland State University,Zeta Phi Beta,,NPHC,,,true,complete,true,https://www.greekrank.com/uni/23/,2026-08-23
Cleveland State,Cleveland State University,Alpha Kappa Alpha,,NPHC,,,true,complete,true,https://www.greekrank.com/uni/23/,2026-08-23
Cleveland State,Cleveland State University,Sigma Gamma Rho,,NPHC,,,true,complete,true,https://www.greekrank.com/uni/23/,2026-08-23
Colorado State,Colorado State University,Sigma Alpha Epsilon,,IFC,,,true,complete,true,https://www.greekrank.com/uni/220/,2026-08-23
Colorado State,Colorado State University,Phi Kappa Tau,,IFC,,,true,complete,true,https://www.greekrank.com/uni/220/,2026-08-23
Colorado State,Colorado State University,Phi Gamma Delta,,IFC,,,true,complete,true,https://www.greekrank.com/uni/220/,2026-08-23
Colorado State,Colorado State University,Phi Delta Theta,,IFC,,,true,complete,true,https://www.greekrank.com/uni/220/,2026-08-23
Colorado State,Colorado State University,Sigma Nu,,IFC,,,true,complete,true,https://www.greekrank.com/uni/220/,2026-08-23
Colorado State,Colorado State University,Alpha Sigma Phi,,IFC,,,true,complete,true,https://www.greekrank.com/uni/220/,2026-08-23
Colorado State,Colorado State University,Alpha Gamma Rho,,IFC,,,true,complete,true,https://www.greekrank.com/uni/220/,2026-08-23
Colorado State,Colorado State University,Delta Tau Delta,,IFC,,,true,complete,true,https://www.greekrank.com/uni/220/,2026-08-23
Colorado State,Colorado State University,Sigma Pi,,IFC,,,true,complete,true,https://www.greekrank.com/uni/220/,2026-08-23
Colorado State,Colorado State University,Sigma Phi Epsilon,,IFC,,,true,complete,true,https://www.greekrank.com/uni/220/,2026-08-23
Colorado State,Colorado State University,Sigma Tau Gamma,,IFC,,,true,complete,true,https://www.greekrank.com/uni/220/,2026-08-23
Colorado State,Colorado State University,Theta Chi,,IFC,,,true,complete,true,https://www.greekrank.com/uni/220/,2026-08-23
Colorado State,Colorado State University,Kappa Sigma,,IFC,,,true,complete,true,https://www.greekrank.com/uni/220/,2026-08-23
Colorado State,Colorado State University,Alpha Tau Omega,,IFC,,,true,complete,true,https://www.greekrank.com/uni/220/,2026-08-23
Colorado State,Colorado State University,Delta Chi,,IFC,,,true,complete,true,https://www.greekrank.com/uni/220/,2026-08-23
Colorado State,Colorado State University,Phi Kappa Theta,,IFC,,,true,complete,true,https://www.greekrank.com/uni/220/,2026-08-23
Colorado State,Colorado State University,Sigma Chi,,IFC,,,true,complete,true,https://www.greekrank.com/uni/220/,2026-08-23
Colorado State,Colorado State University,Pi Kappa Phi,,IFC,,,true,complete,true,https://www.greekrank.com/uni/220/,2026-08-23
Colorado State,Colorado State University,Tau Kappa Epsilon,,IFC,,,true,complete,true,https://www.greekrank.com/uni/220/,2026-08-23
Colorado State,Colorado State University,Beta Theta Pi,,IFC,,,true,complete,true,https://www.greekrank.com/uni/220/,2026-08-23
Colorado State,Colorado State University,Alpha Epsilon Pi,,IFC,,,true,complete,true,https://www.greekrank.com/uni/220/,2026-08-23
Colorado State,Colorado State University,Delta Sigma Phi,,IFC,,,true,complete,true,https://www.greekrank.com/uni/220/,2026-08-23
Colorado State,Colorado State University,Triangle,,IFC,,,true,complete,true,https://www.greekrank.com/uni/220/,2026-08-23
Colorado State,Colorado State University,Kappa Kappa Gamma,,Panhellenic,,,true,complete,true,https://www.greekrank.com/uni/220/,2026-08-23
Colorado State,Colorado State University,Pi Beta Phi,,Panhellenic,,,true,complete,true,https://www.greekrank.com/uni/220/,2026-08-23
Colorado State,Colorado State University,Chi Omega,,Panhellenic,,,true,complete,true,https://www.greekrank.com/uni/220/,2026-08-23
Colorado State,Colorado State University,Zeta Tau Alpha,,Panhellenic,,,true,complete,true,https://www.greekrank.com/uni/220/,2026-08-23
Colorado State,Colorado State University,Gamma Phi Beta,,Panhellenic,,,true,complete,true,https://www.greekrank.com/uni/220/,2026-08-23
Colorado State,Colorado State University,Delta Delta Delta,,Panhellenic,,,true,complete,true,https://www.greekrank.com/uni/220/,2026-08-23
Colorado State,Colorado State University,Phi Mu,,Panhellenic,,,true,complete,true,https://www.greekrank.com/uni/220/,2026-08-23
Colorado State,Colorado State University,Kappa Alpha Theta,,Panhellenic,,,true,complete,true,https://www.greekrank.com/uni/220/,2026-08-23
Colorado State,Colorado State University,Kappa Delta,,Panhellenic,,,true,complete,true,https://www.greekrank.com/uni/220/,2026-08-23
Drexel,Drexel University,Delta Sigma Phi,,IFC,,,true,complete,true,https://www.greekrank.com/uni/93/,2026-08-23
Drexel,Drexel University,Alpha Epsilon Pi,,IFC,,,true,complete,true,https://www.greekrank.com/uni/93/,2026-08-23
Drexel,Drexel University,Pi Kappa Phi,,IFC,,,true,complete,true,https://www.greekrank.com/uni/93/,2026-08-23
Drexel,Drexel University,Sigma Alpha Mu,,IFC,,,true,complete,true,https://www.greekrank.com/uni/93/,2026-08-23
Drexel,Drexel University,Theta Chi,,IFC,,,true,complete,true,https://www.greekrank.com/uni/93/,2026-08-23
Drexel,Drexel University,Lambda Chi Alpha,,IFC,,,true,complete,true,https://www.greekrank.com/uni/93/,2026-08-23
Drexel,Drexel University,Pi Kappa Alpha,,IFC,,,true,complete,true,https://www.greekrank.com/uni/93/,2026-08-23
Drexel,Drexel University,Phi Kappa Psi,,IFC,,,true,complete,true,https://www.greekrank.com/uni/93/,2026-08-23
Drexel,Drexel University,Sigma Phi Epsilon,,IFC,,,true,complete,true,https://www.greekrank.com/uni/93/,2026-08-23
Drexel,Drexel University,Alpha Chi Rho,,IFC,,,true,complete,true,https://www.greekrank.com/uni/93/,2026-08-23
Drexel,Drexel University,Beta Theta Pi,,IFC,,,true,complete,true,https://www.greekrank.com/uni/93/,2026-08-23
Drexel,Drexel University,Delta Epsilon Psi,,MGC,,,true,complete,true,https://www.greekrank.com/uni/93/,2026-08-23
Drexel,Drexel University,Alpha Phi Alpha,,NPHC,,,true,complete,true,https://www.greekrank.com/uni/93/,2026-08-23
Drexel,Drexel University,Pi Lambda Phi,,IFC,,,true,complete,true,https://www.greekrank.com/uni/93/,2026-08-23
Drexel,Drexel University,Kappa Alpha Psi,,NPHC,,,true,complete,true,https://www.greekrank.com/uni/93/,2026-08-23
Drexel,Drexel University,Sigma Beta Rho,,MGC,,,true,complete,true,https://www.greekrank.com/uni/93/,2026-08-23
Drexel,Drexel University,Iota Nu Delta,,MGC,,,true,complete,true,https://www.greekrank.com/uni/93/,2026-08-23
Drexel,Drexel University,Beta Chi Theta,,MGC,,,true,complete,true,https://www.greekrank.com/uni/93/,2026-08-23
Drexel,Drexel University,Sigma Psi Zeta,,MGC,,,true,complete,true,https://www.greekrank.com/uni/93/,2026-08-23
Drexel,Drexel University,Alpha Sigma Alpha,,Panhellenic,,,true,complete,true,https://www.greekrank.com/uni/93/,2026-08-23
Drexel,Drexel University,Delta Phi Epsilon,,Panhellenic,,,true,complete,true,https://www.greekrank.com/uni/93/,2026-08-23
Drexel,Drexel University,Delta Zeta,,Panhellenic,,,true,complete,true,https://www.greekrank.com/uni/93/,2026-08-23
Drexel,Drexel University,Delta Gamma,,Panhellenic,,,true,complete,true,https://www.greekrank.com/uni/93/,2026-08-23
Drexel,Drexel University,Phi Sigma Sigma,,Panhellenic,,,true,complete,true,https://www.greekrank.com/uni/93/,2026-08-23
Drexel,Drexel University,Phi Mu,,Panhellenic,,,true,complete,true,https://www.greekrank.com/uni/93/,2026-08-23
Drexel,Drexel University,Sigma Sigma Sigma,,Panhellenic,,,true,complete,true,https://www.greekrank.com/uni/93/,2026-08-23
Drexel,Drexel University,Zeta Phi Beta,,NPHC,,,true,complete,true,https://www.greekrank.com/uni/93/,2026-08-23
Drexel,Drexel University,Alpha Kappa Alpha,,NPHC,,,true,complete,true,https://www.greekrank.com/uni/93/,2026-08-23
Drexel,Drexel University,Chi Upsilon Sigma,,MGC,,,true,complete,true,https://www.greekrank.com/uni/93/,2026-08-23
Drexel,Drexel University,Delta Sigma Theta,,NPHC,,,true,complete,true,https://www.greekrank.com/uni/93/,2026-08-23
EMU,Eastern Michigan University,Omega Psi Phi,,NPHC,,,true,complete,true,https://www.greekrank.com/uni/156/,2026-08-23
EMU,Eastern Michigan University,Alpha Sigma Phi,,IFC,,,true,complete,true,https://www.greekrank.com/uni/156/,2026-08-23
EMU,Eastern Michigan University,Theta Chi,,IFC,,,true,complete,true,https://www.greekrank.com/uni/156/,2026-08-23
EMU,Eastern Michigan University,Delta Tau Delta,,IFC,,,true,complete,true,https://www.greekrank.com/uni/156/,2026-08-23
EMU,Eastern Michigan University,Delta Sigma Phi,,IFC,,,true,complete,true,https://www.greekrank.com/uni/156/,2026-08-23
EMU,Eastern Michigan University,Tau Kappa Epsilon,,IFC,,,true,complete,true,https://www.greekrank.com/uni/156/,2026-08-23
EMU,Eastern Michigan University,Phi Beta Sigma,,NPHC,,,true,complete,true,https://www.greekrank.com/uni/156/,2026-08-23
EMU,Eastern Michigan University,Phi Sigma Kappa,,IFC,,,true,complete,true,https://www.greekrank.com/uni/156/,2026-08-23
EMU,Eastern Michigan University,Phi Sigma Phi,,IFC,,,true,complete,true,https://www.greekrank.com/uni/156/,2026-08-23
EMU,Eastern Michigan University,Alpha Phi Alpha,,NPHC,,,true,complete,true,https://www.greekrank.com/uni/156/,2026-08-23
EMU,Eastern Michigan University,Iota Phi Theta,,NPHC,,,true,complete,true,https://www.greekrank.com/uni/156/,2026-08-23
EMU,Eastern Michigan University,Kappa Alpha Psi,,NPHC,,,true,complete,true,https://www.greekrank.com/uni/156/,2026-08-23
EMU,Eastern Michigan University,Sigma Nu,,IFC,,,true,complete,true,https://www.greekrank.com/uni/156/,2026-08-23
EMU,Eastern Michigan University,Alpha Kappa Lambda,,IFC,,,true,complete,true,https://www.greekrank.com/uni/156/,2026-08-23
EMU,Eastern Michigan University,Sigma Kappa,,Panhellenic,,,true,complete,true,https://www.greekrank.com/uni/156/,2026-08-23
EMU,Eastern Michigan University,Alpha Xi Delta,,Panhellenic,,,true,complete,true,https://www.greekrank.com/uni/156/,2026-08-23
EMU,Eastern Michigan University,Sigma Delta Tau,,Panhellenic,,,true,complete,true,https://www.greekrank.com/uni/156/,2026-08-23
EMU,Eastern Michigan University,Sigma Sigma Sigma,,Panhellenic,,,true,complete,true,https://www.greekrank.com/uni/156/,2026-08-23
EMU,Eastern Michigan University,Delta Zeta,,Panhellenic,,,true,complete,true,https://www.greekrank.com/uni/156/,2026-08-23
EMU,Eastern Michigan University,Alpha Sigma Tau,,Panhellenic,,,true,complete,true,https://www.greekrank.com/uni/156/,2026-08-23
EMU,Eastern Michigan University,Alpha Gamma Delta,,Panhellenic,,,true,complete,true,https://www.greekrank.com/uni/156/,2026-08-23
EMU,Eastern Michigan University,Alpha Kappa Alpha,,NPHC,,,true,complete,true,https://www.greekrank.com/uni/156/,2026-08-23
EMU,Eastern Michigan University,Zeta Phi Beta,,NPHC,,,true,complete,true,https://www.greekrank.com/uni/156/,2026-08-23
EMU,Eastern Michigan University,Sigma Gamma Rho,,NPHC,,,true,complete,true,https://www.greekrank.com/uni/156/,2026-08-23
EMU,Eastern Michigan University,Delta Sigma Theta,,NPHC,,,true,complete,true,https://www.greekrank.com/uni/156/,2026-08-23
FAU,Florida Atlantic University,Alpha Epsilon Pi,,IFC,,,true,complete,true,https://www.greekrank.com/uni/170/,2026-08-23
FAU,Florida Atlantic University,Sigma Chi,,IFC,,,true,complete,true,https://www.greekrank.com/uni/170/,2026-08-23
FAU,Florida Atlantic University,Kappa Sigma,,IFC,,,true,complete,true,https://www.greekrank.com/uni/170/,2026-08-23
FAU,Florida Atlantic University,Delta Tau Delta,,IFC,,,true,complete,true,https://www.greekrank.com/uni/170/,2026-08-23
FAU,Florida Atlantic University,Pi Kappa Phi,,IFC,,,true,complete,true,https://www.greekrank.com/uni/170/,2026-08-23
FAU,Florida Atlantic University,Phi Delta Theta,,IFC,,,true,complete,true,https://www.greekrank.com/uni/170/,2026-08-23
FAU,Florida Atlantic University,Pi Kappa Alpha,,IFC,,,true,complete,true,https://www.greekrank.com/uni/170/,2026-08-23
FAU,Florida Atlantic University,Alpha Phi Alpha,,NPHC,,,true,complete,true,https://www.greekrank.com/uni/170/,2026-08-23
FAU,Florida Atlantic University,Phi Beta Sigma,,NPHC,,,true,complete,true,https://www.greekrank.com/uni/170/,2026-08-23
FAU,Florida Atlantic University,Sigma Phi Epsilon,,IFC,,,true,complete,true,https://www.greekrank.com/uni/170/,2026-08-23
FAU,Florida Atlantic University,Triangle,,IFC,,,true,complete,true,https://www.greekrank.com/uni/170/,2026-08-23
FAU,Florida Atlantic University,Beta Chi Theta,,MGC,,,true,complete,true,https://www.greekrank.com/uni/170/,2026-08-23
FAU,Florida Atlantic University,Kappa Alpha Psi,,NPHC,,,true,complete,true,https://www.greekrank.com/uni/170/,2026-08-23
FAU,Florida Atlantic University,Sigma Nu,,IFC,,,true,complete,true,https://www.greekrank.com/uni/170/,2026-08-23
FAU,Florida Atlantic University,Lambda Theta Phi,,MGC,,,true,complete,true,https://www.greekrank.com/uni/170/,2026-08-23
FAU,Florida Atlantic University,Omega Psi Phi,,NPHC,,,true,complete,true,https://www.greekrank.com/uni/170/,2026-08-23
FAU,Florida Atlantic University,Sigma Alpha Mu,,IFC,,,true,complete,true,https://www.greekrank.com/uni/170/,2026-08-23
FAU,Florida Atlantic University,Delta Phi Epsilon,,Panhellenic,,,true,complete,true,https://www.greekrank.com/uni/170/,2026-08-23
FAU,Florida Atlantic University,Theta Phi Alpha,,Panhellenic,,,true,complete,true,https://www.greekrank.com/uni/170/,2026-08-23
FAU,Florida Atlantic University,Sigma Kappa,,Panhellenic,,,true,complete,true,https://www.greekrank.com/uni/170/,2026-08-23
FAU,Florida Atlantic University,Alpha Delta Pi,,Panhellenic,,,true,complete,true,https://www.greekrank.com/uni/170/,2026-08-23
FAU,Florida Atlantic University,Alpha Kappa Alpha,,NPHC,,,true,complete,true,https://www.greekrank.com/uni/170/,2026-08-23
FAU,Florida Atlantic University,Phi Mu,,Panhellenic,,,true,complete,true,https://www.greekrank.com/uni/170/,2026-08-23
FAU,Florida Atlantic University,Alpha Xi Delta,,Panhellenic,,,true,complete,true,https://www.greekrank.com/uni/170/,2026-08-23
FAU,Florida Atlantic University,Delta Sigma Theta,,NPHC,,,true,complete,true,https://www.greekrank.com/uni/170/,2026-08-23
FAU,Florida Atlantic University,Sigma Gamma Rho,,NPHC,,,true,complete,true,https://www.greekrank.com/uni/170/,2026-08-23
FAU,Florida Atlantic University,Zeta Phi Beta,,NPHC,,,true,complete,true,https://www.greekrank.com/uni/170/,2026-08-23
FIU,Florida International University,Sigma Alpha Mu,,IFC,,,true,complete,true,https://www.greekrank.com/uni/117/,2026-08-23
FIU,Florida International University,Phi Gamma Delta,,IFC,,,true,complete,true,https://www.greekrank.com/uni/117/,2026-08-23
FIU,Florida International University,Phi Delta Theta,,IFC,,,true,complete,true,https://www.greekrank.com/uni/117/,2026-08-23
FIU,Florida International University,Theta Chi,,IFC,,,true,complete,true,https://www.greekrank.com/uni/117/,2026-08-23
FIU,Florida International University,Pi Kappa Phi,,IFC,,,true,complete,true,https://www.greekrank.com/uni/117/,2026-08-23
FIU,Florida International University,Sigma Chi,,IFC,,,true,complete,true,https://www.greekrank.com/uni/117/,2026-08-23
FIU,Florida International University,Kappa Sigma,,IFC,,,true,complete,true,https://www.greekrank.com/uni/117/,2026-08-23
FIU,Florida International University,Beta Theta Pi,,IFC,,,true,complete,true,https://www.greekrank.com/uni/117/,2026-08-23
FIU,Florida International University,Alpha Phi Alpha,,NPHC,,,true,complete,true,https://www.greekrank.com/uni/117/,2026-08-23
FIU,Florida International University,Tau Kappa Epsilon,,IFC,,,true,complete,true,https://www.greekrank.com/uni/117/,2026-08-23
FIU,Florida International University,Zeta Beta Tau,,IFC,,,true,complete,true,https://www.greekrank.com/uni/117/,2026-08-23
FIU,Florida International University,Sigma Phi Epsilon,,IFC,,,true,complete,true,https://www.greekrank.com/uni/117/,2026-08-23
FIU,Florida International University,Delta Sigma Phi,,IFC,,,true,complete,true,https://www.greekrank.com/uni/117/,2026-08-23
FIU,Florida International University,Lambda Chi Alpha,,IFC,,,true,complete,true,https://www.greekrank.com/uni/117/,2026-08-23
FIU,Florida International University,Pi Kappa Alpha,,IFC,,,true,complete,true,https://www.greekrank.com/uni/117/,2026-08-23
FIU,Florida International University,Sigma Beta Rho,,MGC,,,true,complete,true,https://www.greekrank.com/uni/117/,2026-08-23
FIU,Florida International University,Delta Lambda Phi,,IFC,,,true,complete,true,https://www.greekrank.com/uni/117/,2026-08-23
FIU,Florida International University,Phi Sigma Kappa,,IFC,,,true,complete,true,https://www.greekrank.com/uni/117/,2026-08-23
FIU,Florida International University,Kappa Alpha Psi,,NPHC,,,true,complete,true,https://www.greekrank.com/uni/117/,2026-08-23
FIU,Florida International University,Phi Beta Sigma,,NPHC,,,true,complete,true,https://www.greekrank.com/uni/117/,2026-08-23
FIU,Florida International University,Delta Upsilon,,IFC,,,true,complete,true,https://www.greekrank.com/uni/117/,2026-08-23
FIU,Florida International University,Lambda Theta Phi,,MGC,,,true,complete,true,https://www.greekrank.com/uni/117/,2026-08-23
FIU,Florida International University,Phi Mu,,Panhellenic,,,true,complete,true,https://www.greekrank.com/uni/117/,2026-08-23
FIU,Florida International University,Delta Phi Epsilon,,Panhellenic,,,true,complete,true,https://www.greekrank.com/uni/117/,2026-08-23
FIU,Florida International University,Alpha Xi Delta,,Panhellenic,,,true,complete,true,https://www.greekrank.com/uni/117/,2026-08-23
FIU,Florida International University,Sigma Kappa,,Panhellenic,,,true,complete,true,https://www.greekrank.com/uni/117/,2026-08-23
FIU,Florida International University,Alpha Omicron Pi,,Panhellenic,,,true,complete,true,https://www.greekrank.com/uni/117/,2026-08-23
FIU,Florida International University,Phi Sigma Sigma,,Panhellenic,,,true,complete,true,https://www.greekrank.com/uni/117/,2026-08-23
FIU,Florida International University,Alpha Chi Omega,,Panhellenic,,,true,complete,true,https://www.greekrank.com/uni/117/,2026-08-23
FIU,Florida International University,Sigma Sigma Sigma,,Panhellenic,,,true,complete,true,https://www.greekrank.com/uni/117/,2026-08-23
FIU,Florida International University,Sigma Gamma Rho,,NPHC,,,true,complete,true,https://www.greekrank.com/uni/117/,2026-08-23
FIU,Florida International University,Alpha Kappa Alpha,,NPHC,,,true,complete,true,https://www.greekrank.com/uni/117/,2026-08-23
FIU,Florida International University,Delta Sigma Theta,,NPHC,,,true,complete,true,https://www.greekrank.com/uni/117/,2026-08-23
FIU,Florida International University,Zeta Phi Beta,,NPHC,,,true,complete,true,https://www.greekrank.com/uni/117/,2026-08-23
Florida State,Florida State University,Sigma Alpha Epsilon,,IFC,,,true,complete,true,https://www.greekrank.com/uni/15/,2026-08-23
Florida State,Florida State University,Alpha Delta Phi,,IFC,,,true,complete,true,https://www.greekrank.com/uni/15/,2026-08-23
Florida State,Florida State University,Phi Iota Alpha,,MGC,,,true,complete,true,https://www.greekrank.com/uni/15/,2026-08-23
Florida State,Florida State University,Pi Kappa Alpha,,IFC,,,true,complete,true,https://www.greekrank.com/uni/15/,2026-08-23
Florida State,Florida State University,Phi Gamma Delta,,IFC,,,true,complete,true,https://www.greekrank.com/uni/15/,2026-08-23
Florida State,Florida State University,Chi Phi,,IFC,,,true,complete,true,https://www.greekrank.com/uni/15/,2026-08-23
Florida State,Florida State University,Kappa Alpha Order,,IFC,,,true,complete,true,https://www.greekrank.com/uni/15/,2026-08-23
Florida State,Florida State University,Pi Lambda Phi,,IFC,,,true,complete,true,https://www.greekrank.com/uni/15/,2026-08-23
Florida State,Florida State University,Delta Chi,,IFC,,,true,complete,true,https://www.greekrank.com/uni/15/,2026-08-23
Florida State,Florida State University,Delta Tau Delta,,IFC,,,true,complete,true,https://www.greekrank.com/uni/15/,2026-08-23
Florida State,Florida State University,Phi Kappa Tau,,IFC,,,true,complete,true,https://www.greekrank.com/uni/15/,2026-08-23
Florida State,Florida State University,Theta Chi,,IFC,,,true,complete,true,https://www.greekrank.com/uni/15/,2026-08-23
Florida State,Florida State University,Kappa Sigma,,IFC,,,true,complete,true,https://www.greekrank.com/uni/15/,2026-08-23
Florida State,Florida State University,Lambda Chi Alpha,,IFC,,,true,complete,true,https://www.greekrank.com/uni/15/,2026-08-23
Florida State,Florida State University,Zeta Beta Tau,,IFC,,,true,complete,true,https://www.greekrank.com/uni/15/,2026-08-23
Florida State,Florida State University,Phi Kappa Psi,,IFC,,,true,complete,true,https://www.greekrank.com/uni/15/,2026-08-23
Florida State,Florida State University,Phi Sigma Kappa,,IFC,,,true,complete,true,https://www.greekrank.com/uni/15/,2026-08-23
Florida State,Florida State University,Tau Epsilon Phi,,IFC,,,true,complete,true,https://www.greekrank.com/uni/15/,2026-08-23
Florida State,Florida State University,Alpha Tau Omega,,IFC,,,true,complete,true,https://www.greekrank.com/uni/15/,2026-08-23
Florida State,Florida State University,Phi Delta Theta,,IFC,,,true,complete,true,https://www.greekrank.com/uni/15/,2026-08-23
Florida State,Florida State University,Beta Theta Pi,,IFC,,,true,complete,true,https://www.greekrank.com/uni/15/,2026-08-23
Florida State,Florida State University,Sigma Pi,,IFC,,,true,complete,true,https://www.greekrank.com/uni/15/,2026-08-23
Florida State,Florida State University,Alpha Epsilon Pi,,IFC,,,true,complete,true,https://www.greekrank.com/uni/15/,2026-08-23
Florida State,Florida State University,Pi Kappa Phi,,IFC,,,true,complete,true,https://www.greekrank.com/uni/15/,2026-08-23
Florida State,Florida State University,Sigma Chi,,IFC,,,true,complete,true,https://www.greekrank.com/uni/15/,2026-08-23
Florida State,Florida State University,Sigma Phi Epsilon,,IFC,,,true,complete,true,https://www.greekrank.com/uni/15/,2026-08-23
Florida State,Florida State University,Phi Beta Sigma,,NPHC,,,true,complete,true,https://www.greekrank.com/uni/15/,2026-08-23
Florida State,Florida State University,Tau Kappa Epsilon,,IFC,,,true,complete,true,https://www.greekrank.com/uni/15/,2026-08-23
Florida State,Florida State University,Kappa Alpha Psi,,NPHC,,,true,complete,true,https://www.greekrank.com/uni/15/,2026-08-23
Florida State,Florida State University,Sigma Beta Rho,,MGC,,,true,complete,true,https://www.greekrank.com/uni/15/,2026-08-23
Florida State,Florida State University,Sigma Nu,,IFC,,,true,complete,true,https://www.greekrank.com/uni/15/,2026-08-23
Florida State,Florida State University,Sigma Lambda Beta,,MGC,,,true,complete,true,https://www.greekrank.com/uni/15/,2026-08-23
Florida State,Florida State University,Iota Phi Theta,,NPHC,,,true,complete,true,https://www.greekrank.com/uni/15/,2026-08-23
Florida State,Florida State University,Kappa Kappa Gamma,,Panhellenic,,,true,complete,true,https://www.greekrank.com/uni/15/,2026-08-23
Florida State,Florida State University,Phi Mu,,Panhellenic,,,true,complete,true,https://www.greekrank.com/uni/15/,2026-08-23
Florida State,Florida State University,Alpha Chi Omega,,Panhellenic,,,true,complete,true,https://www.greekrank.com/uni/15/,2026-08-23
Florida State,Florida State University,Pi Beta Phi,,Panhellenic,,,true,complete,true,https://www.greekrank.com/uni/15/,2026-08-23
Florida State,Florida State University,Kappa Delta,,Panhellenic,,,true,complete,true,https://www.greekrank.com/uni/15/,2026-08-23
Florida State,Florida State University,Delta Zeta,,Panhellenic,,,true,complete,true,https://www.greekrank.com/uni/15/,2026-08-23
Florida State,Florida State University,Alpha Delta Pi,,Panhellenic,,,true,complete,true,https://www.greekrank.com/uni/15/,2026-08-23
Florida State,Florida State University,Alpha Omicron Pi,,Panhellenic,,,true,complete,true,https://www.greekrank.com/uni/15/,2026-08-23
Florida State,Florida State University,Gamma Phi Beta,,Panhellenic,,,true,complete,true,https://www.greekrank.com/uni/15/,2026-08-23
Florida State,Florida State University,Chi Omega,,Panhellenic,,,true,complete,true,https://www.greekrank.com/uni/15/,2026-08-23
Florida State,Florida State University,Alpha Phi,,Panhellenic,,,true,complete,true,https://www.greekrank.com/uni/15/,2026-08-23
Florida State,Florida State University,Delta Gamma,,Panhellenic,,,true,complete,true,https://www.greekrank.com/uni/15/,2026-08-23
Florida State,Florida State University,Delta Delta Delta,,Panhellenic,,,true,complete,true,https://www.greekrank.com/uni/15/,2026-08-23
Florida State,Florida State University,Kappa Alpha Theta,,Panhellenic,,,true,complete,true,https://www.greekrank.com/uni/15/,2026-08-23
Florida State,Florida State University,Zeta Tau Alpha,,Panhellenic,,,true,complete,true,https://www.greekrank.com/uni/15/,2026-08-23
Florida State,Florida State University,Sigma Delta Tau,,Panhellenic,,,true,complete,true,https://www.greekrank.com/uni/15/,2026-08-23
Florida State,Florida State University,Alpha Gamma Delta,,Panhellenic,,,true,complete,true,https://www.greekrank.com/uni/15/,2026-08-23
Florida State,Florida State University,Sigma Gamma Rho,,NPHC,,,true,complete,true,https://www.greekrank.com/uni/15/,2026-08-23
Florida State,Florida State University,Delta Sigma Theta,,NPHC,,,true,complete,true,https://www.greekrank.com/uni/15/,2026-08-23
Florida State,Florida State University,Zeta Phi Beta,,NPHC,,,true,complete,true,https://www.greekrank.com/uni/15/,2026-08-23
Florida State,Florida State University,Alpha Kappa Alpha,,NPHC,,,true,complete,true,https://www.greekrank.com/uni/15/,2026-08-23
Mason,George Mason University,Kappa Alpha Order,,IFC,,,true,complete,true,https://www.greekrank.com/uni/183/,2026-08-23
Mason,George Mason University,Sigma Chi,,IFC,,,true,complete,true,https://www.greekrank.com/uni/183/,2026-08-23
Mason,George Mason University,Pi Kappa Phi,,IFC,,,true,complete,true,https://www.greekrank.com/uni/183/,2026-08-23
Mason,George Mason University,Phi Kappa Sigma,,IFC,,,true,complete,true,https://www.greekrank.com/uni/183/,2026-08-23
Mason,George Mason University,Chi Psi,,IFC,,,true,complete,true,https://www.greekrank.com/uni/183/,2026-08-23
Mason,George Mason University,Alpha Epsilon Pi,,IFC,,,true,complete,true,https://www.greekrank.com/uni/183/,2026-08-23
Mason,George Mason University,Delta Chi,,IFC,,,true,complete,true,https://www.greekrank.com/uni/183/,2026-08-23
Mason,George Mason University,Phi Sigma Kappa,,IFC,,,true,complete,true,https://www.greekrank.com/uni/183/,2026-08-23
Mason,George Mason University,Alpha Sigma Phi,,IFC,,,true,complete,true,https://www.greekrank.com/uni/183/,2026-08-23
Mason,George Mason University,Theta Chi,,IFC,,,true,complete,true,https://www.greekrank.com/uni/183/,2026-08-23
Mason,George Mason University,Beta Theta Pi,,IFC,,,true,complete,true,https://www.greekrank.com/uni/183/,2026-08-23
Mason,George Mason University,Alpha Chi Rho,,IFC,,,true,complete,true,https://www.greekrank.com/uni/183/,2026-08-23
Mason,George Mason University,Pi Kappa Alpha,,IFC,,,true,complete,true,https://www.greekrank.com/uni/183/,2026-08-23
Mason,George Mason University,Alpha Kappa Lambda,,IFC,,,true,complete,true,https://www.greekrank.com/uni/183/,2026-08-23
Mason,George Mason University,Sigma Phi Epsilon,,IFC,,,true,complete,true,https://www.greekrank.com/uni/183/,2026-08-23
Mason,George Mason University,Alpha Phi Alpha,,NPHC,,,true,complete,true,https://www.greekrank.com/uni/183/,2026-08-23
Mason,George Mason University,Phi Gamma Delta,,IFC,,,true,complete,true,https://www.greekrank.com/uni/183/,2026-08-23
Mason,George Mason University,Lambda Pi Chi,,MGC,,,true,complete,true,https://www.greekrank.com/uni/183/,2026-08-23
Mason,George Mason University,Kappa Delta,,Panhellenic,,,true,complete,true,https://www.greekrank.com/uni/183/,2026-08-23
Mason,George Mason University,Zeta Phi Beta,,NPHC,,,true,complete,true,https://www.greekrank.com/uni/183/,2026-08-23
Mason,George Mason University,Zeta Tau Alpha,,Panhellenic,,,true,complete,true,https://www.greekrank.com/uni/183/,2026-08-23
Mason,George Mason University,Pi Beta Phi,,Panhellenic,,,true,complete,true,https://www.greekrank.com/uni/183/,2026-08-23
Mason,George Mason University,Gamma Phi Beta,,Panhellenic,,,true,complete,true,https://www.greekrank.com/uni/183/,2026-08-23
Mason,George Mason University,Alpha Xi Delta,,Panhellenic,,,true,complete,true,https://www.greekrank.com/uni/183/,2026-08-23
Mason,George Mason University,Chi Omega,,Panhellenic,,,true,complete,true,https://www.greekrank.com/uni/183/,2026-08-23
Mason,George Mason University,Alpha Kappa Delta Phi,,MGC,,,true,complete,true,https://www.greekrank.com/uni/183/,2026-08-23
Mason,George Mason University,Alpha Omicron Pi,,Panhellenic,,,true,complete,true,https://www.greekrank.com/uni/183/,2026-08-23
Mason,George Mason University,Alpha Phi,,Panhellenic,,,true,complete,true,https://www.greekrank.com/uni/183/,2026-08-23
Mason,George Mason University,Lambda Theta Alpha,,MGC,,,true,complete,true,https://www.greekrank.com/uni/183/,2026-08-23
Mason,George Mason University,Alpha Kappa Alpha,,NPHC,,,true,complete,true,https://www.greekrank.com/uni/183/,2026-08-23
Mason,George Mason University,Delta Sigma Theta,,NPHC,,,true,complete,true,https://www.greekrank.com/uni/183/,2026-08-23
Mason,George Mason University,Chi Upsilon Sigma,,MGC,,,true,complete,true,https://www.greekrank.com/uni/183/,2026-08-23
Mason,George Mason University,Kappa Phi Lambda,,MGC,,,true,complete,true,https://www.greekrank.com/uni/183/,2026-08-23
Mason,George Mason University,Sigma Gamma Rho,,NPHC,,,true,complete,true,https://www.greekrank.com/uni/183/,2026-08-23
Mason,George Mason University,Sigma Psi Zeta,,MGC,,,true,complete,true,https://www.greekrank.com/uni/183/,2026-08-23
GW,George Washington University,Phi Kappa Psi,,IFC,,,true,complete,true,https://www.greekrank.com/uni/51/,2026-08-23
GW,George Washington University,Lambda Chi Alpha,,IFC,,,true,complete,true,https://www.greekrank.com/uni/51/,2026-08-23
GW,George Washington University,Zeta Beta Tau,,IFC,,,true,complete,true,https://www.greekrank.com/uni/51/,2026-08-23
GW,George Washington University,Sigma Alpha Epsilon,,IFC,,,true,complete,true,https://www.greekrank.com/uni/51/,2026-08-23
GW,George Washington University,Delta Sigma Phi,,IFC,,,true,complete,true,https://www.greekrank.com/uni/51/,2026-08-23
GW,George Washington University,Delta Tau Delta,,IFC,,,true,complete,true,https://www.greekrank.com/uni/51/,2026-08-23
GW,George Washington University,Kappa Sigma,,IFC,,,true,complete,true,https://www.greekrank.com/uni/51/,2026-08-23
GW,George Washington University,Tau Kappa Epsilon,,IFC,,,true,complete,true,https://www.greekrank.com/uni/51/,2026-08-23
GW,George Washington University,Beta Theta Pi,,IFC,,,true,complete,true,https://www.greekrank.com/uni/51/,2026-08-23
GW,George Washington University,Sigma Nu,,IFC,,,true,complete,true,https://www.greekrank.com/uni/51/,2026-08-23
GW,George Washington University,Phi Delta Theta,,IFC,,,true,complete,true,https://www.greekrank.com/uni/51/,2026-08-23
GW,George Washington University,Sigma Chi,,IFC,,,true,complete,true,https://www.greekrank.com/uni/51/,2026-08-23
GW,George Washington University,Delta Lambda Phi,,IFC,,,true,complete,true,https://www.greekrank.com/uni/51/,2026-08-23
GW,George Washington University,Phi Sigma Kappa,,IFC,,,true,complete,true,https://www.greekrank.com/uni/51/,2026-08-23
GW,George Washington University,Pi Kappa Alpha,,IFC,,,true,complete,true,https://www.greekrank.com/uni/51/,2026-08-23
GW,George Washington University,Sigma Phi Epsilon,,IFC,,,true,complete,true,https://www.greekrank.com/uni/51/,2026-08-23
GW,George Washington University,Kappa Alpha Order,,IFC,,,true,complete,true,https://www.greekrank.com/uni/51/,2026-08-23
GW,George Washington University,Iota Nu Delta,,MGC,,,true,complete,true,https://www.greekrank.com/uni/51/,2026-08-23
GW,George Washington University,Kappa Alpha Psi,,NPHC,,,true,complete,true,https://www.greekrank.com/uni/51/,2026-08-23
GW,George Washington University,Phi Gamma Delta,,IFC,,,true,complete,true,https://www.greekrank.com/uni/51/,2026-08-23
GW,George Washington University,Alpha Sigma Phi,,IFC,,,true,complete,true,https://www.greekrank.com/uni/51/,2026-08-23
GW,George Washington University,Pi Kappa Phi,,IFC,,,true,complete,true,https://www.greekrank.com/uni/51/,2026-08-23
GW,George Washington University,Alpha Epsilon Pi,,IFC,,,true,complete,true,https://www.greekrank.com/uni/51/,2026-08-23
GW,George Washington University,Theta Delta Chi,,IFC,,,true,complete,true,https://www.greekrank.com/uni/51/,2026-08-23
GW,George Washington University,Pi Delta Psi,,MGC,,,true,complete,true,https://www.greekrank.com/uni/51/,2026-08-23
GW,George Washington University,Alpha Phi Alpha,,NPHC,,,true,complete,true,https://www.greekrank.com/uni/51/,2026-08-23
GW,George Washington University,Phi Beta Sigma,,NPHC,,,true,complete,true,https://www.greekrank.com/uni/51/,2026-08-23
GW,George Washington University,Lambda Upsilon Lambda,,MGC,,,true,complete,true,https://www.greekrank.com/uni/51/,2026-08-23
GW,George Washington University,Lambda Pi Chi,,MGC,,,true,complete,true,https://www.greekrank.com/uni/51/,2026-08-23
GW,George Washington University,Sigma Kappa,,Panhellenic,,,true,complete,true,https://www.greekrank.com/uni/51/,2026-08-23
GW,George Washington University,Alpha Phi,,Panhellenic,,,true,complete,true,https://www.greekrank.com/uni/51/,2026-08-23
GW,George Washington University,Alpha Delta Pi,,Panhellenic,,,true,complete,true,https://www.greekrank.com/uni/51/,2026-08-23
GW,George Washington University,Pi Beta Phi,,Panhellenic,,,true,complete,true,https://www.greekrank.com/uni/51/,2026-08-23
GW,George Washington University,Kappa Delta,,Panhellenic,,,true,complete,true,https://www.greekrank.com/uni/51/,2026-08-23
GW,George Washington University,Kappa Alpha Theta,,Panhellenic,,,true,complete,true,https://www.greekrank.com/uni/51/,2026-08-23
GW,George Washington University,Sigma Delta Tau,,Panhellenic,,,true,complete,true,https://www.greekrank.com/uni/51/,2026-08-23
GW,George Washington University,Kappa Phi Lambda,,MGC,,,true,complete,true,https://www.greekrank.com/uni/51/,2026-08-23
GW,George Washington University,Phi Sigma Sigma,,Panhellenic,,,true,complete,true,https://www.greekrank.com/uni/51/,2026-08-23
GW,George Washington University,Chi Omega,,Panhellenic,,,true,complete,true,https://www.greekrank.com/uni/51/,2026-08-23
GW,George Washington University,Alpha Epsilon Phi,,Panhellenic,,,true,complete,true,https://www.greekrank.com/uni/51/,2026-08-23
GW,George Washington University,Kappa Kappa Gamma,,Panhellenic,,,true,complete,true,https://www.greekrank.com/uni/51/,2026-08-23
GW,George Washington University,Delta Sigma Theta,,NPHC,,,true,complete,true,https://www.greekrank.com/uni/51/,2026-08-23
GW,George Washington University,Alpha Kappa Alpha,,NPHC,,,true,complete,true,https://www.greekrank.com/uni/51/,2026-08-23
GW,George Washington University,Zeta Phi Beta,,NPHC,,,true,complete,true,https://www.greekrank.com/uni/51/,2026-08-23
GW,George Washington University,Mu Sigma Upsilon,,MGC,,,true,complete,true,https://www.greekrank.com/uni/51/,2026-08-23
GW,George Washington University,Sigma Lambda Upsilon,,MGC,,,true,complete,true,https://www.greekrank.com/uni/51/,2026-08-23
GW,George Washington University,Sigma Psi Zeta,,MGC,,,true,complete,true,https://www.greekrank.com/uni/51/,2026-08-23
GW,George Washington University,Sigma Sigma Rho,,MGC,,,true,complete,true,https://www.greekrank.com/uni/51/,2026-08-23
Georgia State,Georgia State University,Sigma Nu,,IFC,,,true,complete,true,https://www.greekrank.com/uni/189/,2026-08-23
Georgia State,Georgia State University,Alpha Epsilon Pi,,IFC,,,true,complete,true,https://www.greekrank.com/uni/189/,2026-08-23
Georgia State,Georgia State University,Alpha Tau Omega,,IFC,,,true,complete,true,https://www.greekrank.com/uni/189/,2026-08-23
Georgia State,Georgia State University,Alpha Phi Alpha,,NPHC,,,true,complete,true,https://www.greekrank.com/uni/189/,2026-08-23
Georgia State,Georgia State University,Phi Beta Sigma,,NPHC,,,true,complete,true,https://www.greekrank.com/uni/189/,2026-08-23
Georgia State,Georgia State University,Pi Kappa Alpha,,IFC,,,true,complete,true,https://www.greekrank.com/uni/189/,2026-08-23
Georgia State,Georgia State University,Pi Kappa Phi,,IFC,,,true,complete,true,https://www.greekrank.com/uni/189/,2026-08-23
Georgia State,Georgia State University,Omega Psi Phi,,NPHC,,,true,complete,true,https://www.greekrank.com/uni/189/,2026-08-23
Georgia State,Georgia State University,Kappa Sigma,,IFC,,,true,complete,true,https://www.greekrank.com/uni/189/,2026-08-23
Georgia State,Georgia State University,Iota Phi Theta,,NPHC,,,true,complete,true,https://www.greekrank.com/uni/189/,2026-08-23
Georgia State,Georgia State University,Psi Upsilon,,IFC,,,true,complete,true,https://www.greekrank.com/uni/189/,2026-08-23
Georgia State,Georgia State University,Kappa Alpha Psi,,NPHC,,,true,complete,true,https://www.greekrank.com/uni/189/,2026-08-23
Georgia State,Georgia State University,Zeta Tau Alpha,,Panhellenic,,,true,complete,true,https://www.greekrank.com/uni/189/,2026-08-23
Georgia State,Georgia State University,Delta Zeta,,Panhellenic,,,true,complete,true,https://www.greekrank.com/uni/189/,2026-08-23
Georgia State,Georgia State University,Phi Mu,,Panhellenic,,,true,complete,true,https://www.greekrank.com/uni/189/,2026-08-23
Georgia State,Georgia State University,Alpha Xi Delta,,Panhellenic,,,true,complete,true,https://www.greekrank.com/uni/189/,2026-08-23
Georgia State,Georgia State University,Alpha Omicron Pi,,Panhellenic,,,true,complete,true,https://www.greekrank.com/uni/189/,2026-08-23
Georgia State,Georgia State University,Sigma Gamma Rho,,NPHC,,,true,complete,true,https://www.greekrank.com/uni/189/,2026-08-23
Georgia State,Georgia State University,Alpha Kappa Alpha,,NPHC,,,true,complete,true,https://www.greekrank.com/uni/189/,2026-08-23
Georgia State,Georgia State University,Delta Sigma Theta,,NPHC,,,true,complete,true,https://www.greekrank.com/uni/189/,2026-08-23
Georgia State,Georgia State University,Zeta Phi Beta,,NPHC,,,true,complete,true,https://www.greekrank.com/uni/189/,2026-08-23
Howard,Howard University,Kappa Alpha Psi,,NPHC,,,true,complete,true,https://www.greekrank.com/uni/262/,2026-08-23
Howard,Howard University,Phi Beta Sigma,,NPHC,,,true,complete,true,https://www.greekrank.com/uni/262/,2026-08-23
Howard,Howard University,Iota Phi Theta,,NPHC,,,true,complete,true,https://www.greekrank.com/uni/262/,2026-08-23
Howard,Howard University,Omega Psi Phi,,NPHC,,,true,complete,true,https://www.greekrank.com/uni/262/,2026-08-23
Howard,Howard University,Zeta Phi Beta,,NPHC,,,true,complete,true,https://www.greekrank.com/uni/262/,2026-08-23
Howard,Howard University,Sigma Gamma Rho,,NPHC,,,true,complete,true,https://www.greekrank.com/uni/262/,2026-08-23
Iowa State,Iowa State University,Alpha Tau Omega,,IFC,,,true,complete,true,https://www.greekrank.com/uni/74/,2026-08-23
Iowa State,Iowa State University,Theta Chi,,IFC,,,true,complete,true,https://www.greekrank.com/uni/74/,2026-08-23
Iowa State,Iowa State University,Delta Upsilon,,IFC,,,true,complete,true,https://www.greekrank.com/uni/74/,2026-08-23
Iowa State,Iowa State University,Beta Theta Pi,,IFC,,,true,complete,true,https://www.greekrank.com/uni/74/,2026-08-23
Iowa State,Iowa State University,Triangle,,IFC,,,true,complete,true,https://www.greekrank.com/uni/74/,2026-08-23
Iowa State,Iowa State University,Tau Kappa Epsilon,,IFC,,,true,complete,true,https://www.greekrank.com/uni/74/,2026-08-23
Iowa State,Iowa State University,Phi Gamma Delta,,IFC,,,true,complete,true,https://www.greekrank.com/uni/74/,2026-08-23
Iowa State,Iowa State University,Sigma Chi,,IFC,,,true,complete,true,https://www.greekrank.com/uni/74/,2026-08-23
Iowa State,Iowa State University,Phi Kappa Theta,,IFC,,,true,complete,true,https://www.greekrank.com/uni/74/,2026-08-23
Iowa State,Iowa State University,Pi Kappa Phi,,IFC,,,true,complete,true,https://www.greekrank.com/uni/74/,2026-08-23
Iowa State,Iowa State University,Sigma Phi Epsilon,,IFC,,,true,complete,true,https://www.greekrank.com/uni/74/,2026-08-23
Iowa State,Iowa State University,Kappa Sigma,,IFC,,,true,complete,true,https://www.greekrank.com/uni/74/,2026-08-23
Iowa State,Iowa State University,Theta Delta Chi,,IFC,,,true,complete,true,https://www.greekrank.com/uni/74/,2026-08-23
Iowa State,Iowa State University,Beta Sigma Psi,,IFC,,,true,complete,true,https://www.greekrank.com/uni/74/,2026-08-23
Iowa State,Iowa State University,FarmHouse,,IFC,,,true,complete,true,https://www.greekrank.com/uni/74/,2026-08-23
Iowa State,Iowa State University,Delta Tau Delta,,IFC,,,true,complete,true,https://www.greekrank.com/uni/74/,2026-08-23
Iowa State,Iowa State University,Sigma Pi,,IFC,,,true,complete,true,https://www.greekrank.com/uni/74/,2026-08-23
Iowa State,Iowa State University,Phi Delta Theta,,IFC,,,true,complete,true,https://www.greekrank.com/uni/74/,2026-08-23
Iowa State,Iowa State University,Theta Xi,,IFC,,,true,complete,true,https://www.greekrank.com/uni/74/,2026-08-23
Iowa State,Iowa State University,Alpha Sigma Phi,,IFC,,,true,complete,true,https://www.greekrank.com/uni/74/,2026-08-23
Iowa State,Iowa State University,Delta Chi,,IFC,,,true,complete,true,https://www.greekrank.com/uni/74/,2026-08-23
Iowa State,Iowa State University,Alpha Gamma Rho,,IFC,,,true,complete,true,https://www.greekrank.com/uni/74/,2026-08-23
Iowa State,Iowa State University,Lambda Chi Alpha,,IFC,,,true,complete,true,https://www.greekrank.com/uni/74/,2026-08-23
Iowa State,Iowa State University,Acacia,,IFC,,,true,complete,true,https://www.greekrank.com/uni/74/,2026-08-23
Iowa State,Iowa State University,Pi Kappa Alpha,,IFC,,,true,complete,true,https://www.greekrank.com/uni/74/,2026-08-23
Iowa State,Iowa State University,Sigma Alpha Epsilon,,IFC,,,true,complete,true,https://www.greekrank.com/uni/74/,2026-08-23
Iowa State,Iowa State University,Alpha Kappa Lambda,,IFC,,,true,complete,true,https://www.greekrank.com/uni/74/,2026-08-23
Iowa State,Iowa State University,Delta Sigma Phi,,IFC,,,true,complete,true,https://www.greekrank.com/uni/74/,2026-08-23
Iowa State,Iowa State University,Chi Phi,,IFC,,,true,complete,true,https://www.greekrank.com/uni/74/,2026-08-23
Iowa State,Iowa State University,Phi Beta Sigma,,NPHC,,,true,complete,true,https://www.greekrank.com/uni/74/,2026-08-23
Iowa State,Iowa State University,Phi Kappa Psi,,IFC,,,true,complete,true,https://www.greekrank.com/uni/74/,2026-08-23
Iowa State,Iowa State University,Sigma Lambda Beta,,MGC,,,true,complete,true,https://www.greekrank.com/uni/74/,2026-08-23
Iowa State,Iowa State University,Delta Lambda Phi,,IFC,,,true,complete,true,https://www.greekrank.com/uni/74/,2026-08-23
Iowa State,Iowa State University,Alpha Phi Alpha,,NPHC,,,true,complete,true,https://www.greekrank.com/uni/74/,2026-08-23
Iowa State,Iowa State University,Alpha Gamma Delta,,Panhellenic,,,true,complete,true,https://www.greekrank.com/uni/74/,2026-08-23
Iowa State,Iowa State University,Chi Omega,,Panhellenic,,,true,complete,true,https://www.greekrank.com/uni/74/,2026-08-23
Iowa State,Iowa State University,Delta Zeta,,Panhellenic,,,true,complete,true,https://www.greekrank.com/uni/74/,2026-08-23
Iowa State,Iowa State University,Gamma Phi Beta,,Panhellenic,,,true,complete,true,https://www.greekrank.com/uni/74/,2026-08-23
Iowa State,Iowa State University,Kappa Delta,,Panhellenic,,,true,complete,true,https://www.greekrank.com/uni/74/,2026-08-23
Iowa State,Iowa State University,Alpha Delta Pi,,Panhellenic,,,true,complete,true,https://www.greekrank.com/uni/74/,2026-08-23
Iowa State,Iowa State University,Delta Delta Delta,,Panhellenic,,,true,complete,true,https://www.greekrank.com/uni/74/,2026-08-23
Iowa State,Iowa State University,Pi Beta Phi,,Panhellenic,,,true,complete,true,https://www.greekrank.com/uni/74/,2026-08-23
Iowa State,Iowa State University,Sigma Kappa,,Panhellenic,,,true,complete,true,https://www.greekrank.com/uni/74/,2026-08-23
Iowa State,Iowa State University,Delta Gamma,,Panhellenic,,,true,complete,true,https://www.greekrank.com/uni/74/,2026-08-23
Iowa State,Iowa State University,Alpha Chi Omega,,Panhellenic,,,true,complete,true,https://www.greekrank.com/uni/74/,2026-08-23
Iowa State,Iowa State University,Kappa Kappa Gamma,,Panhellenic,,,true,complete,true,https://www.greekrank.com/uni/74/,2026-08-23
Iowa State,Iowa State University,Kappa Alpha Theta,,Panhellenic,,,true,complete,true,https://www.greekrank.com/uni/74/,2026-08-23
Iowa State,Iowa State University,Alpha Omicron Pi,,Panhellenic,,,true,complete,true,https://www.greekrank.com/uni/74/,2026-08-23
Iowa State,Iowa State University,Alpha Phi,,Panhellenic,,,true,complete,true,https://www.greekrank.com/uni/74/,2026-08-23
Iowa State,Iowa State University,Zeta Phi Beta,,NPHC,,,true,complete,true,https://www.greekrank.com/uni/74/,2026-08-23
JSU,Jacksonville State University,Kappa Alpha Order,,IFC,,,true,complete,true,https://www.greekrank.com/uni/278/,2026-08-23
JSU,Jacksonville State University,Kappa Alpha Psi,,NPHC,,,true,complete,true,https://www.greekrank.com/uni/278/,2026-08-23
JSU,Jacksonville State University,Kappa Sigma,,IFC,,,true,complete,true,https://www.greekrank.com/uni/278/,2026-08-23
JSU,Jacksonville State University,Alpha Phi Alpha,,NPHC,,,true,complete,true,https://www.greekrank.com/uni/278/,2026-08-23
JSU,Jacksonville State University,Sigma Phi Epsilon,,IFC,,,true,complete,true,https://www.greekrank.com/uni/278/,2026-08-23
JSU,Jacksonville State University,Delta Chi,,IFC,,,true,complete,true,https://www.greekrank.com/uni/278/,2026-08-23
JSU,Jacksonville State University,Sigma Nu,,IFC,,,true,complete,true,https://www.greekrank.com/uni/278/,2026-08-23
JSU,Jacksonville State University,Pi Kappa Phi,,IFC,,,true,complete,true,https://www.greekrank.com/uni/278/,2026-08-23
JSU,Jacksonville State University,Phi Beta Sigma,,NPHC,,,true,complete,true,https://www.greekrank.com/uni/278/,2026-08-23
JSU,Jacksonville State University,Omega Psi Phi,,NPHC,,,true,complete,true,https://www.greekrank.com/uni/278/,2026-08-23
JSU,Jacksonville State University,Iota Phi Theta,,NPHC,,,true,complete,true,https://www.greekrank.com/uni/278/,2026-08-23
JSU,Jacksonville State University,Alpha Omicron Pi,,Panhellenic,,,true,complete,true,https://www.greekrank.com/uni/278/,2026-08-23
JSU,Jacksonville State University,Delta Zeta,,Panhellenic,,,true,complete,true,https://www.greekrank.com/uni/278/,2026-08-23
JSU,Jacksonville State University,Zeta Tau Alpha,,Panhellenic,,,true,complete,true,https://www.greekrank.com/uni/278/,2026-08-23
JSU,Jacksonville State University,Phi Mu,,Panhellenic,,,true,complete,true,https://www.greekrank.com/uni/278/,2026-08-23
JSU,Jacksonville State University,Alpha Xi Delta,,Panhellenic,,,true,complete,true,https://www.greekrank.com/uni/278/,2026-08-23
JSU,Jacksonville State University,Sigma Gamma Rho,,NPHC,,,true,complete,true,https://www.greekrank.com/uni/278/,2026-08-23
JSU,Jacksonville State University,Delta Sigma Theta,,NPHC,,,true,complete,true,https://www.greekrank.com/uni/278/,2026-08-23
JSU,Jacksonville State University,Zeta Phi Beta,,NPHC,,,true,complete,true,https://www.greekrank.com/uni/278/,2026-08-23
JSU,Jacksonville State University,Alpha Kappa Alpha,,NPHC,,,true,complete,true,https://www.greekrank.com/uni/278/,2026-08-23
Kansas State,Kansas State University,Acacia,,IFC,,,true,complete,true,https://www.greekrank.com/uni/283/,2026-08-23
Kansas State,Kansas State University,Pi Kappa Phi,,IFC,,,true,complete,true,https://www.greekrank.com/uni/283/,2026-08-23
Kansas State,Kansas State University,Alpha Gamma Rho,,IFC,,,true,complete,true,https://www.greekrank.com/uni/283/,2026-08-23
Kansas State,Kansas State University,Sigma Alpha Epsilon,,IFC,,,true,complete,true,https://www.greekrank.com/uni/283/,2026-08-23
Kansas State,Kansas State University,Phi Gamma Delta,,IFC,,,true,complete,true,https://www.greekrank.com/uni/283/,2026-08-23
Kansas State,Kansas State University,Delta Chi,,IFC,,,true,complete,true,https://www.greekrank.com/uni/283/,2026-08-23
Kansas State,Kansas State University,Alpha Phi Alpha,,NPHC,,,true,complete,true,https://www.greekrank.com/uni/283/,2026-08-23
Kansas State,Kansas State University,FarmHouse,,IFC,,,true,complete,true,https://www.greekrank.com/uni/283/,2026-08-23
Kansas State,Kansas State University,Lambda Chi Alpha,,IFC,,,true,complete,true,https://www.greekrank.com/uni/283/,2026-08-23
Kansas State,Kansas State University,Beta Sigma Psi,,IFC,,,true,complete,true,https://www.greekrank.com/uni/283/,2026-08-23
Kansas State,Kansas State University,Pi Kappa Alpha,,IFC,,,true,complete,true,https://www.greekrank.com/uni/283/,2026-08-23
Kansas State,Kansas State University,Sigma Tau Gamma,,IFC,,,true,complete,true,https://www.greekrank.com/uni/283/,2026-08-23
Kansas State,Kansas State University,Kappa Sigma,,IFC,,,true,complete,true,https://www.greekrank.com/uni/283/,2026-08-23
Kansas State,Kansas State University,Phi Delta Theta,,IFC,,,true,complete,true,https://www.greekrank.com/uni/283/,2026-08-23
Kansas State,Kansas State University,Theta Xi,,IFC,,,true,complete,true,https://www.greekrank.com/uni/283/,2026-08-23
Kansas State,Kansas State University,Delta Sigma Phi,,IFC,,,true,complete,true,https://www.greekrank.com/uni/283/,2026-08-23
Kansas State,Kansas State University,Sigma Phi Epsilon,,IFC,,,true,complete,true,https://www.greekrank.com/uni/283/,2026-08-23
Kansas State,Kansas State University,Tau Kappa Epsilon,,IFC,,,true,complete,true,https://www.greekrank.com/uni/283/,2026-08-23
Kansas State,Kansas State University,Delta Lambda Phi,,IFC,,,true,complete,true,https://www.greekrank.com/uni/283/,2026-08-23
Kansas State,Kansas State University,Beta Theta Pi,,IFC,,,true,complete,true,https://www.greekrank.com/uni/283/,2026-08-23
Kansas State,Kansas State University,Sigma Pi,,IFC,,,true,complete,true,https://www.greekrank.com/uni/283/,2026-08-23
Kansas State,Kansas State University,Alpha Tau Omega,,IFC,,,true,complete,true,https://www.greekrank.com/uni/283/,2026-08-23
Kansas State,Kansas State University,Sigma Chi,,IFC,,,true,complete,true,https://www.greekrank.com/uni/283/,2026-08-23
Kansas State,Kansas State University,Delta Upsilon,,IFC,,,true,complete,true,https://www.greekrank.com/uni/283/,2026-08-23
Kansas State,Kansas State University,Delta Tau Delta,,IFC,,,true,complete,true,https://www.greekrank.com/uni/283/,2026-08-23
Kansas State,Kansas State University,Phi Kappa Theta,,IFC,,,true,complete,true,https://www.greekrank.com/uni/283/,2026-08-23
Kansas State,Kansas State University,Triangle,,IFC,,,true,complete,true,https://www.greekrank.com/uni/283/,2026-08-23
Kansas State,Kansas State University,Pi Beta Phi,,Panhellenic,,,true,complete,true,https://www.greekrank.com/uni/283/,2026-08-23
Kansas State,Kansas State University,Alpha Xi Delta,,Panhellenic,,,true,complete,true,https://www.greekrank.com/uni/283/,2026-08-23
Kansas State,Kansas State University,Kappa Kappa Gamma,,Panhellenic,,,true,complete,true,https://www.greekrank.com/uni/283/,2026-08-23
Kansas State,Kansas State University,Gamma Phi Beta,,Panhellenic,,,true,complete,true,https://www.greekrank.com/uni/283/,2026-08-23
Kansas State,Kansas State University,Alpha Delta Pi,,Panhellenic,,,true,complete,true,https://www.greekrank.com/uni/283/,2026-08-23
Kansas State,Kansas State University,Zeta Tau Alpha,,Panhellenic,,,true,complete,true,https://www.greekrank.com/uni/283/,2026-08-23
Kansas State,Kansas State University,Chi Omega,,Panhellenic,,,true,complete,true,https://www.greekrank.com/uni/283/,2026-08-23
Kansas State,Kansas State University,Delta Delta Delta,,Panhellenic,,,true,complete,true,https://www.greekrank.com/uni/283/,2026-08-23
Kansas State,Kansas State University,Kappa Alpha Theta,,Panhellenic,,,true,complete,true,https://www.greekrank.com/uni/283/,2026-08-23
Kansas State,Kansas State University,Kappa Delta,,Panhellenic,,,true,complete,true,https://www.greekrank.com/uni/283/,2026-08-23
Kansas State,Kansas State University,Sigma Kappa,,Panhellenic,,,true,complete,true,https://www.greekrank.com/uni/283/,2026-08-23
Kansas State,Kansas State University,Alpha Chi Omega,,Panhellenic,,,true,complete,true,https://www.greekrank.com/uni/283/,2026-08-23
Kansas State,Kansas State University,Alpha Gamma Delta,,Panhellenic,,,true,complete,true,https://www.greekrank.com/uni/283/,2026-08-23
Kansas State,Kansas State University,Alpha Kappa Alpha,,NPHC,,,true,complete,true,https://www.greekrank.com/uni/283/,2026-08-23
Kansas State,Kansas State University,Sigma Gamma Rho,,NPHC,,,true,complete,true,https://www.greekrank.com/uni/283/,2026-08-23
Kansas State,Kansas State University,Zeta Phi Beta,,NPHC,,,true,complete,true,https://www.greekrank.com/uni/283/,2026-08-23
Kansas State,Kansas State University,Delta Sigma Theta,,NPHC,,,true,complete,true,https://www.greekrank.com/uni/283/,2026-08-23
Lamar,Lamar University,Alpha Tau Omega,,IFC,,,true,complete,true,https://www.greekrank.com/uni/299/,2026-08-23
Lamar,Lamar University,Sigma Phi Epsilon,,IFC,,,true,complete,true,https://www.greekrank.com/uni/299/,2026-08-23
Lamar,Lamar University,Pi Kappa Alpha,,IFC,,,true,complete,true,https://www.greekrank.com/uni/299/,2026-08-23
Lamar,Lamar University,Sigma Nu,,IFC,,,true,complete,true,https://www.greekrank.com/uni/299/,2026-08-23
Lamar,Lamar University,Kappa Alpha Order,,IFC,,,true,complete,true,https://www.greekrank.com/uni/299/,2026-08-23
Lamar,Lamar University,Omega Psi Phi,,NPHC,,,true,complete,true,https://www.greekrank.com/uni/299/,2026-08-23
Lamar,Lamar University,Alpha Phi Alpha,,NPHC,,,true,complete,true,https://www.greekrank.com/uni/299/,2026-08-23
Lamar,Lamar University,Kappa Alpha Psi,,NPHC,,,true,complete,true,https://www.greekrank.com/uni/299/,2026-08-23
Lamar,Lamar University,Phi Beta Sigma,,NPHC,,,true,complete,true,https://www.greekrank.com/uni/299/,2026-08-23
Lamar,Lamar University,Zeta Tau Alpha,,Panhellenic,,,true,complete,true,https://www.greekrank.com/uni/299/,2026-08-23
Lamar,Lamar University,Alpha Delta Pi,,Panhellenic,,,true,complete,true,https://www.greekrank.com/uni/299/,2026-08-23
Lamar,Lamar University,Alpha Chi Omega,,Panhellenic,,,true,complete,true,https://www.greekrank.com/uni/299/,2026-08-23
Lamar,Lamar University,Alpha Kappa Alpha,,NPHC,,,true,complete,true,https://www.greekrank.com/uni/299/,2026-08-23
Lamar,Lamar University,Delta Sigma Theta,,NPHC,,,true,complete,true,https://www.greekrank.com/uni/299/,2026-08-23
Lamar,Lamar University,Sigma Gamma Rho,,NPHC,,,true,complete,true,https://www.greekrank.com/uni/299/,2026-08-23
Lamar,Lamar University,Zeta Phi Beta,,NPHC,,,true,complete,true,https://www.greekrank.com/uni/299/,2026-08-23
Loyola Chicago,Loyola University Chicago,Delta Sigma Phi,,IFC,,,true,complete,true,https://www.greekrank.com/uni/122/,2026-08-23
Loyola Chicago,Loyola University Chicago,Tau Kappa Epsilon,,IFC,,,true,complete,true,https://www.greekrank.com/uni/122/,2026-08-23
Loyola Chicago,Loyola University Chicago,Beta Theta Pi,,IFC,,,true,complete,true,https://www.greekrank.com/uni/122/,2026-08-23
Loyola Chicago,Loyola University Chicago,Sigma Chi,,IFC,,,true,complete,true,https://www.greekrank.com/uni/122/,2026-08-23
Loyola Chicago,Loyola University Chicago,Pi Kappa Phi,,IFC,,,true,complete,true,https://www.greekrank.com/uni/122/,2026-08-23
Loyola Chicago,Loyola University Chicago,Kappa Alpha Psi,,NPHC,,,true,complete,true,https://www.greekrank.com/uni/122/,2026-08-23
Loyola Chicago,Loyola University Chicago,Alpha Phi Alpha,,NPHC,,,true,complete,true,https://www.greekrank.com/uni/122/,2026-08-23
Loyola Chicago,Loyola University Chicago,Alpha Chi Omega,,Panhellenic,,,true,complete,true,https://www.greekrank.com/uni/122/,2026-08-23
Loyola Chicago,Loyola University Chicago,Phi Sigma Sigma,,Panhellenic,,,true,complete,true,https://www.greekrank.com/uni/122/,2026-08-23
Loyola Chicago,Loyola University Chicago,Alpha Delta Pi,,Panhellenic,,,true,complete,true,https://www.greekrank.com/uni/122/,2026-08-23
Loyola Chicago,Loyola University Chicago,Chi Omega,,Panhellenic,,,true,complete,true,https://www.greekrank.com/uni/122/,2026-08-23
Loyola Chicago,Loyola University Chicago,Kappa Kappa Gamma,,Panhellenic,,,true,complete,true,https://www.greekrank.com/uni/122/,2026-08-23
Loyola Chicago,Loyola University Chicago,Alpha Sigma Alpha,,Panhellenic,,,true,complete,true,https://www.greekrank.com/uni/122/,2026-08-23
Morehouse,Morehouse College,Alpha Phi Alpha,,NPHC,,,true,complete,true,https://www.greekrank.com/uni/229/,2026-08-23
Morehouse,Morehouse College,Kappa Alpha Psi,,NPHC,,,true,complete,true,https://www.greekrank.com/uni/229/,2026-08-23
Morehouse,Morehouse College,Phi Beta Sigma,,NPHC,,,true,complete,true,https://www.greekrank.com/uni/229/,2026-08-23
Morehouse,Morehouse College,Omega Psi Phi,,NPHC,,,true,complete,true,https://www.greekrank.com/uni/229/,2026-08-23
Morehouse,Morehouse College,Iota Phi Theta,,NPHC,,,true,complete,true,https://www.greekrank.com/uni/229/,2026-08-23
NYU,New York University,Zeta Beta Tau,,IFC,,,true,complete,true,https://www.greekrank.com/uni/236/,2026-08-23
NYU,New York University,Sigma Phi Epsilon,,IFC,,,true,complete,true,https://www.greekrank.com/uni/236/,2026-08-23
NYU,New York University,Lambda Chi Alpha,,IFC,,,true,complete,true,https://www.greekrank.com/uni/236/,2026-08-23
NYU,New York University,Zeta Psi,,IFC,,,true,complete,true,https://www.greekrank.com/uni/236/,2026-08-23
NYU,New York University,Alpha Phi Delta,,IFC,,,true,complete,true,https://www.greekrank.com/uni/236/,2026-08-23
NYU,New York University,Delta Lambda Phi,,IFC,,,true,complete,true,https://www.greekrank.com/uni/236/,2026-08-23
NYU,New York University,Delta Phi,,IFC,,,true,complete,true,https://www.greekrank.com/uni/236/,2026-08-23
NYU,New York University,Kappa Sigma,,IFC,,,true,complete,true,https://www.greekrank.com/uni/236/,2026-08-23
NYU,New York University,Delta Kappa Epsilon,,IFC,,,true,complete,true,https://www.greekrank.com/uni/236/,2026-08-23
NYU,New York University,Kappa Kappa Gamma,,Panhellenic,,,true,complete,true,https://www.greekrank.com/uni/236/,2026-08-23
NYU,New York University,Zeta Tau Alpha,,Panhellenic,,,true,complete,true,https://www.greekrank.com/uni/236/,2026-08-23
NYU,New York University,Delta Gamma,,Panhellenic,,,true,complete,true,https://www.greekrank.com/uni/236/,2026-08-23
NYU,New York University,Alpha Epsilon Phi,,Panhellenic,,,true,complete,true,https://www.greekrank.com/uni/236/,2026-08-23
NYU,New York University,Pi Beta Phi,,Panhellenic,,,true,complete,true,https://www.greekrank.com/uni/236/,2026-08-23
NYU,New York University,Alpha Sigma Tau,,Panhellenic,,,true,complete,true,https://www.greekrank.com/uni/236/,2026-08-23
NYU,New York University,Delta Phi Epsilon,,Panhellenic,,,true,complete,true,https://www.greekrank.com/uni/236/,2026-08-23
NDSU,North Dakota State University,Theta Chi,,IFC,,,true,complete,true,https://www.greekrank.com/uni/579/,2026-08-23
NDSU,North Dakota State University,Sigma Nu,,IFC,,,true,complete,true,https://www.greekrank.com/uni/579/,2026-08-23
NDSU,North Dakota State University,Sigma Alpha Epsilon,,IFC,,,true,complete,true,https://www.greekrank.com/uni/579/,2026-08-23
NDSU,North Dakota State University,FarmHouse,,IFC,,,true,complete,true,https://www.greekrank.com/uni/579/,2026-08-23
NDSU,North Dakota State University,Alpha Tau Omega,,IFC,,,true,complete,true,https://www.greekrank.com/uni/579/,2026-08-23
NDSU,North Dakota State University,Alpha Gamma Rho,,IFC,,,true,complete,true,https://www.greekrank.com/uni/579/,2026-08-23
NDSU,North Dakota State University,Delta Upsilon,,IFC,,,true,complete,true,https://www.greekrank.com/uni/579/,2026-08-23
NDSU,North Dakota State University,Delta Tau Delta,,IFC,,,true,complete,true,https://www.greekrank.com/uni/579/,2026-08-23
NDSU,North Dakota State University,Tau Kappa Epsilon,,IFC,,,true,complete,true,https://www.greekrank.com/uni/579/,2026-08-23
NDSU,North Dakota State University,Sigma Chi,,IFC,,,true,complete,true,https://www.greekrank.com/uni/579/,2026-08-23
NDSU,North Dakota State University,Omega Psi Phi,,NPHC,,,true,complete,true,https://www.greekrank.com/uni/579/,2026-08-23
NDSU,North Dakota State University,Kappa Alpha Theta,,Panhellenic,,,true,complete,true,https://www.greekrank.com/uni/579/,2026-08-23
NDSU,North Dakota State University,Delta Delta Delta,,Panhellenic,,,true,complete,true,https://www.greekrank.com/uni/579/,2026-08-23
NDSU,North Dakota State University,Alpha Gamma Delta,,Panhellenic,,,true,complete,true,https://www.greekrank.com/uni/579/,2026-08-23
NDSU,North Dakota State University,Kappa Delta,,Panhellenic,,,true,complete,true,https://www.greekrank.com/uni/579/,2026-08-23
Northeastern,Northeastern University,Sigma Phi Epsilon,,IFC,,,true,complete,true,https://www.greekrank.com/uni/108/,2026-08-23
Northeastern,Northeastern University,Delta Tau Delta,,IFC,,,true,complete,true,https://www.greekrank.com/uni/108/,2026-08-23
Northeastern,Northeastern University,Kappa Sigma,,IFC,,,true,complete,true,https://www.greekrank.com/uni/108/,2026-08-23
Northeastern,Northeastern University,Phi Delta Theta,,IFC,,,true,complete,true,https://www.greekrank.com/uni/108/,2026-08-23
Northeastern,Northeastern University,Pi Kappa Alpha,,IFC,,,true,complete,true,https://www.greekrank.com/uni/108/,2026-08-23
Northeastern,Northeastern University,Alpha Epsilon Pi,,IFC,,,true,complete,true,https://www.greekrank.com/uni/108/,2026-08-23
Northeastern,Northeastern University,Beta Theta Pi,,IFC,,,true,complete,true,https://www.greekrank.com/uni/108/,2026-08-23
Northeastern,Northeastern University,Phi Gamma Delta,,IFC,,,true,complete,true,https://www.greekrank.com/uni/108/,2026-08-23
Northeastern,Northeastern University,Zeta Beta Tau,,IFC,,,true,complete,true,https://www.greekrank.com/uni/108/,2026-08-23
Northeastern,Northeastern University,Pi Kappa Phi,,IFC,,,true,complete,true,https://www.greekrank.com/uni/108/,2026-08-23
Northeastern,Northeastern University,Alpha Delta Phi,,IFC,,,true,complete,true,https://www.greekrank.com/uni/108/,2026-08-23
Northeastern,Northeastern University,Kappa Alpha Psi,,NPHC,,,true,complete,true,https://www.greekrank.com/uni/108/,2026-08-23
Northeastern,Northeastern University,Omega Psi Phi,,NPHC,,,true,complete,true,https://www.greekrank.com/uni/108/,2026-08-23
Northeastern,Northeastern University,Iota Phi Theta,,NPHC,,,true,complete,true,https://www.greekrank.com/uni/108/,2026-08-23
Northeastern,Northeastern University,Sigma Beta Rho,,MGC,,,true,complete,true,https://www.greekrank.com/uni/108/,2026-08-23
Northeastern,Northeastern University,Alpha Phi Alpha,,NPHC,,,true,complete,true,https://www.greekrank.com/uni/108/,2026-08-23
Northeastern,Northeastern University,Lambda Phi Epsilon,,MGC,,,true,complete,true,https://www.greekrank.com/uni/108/,2026-08-23
Northeastern,Northeastern University,Delta Zeta,,Panhellenic,,,true,complete,true,https://www.greekrank.com/uni/108/,2026-08-23
Northeastern,Northeastern University,Kappa Delta,,Panhellenic,,,true,complete,true,https://www.greekrank.com/uni/108/,2026-08-23
Northeastern,Northeastern University,Chi Omega,,Panhellenic,,,true,complete,true,https://www.greekrank.com/uni/108/,2026-08-23
Northeastern,Northeastern University,Alpha Chi Omega,,Panhellenic,,,true,complete,true,https://www.greekrank.com/uni/108/,2026-08-23
Northeastern,Northeastern University,Kappa Kappa Gamma,,Panhellenic,,,true,complete,true,https://www.greekrank.com/uni/108/,2026-08-23
Northeastern,Northeastern University,Sigma Delta Tau,,Panhellenic,,,true,complete,true,https://www.greekrank.com/uni/108/,2026-08-23
Northeastern,Northeastern University,Alpha Epsilon Phi,,Panhellenic,,,true,complete,true,https://www.greekrank.com/uni/108/,2026-08-23
Northeastern,Northeastern University,Sigma Kappa,,Panhellenic,,,true,complete,true,https://www.greekrank.com/uni/108/,2026-08-23
Northeastern,Northeastern University,Delta Phi Epsilon,,Panhellenic,,,true,complete,true,https://www.greekrank.com/uni/108/,2026-08-23
Northeastern,Northeastern University,Sigma Sigma Sigma,,Panhellenic,,,true,complete,true,https://www.greekrank.com/uni/108/,2026-08-23
Northeastern,Northeastern University,Alpha Kappa Alpha,,NPHC,,,true,complete,true,https://www.greekrank.com/uni/108/,2026-08-23
Northeastern,Northeastern University,Delta Sigma Theta,,NPHC,,,true,complete,true,https://www.greekrank.com/uni/108/,2026-08-23
Northwestern,Northwestern University,Sigma Lambda Beta,,MGC,,,true,complete,true,https://www.greekrank.com/uni/66/,2026-08-23
Northwestern,Northwestern University,Delta Upsilon,,IFC,,,true,complete,true,https://www.greekrank.com/uni/66/,2026-08-23
Northwestern,Northwestern University,Phi Delta Theta,,IFC,,,true,complete,true,https://www.greekrank.com/uni/66/,2026-08-23
Northwestern,Northwestern University,Sigma Chi,,IFC,,,true,complete,true,https://www.greekrank.com/uni/66/,2026-08-23
Northwestern,Northwestern University,Zeta Beta Tau,,IFC,,,true,complete,true,https://www.greekrank.com/uni/66/,2026-08-23
Northwestern,Northwestern University,Pi Kappa Alpha,,IFC,,,true,complete,true,https://www.greekrank.com/uni/66/,2026-08-23
Northwestern,Northwestern University,Alpha Phi Alpha,,NPHC,,,true,complete,true,https://www.greekrank.com/uni/66/,2026-08-23
Northwestern,Northwestern University,Alpha Epsilon Pi,,IFC,,,true,complete,true,https://www.greekrank.com/uni/66/,2026-08-23
Northwestern,Northwestern University,Phi Kappa Psi,,IFC,,,true,complete,true,https://www.greekrank.com/uni/66/,2026-08-23
Northwestern,Northwestern University,Sigma Nu,,IFC,,,true,complete,true,https://www.greekrank.com/uni/66/,2026-08-23
Northwestern,Northwestern University,Delta Tau Delta,,IFC,,,true,complete,true,https://www.greekrank.com/uni/66/,2026-08-23
Northwestern,Northwestern University,Lambda Chi Alpha,,IFC,,,true,complete,true,https://www.greekrank.com/uni/66/,2026-08-23
Northwestern,Northwestern University,Delta Chi,,IFC,,,true,complete,true,https://www.greekrank.com/uni/66/,2026-08-23
Northwestern,Northwestern University,Phi Gamma Delta,,IFC,,,true,complete,true,https://www.greekrank.com/uni/66/,2026-08-23
Northwestern,Northwestern University,Beta Theta Pi,,IFC,,,true,complete,true,https://www.greekrank.com/uni/66/,2026-08-23
Northwestern,Northwestern University,Sigma Alpha Epsilon,,IFC,,,true,complete,true,https://www.greekrank.com/uni/66/,2026-08-23
Northwestern,Northwestern University,Phi Beta Sigma,,NPHC,,,true,complete,true,https://www.greekrank.com/uni/66/,2026-08-23
Northwestern,Northwestern University,Kappa Alpha Psi,,NPHC,,,true,complete,true,https://www.greekrank.com/uni/66/,2026-08-23
Northwestern,Northwestern University,Theta Chi,,IFC,,,true,complete,true,https://www.greekrank.com/uni/66/,2026-08-23
Northwestern,Northwestern University,Chi Phi,,IFC,,,true,complete,true,https://www.greekrank.com/uni/66/,2026-08-23
Northwestern,Northwestern University,Sigma Phi Epsilon,,IFC,,,true,complete,true,https://www.greekrank.com/uni/66/,2026-08-23
Northwestern,Northwestern University,Chi Psi,,IFC,,,true,complete,true,https://www.greekrank.com/uni/66/,2026-08-23
Northwestern,Northwestern University,Lambda Upsilon Lambda,,MGC,,,true,complete,true,https://www.greekrank.com/uni/66/,2026-08-23
Northwestern,Northwestern University,Omega Delta Phi,,MGC,,,true,complete,true,https://www.greekrank.com/uni/66/,2026-08-23
Northwestern,Northwestern University,Omega Psi Phi,,NPHC,,,true,complete,true,https://www.greekrank.com/uni/66/,2026-08-23
Northwestern,Northwestern University,Kappa Delta,,Panhellenic,,,true,complete,true,https://www.greekrank.com/uni/66/,2026-08-23
Northwestern,Northwestern University,Chi Omega,,Panhellenic,,,true,complete,true,https://www.greekrank.com/uni/66/,2026-08-23
Northwestern,Northwestern University,Delta Gamma,,Panhellenic,,,true,complete,true,https://www.greekrank.com/uni/66/,2026-08-23
Northwestern,Northwestern University,Delta Zeta,,Panhellenic,,,true,complete,true,https://www.greekrank.com/uni/66/,2026-08-23
Northwestern,Northwestern University,Alpha Chi Omega,,Panhellenic,,,true,complete,true,https://www.greekrank.com/uni/66/,2026-08-23
Northwestern,Northwestern University,Zeta Tau Alpha,,Panhellenic,,,true,complete,true,https://www.greekrank.com/uni/66/,2026-08-23
Northwestern,Northwestern University,Delta Delta Delta,,Panhellenic,,,true,complete,true,https://www.greekrank.com/uni/66/,2026-08-23
Northwestern,Northwestern University,Alpha Kappa Alpha,,NPHC,,,true,complete,true,https://www.greekrank.com/uni/66/,2026-08-23
Northwestern,Northwestern University,Alpha Phi,,Panhellenic,,,true,complete,true,https://www.greekrank.com/uni/66/,2026-08-23
Northwestern,Northwestern University,Pi Beta Phi,,Panhellenic,,,true,complete,true,https://www.greekrank.com/uni/66/,2026-08-23
Northwestern,Northwestern University,Lambda Theta Alpha,,MGC,,,true,complete,true,https://www.greekrank.com/uni/66/,2026-08-23
Northwestern,Northwestern University,Gamma Phi Beta,,Panhellenic,,,true,complete,true,https://www.greekrank.com/uni/66/,2026-08-23
Northwestern,Northwestern University,Kappa Alpha Theta,,Panhellenic,,,true,complete,true,https://www.greekrank.com/uni/66/,2026-08-23
Northwestern,Northwestern University,Zeta Phi Beta,,NPHC,,,true,complete,true,https://www.greekrank.com/uni/66/,2026-08-23
Northwestern,Northwestern University,Kappa Phi Lambda,,MGC,,,true,complete,true,https://www.greekrank.com/uni/66/,2026-08-23
Northwestern,Northwestern University,Kappa Kappa Gamma,,Panhellenic,,,true,complete,true,https://www.greekrank.com/uni/66/,2026-08-23
Northwestern,Northwestern University,Delta Sigma Theta,,NPHC,,,true,complete,true,https://www.greekrank.com/uni/66/,2026-08-23
Northwestern,Northwestern University,Sigma Gamma Rho,,NPHC,,,true,complete,true,https://www.greekrank.com/uni/66/,2026-08-23
Northwestern,Northwestern University,Sigma Lambda Gamma,,MGC,,,true,complete,true,https://www.greekrank.com/uni/66/,2026-08-23
Northwestern,Northwestern University,Sigma Psi Zeta,,MGC,,,true,complete,true,https://www.greekrank.com/uni/66/,2026-08-23
Northwestern,Northwestern University,Sigma Sigma Rho,,MGC,,,true,complete,true,https://www.greekrank.com/uni/66/,2026-08-23
ODU,Old Dominion University,Phi Gamma Delta,,IFC,,,true,complete,true,https://www.greekrank.com/uni/254/,2026-08-23
ODU,Old Dominion University,Sigma Pi,,IFC,,,true,complete,true,https://www.greekrank.com/uni/254/,2026-08-23
ODU,Old Dominion University,Theta Chi,,IFC,,,true,complete,true,https://www.greekrank.com/uni/254/,2026-08-23
ODU,Old Dominion University,Pi Kappa Phi,,IFC,,,true,complete,true,https://www.greekrank.com/uni/254/,2026-08-23
ODU,Old Dominion University,Kappa Sigma,,IFC,,,true,complete,true,https://www.greekrank.com/uni/254/,2026-08-23
ODU,Old Dominion University,Phi Delta Theta,,IFC,,,true,complete,true,https://www.greekrank.com/uni/254/,2026-08-23
ODU,Old Dominion University,Sigma Phi Epsilon,,IFC,,,true,complete,true,https://www.greekrank.com/uni/254/,2026-08-23
ODU,Old Dominion University,Phi Kappa Tau,,IFC,,,true,complete,true,https://www.greekrank.com/uni/254/,2026-08-23
ODU,Old Dominion University,Alpha Kappa Lambda,,IFC,,,true,complete,true,https://www.greekrank.com/uni/254/,2026-08-23
ODU,Old Dominion University,Pi Kappa Alpha,,IFC,,,true,complete,true,https://www.greekrank.com/uni/254/,2026-08-23
ODU,Old Dominion University,Alpha Phi Alpha,,NPHC,,,true,complete,true,https://www.greekrank.com/uni/254/,2026-08-23
ODU,Old Dominion University,Kappa Delta Rho,,IFC,,,true,complete,true,https://www.greekrank.com/uni/254/,2026-08-23
ODU,Old Dominion University,Lambda Upsilon Lambda,,MGC,,,true,complete,true,https://www.greekrank.com/uni/254/,2026-08-23
ODU,Old Dominion University,Sigma Nu,,IFC,,,true,complete,true,https://www.greekrank.com/uni/254/,2026-08-23
ODU,Old Dominion University,Phi Beta Sigma,,NPHC,,,true,complete,true,https://www.greekrank.com/uni/254/,2026-08-23
ODU,Old Dominion University,Tau Kappa Epsilon,,IFC,,,true,complete,true,https://www.greekrank.com/uni/254/,2026-08-23
ODU,Old Dominion University,Kappa Alpha Order,,IFC,,,true,complete,true,https://www.greekrank.com/uni/254/,2026-08-23
ODU,Old Dominion University,Omega Psi Phi,,NPHC,,,true,complete,true,https://www.greekrank.com/uni/254/,2026-08-23
ODU,Old Dominion University,Iota Phi Theta,,NPHC,,,true,complete,true,https://www.greekrank.com/uni/254/,2026-08-23
ODU,Old Dominion University,Zeta Tau Alpha,,Panhellenic,,,true,complete,true,https://www.greekrank.com/uni/254/,2026-08-23
ODU,Old Dominion University,Pi Beta Phi,,Panhellenic,,,true,complete,true,https://www.greekrank.com/uni/254/,2026-08-23
ODU,Old Dominion University,Delta Zeta,,Panhellenic,,,true,complete,true,https://www.greekrank.com/uni/254/,2026-08-23
ODU,Old Dominion University,Sigma Sigma Sigma,,Panhellenic,,,true,complete,true,https://www.greekrank.com/uni/254/,2026-08-23
ODU,Old Dominion University,Kappa Delta,,Panhellenic,,,true,complete,true,https://www.greekrank.com/uni/254/,2026-08-23
ODU,Old Dominion University,Alpha Phi,,Panhellenic,,,true,complete,true,https://www.greekrank.com/uni/254/,2026-08-23
ODU,Old Dominion University,Alpha Xi Delta,,Panhellenic,,,true,complete,true,https://www.greekrank.com/uni/254/,2026-08-23
ODU,Old Dominion University,Omega Phi Beta,,,,,true,complete,true,https://www.greekrank.com/uni/254/,2026-08-23
ODU,Old Dominion University,Alpha Kappa Alpha,,NPHC,,,true,complete,true,https://www.greekrank.com/uni/254/,2026-08-23
ODU,Old Dominion University,Zeta Phi Beta,,NPHC,,,true,complete,true,https://www.greekrank.com/uni/254/,2026-08-23
ODU,Old Dominion University,Sigma Gamma Rho,,NPHC,,,true,complete,true,https://www.greekrank.com/uni/254/,2026-08-23
ODU,Old Dominion University,Delta Sigma Theta,,NPHC,,,true,complete,true,https://www.greekrank.com/uni/254/,2026-08-23
ODU,Old Dominion University,Sigma Lambda Upsilon,,MGC,,,true,complete,true,https://www.greekrank.com/uni/254/,2026-08-23
RIT,Rochester Institute of Technology,Sigma Chi,,IFC,,,true,complete,true,https://www.greekrank.com/uni/287/,2026-08-23
RIT,Rochester Institute of Technology,Phi Delta Theta,,IFC,,,true,complete,true,https://www.greekrank.com/uni/287/,2026-08-23
RIT,Rochester Institute of Technology,Theta Chi,,IFC,,,true,complete,true,https://www.greekrank.com/uni/287/,2026-08-23
RIT,Rochester Institute of Technology,Phi Kappa Psi,,IFC,,,true,complete,true,https://www.greekrank.com/uni/287/,2026-08-23
RIT,Rochester Institute of Technology,Tau Kappa Epsilon,,IFC,,,true,complete,true,https://www.greekrank.com/uni/287/,2026-08-23
RIT,Rochester Institute of Technology,Kappa Delta Rho,,IFC,,,true,complete,true,https://www.greekrank.com/uni/287/,2026-08-23
RIT,Rochester Institute of Technology,Sigma Alpha Mu,,IFC,,,true,complete,true,https://www.greekrank.com/uni/287/,2026-08-23
RIT,Rochester Institute of Technology,Alpha Phi Alpha,,NPHC,,,true,complete,true,https://www.greekrank.com/uni/287/,2026-08-23
RIT,Rochester Institute of Technology,Phi Sigma Kappa,,IFC,,,true,complete,true,https://www.greekrank.com/uni/287/,2026-08-23
RIT,Rochester Institute of Technology,Pi Kappa Phi,,IFC,,,true,complete,true,https://www.greekrank.com/uni/287/,2026-08-23
RIT,Rochester Institute of Technology,Delta Sigma Phi,,IFC,,,true,complete,true,https://www.greekrank.com/uni/287/,2026-08-23
RIT,Rochester Institute of Technology,Phi Beta Sigma,,NPHC,,,true,complete,true,https://www.greekrank.com/uni/287/,2026-08-23
RIT,Rochester Institute of Technology,Lambda Alpha Upsilon,,MGC,,,true,complete,true,https://www.greekrank.com/uni/287/,2026-08-23
RIT,Rochester Institute of Technology,Alpha Epsilon Pi,,IFC,,,true,complete,true,https://www.greekrank.com/uni/287/,2026-08-23
RIT,Rochester Institute of Technology,Sigma Nu,,IFC,,,true,complete,true,https://www.greekrank.com/uni/287/,2026-08-23
RIT,Rochester Institute of Technology,Lambda Sigma Upsilon,,,,,true,complete,true,https://www.greekrank.com/uni/287/,2026-08-23
RIT,Rochester Institute of Technology,Omega Psi Phi,,NPHC,,,true,complete,true,https://www.greekrank.com/uni/287/,2026-08-23
RIT,Rochester Institute of Technology,Phi Iota Alpha,,MGC,,,true,complete,true,https://www.greekrank.com/uni/287/,2026-08-23
RIT,Rochester Institute of Technology,Alpha Xi Delta,,Panhellenic,,,true,complete,true,https://www.greekrank.com/uni/287/,2026-08-23
RIT,Rochester Institute of Technology,Delta Phi Epsilon,,Panhellenic,,,true,complete,true,https://www.greekrank.com/uni/287/,2026-08-23
RIT,Rochester Institute of Technology,Alpha Sigma Alpha,,Panhellenic,,,true,complete,true,https://www.greekrank.com/uni/287/,2026-08-23
RIT,Rochester Institute of Technology,Zeta Tau Alpha,,Panhellenic,,,true,complete,true,https://www.greekrank.com/uni/287/,2026-08-23
RIT,Rochester Institute of Technology,Sigma Sigma Sigma,,Panhellenic,,,true,complete,true,https://www.greekrank.com/uni/287/,2026-08-23
RIT,Rochester Institute of Technology,Alpha Kappa Alpha,,NPHC,,,true,complete,true,https://www.greekrank.com/uni/287/,2026-08-23
RIT,Rochester Institute of Technology,Sigma Psi Zeta,,MGC,,,true,complete,true,https://www.greekrank.com/uni/287/,2026-08-23
RIT,Rochester Institute of Technology,Delta Sigma Theta,,NPHC,,,true,complete,true,https://www.greekrank.com/uni/287/,2026-08-23
RIT,Rochester Institute of Technology,Zeta Phi Beta,,NPHC,,,true,complete,true,https://www.greekrank.com/uni/287/,2026-08-23
Rutgers,Rutgers University,Delta Epsilon Psi,,MGC,,,true,complete,true,https://www.greekrank.com/uni/390/,2026-08-23
Rutgers,Rutgers University,Sigma Alpha Mu,,IFC,,,true,complete,true,https://www.greekrank.com/uni/390/,2026-08-23
Rutgers,Rutgers University,Zeta Psi,,IFC,,,true,complete,true,https://www.greekrank.com/uni/390/,2026-08-23
Rutgers,Rutgers University,Sigma Beta Rho,,MGC,,,true,complete,true,https://www.greekrank.com/uni/390/,2026-08-23
Rutgers,Rutgers University,Phi Sigma Kappa,,IFC,,,true,complete,true,https://www.greekrank.com/uni/390/,2026-08-23
Rutgers,Rutgers University,Phi Mu Delta,,IFC,,,true,complete,true,https://www.greekrank.com/uni/390/,2026-08-23
Rutgers,Rutgers University,Alpha Epsilon Pi,,IFC,,,true,complete,true,https://www.greekrank.com/uni/390/,2026-08-23
Rutgers,Rutgers University,Theta Chi,,IFC,,,true,complete,true,https://www.greekrank.com/uni/390/,2026-08-23
Rutgers,Rutgers University,Delta Upsilon,,IFC,,,true,complete,true,https://www.greekrank.com/uni/390/,2026-08-23
Rutgers,Rutgers University,Alpha Sigma Phi,,IFC,,,true,complete,true,https://www.greekrank.com/uni/390/,2026-08-23
Rutgers,Rutgers University,Pi Kappa Phi,,IFC,,,true,complete,true,https://www.greekrank.com/uni/390/,2026-08-23
Rutgers,Rutgers University,Chi Phi,,IFC,,,true,complete,true,https://www.greekrank.com/uni/390/,2026-08-23
Rutgers,Rutgers University,Sigma Chi,,IFC,,,true,complete,true,https://www.greekrank.com/uni/390/,2026-08-23
Rutgers,Rutgers University,Pi Kappa Alpha,,IFC,,,true,complete,true,https://www.greekrank.com/uni/390/,2026-08-23
Rutgers,Rutgers University,Zeta Beta Tau,,IFC,,,true,complete,true,https://www.greekrank.com/uni/390/,2026-08-23
Rutgers,Rutgers University,Tau Epsilon Phi,,IFC,,,true,complete,true,https://www.greekrank.com/uni/390/,2026-08-23
Rutgers,Rutgers University,Delta Phi,,IFC,,,true,complete,true,https://www.greekrank.com/uni/390/,2026-08-23
Rutgers,Rutgers University,Tau Kappa Epsilon,,IFC,,,true,complete,true,https://www.greekrank.com/uni/390/,2026-08-23
Rutgers,Rutgers University,Phi Kappa Tau,,IFC,,,true,complete,true,https://www.greekrank.com/uni/390/,2026-08-23
Rutgers,Rutgers University,Kappa Sigma,,IFC,,,true,complete,true,https://www.greekrank.com/uni/390/,2026-08-23
Rutgers,Rutgers University,Chi Psi,,IFC,,,true,complete,true,https://www.greekrank.com/uni/390/,2026-08-23
Rutgers,Rutgers University,Sigma Alpha Epsilon,,IFC,,,true,complete,true,https://www.greekrank.com/uni/390/,2026-08-23
Rutgers,Rutgers University,Sigma Pi,,IFC,,,true,complete,true,https://www.greekrank.com/uni/390/,2026-08-23
Rutgers,Rutgers University,Phi Kappa Psi,,IFC,,,true,complete,true,https://www.greekrank.com/uni/390/,2026-08-23
Rutgers,Rutgers University,Phi Kappa Sigma,,IFC,,,true,complete,true,https://www.greekrank.com/uni/390/,2026-08-23
Rutgers,Rutgers University,Delta Chi,,IFC,,,true,complete,true,https://www.greekrank.com/uni/390/,2026-08-23
Rutgers,Rutgers University,Iota Nu Delta,,MGC,,,true,complete,true,https://www.greekrank.com/uni/390/,2026-08-23
Rutgers,Rutgers University,Iota Phi Theta,,NPHC,,,true,complete,true,https://www.greekrank.com/uni/390/,2026-08-23
Rutgers,Rutgers University,Phi Gamma Delta,,IFC,,,true,complete,true,https://www.greekrank.com/uni/390/,2026-08-23
Rutgers,Rutgers University,Alpha Phi Alpha,,NPHC,,,true,complete,true,https://www.greekrank.com/uni/390/,2026-08-23
Rutgers,Rutgers University,Phi Delta Theta,,IFC,,,true,complete,true,https://www.greekrank.com/uni/390/,2026-08-23
Rutgers,Rutgers University,Alpha Phi Delta,,IFC,,,true,complete,true,https://www.greekrank.com/uni/390/,2026-08-23
Rutgers,Rutgers University,Alpha Kappa Lambda,,IFC,,,true,complete,true,https://www.greekrank.com/uni/390/,2026-08-23
Rutgers,Rutgers University,Alpha Delta Phi,,IFC,,,true,complete,true,https://www.greekrank.com/uni/390/,2026-08-23
Rutgers,Rutgers University,Lambda Phi Epsilon,,MGC,,,true,complete,true,https://www.greekrank.com/uni/390/,2026-08-23
Rutgers,Rutgers University,Theta Delta Chi,,IFC,,,true,complete,true,https://www.greekrank.com/uni/390/,2026-08-23
Rutgers,Rutgers University,Delta Sigma Phi,,IFC,,,true,complete,true,https://www.greekrank.com/uni/390/,2026-08-23
Rutgers,Rutgers University,Kappa Delta Rho,,IFC,,,true,complete,true,https://www.greekrank.com/uni/390/,2026-08-23
Rutgers,Rutgers University,Phi Beta Sigma,,NPHC,,,true,complete,true,https://www.greekrank.com/uni/390/,2026-08-23
Rutgers,Rutgers University,Pi Lambda Phi,,IFC,,,true,complete,true,https://www.greekrank.com/uni/390/,2026-08-23
Rutgers,Rutgers University,Delta Lambda Phi,,IFC,,,true,complete,true,https://www.greekrank.com/uni/390/,2026-08-23
Rutgers,Rutgers University,Sigma Delta Tau,,Panhellenic,,,true,complete,true,https://www.greekrank.com/uni/390/,2026-08-23
Rutgers,Rutgers University,Delta Gamma,,Panhellenic,,,true,complete,true,https://www.greekrank.com/uni/390/,2026-08-23
Rutgers,Rutgers University,Alpha Chi Omega,,Panhellenic,,,true,complete,true,https://www.greekrank.com/uni/390/,2026-08-23
Rutgers,Rutgers University,Alpha Kappa Alpha,,NPHC,,,true,complete,true,https://www.greekrank.com/uni/390/,2026-08-23
Rutgers,Rutgers University,Zeta Tau Alpha,,Panhellenic,,,true,complete,true,https://www.greekrank.com/uni/390/,2026-08-23
Rutgers,Rutgers University,Phi Mu,,Panhellenic,,,true,complete,true,https://www.greekrank.com/uni/390/,2026-08-23
Rutgers,Rutgers University,Sigma Kappa,,Panhellenic,,,true,complete,true,https://www.greekrank.com/uni/390/,2026-08-23
Rutgers,Rutgers University,Phi Sigma Sigma,,Panhellenic,,,true,complete,true,https://www.greekrank.com/uni/390/,2026-08-23
Rutgers,Rutgers University,Alpha Gamma Delta,,Panhellenic,,,true,complete,true,https://www.greekrank.com/uni/390/,2026-08-23
Rutgers,Rutgers University,Gamma Phi Beta,,Panhellenic,,,true,complete,true,https://www.greekrank.com/uni/390/,2026-08-23
SHSU,Sam Houston State University,Alpha Tau Omega,,IFC,,,true,complete,true,https://www.greekrank.com/uni/397/,2026-08-23
SHSU,Sam Houston State University,Sigma Chi,,IFC,,,true,complete,true,https://www.greekrank.com/uni/397/,2026-08-23
SHSU,Sam Houston State University,Delta Tau Delta,,IFC,,,true,complete,true,https://www.greekrank.com/uni/397/,2026-08-23
SHSU,Sam Houston State University,Theta Chi,,IFC,,,true,complete,true,https://www.greekrank.com/uni/397/,2026-08-23
SHSU,Sam Houston State University,Kappa Alpha Order,,IFC,,,true,complete,true,https://www.greekrank.com/uni/397/,2026-08-23
SHSU,Sam Houston State University,Phi Delta Theta,,IFC,,,true,complete,true,https://www.greekrank.com/uni/397/,2026-08-23
SHSU,Sam Houston State University,Pi Kappa Alpha,,IFC,,,true,complete,true,https://www.greekrank.com/uni/397/,2026-08-23
SHSU,Sam Houston State University,Tau Kappa Epsilon,,IFC,,,true,complete,true,https://www.greekrank.com/uni/397/,2026-08-23
SHSU,Sam Houston State University,Phi Gamma Delta,,IFC,,,true,complete,true,https://www.greekrank.com/uni/397/,2026-08-23
SHSU,Sam Houston State University,Omega Delta Phi,,MGC,,,true,complete,true,https://www.greekrank.com/uni/397/,2026-08-23
SHSU,Sam Houston State University,Alpha Gamma Rho,,IFC,,,true,complete,true,https://www.greekrank.com/uni/397/,2026-08-23
SHSU,Sam Houston State University,Phi Beta Sigma,,NPHC,,,true,complete,true,https://www.greekrank.com/uni/397/,2026-08-23
SHSU,Sam Houston State University,Lambda Chi Alpha,,IFC,,,true,complete,true,https://www.greekrank.com/uni/397/,2026-08-23
SHSU,Sam Houston State University,Kappa Sigma,,IFC,,,true,complete,true,https://www.greekrank.com/uni/397/,2026-08-23
SHSU,Sam Houston State University,Sigma Lambda Beta,,MGC,,,true,complete,true,https://www.greekrank.com/uni/397/,2026-08-23
SHSU,Sam Houston State University,Omega Psi Phi,,NPHC,,,true,complete,true,https://www.greekrank.com/uni/397/,2026-08-23
SHSU,Sam Houston State University,Alpha Phi Alpha,,NPHC,,,true,complete,true,https://www.greekrank.com/uni/397/,2026-08-23
SHSU,Sam Houston State University,Alpha Delta Pi,,Panhellenic,,,true,complete,true,https://www.greekrank.com/uni/397/,2026-08-23
SHSU,Sam Houston State University,Alpha Chi Omega,,Panhellenic,,,true,complete,true,https://www.greekrank.com/uni/397/,2026-08-23
SHSU,Sam Houston State University,Zeta Tau Alpha,,Panhellenic,,,true,complete,true,https://www.greekrank.com/uni/397/,2026-08-23
SHSU,Sam Houston State University,Sigma Sigma Sigma,,Panhellenic,,,true,complete,true,https://www.greekrank.com/uni/397/,2026-08-23
SHSU,Sam Houston State University,Alpha Omicron Pi,,Panhellenic,,,true,complete,true,https://www.greekrank.com/uni/397/,2026-08-23
SHSU,Sam Houston State University,Delta Xi Nu,,MGC,,,true,complete,true,https://www.greekrank.com/uni/397/,2026-08-23
SHSU,Sam Houston State University,Sigma Lambda Gamma,,MGC,,,true,complete,true,https://www.greekrank.com/uni/397/,2026-08-23
SHSU,Sam Houston State University,Sigma Gamma Rho,,NPHC,,,true,complete,true,https://www.greekrank.com/uni/397/,2026-08-23
SHSU,Sam Houston State University,Zeta Phi Beta,,NPHC,,,true,complete,true,https://www.greekrank.com/uni/397/,2026-08-23
SHSU,Sam Houston State University,Alpha Kappa Alpha,,NPHC,,,true,complete,true,https://www.greekrank.com/uni/397/,2026-08-23
SHSU,Sam Houston State University,Kappa Delta Chi,,MGC,,,true,complete,true,https://www.greekrank.com/uni/397/,2026-08-23
San Diego State,San Diego State University,Sigma Chi,,IFC,,,true,complete,true,https://www.greekrank.com/uni/69/,2026-08-23
San Diego State,San Diego State University,Sigma Phi Epsilon,,IFC,,,true,complete,true,https://www.greekrank.com/uni/69/,2026-08-23
San Diego State,San Diego State University,Sigma Alpha Epsilon,,IFC,,,true,complete,true,https://www.greekrank.com/uni/69/,2026-08-23
San Diego State,San Diego State University,Alpha Epsilon Pi,,IFC,,,true,complete,true,https://www.greekrank.com/uni/69/,2026-08-23
San Diego State,San Diego State University,Nu Alpha Kappa,,MGC,,,true,complete,true,https://www.greekrank.com/uni/69/,2026-08-23
San Diego State,San Diego State University,Delta Sigma Phi,,IFC,,,true,complete,true,https://www.greekrank.com/uni/69/,2026-08-23
San Diego State,San Diego State University,Theta Chi,,IFC,,,true,complete,true,https://www.greekrank.com/uni/69/,2026-08-23
San Diego State,San Diego State University,Kappa Alpha Order,,IFC,,,true,complete,true,https://www.greekrank.com/uni/69/,2026-08-23
San Diego State,San Diego State University,Phi Kappa Psi,,IFC,,,true,complete,true,https://www.greekrank.com/uni/69/,2026-08-23
San Diego State,San Diego State University,Delta Upsilon,,IFC,,,true,complete,true,https://www.greekrank.com/uni/69/,2026-08-23
San Diego State,San Diego State University,Kappa Sigma,,IFC,,,true,complete,true,https://www.greekrank.com/uni/69/,2026-08-23
San Diego State,San Diego State University,Zeta Beta Tau,,IFC,,,true,complete,true,https://www.greekrank.com/uni/69/,2026-08-23
San Diego State,San Diego State University,Alpha Psi Rho,,MGC,,,true,complete,true,https://www.greekrank.com/uni/69/,2026-08-23
San Diego State,San Diego State University,Pi Kappa Alpha,,IFC,,,true,complete,true,https://www.greekrank.com/uni/69/,2026-08-23
San Diego State,San Diego State University,Phi Beta Sigma,,NPHC,,,true,complete,true,https://www.greekrank.com/uni/69/,2026-08-23
San Diego State,San Diego State University,Phi Delta Theta,,IFC,,,true,complete,true,https://www.greekrank.com/uni/69/,2026-08-23
San Diego State,San Diego State University,Phi Gamma Delta,,IFC,,,true,complete,true,https://www.greekrank.com/uni/69/,2026-08-23
San Diego State,San Diego State University,Kappa Alpha Psi,,NPHC,,,true,complete,true,https://www.greekrank.com/uni/69/,2026-08-23
San Diego State,San Diego State University,Gamma Zeta Alpha,,MGC,,,true,complete,true,https://www.greekrank.com/uni/69/,2026-08-23
San Diego State,San Diego State University,Sigma Lambda Beta,,MGC,,,true,complete,true,https://www.greekrank.com/uni/69/,2026-08-23
San Diego State,San Diego State University,Kappa Delta,,Panhellenic,,,true,complete,true,https://www.greekrank.com/uni/69/,2026-08-23
San Diego State,San Diego State University,Sigma Gamma Rho,,NPHC,,,true,complete,true,https://www.greekrank.com/uni/69/,2026-08-23
San Diego State,San Diego State University,Delta Sigma Theta,,NPHC,,,true,complete,true,https://www.greekrank.com/uni/69/,2026-08-23
San Diego State,San Diego State University,Gamma Phi Beta,,Panhellenic,,,true,complete,true,https://www.greekrank.com/uni/69/,2026-08-23
San Diego State,San Diego State University,Alpha Kappa Alpha,,NPHC,,,true,complete,true,https://www.greekrank.com/uni/69/,2026-08-23
San Diego State,San Diego State University,Pi Beta Phi,,Panhellenic,,,true,complete,true,https://www.greekrank.com/uni/69/,2026-08-23
San Diego State,San Diego State University,Delta Gamma,,Panhellenic,,,true,complete,true,https://www.greekrank.com/uni/69/,2026-08-23
San Diego State,San Diego State University,Alpha Gamma Delta,,Panhellenic,,,true,complete,true,https://www.greekrank.com/uni/69/,2026-08-23
San Diego State,San Diego State University,Alpha Chi Omega,,Panhellenic,,,true,complete,true,https://www.greekrank.com/uni/69/,2026-08-23
San Diego State,San Diego State University,Lambda Sigma Gamma,,MGC,,,true,complete,true,https://www.greekrank.com/uni/69/,2026-08-23
San Diego State,San Diego State University,Kappa Alpha Theta,,Panhellenic,,,true,complete,true,https://www.greekrank.com/uni/69/,2026-08-23
San Diego State,San Diego State University,Alpha Phi,,Panhellenic,,,true,complete,true,https://www.greekrank.com/uni/69/,2026-08-23
San Diego State,San Diego State University,Delta Zeta,,Panhellenic,,,true,complete,true,https://www.greekrank.com/uni/69/,2026-08-23
San Diego State,San Diego State University,Sigma Phi Omega,,MGC,,,true,complete,true,https://www.greekrank.com/uni/69/,2026-08-23
SFA,Stephen F. Austin State University,Sigma Chi,,IFC,,,true,complete,true,https://www.greekrank.com/uni/423/,2026-08-23
SFA,Stephen F. Austin State University,Phi Delta Theta,,IFC,,,true,complete,true,https://www.greekrank.com/uni/423/,2026-08-23
SFA,Stephen F. Austin State University,Kappa Alpha Order,,IFC,,,true,complete,true,https://www.greekrank.com/uni/423/,2026-08-23
SFA,Stephen F. Austin State University,Sigma Tau Gamma,,IFC,,,true,complete,true,https://www.greekrank.com/uni/423/,2026-08-23
SFA,Stephen F. Austin State University,Delta Tau Delta,,IFC,,,true,complete,true,https://www.greekrank.com/uni/423/,2026-08-23
SFA,Stephen F. Austin State University,Alpha Tau Omega,,IFC,,,true,complete,true,https://www.greekrank.com/uni/423/,2026-08-23
SFA,Stephen F. Austin State University,Delta Sigma Phi,,IFC,,,true,complete,true,https://www.greekrank.com/uni/423/,2026-08-23
SFA,Stephen F. Austin State University,Theta Chi,,IFC,,,true,complete,true,https://www.greekrank.com/uni/423/,2026-08-23
SFA,Stephen F. Austin State University,Phi Kappa Psi,,IFC,,,true,complete,true,https://www.greekrank.com/uni/423/,2026-08-23
SFA,Stephen F. Austin State University,Kappa Sigma,,IFC,,,true,complete,true,https://www.greekrank.com/uni/423/,2026-08-23
SFA,Stephen F. Austin State University,Sigma Alpha Mu,,IFC,,,true,complete,true,https://www.greekrank.com/uni/423/,2026-08-23
SFA,Stephen F. Austin State University,Tau Kappa Epsilon,,IFC,,,true,complete,true,https://www.greekrank.com/uni/423/,2026-08-23
SFA,Stephen F. Austin State University,Pi Kappa Phi,,IFC,,,true,complete,true,https://www.greekrank.com/uni/423/,2026-08-23
SFA,Stephen F. Austin State University,Sigma Lambda Beta,,MGC,,,true,complete,true,https://www.greekrank.com/uni/423/,2026-08-23
SFA,Stephen F. Austin State University,Phi Beta Sigma,,NPHC,,,true,complete,true,https://www.greekrank.com/uni/423/,2026-08-23
SFA,Stephen F. Austin State University,Sigma Nu,,IFC,,,true,complete,true,https://www.greekrank.com/uni/423/,2026-08-23
SFA,Stephen F. Austin State University,Pi Kappa Alpha,,IFC,,,true,complete,true,https://www.greekrank.com/uni/423/,2026-08-23
SFA,Stephen F. Austin State University,Sigma Alpha Epsilon,,IFC,,,true,complete,true,https://www.greekrank.com/uni/423/,2026-08-23
SFA,Stephen F. Austin State University,Delta Chi,,IFC,,,true,complete,true,https://www.greekrank.com/uni/423/,2026-08-23
SFA,Stephen F. Austin State University,Alpha Phi Alpha,,NPHC,,,true,complete,true,https://www.greekrank.com/uni/423/,2026-08-23
SFA,Stephen F. Austin State University,Alpha Gamma Rho,,IFC,,,true,complete,true,https://www.greekrank.com/uni/423/,2026-08-23
SFA,Stephen F. Austin State University,Omega Psi Phi,,NPHC,,,true,complete,true,https://www.greekrank.com/uni/423/,2026-08-23
SFA,Stephen F. Austin State University,Kappa Alpha Psi,,NPHC,,,true,complete,true,https://www.greekrank.com/uni/423/,2026-08-23
SFA,Stephen F. Austin State University,Iota Phi Theta,,NPHC,,,true,complete,true,https://www.greekrank.com/uni/423/,2026-08-23
SFA,Stephen F. Austin State University,Phi Gamma Delta,,IFC,,,true,complete,true,https://www.greekrank.com/uni/423/,2026-08-23
SFA,Stephen F. Austin State University,Zeta Phi Beta,,NPHC,,,true,complete,true,https://www.greekrank.com/uni/423/,2026-08-23
SFA,Stephen F. Austin State University,Delta Delta Delta,,Panhellenic,,,true,complete,true,https://www.greekrank.com/uni/423/,2026-08-23
SFA,Stephen F. Austin State University,Zeta Tau Alpha,,Panhellenic,,,true,complete,true,https://www.greekrank.com/uni/423/,2026-08-23
SFA,Stephen F. Austin State University,Alpha Chi Omega,,Panhellenic,,,true,complete,true,https://www.greekrank.com/uni/423/,2026-08-23
SFA,Stephen F. Austin State University,Chi Omega,,Panhellenic,,,true,complete,true,https://www.greekrank.com/uni/423/,2026-08-23
SFA,Stephen F. Austin State University,Delta Zeta,,Panhellenic,,,true,complete,true,https://www.greekrank.com/uni/423/,2026-08-23
SFA,Stephen F. Austin State University,Alpha Kappa Alpha,,NPHC,,,true,complete,true,https://www.greekrank.com/uni/423/,2026-08-23
SFA,Stephen F. Austin State University,Delta Sigma Theta,,NPHC,,,true,complete,true,https://www.greekrank.com/uni/423/,2026-08-23
TCU,Texas Christian University,Pi Kappa Phi,,IFC,,,true,complete,true,https://www.greekrank.com/uni/79/,2026-08-23
TCU,Texas Christian University,Sigma Chi,,IFC,,,true,complete,true,https://www.greekrank.com/uni/79/,2026-08-23
TCU,Texas Christian University,Sigma Nu,,IFC,,,true,complete,true,https://www.greekrank.com/uni/79/,2026-08-23
TCU,Texas Christian University,Lambda Chi Alpha,,IFC,,,true,complete,true,https://www.greekrank.com/uni/79/,2026-08-23
TCU,Texas Christian University,Kappa Sigma,,IFC,,,true,complete,true,https://www.greekrank.com/uni/79/,2026-08-23
TCU,Texas Christian University,Delta Tau Delta,,IFC,,,true,complete,true,https://www.greekrank.com/uni/79/,2026-08-23
TCU,Texas Christian University,Phi Kappa Sigma,,IFC,,,true,complete,true,https://www.greekrank.com/uni/79/,2026-08-23
TCU,Texas Christian University,Beta Theta Pi,,IFC,,,true,complete,true,https://www.greekrank.com/uni/79/,2026-08-23
TCU,Texas Christian University,Phi Gamma Delta,,IFC,,,true,complete,true,https://www.greekrank.com/uni/79/,2026-08-23
TCU,Texas Christian University,Phi Delta Theta,,IFC,,,true,complete,true,https://www.greekrank.com/uni/79/,2026-08-23
TCU,Texas Christian University,Sigma Alpha Epsilon,,IFC,,,true,complete,true,https://www.greekrank.com/uni/79/,2026-08-23
TCU,Texas Christian University,Sigma Phi Epsilon,,IFC,,,true,complete,true,https://www.greekrank.com/uni/79/,2026-08-23
TCU,Texas Christian University,Phi Beta Sigma,,NPHC,,,true,complete,true,https://www.greekrank.com/uni/79/,2026-08-23
TCU,Texas Christian University,Lambda Theta Phi,,MGC,,,true,complete,true,https://www.greekrank.com/uni/79/,2026-08-23
TCU,Texas Christian University,Alpha Phi Alpha,,NPHC,,,true,complete,true,https://www.greekrank.com/uni/79/,2026-08-23
TCU,Texas Christian University,Zeta Tau Alpha,,Panhellenic,,,true,complete,true,https://www.greekrank.com/uni/79/,2026-08-23
TCU,Texas Christian University,Kappa Alpha Theta,,Panhellenic,,,true,complete,true,https://www.greekrank.com/uni/79/,2026-08-23
TCU,Texas Christian University,Gamma Phi Beta,,Panhellenic,,,true,complete,true,https://www.greekrank.com/uni/79/,2026-08-23
TCU,Texas Christian University,Chi Omega,,Panhellenic,,,true,complete,true,https://www.greekrank.com/uni/79/,2026-08-23
TCU,Texas Christian University,Delta Gamma,,Panhellenic,,,true,complete,true,https://www.greekrank.com/uni/79/,2026-08-23
TCU,Texas Christian University,Phi Mu,,Panhellenic,,,true,complete,true,https://www.greekrank.com/uni/79/,2026-08-23
TCU,Texas Christian University,Kappa Kappa Gamma,,Panhellenic,,,true,complete,true,https://www.greekrank.com/uni/79/,2026-08-23
TCU,Texas Christian University,Alpha Delta Pi,,Panhellenic,,,true,complete,true,https://www.greekrank.com/uni/79/,2026-08-23
TCU,Texas Christian University,Pi Beta Phi,,Panhellenic,,,true,complete,true,https://www.greekrank.com/uni/79/,2026-08-23
TCU,Texas Christian University,Sigma Kappa,,Panhellenic,,,true,complete,true,https://www.greekrank.com/uni/79/,2026-08-23
TCU,Texas Christian University,Alpha Chi Omega,,Panhellenic,,,true,complete,true,https://www.greekrank.com/uni/79/,2026-08-23
TCU,Texas Christian University,Delta Delta Delta,,Panhellenic,,,true,complete,true,https://www.greekrank.com/uni/79/,2026-08-23
TCU,Texas Christian University,Alpha Omicron Pi,,Panhellenic,,,true,complete,true,https://www.greekrank.com/uni/79/,2026-08-23
Texas State,Texas State University,Sigma Alpha Epsilon,,IFC,,,true,complete,true,https://www.greekrank.com/uni/450/,2026-08-23
Texas State,Texas State University,Sigma Chi,,IFC,,,true,complete,true,https://www.greekrank.com/uni/450/,2026-08-23
Texas State,Texas State University,Phi Gamma Delta,,IFC,,,true,complete,true,https://www.greekrank.com/uni/450/,2026-08-23
Texas State,Texas State University,Pi Kappa Phi,,IFC,,,true,complete,true,https://www.greekrank.com/uni/450/,2026-08-23
Texas State,Texas State University,Theta Chi,,IFC,,,true,complete,true,https://www.greekrank.com/uni/450/,2026-08-23
Texas State,Texas State University,Pi Kappa Alpha,,IFC,,,true,complete,true,https://www.greekrank.com/uni/450/,2026-08-23
Texas State,Texas State University,Sigma Nu,,IFC,,,true,complete,true,https://www.greekrank.com/uni/450/,2026-08-23
Texas State,Texas State University,Delta Sigma Phi,,IFC,,,true,complete,true,https://www.greekrank.com/uni/450/,2026-08-23
Texas State,Texas State University,Sigma Tau Gamma,,IFC,,,true,complete,true,https://www.greekrank.com/uni/450/,2026-08-23
Texas State,Texas State University,Alpha Sigma Phi,,IFC,,,true,complete,true,https://www.greekrank.com/uni/450/,2026-08-23
Texas State,Texas State University,Lambda Chi Alpha,,IFC,,,true,complete,true,https://www.greekrank.com/uni/450/,2026-08-23
Texas State,Texas State University,Tau Kappa Epsilon,,IFC,,,true,complete,true,https://www.greekrank.com/uni/450/,2026-08-23
Texas State,Texas State University,Omega Delta Phi,,MGC,,,true,complete,true,https://www.greekrank.com/uni/450/,2026-08-23
Texas State,Texas State University,Delta Phi,,IFC,,,true,complete,true,https://www.greekrank.com/uni/450/,2026-08-23
Texas State,Texas State University,Alpha Delta Pi,,Panhellenic,,,true,complete,true,https://www.greekrank.com/uni/450/,2026-08-23
Texas State,Texas State University,Alpha Xi Delta,,Panhellenic,,,true,complete,true,https://www.greekrank.com/uni/450/,2026-08-23
Texas State,Texas State University,Delta Zeta,,Panhellenic,,,true,complete,true,https://www.greekrank.com/uni/450/,2026-08-23
Texas State,Texas State University,Gamma Phi Beta,,Panhellenic,,,true,complete,true,https://www.greekrank.com/uni/450/,2026-08-23
Texas State,Texas State University,Delta Gamma,,Panhellenic,,,true,complete,true,https://www.greekrank.com/uni/450/,2026-08-23
Texas State,Texas State University,Chi Omega,,Panhellenic,,,true,complete,true,https://www.greekrank.com/uni/450/,2026-08-23
Texas State,Texas State University,Zeta Tau Alpha,,Panhellenic,,,true,complete,true,https://www.greekrank.com/uni/450/,2026-08-23
Texas State,Texas State University,Alpha Gamma Delta,,Panhellenic,,,true,complete,true,https://www.greekrank.com/uni/450/,2026-08-23
Texas State,Texas State University,Delta Sigma Theta,,NPHC,,,true,complete,true,https://www.greekrank.com/uni/450/,2026-08-23
Texas State,Texas State University,Alpha Kappa Alpha,,NPHC,,,true,complete,true,https://www.greekrank.com/uni/450/,2026-08-23
UT Arlington,The University of Texas at Arlington,Kappa Sigma,,IFC,,,true,complete,true,https://www.greekrank.com/uni/363/,2026-08-23
UT Arlington,The University of Texas at Arlington,Delta Upsilon,,IFC,,,true,complete,true,https://www.greekrank.com/uni/363/,2026-08-23
UT Arlington,The University of Texas at Arlington,Phi Delta Theta,,IFC,,,true,complete,true,https://www.greekrank.com/uni/363/,2026-08-23
UT Arlington,The University of Texas at Arlington,Sigma Chi,,IFC,,,true,complete,true,https://www.greekrank.com/uni/363/,2026-08-23
UT Arlington,The University of Texas at Arlington,Alpha Tau Omega,,IFC,,,true,complete,true,https://www.greekrank.com/uni/363/,2026-08-23
UT Arlington,The University of Texas at Arlington,Pi Kappa Alpha,,IFC,,,true,complete,true,https://www.greekrank.com/uni/363/,2026-08-23
UT Arlington,The University of Texas at Arlington,Phi Beta Sigma,,NPHC,,,true,complete,true,https://www.greekrank.com/uni/363/,2026-08-23
UT Arlington,The University of Texas at Arlington,Alpha Phi Alpha,,NPHC,,,true,complete,true,https://www.greekrank.com/uni/363/,2026-08-23
UT Arlington,The University of Texas at Arlington,Omega Psi Phi,,NPHC,,,true,complete,true,https://www.greekrank.com/uni/363/,2026-08-23
UT Arlington,The University of Texas at Arlington,Kappa Alpha Order,,IFC,,,true,complete,true,https://www.greekrank.com/uni/363/,2026-08-23
UT Arlington,The University of Texas at Arlington,Sigma Lambda Beta,,MGC,,,true,complete,true,https://www.greekrank.com/uni/363/,2026-08-23
UT Arlington,The University of Texas at Arlington,Beta Theta Pi,,IFC,,,true,complete,true,https://www.greekrank.com/uni/363/,2026-08-23
UT Arlington,The University of Texas at Arlington,Zeta Phi Beta,,NPHC,,,true,complete,true,https://www.greekrank.com/uni/363/,2026-08-23
UT Arlington,The University of Texas at Arlington,Sigma Lambda Gamma,,MGC,,,true,complete,true,https://www.greekrank.com/uni/363/,2026-08-23
UT Arlington,The University of Texas at Arlington,Delta Delta Delta,,Panhellenic,,,true,complete,true,https://www.greekrank.com/uni/363/,2026-08-23
UT Arlington,The University of Texas at Arlington,Zeta Tau Alpha,,Panhellenic,,,true,complete,true,https://www.greekrank.com/uni/363/,2026-08-23
UT Arlington,The University of Texas at Arlington,Alpha Chi Omega,,Panhellenic,,,true,complete,true,https://www.greekrank.com/uni/363/,2026-08-23
UT Arlington,The University of Texas at Arlington,Delta Zeta,,Panhellenic,,,true,complete,true,https://www.greekrank.com/uni/363/,2026-08-23
UT Arlington,The University of Texas at Arlington,Delta Sigma Theta,,NPHC,,,true,complete,true,https://www.greekrank.com/uni/363/,2026-08-23
UT Arlington,The University of Texas at Arlington,Sigma Gamma Rho,,NPHC,,,true,complete,true,https://www.greekrank.com/uni/363/,2026-08-23
UT Arlington,The University of Texas at Arlington,Alpha Kappa Alpha,,NPHC,,,true,complete,true,https://www.greekrank.com/uni/363/,2026-08-23
UTD,The University of Texas at Dallas,Kappa Sigma,,IFC,,,true,complete,true,https://www.greekrank.com/uni/367/,2026-08-23
UTD,The University of Texas at Dallas,Delta Epsilon Psi,,MGC,,,true,complete,true,https://www.greekrank.com/uni/367/,2026-08-23
UTD,The University of Texas at Dallas,Alpha Phi Alpha,,NPHC,,,true,complete,true,https://www.greekrank.com/uni/367/,2026-08-23
UTD,The University of Texas at Dallas,Chi Phi,,IFC,,,true,complete,true,https://www.greekrank.com/uni/367/,2026-08-23
UTD,The University of Texas at Dallas,Delta Tau Delta,,IFC,,,true,complete,true,https://www.greekrank.com/uni/367/,2026-08-23
UTD,The University of Texas at Dallas,Phi Gamma Delta,,IFC,,,true,complete,true,https://www.greekrank.com/uni/367/,2026-08-23
UTD,The University of Texas at Dallas,Pi Kappa Phi,,IFC,,,true,complete,true,https://www.greekrank.com/uni/367/,2026-08-23
UTD,The University of Texas at Dallas,Phi Delta Theta,,IFC,,,true,complete,true,https://www.greekrank.com/uni/367/,2026-08-23
UTD,The University of Texas at Dallas,Beta Chi Theta,,MGC,,,true,complete,true,https://www.greekrank.com/uni/367/,2026-08-23
UTD,The University of Texas at Dallas,Sigma Alpha Epsilon,,IFC,,,true,complete,true,https://www.greekrank.com/uni/367/,2026-08-23
UTD,The University of Texas at Dallas,Omega Delta Phi,,MGC,,,true,complete,true,https://www.greekrank.com/uni/367/,2026-08-23
UTD,The University of Texas at Dallas,Delta Zeta,,Panhellenic,,,true,complete,true,https://www.greekrank.com/uni/367/,2026-08-23
UTD,The University of Texas at Dallas,Kappa Alpha Theta,,Panhellenic,,,true,complete,true,https://www.greekrank.com/uni/367/,2026-08-23
UTD,The University of Texas at Dallas,Alpha Gamma Delta,,Panhellenic,,,true,complete,true,https://www.greekrank.com/uni/367/,2026-08-23
UTD,The University of Texas at Dallas,Delta Delta Delta,,Panhellenic,,,true,complete,true,https://www.greekrank.com/uni/367/,2026-08-23
UTD,The University of Texas at Dallas,Sigma Phi Omega,,MGC,,,true,complete,true,https://www.greekrank.com/uni/367/,2026-08-23
UTD,The University of Texas at Dallas,Sigma Sigma Rho,,MGC,,,true,complete,true,https://www.greekrank.com/uni/367/,2026-08-23
UTD,The University of Texas at Dallas,Sigma Lambda Alpha,,,,,true,complete,true,https://www.greekrank.com/uni/367/,2026-08-23
UTD,The University of Texas at Dallas,Sigma Lambda Gamma,,MGC,,,true,complete,true,https://www.greekrank.com/uni/367/,2026-08-23
UTD,The University of Texas at Dallas,Delta Kappa Delta,,,,,true,complete,true,https://www.greekrank.com/uni/367/,2026-08-23
UTD,The University of Texas at Dallas,Kappa Delta Chi,,MGC,,,true,complete,true,https://www.greekrank.com/uni/367/,2026-08-23
UTD,The University of Texas at Dallas,Delta Sigma Theta,,NPHC,,,true,complete,true,https://www.greekrank.com/uni/367/,2026-08-23
UTD,The University of Texas at Dallas,Alpha Kappa Alpha,,NPHC,,,true,complete,true,https://www.greekrank.com/uni/367/,2026-08-23
UTSA,The University of Texas at San Antonio,Sigma Lambda Beta,,MGC,,,true,complete,true,https://www.greekrank.com/uni/369/,2026-08-23
UTSA,The University of Texas at San Antonio,Pi Kappa Phi,,IFC,,,true,complete,true,https://www.greekrank.com/uni/369/,2026-08-23
UTSA,The University of Texas at San Antonio,Sigma Pi,,IFC,,,true,complete,true,https://www.greekrank.com/uni/369/,2026-08-23
UTSA,The University of Texas at San Antonio,Phi Gamma Delta,,IFC,,,true,complete,true,https://www.greekrank.com/uni/369/,2026-08-23
UTSA,The University of Texas at San Antonio,Alpha Sigma Phi,,IFC,,,true,complete,true,https://www.greekrank.com/uni/369/,2026-08-23
UTSA,The University of Texas at San Antonio,Sigma Alpha Epsilon,,IFC,,,true,complete,true,https://www.greekrank.com/uni/369/,2026-08-23
UTSA,The University of Texas at San Antonio,Tau Kappa Epsilon,,IFC,,,true,complete,true,https://www.greekrank.com/uni/369/,2026-08-23
UTSA,The University of Texas at San Antonio,Alpha Tau Omega,,IFC,,,true,complete,true,https://www.greekrank.com/uni/369/,2026-08-23
UTSA,The University of Texas at San Antonio,Phi Delta Theta,,IFC,,,true,complete,true,https://www.greekrank.com/uni/369/,2026-08-23
UTSA,The University of Texas at San Antonio,Lambda Chi Alpha,,IFC,,,true,complete,true,https://www.greekrank.com/uni/369/,2026-08-23
UTSA,The University of Texas at San Antonio,Omega Delta Phi,,MGC,,,true,complete,true,https://www.greekrank.com/uni/369/,2026-08-23
UTSA,The University of Texas at San Antonio,Alpha Epsilon Pi,,IFC,,,true,complete,true,https://www.greekrank.com/uni/369/,2026-08-23
UTSA,The University of Texas at San Antonio,Omega Psi Phi,,NPHC,,,true,complete,true,https://www.greekrank.com/uni/369/,2026-08-23
UTSA,The University of Texas at San Antonio,Phi Beta Sigma,,NPHC,,,true,complete,true,https://www.greekrank.com/uni/369/,2026-08-23
UTSA,The University of Texas at San Antonio,Kappa Alpha Psi,,NPHC,,,true,complete,true,https://www.greekrank.com/uni/369/,2026-08-23
UTSA,The University of Texas at San Antonio,Delta Xi Nu,,MGC,,,true,complete,true,https://www.greekrank.com/uni/369/,2026-08-23
UTSA,The University of Texas at San Antonio,Gamma Phi Beta,,Panhellenic,,,true,complete,true,https://www.greekrank.com/uni/369/,2026-08-23
UTSA,The University of Texas at San Antonio,Phi Mu,,Panhellenic,,,true,complete,true,https://www.greekrank.com/uni/369/,2026-08-23
UTSA,The University of Texas at San Antonio,Alpha Omicron Pi,,Panhellenic,,,true,complete,true,https://www.greekrank.com/uni/369/,2026-08-23
UTSA,The University of Texas at San Antonio,Alpha Sigma Alpha,,Panhellenic,,,true,complete,true,https://www.greekrank.com/uni/369/,2026-08-23
UTSA,The University of Texas at San Antonio,Alpha Kappa Alpha,,NPHC,,,true,complete,true,https://www.greekrank.com/uni/369/,2026-08-23
UTSA,The University of Texas at San Antonio,Zeta Tau Alpha,,Panhellenic,,,true,complete,true,https://www.greekrank.com/uni/369/,2026-08-23
UTSA,The University of Texas at San Antonio,Kappa Delta Chi,,MGC,,,true,complete,true,https://www.greekrank.com/uni/369/,2026-08-23
UTSA,The University of Texas at San Antonio,Delta Sigma Theta,,NPHC,,,true,complete,true,https://www.greekrank.com/uni/369/,2026-08-23
UTSA,The University of Texas at San Antonio,Zeta Phi Beta,,NPHC,,,true,complete,true,https://www.greekrank.com/uni/369/,2026-08-23
UTSA,The University of Texas at San Antonio,Alpha Sigma Rho,,,,,true,complete,true,https://www.greekrank.com/uni/369/,2026-08-23
UTSA,The University of Texas at San Antonio,Sigma Gamma Rho,,NPHC,,,true,complete,true,https://www.greekrank.com/uni/369/,2026-08-23
UTSA,The University of Texas at San Antonio,Sigma Lambda Gamma,,MGC,,,true,complete,true,https://www.greekrank.com/uni/369/,2026-08-23
Troy,Troy University,Lambda Chi Alpha,,IFC,,,true,complete,true,https://www.greekrank.com/uni/480/,2026-08-23
Troy,Troy University,FarmHouse,,IFC,,,true,complete,true,https://www.greekrank.com/uni/480/,2026-08-23
Troy,Troy University,Sigma Chi,,IFC,,,true,complete,true,https://www.greekrank.com/uni/480/,2026-08-23
Troy,Troy University,Alpha Tau Omega,,IFC,,,true,complete,true,https://www.greekrank.com/uni/480/,2026-08-23
Troy,Troy University,Delta Kappa Epsilon,,IFC,,,true,complete,true,https://www.greekrank.com/uni/480/,2026-08-23
Troy,Troy University,Pi Kappa Phi,,IFC,,,true,complete,true,https://www.greekrank.com/uni/480/,2026-08-23
Troy,Troy University,Tau Kappa Epsilon,,IFC,,,true,complete,true,https://www.greekrank.com/uni/480/,2026-08-23
Troy,Troy University,Delta Chi,,IFC,,,true,complete,true,https://www.greekrank.com/uni/480/,2026-08-23
Troy,Troy University,Alpha Phi Alpha,,NPHC,,,true,complete,true,https://www.greekrank.com/uni/480/,2026-08-23
Troy,Troy University,Omega Psi Phi,,NPHC,,,true,complete,true,https://www.greekrank.com/uni/480/,2026-08-23
Troy,Troy University,Phi Beta Sigma,,NPHC,,,true,complete,true,https://www.greekrank.com/uni/480/,2026-08-23
Troy,Troy University,Kappa Alpha Psi,,NPHC,,,true,complete,true,https://www.greekrank.com/uni/480/,2026-08-23
Troy,Troy University,Pi Lambda Phi,,IFC,,,true,complete,true,https://www.greekrank.com/uni/480/,2026-08-23
Troy,Troy University,Phi Mu,,Panhellenic,,,true,complete,true,https://www.greekrank.com/uni/480/,2026-08-23
Troy,Troy University,Alpha Gamma Delta,,Panhellenic,,,true,complete,true,https://www.greekrank.com/uni/480/,2026-08-23
Troy,Troy University,Alpha Omicron Pi,,Panhellenic,,,true,complete,true,https://www.greekrank.com/uni/480/,2026-08-23
Troy,Troy University,Kappa Delta,,Panhellenic,,,true,complete,true,https://www.greekrank.com/uni/480/,2026-08-23
Troy,Troy University,Chi Omega,,Panhellenic,,,true,complete,true,https://www.greekrank.com/uni/480/,2026-08-23
Troy,Troy University,Alpha Delta Pi,,Panhellenic,,,true,complete,true,https://www.greekrank.com/uni/480/,2026-08-23
Troy,Troy University,Sigma Gamma Rho,,NPHC,,,true,complete,true,https://www.greekrank.com/uni/480/,2026-08-23
Troy,Troy University,Delta Sigma Theta,,NPHC,,,true,complete,true,https://www.greekrank.com/uni/480/,2026-08-23
Troy,Troy University,Alpha Kappa Alpha,,NPHC,,,true,complete,true,https://www.greekrank.com/uni/480/,2026-08-23
Troy,Troy University,Zeta Phi Beta,,NPHC,,,true,complete,true,https://www.greekrank.com/uni/480/,2026-08-23
Houston,University of Houston,Pi Kappa Phi,,IFC,,,true,complete,true,https://www.greekrank.com/uni/123/,2026-08-23
Houston,University of Houston,Kappa Sigma,,IFC,,,true,complete,true,https://www.greekrank.com/uni/123/,2026-08-23
Houston,University of Houston,Sigma Nu,,IFC,,,true,complete,true,https://www.greekrank.com/uni/123/,2026-08-23
Houston,University of Houston,Sigma Beta Rho,,MGC,,,true,complete,true,https://www.greekrank.com/uni/123/,2026-08-23
Houston,University of Houston,Tau Kappa Epsilon,,IFC,,,true,complete,true,https://www.greekrank.com/uni/123/,2026-08-23
Houston,University of Houston,Sigma Phi Epsilon,,IFC,,,true,complete,true,https://www.greekrank.com/uni/123/,2026-08-23
Houston,University of Houston,Alpha Phi Alpha,,NPHC,,,true,complete,true,https://www.greekrank.com/uni/123/,2026-08-23
Houston,University of Houston,Phi Kappa Theta,,IFC,,,true,complete,true,https://www.greekrank.com/uni/123/,2026-08-23
Houston,University of Houston,Pi Kappa Alpha,,IFC,,,true,complete,true,https://www.greekrank.com/uni/123/,2026-08-23
Houston,University of Houston,Sigma Alpha Epsilon,,IFC,,,true,complete,true,https://www.greekrank.com/uni/123/,2026-08-23
Houston,University of Houston,Sigma Pi,,IFC,,,true,complete,true,https://www.greekrank.com/uni/123/,2026-08-23
Houston,University of Houston,Kappa Alpha Order,,IFC,,,true,complete,true,https://www.greekrank.com/uni/123/,2026-08-23
Houston,University of Houston,Alpha Sigma Phi,,IFC,,,true,complete,true,https://www.greekrank.com/uni/123/,2026-08-23
Houston,University of Houston,Delta Upsilon,,IFC,,,true,complete,true,https://www.greekrank.com/uni/123/,2026-08-23
Houston,University of Houston,Lambda Phi Epsilon,,MGC,,,true,complete,true,https://www.greekrank.com/uni/123/,2026-08-23
Houston,University of Houston,Triangle,,IFC,,,true,complete,true,https://www.greekrank.com/uni/123/,2026-08-23
Houston,University of Houston,Phi Beta Sigma,,NPHC,,,true,complete,true,https://www.greekrank.com/uni/123/,2026-08-23
Houston,University of Houston,Omega Psi Phi,,NPHC,,,true,complete,true,https://www.greekrank.com/uni/123/,2026-08-23
Houston,University of Houston,Delta Epsilon Psi,,MGC,,,true,complete,true,https://www.greekrank.com/uni/123/,2026-08-23
Houston,University of Houston,Beta Theta Pi,,IFC,,,true,complete,true,https://www.greekrank.com/uni/123/,2026-08-23
Houston,University of Houston,Kappa Alpha Psi,,NPHC,,,true,complete,true,https://www.greekrank.com/uni/123/,2026-08-23
Houston,University of Houston,Phi Mu,,Panhellenic,,,true,complete,true,https://www.greekrank.com/uni/123/,2026-08-23
Houston,University of Houston,Zeta Phi Beta,,NPHC,,,true,complete,true,https://www.greekrank.com/uni/123/,2026-08-23
Houston,University of Houston,Delta Zeta,,Panhellenic,,,true,complete,true,https://www.greekrank.com/uni/123/,2026-08-23
Houston,University of Houston,Alpha Chi Omega,,Panhellenic,,,true,complete,true,https://www.greekrank.com/uni/123/,2026-08-23
Houston,University of Houston,Zeta Tau Alpha,,Panhellenic,,,true,complete,true,https://www.greekrank.com/uni/123/,2026-08-23
Houston,University of Houston,Delta Gamma,,Panhellenic,,,true,complete,true,https://www.greekrank.com/uni/123/,2026-08-23
Houston,University of Houston,Chi Omega,,Panhellenic,,,true,complete,true,https://www.greekrank.com/uni/123/,2026-08-23
Houston,University of Houston,Sigma Kappa,,Panhellenic,,,true,complete,true,https://www.greekrank.com/uni/123/,2026-08-23
Houston,University of Houston,Alpha Kappa Alpha,,NPHC,,,true,complete,true,https://www.greekrank.com/uni/123/,2026-08-23
Houston,University of Houston,Delta Sigma Theta,,NPHC,,,true,complete,true,https://www.greekrank.com/uni/123/,2026-08-23
Houston,University of Houston,Sigma Phi Omega,,MGC,,,true,complete,true,https://www.greekrank.com/uni/123/,2026-08-23
Houston,University of Houston,Sigma Gamma Rho,,NPHC,,,true,complete,true,https://www.greekrank.com/uni/123/,2026-08-23
U of I,University of Idaho,Delta Tau Delta,,IFC,,,true,complete,true,https://www.greekrank.com/uni/267/,2026-08-23
U of I,University of Idaho,Lambda Chi Alpha,,IFC,,,true,complete,true,https://www.greekrank.com/uni/267/,2026-08-23
U of I,University of Idaho,Kappa Sigma,,IFC,,,true,complete,true,https://www.greekrank.com/uni/267/,2026-08-23
U of I,University of Idaho,Alpha Gamma Rho,,IFC,,,true,complete,true,https://www.greekrank.com/uni/267/,2026-08-23
U of I,University of Idaho,Sigma Alpha Epsilon,,IFC,,,true,complete,true,https://www.greekrank.com/uni/267/,2026-08-23
U of I,University of Idaho,Pi Kappa Alpha,,IFC,,,true,complete,true,https://www.greekrank.com/uni/267/,2026-08-23
U of I,University of Idaho,Sigma Nu,,IFC,,,true,complete,true,https://www.greekrank.com/uni/267/,2026-08-23
U of I,University of Idaho,Sigma Chi,,IFC,,,true,complete,true,https://www.greekrank.com/uni/267/,2026-08-23
U of I,University of Idaho,Phi Kappa Tau,,IFC,,,true,complete,true,https://www.greekrank.com/uni/267/,2026-08-23
U of I,University of Idaho,Alpha Kappa Lambda,,IFC,,,true,complete,true,https://www.greekrank.com/uni/267/,2026-08-23
U of I,University of Idaho,Phi Delta Theta,,IFC,,,true,complete,true,https://www.greekrank.com/uni/267/,2026-08-23
U of I,University of Idaho,Beta Theta Pi,,IFC,,,true,complete,true,https://www.greekrank.com/uni/267/,2026-08-23
U of I,University of Idaho,Pi Kappa Phi,,IFC,,,true,complete,true,https://www.greekrank.com/uni/267/,2026-08-23
U of I,University of Idaho,Delta Sigma Phi,,IFC,,,true,complete,true,https://www.greekrank.com/uni/267/,2026-08-23
U of I,University of Idaho,Theta Chi,,IFC,,,true,complete,true,https://www.greekrank.com/uni/267/,2026-08-23
U of I,University of Idaho,Delta Chi,,IFC,,,true,complete,true,https://www.greekrank.com/uni/267/,2026-08-23
U of I,University of Idaho,Alpha Tau Omega,,IFC,,,true,complete,true,https://www.greekrank.com/uni/267/,2026-08-23
U of I,University of Idaho,Lambda Theta Phi,,MGC,,,true,complete,true,https://www.greekrank.com/uni/267/,2026-08-23
U of I,University of Idaho,Sigma Lambda Beta,,MGC,,,true,complete,true,https://www.greekrank.com/uni/267/,2026-08-23
U of I,University of Idaho,FarmHouse,,IFC,,,true,complete,true,https://www.greekrank.com/uni/267/,2026-08-23
U of I,University of Idaho,Kappa Kappa Gamma,,Panhellenic,,,true,complete,true,https://www.greekrank.com/uni/267/,2026-08-23
U of I,University of Idaho,Delta Gamma,,Panhellenic,,,true,complete,true,https://www.greekrank.com/uni/267/,2026-08-23
U of I,University of Idaho,Kappa Alpha Theta,,Panhellenic,,,true,complete,true,https://www.greekrank.com/uni/267/,2026-08-23
U of I,University of Idaho,Gamma Phi Beta,,Panhellenic,,,true,complete,true,https://www.greekrank.com/uni/267/,2026-08-23
U of I,University of Idaho,Delta Delta Delta,,Panhellenic,,,true,complete,true,https://www.greekrank.com/uni/267/,2026-08-23
U of I,University of Idaho,Alpha Phi,,Panhellenic,,,true,complete,true,https://www.greekrank.com/uni/267/,2026-08-23
U of I,University of Idaho,Kappa Delta,,Panhellenic,,,true,complete,true,https://www.greekrank.com/uni/267/,2026-08-23
U of I,University of Idaho,Delta Zeta,,Panhellenic,,,true,complete,true,https://www.greekrank.com/uni/267/,2026-08-23
U of I,University of Idaho,Pi Beta Phi,,Panhellenic,,,true,complete,true,https://www.greekrank.com/uni/267/,2026-08-23
U of I,University of Idaho,Alpha Gamma Delta,,Panhellenic,,,true,complete,true,https://www.greekrank.com/uni/267/,2026-08-23
UIC,University of Illinois Chicago,Sigma Alpha Mu,,IFC,,,true,complete,true,https://www.greekrank.com/uni/340/,2026-08-23
UIC,University of Illinois Chicago,Sigma Lambda Beta,,MGC,,,true,complete,true,https://www.greekrank.com/uni/340/,2026-08-23
UIC,University of Illinois Chicago,Phi Kappa Psi,,IFC,,,true,complete,true,https://www.greekrank.com/uni/340/,2026-08-23
UIC,University of Illinois Chicago,Tau Kappa Epsilon,,IFC,,,true,complete,true,https://www.greekrank.com/uni/340/,2026-08-23
UIC,University of Illinois Chicago,Theta Xi,,IFC,,,true,complete,true,https://www.greekrank.com/uni/340/,2026-08-23
UIC,University of Illinois Chicago,Sigma Beta Rho,,MGC,,,true,complete,true,https://www.greekrank.com/uni/340/,2026-08-23
UIC,University of Illinois Chicago,Omega Delta Phi,,MGC,,,true,complete,true,https://www.greekrank.com/uni/340/,2026-08-23
UIC,University of Illinois Chicago,Alpha Phi Alpha,,NPHC,,,true,complete,true,https://www.greekrank.com/uni/340/,2026-08-23
UIC,University of Illinois Chicago,Phi Beta Sigma,,NPHC,,,true,complete,true,https://www.greekrank.com/uni/340/,2026-08-23
UIC,University of Illinois Chicago,Alpha Sigma Tau,,Panhellenic,,,true,complete,true,https://www.greekrank.com/uni/340/,2026-08-23
UIC,University of Illinois Chicago,Delta Phi Epsilon,,Panhellenic,,,true,complete,true,https://www.greekrank.com/uni/340/,2026-08-23
UIC,University of Illinois Chicago,Phi Sigma Sigma,,Panhellenic,,,true,complete,true,https://www.greekrank.com/uni/340/,2026-08-23
UIC,University of Illinois Chicago,Sigma Gamma Rho,,NPHC,,,true,complete,true,https://www.greekrank.com/uni/340/,2026-08-23
UIC,University of Illinois Chicago,Delta Sigma Theta,,NPHC,,,true,complete,true,https://www.greekrank.com/uni/340/,2026-08-23
UIC,University of Illinois Chicago,Zeta Phi Beta,,NPHC,,,true,complete,true,https://www.greekrank.com/uni/340/,2026-08-23
UIC,University of Illinois Chicago,Alpha Kappa Alpha,,NPHC,,,true,complete,true,https://www.greekrank.com/uni/340/,2026-08-23
Illinois,University of Illinois Urbana-Champaign,Delta Chi,,IFC,,,true,complete,true,https://www.greekrank.com/uni/46/,2026-08-23
Illinois,University of Illinois Urbana-Champaign,Phi Kappa Theta,,IFC,,,true,complete,true,https://www.greekrank.com/uni/46/,2026-08-23
Illinois,University of Illinois Urbana-Champaign,Phi Delta Theta,,IFC,,,true,complete,true,https://www.greekrank.com/uni/46/,2026-08-23
Illinois,University of Illinois Urbana-Champaign,Sigma Alpha Epsilon,,IFC,,,true,complete,true,https://www.greekrank.com/uni/46/,2026-08-23
Illinois,University of Illinois Urbana-Champaign,Alpha Epsilon Pi,,IFC,,,true,complete,true,https://www.greekrank.com/uni/46/,2026-08-23
Illinois,University of Illinois Urbana-Champaign,Triangle,,IFC,,,true,complete,true,https://www.greekrank.com/uni/46/,2026-08-23
Illinois,University of Illinois Urbana-Champaign,Sigma Chi,,IFC,,,true,complete,true,https://www.greekrank.com/uni/46/,2026-08-23
Illinois,University of Illinois Urbana-Champaign,FarmHouse,,IFC,,,true,complete,true,https://www.greekrank.com/uni/46/,2026-08-23
Illinois,University of Illinois Urbana-Champaign,Sigma Nu,,IFC,,,true,complete,true,https://www.greekrank.com/uni/46/,2026-08-23
Illinois,University of Illinois Urbana-Champaign,Delta Tau Delta,,IFC,,,true,complete,true,https://www.greekrank.com/uni/46/,2026-08-23
Illinois,University of Illinois Urbana-Champaign,Phi Kappa Tau,,IFC,,,true,complete,true,https://www.greekrank.com/uni/46/,2026-08-23
Illinois,University of Illinois Urbana-Champaign,Kappa Sigma,,IFC,,,true,complete,true,https://www.greekrank.com/uni/46/,2026-08-23
Illinois,University of Illinois Urbana-Champaign,Phi Sigma Kappa,,IFC,,,true,complete,true,https://www.greekrank.com/uni/46/,2026-08-23
Illinois,University of Illinois Urbana-Champaign,Alpha Tau Omega,,IFC,,,true,complete,true,https://www.greekrank.com/uni/46/,2026-08-23
Illinois,University of Illinois Urbana-Champaign,Alpha Delta Phi,,IFC,,,true,complete,true,https://www.greekrank.com/uni/46/,2026-08-23
Illinois,University of Illinois Urbana-Champaign,Phi Kappa Sigma,,IFC,,,true,complete,true,https://www.greekrank.com/uni/46/,2026-08-23
Illinois,University of Illinois Urbana-Champaign,Alpha Kappa Lambda,,IFC,,,true,complete,true,https://www.greekrank.com/uni/46/,2026-08-23
Illinois,University of Illinois Urbana-Champaign,Alpha Gamma Rho,,IFC,,,true,complete,true,https://www.greekrank.com/uni/46/,2026-08-23
Illinois,University of Illinois Urbana-Champaign,Phi Gamma Delta,,IFC,,,true,complete,true,https://www.greekrank.com/uni/46/,2026-08-23
Illinois,University of Illinois Urbana-Champaign,Delta Upsilon,,IFC,,,true,complete,true,https://www.greekrank.com/uni/46/,2026-08-23
Illinois,University of Illinois Urbana-Champaign,Sigma Alpha Mu,,IFC,,,true,complete,true,https://www.greekrank.com/uni/46/,2026-08-23
Illinois,University of Illinois Urbana-Champaign,Omega Delta Phi,,MGC,,,true,complete,true,https://www.greekrank.com/uni/46/,2026-08-23
Illinois,University of Illinois Urbana-Champaign,Pi Kappa Alpha,,IFC,,,true,complete,true,https://www.greekrank.com/uni/46/,2026-08-23
Illinois,University of Illinois Urbana-Champaign,Psi Upsilon,,IFC,,,true,complete,true,https://www.greekrank.com/uni/46/,2026-08-23
Illinois,University of Illinois Urbana-Champaign,Zeta Beta Tau,,IFC,,,true,complete,true,https://www.greekrank.com/uni/46/,2026-08-23
Illinois,University of Illinois Urbana-Champaign,Sigma Tau Gamma,,IFC,,,true,complete,true,https://www.greekrank.com/uni/46/,2026-08-23
Illinois,University of Illinois Urbana-Champaign,Kappa Delta Rho,,IFC,,,true,complete,true,https://www.greekrank.com/uni/46/,2026-08-23
Illinois,University of Illinois Urbana-Champaign,Chi Psi,,IFC,,,true,complete,true,https://www.greekrank.com/uni/46/,2026-08-23
Illinois,University of Illinois Urbana-Champaign,Sigma Phi Epsilon,,IFC,,,true,complete,true,https://www.greekrank.com/uni/46/,2026-08-23
Illinois,University of Illinois Urbana-Champaign,Beta Theta Pi,,IFC,,,true,complete,true,https://www.greekrank.com/uni/46/,2026-08-23
Illinois,University of Illinois Urbana-Champaign,Delta Sigma Phi,,IFC,,,true,complete,true,https://www.greekrank.com/uni/46/,2026-08-23
Illinois,University of Illinois Urbana-Champaign,Alpha Sigma Phi,,IFC,,,true,complete,true,https://www.greekrank.com/uni/46/,2026-08-23
Illinois,University of Illinois Urbana-Champaign,Lambda Chi Alpha,,IFC,,,true,complete,true,https://www.greekrank.com/uni/46/,2026-08-23
Illinois,University of Illinois Urbana-Champaign,Beta Sigma Psi,,IFC,,,true,complete,true,https://www.greekrank.com/uni/46/,2026-08-23
Illinois,University of Illinois Urbana-Champaign,Delta Kappa Epsilon,,IFC,,,true,complete,true,https://www.greekrank.com/uni/46/,2026-08-23
Illinois,University of Illinois Urbana-Champaign,Phi Rho Eta,,MGC,,,true,complete,true,https://www.greekrank.com/uni/46/,2026-08-23
Illinois,University of Illinois Urbana-Champaign,Sigma Beta Rho,,MGC,,,true,complete,true,https://www.greekrank.com/uni/46/,2026-08-23
Illinois,University of Illinois Urbana-Champaign,Theta Chi,,IFC,,,true,complete,true,https://www.greekrank.com/uni/46/,2026-08-23
Illinois,University of Illinois Urbana-Champaign,Lambda Phi Epsilon,,MGC,,,true,complete,true,https://www.greekrank.com/uni/46/,2026-08-23
Illinois,University of Illinois Urbana-Champaign,Theta Xi,,IFC,,,true,complete,true,https://www.greekrank.com/uni/46/,2026-08-23
Illinois,University of Illinois Urbana-Champaign,Zeta Psi,,IFC,,,true,complete,true,https://www.greekrank.com/uni/46/,2026-08-23
Illinois,University of Illinois Urbana-Champaign,Beta Chi Theta,,MGC,,,true,complete,true,https://www.greekrank.com/uni/46/,2026-08-23
Illinois,University of Illinois Urbana-Champaign,Delta Phi,,IFC,,,true,complete,true,https://www.greekrank.com/uni/46/,2026-08-23
Illinois,University of Illinois Urbana-Champaign,Pi Kappa Phi,,IFC,,,true,complete,true,https://www.greekrank.com/uni/46/,2026-08-23
Illinois,University of Illinois Urbana-Champaign,Chi Sigma Tau,,MGC,,,true,complete,true,https://www.greekrank.com/uni/46/,2026-08-23
Illinois,University of Illinois Urbana-Champaign,Phi Kappa Psi,,IFC,,,true,complete,true,https://www.greekrank.com/uni/46/,2026-08-23
Illinois,University of Illinois Urbana-Champaign,Alpha Chi Rho,,IFC,,,true,complete,true,https://www.greekrank.com/uni/46/,2026-08-23
Illinois,University of Illinois Urbana-Champaign,Kappa Alpha Psi,,NPHC,,,true,complete,true,https://www.greekrank.com/uni/46/,2026-08-23
Illinois,University of Illinois Urbana-Champaign,Alpha Phi Alpha,,NPHC,,,true,complete,true,https://www.greekrank.com/uni/46/,2026-08-23
Illinois,University of Illinois Urbana-Champaign,Sigma Pi,,IFC,,,true,complete,true,https://www.greekrank.com/uni/46/,2026-08-23
Illinois,University of Illinois Urbana-Champaign,Acacia,,IFC,,,true,complete,true,https://www.greekrank.com/uni/46/,2026-08-23
Illinois,University of Illinois Urbana-Champaign,Iota Phi Theta,,NPHC,,,true,complete,true,https://www.greekrank.com/uni/46/,2026-08-23
Illinois,University of Illinois Urbana-Champaign,Tau Kappa Epsilon,,IFC,,,true,complete,true,https://www.greekrank.com/uni/46/,2026-08-23
Illinois,University of Illinois Urbana-Champaign,Pi Lambda Phi,,IFC,,,true,complete,true,https://www.greekrank.com/uni/46/,2026-08-23
Illinois,University of Illinois Urbana-Champaign,Phi Beta Sigma,,NPHC,,,true,complete,true,https://www.greekrank.com/uni/46/,2026-08-23
Illinois,University of Illinois Urbana-Champaign,Sigma Lambda Beta,,MGC,,,true,complete,true,https://www.greekrank.com/uni/46/,2026-08-23
Illinois,University of Illinois Urbana-Champaign,Chi Phi,,IFC,,,true,complete,true,https://www.greekrank.com/uni/46/,2026-08-23
Illinois,University of Illinois Urbana-Champaign,Omega Psi Phi,,NPHC,,,true,complete,true,https://www.greekrank.com/uni/46/,2026-08-23
Illinois,University of Illinois Urbana-Champaign,Alpha Gamma Sigma,,IFC,,,true,complete,true,https://www.greekrank.com/uni/46/,2026-08-23
Illinois,University of Illinois Urbana-Champaign,Delta Gamma,,Panhellenic,,,true,complete,true,https://www.greekrank.com/uni/46/,2026-08-23
Illinois,University of Illinois Urbana-Champaign,Kappa Alpha Theta,,Panhellenic,,,true,complete,true,https://www.greekrank.com/uni/46/,2026-08-23
Illinois,University of Illinois Urbana-Champaign,Alpha Chi Omega,,Panhellenic,,,true,complete,true,https://www.greekrank.com/uni/46/,2026-08-23
Illinois,University of Illinois Urbana-Champaign,Chi Omega,,Panhellenic,,,true,complete,true,https://www.greekrank.com/uni/46/,2026-08-23
Illinois,University of Illinois Urbana-Champaign,Alpha Phi,,Panhellenic,,,true,complete,true,https://www.greekrank.com/uni/46/,2026-08-23
Illinois,University of Illinois Urbana-Champaign,Delta Delta Delta,,Panhellenic,,,true,complete,true,https://www.greekrank.com/uni/46/,2026-08-23
Illinois,University of Illinois Urbana-Champaign,Kappa Kappa Gamma,,Panhellenic,,,true,complete,true,https://www.greekrank.com/uni/46/,2026-08-23
Illinois,University of Illinois Urbana-Champaign,Phi Sigma Sigma,,Panhellenic,,,true,complete,true,https://www.greekrank.com/uni/46/,2026-08-23
Illinois,University of Illinois Urbana-Champaign,Kappa Delta,,Panhellenic,,,true,complete,true,https://www.greekrank.com/uni/46/,2026-08-23
Illinois,University of Illinois Urbana-Champaign,Delta Zeta,,Panhellenic,,,true,complete,true,https://www.greekrank.com/uni/46/,2026-08-23
Illinois,University of Illinois Urbana-Champaign,Pi Beta Phi,,Panhellenic,,,true,complete,true,https://www.greekrank.com/uni/46/,2026-08-23
Illinois,University of Illinois Urbana-Champaign,Alpha Gamma Delta,,Panhellenic,,,true,complete,true,https://www.greekrank.com/uni/46/,2026-08-23
Illinois,University of Illinois Urbana-Champaign,Alpha Xi Delta,,Panhellenic,,,true,complete,true,https://www.greekrank.com/uni/46/,2026-08-23
Illinois,University of Illinois Urbana-Champaign,Alpha Delta Pi,,Panhellenic,,,true,complete,true,https://www.greekrank.com/uni/46/,2026-08-23
Illinois,University of Illinois Urbana-Champaign,Alpha Epsilon Phi,,Panhellenic,,,true,complete,true,https://www.greekrank.com/uni/46/,2026-08-23
Illinois,University of Illinois Urbana-Champaign,Alpha Omicron Pi,,Panhellenic,,,true,complete,true,https://www.greekrank.com/uni/46/,2026-08-23
Illinois,University of Illinois Urbana-Champaign,Gamma Phi Beta,,Panhellenic,,,true,complete,true,https://www.greekrank.com/uni/46/,2026-08-23
Illinois,University of Illinois Urbana-Champaign,Sigma Delta Tau,,Panhellenic,,,true,complete,true,https://www.greekrank.com/uni/46/,2026-08-23
Illinois,University of Illinois Urbana-Champaign,Kappa Delta Chi,,MGC,,,true,complete,true,https://www.greekrank.com/uni/46/,2026-08-23
Illinois,University of Illinois Urbana-Champaign,Phi Mu,,Panhellenic,,,true,complete,true,https://www.greekrank.com/uni/46/,2026-08-23
Illinois,University of Illinois Urbana-Champaign,Alpha Kappa Alpha,,NPHC,,,true,complete,true,https://www.greekrank.com/uni/46/,2026-08-23
Illinois,University of Illinois Urbana-Champaign,Delta Sigma Theta,,NPHC,,,true,complete,true,https://www.greekrank.com/uni/46/,2026-08-23
Illinois,University of Illinois Urbana-Champaign,Sigma Kappa,,Panhellenic,,,true,complete,true,https://www.greekrank.com/uni/46/,2026-08-23
Illinois,University of Illinois Urbana-Champaign,Sigma Iota Alpha,,MGC,,,true,complete,true,https://www.greekrank.com/uni/46/,2026-08-23
Illinois,University of Illinois Urbana-Champaign,Kappa Phi Lambda,,MGC,,,true,complete,true,https://www.greekrank.com/uni/46/,2026-08-23
Illinois,University of Illinois Urbana-Champaign,Gamma Phi Omega,,,,,true,complete,true,https://www.greekrank.com/uni/46/,2026-08-23
Illinois,University of Illinois Urbana-Champaign,Delta Xi Phi,,,,,true,complete,true,https://www.greekrank.com/uni/46/,2026-08-23
Illinois,University of Illinois Urbana-Champaign,Alpha Pi Sigma,,MGC,,,true,complete,true,https://www.greekrank.com/uni/46/,2026-08-23
Illinois,University of Illinois Urbana-Champaign,Sigma Gamma Rho,,NPHC,,,true,complete,true,https://www.greekrank.com/uni/46/,2026-08-23
Illinois,University of Illinois Urbana-Champaign,Zeta Phi Beta,,NPHC,,,true,complete,true,https://www.greekrank.com/uni/46/,2026-08-23
Louisville,University of Louisville,Delta Upsilon,,IFC,,,true,complete,true,https://www.greekrank.com/uni/307/,2026-08-23
Louisville,University of Louisville,Phi Kappa Tau,,IFC,,,true,complete,true,https://www.greekrank.com/uni/307/,2026-08-23
Louisville,University of Louisville,Sigma Alpha Epsilon,,IFC,,,true,complete,true,https://www.greekrank.com/uni/307/,2026-08-23
Louisville,University of Louisville,Sigma Phi Epsilon,,IFC,,,true,complete,true,https://www.greekrank.com/uni/307/,2026-08-23
Louisville,University of Louisville,Triangle,,IFC,,,true,complete,true,https://www.greekrank.com/uni/307/,2026-08-23
Louisville,University of Louisville,Pi Kappa Alpha,,IFC,,,true,complete,true,https://www.greekrank.com/uni/307/,2026-08-23
Louisville,University of Louisville,Beta Theta Pi,,IFC,,,true,complete,true,https://www.greekrank.com/uni/307/,2026-08-23
Louisville,University of Louisville,Kappa Sigma,,IFC,,,true,complete,true,https://www.greekrank.com/uni/307/,2026-08-23
Louisville,University of Louisville,Lambda Chi Alpha,,IFC,,,true,complete,true,https://www.greekrank.com/uni/307/,2026-08-23
Louisville,University of Louisville,Sigma Chi,,IFC,,,true,complete,true,https://www.greekrank.com/uni/307/,2026-08-23
Louisville,University of Louisville,Tau Kappa Epsilon,,IFC,,,true,complete,true,https://www.greekrank.com/uni/307/,2026-08-23
Louisville,University of Louisville,Pi Kappa Phi,,IFC,,,true,complete,true,https://www.greekrank.com/uni/307/,2026-08-23
Louisville,University of Louisville,Kappa Alpha Psi,,NPHC,,,true,complete,true,https://www.greekrank.com/uni/307/,2026-08-23
Louisville,University of Louisville,Alpha Tau Omega,,IFC,,,true,complete,true,https://www.greekrank.com/uni/307/,2026-08-23
Louisville,University of Louisville,Sigma Pi,,IFC,,,true,complete,true,https://www.greekrank.com/uni/307/,2026-08-23
Louisville,University of Louisville,Iota Phi Theta,,NPHC,,,true,complete,true,https://www.greekrank.com/uni/307/,2026-08-23
Louisville,University of Louisville,Phi Delta Theta,,IFC,,,true,complete,true,https://www.greekrank.com/uni/307/,2026-08-23
Louisville,University of Louisville,Delta Sigma Theta,,NPHC,,,true,complete,true,https://www.greekrank.com/uni/307/,2026-08-23
Louisville,University of Louisville,Zeta Tau Alpha,,Panhellenic,,,true,complete,true,https://www.greekrank.com/uni/307/,2026-08-23
Louisville,University of Louisville,Pi Beta Phi,,Panhellenic,,,true,complete,true,https://www.greekrank.com/uni/307/,2026-08-23
Louisville,University of Louisville,Kappa Delta,,Panhellenic,,,true,complete,true,https://www.greekrank.com/uni/307/,2026-08-23
Louisville,University of Louisville,Delta Zeta,,Panhellenic,,,true,complete,true,https://www.greekrank.com/uni/307/,2026-08-23
Louisville,University of Louisville,Alpha Omicron Pi,,Panhellenic,,,true,complete,true,https://www.greekrank.com/uni/307/,2026-08-23
Louisville,University of Louisville,Sigma Kappa,,Panhellenic,,,true,complete,true,https://www.greekrank.com/uni/307/,2026-08-23
Louisville,University of Louisville,Chi Omega,,Panhellenic,,,true,complete,true,https://www.greekrank.com/uni/307/,2026-08-23
Louisville,University of Louisville,Kappa Alpha Theta,,Panhellenic,,,true,complete,true,https://www.greekrank.com/uni/307/,2026-08-23
Louisville,University of Louisville,Sigma Gamma Rho,,NPHC,,,true,complete,true,https://www.greekrank.com/uni/307/,2026-08-23
Louisville,University of Louisville,Zeta Phi Beta,,NPHC,,,true,complete,true,https://www.greekrank.com/uni/307/,2026-08-23
Louisville,University of Louisville,Alpha Kappa Alpha,,NPHC,,,true,complete,true,https://www.greekrank.com/uni/307/,2026-08-23
UMass Lowell,University of Massachusetts Lowell,Sigma Beta Rho,,MGC,,,true,complete,true,https://www.greekrank.com/uni/326/,2026-08-23
UMass Lowell,University of Massachusetts Lowell,Sigma Tau Gamma,,IFC,,,true,complete,true,https://www.greekrank.com/uni/326/,2026-08-23
UMass Lowell,University of Massachusetts Lowell,Phi Kappa Sigma,,IFC,,,true,complete,true,https://www.greekrank.com/uni/326/,2026-08-23
UMass Lowell,University of Massachusetts Lowell,Alpha Sigma Tau,,Panhellenic,,,true,complete,true,https://www.greekrank.com/uni/326/,2026-08-23
UMass Lowell,University of Massachusetts Lowell,Kappa Delta Phi Nas,,MGC,,,true,complete,true,https://www.greekrank.com/uni/326/,2026-08-23
Miami,University of Miami,Sigma Chi,,IFC,,,true,complete,true,https://www.greekrank.com/uni/33/,2026-08-23
Miami,University of Miami,Sigma Alpha Mu,,IFC,,,true,complete,true,https://www.greekrank.com/uni/33/,2026-08-23
Miami,University of Miami,Beta Theta Pi,,IFC,,,true,complete,true,https://www.greekrank.com/uni/33/,2026-08-23
Miami,University of Miami,Delta Epsilon Psi,,MGC,,,true,complete,true,https://www.greekrank.com/uni/33/,2026-08-23
Miami,University of Miami,Sigma Phi Epsilon,,IFC,,,true,complete,true,https://www.greekrank.com/uni/33/,2026-08-23
Miami,University of Miami,Zeta Beta Tau,,IFC,,,true,complete,true,https://www.greekrank.com/uni/33/,2026-08-23
Miami,University of Miami,Phi Delta Theta,,IFC,,,true,complete,true,https://www.greekrank.com/uni/33/,2026-08-23
Miami,University of Miami,Pi Kappa Phi,,IFC,,,true,complete,true,https://www.greekrank.com/uni/33/,2026-08-23
Miami,University of Miami,Kappa Sigma,,IFC,,,true,complete,true,https://www.greekrank.com/uni/33/,2026-08-23
Miami,University of Miami,Pi Kappa Alpha,,IFC,,,true,complete,true,https://www.greekrank.com/uni/33/,2026-08-23
Miami,University of Miami,Alpha Sigma Phi,,IFC,,,true,complete,true,https://www.greekrank.com/uni/33/,2026-08-23
Miami,University of Miami,Sigma Alpha Epsilon,,IFC,,,true,complete,true,https://www.greekrank.com/uni/33/,2026-08-23
Miami,University of Miami,Lambda Chi Alpha,,IFC,,,true,complete,true,https://www.greekrank.com/uni/33/,2026-08-23
Miami,University of Miami,Alpha Epsilon Pi,,IFC,,,true,complete,true,https://www.greekrank.com/uni/33/,2026-08-23
Miami,University of Miami,Kappa Alpha Psi,,NPHC,,,true,complete,true,https://www.greekrank.com/uni/33/,2026-08-23
Miami,University of Miami,Phi Iota Alpha,,MGC,,,true,complete,true,https://www.greekrank.com/uni/33/,2026-08-23
Miami,University of Miami,Alpha Phi Alpha,,NPHC,,,true,complete,true,https://www.greekrank.com/uni/33/,2026-08-23
Miami,University of Miami,Lambda Theta Phi,,MGC,,,true,complete,true,https://www.greekrank.com/uni/33/,2026-08-23
Miami,University of Miami,Phi Beta Sigma,,NPHC,,,true,complete,true,https://www.greekrank.com/uni/33/,2026-08-23
Miami,University of Miami,Alpha Delta Pi,,Panhellenic,,,true,complete,true,https://www.greekrank.com/uni/33/,2026-08-23
Miami,University of Miami,Delta Delta Delta,,Panhellenic,,,true,complete,true,https://www.greekrank.com/uni/33/,2026-08-23
Miami,University of Miami,Chi Omega,,Panhellenic,,,true,complete,true,https://www.greekrank.com/uni/33/,2026-08-23
Miami,University of Miami,Zeta Tau Alpha,,Panhellenic,,,true,complete,true,https://www.greekrank.com/uni/33/,2026-08-23
Miami,University of Miami,Sigma Delta Tau,,Panhellenic,,,true,complete,true,https://www.greekrank.com/uni/33/,2026-08-23
Miami,University of Miami,Delta Gamma,,Panhellenic,,,true,complete,true,https://www.greekrank.com/uni/33/,2026-08-23
Miami,University of Miami,Kappa Kappa Gamma,,Panhellenic,,,true,complete,true,https://www.greekrank.com/uni/33/,2026-08-23
Miami,University of Miami,Delta Phi Epsilon,,Panhellenic,,,true,complete,true,https://www.greekrank.com/uni/33/,2026-08-23
Miami,University of Miami,Zeta Phi Beta,,NPHC,,,true,complete,true,https://www.greekrank.com/uni/33/,2026-08-23
Miami,University of Miami,Delta Sigma Theta,,NPHC,,,true,complete,true,https://www.greekrank.com/uni/33/,2026-08-23
Miami,University of Miami,Sigma Gamma Rho,,NPHC,,,true,complete,true,https://www.greekrank.com/uni/33/,2026-08-23
Miami,University of Miami,Alpha Kappa Alpha,,NPHC,,,true,complete,true,https://www.greekrank.com/uni/33/,2026-08-23
Minnesota,University of Minnesota,Beta Chi Theta,,MGC,,,true,complete,true,https://www.greekrank.com/uni/75/,2026-08-23
Minnesota,University of Minnesota,Sigma Phi Epsilon,,IFC,,,true,complete,true,https://www.greekrank.com/uni/75/,2026-08-23
Minnesota,University of Minnesota,Pi Kappa Alpha,,IFC,,,true,complete,true,https://www.greekrank.com/uni/75/,2026-08-23
Minnesota,University of Minnesota,Alpha Tau Omega,,IFC,,,true,complete,true,https://www.greekrank.com/uni/75/,2026-08-23
Minnesota,University of Minnesota,Phi Kappa Psi,,IFC,,,true,complete,true,https://www.greekrank.com/uni/75/,2026-08-23
Minnesota,University of Minnesota,Phi Sigma Kappa,,IFC,,,true,complete,true,https://www.greekrank.com/uni/75/,2026-08-23
Minnesota,University of Minnesota,Sigma Pi,,IFC,,,true,complete,true,https://www.greekrank.com/uni/75/,2026-08-23
Minnesota,University of Minnesota,Kappa Sigma,,IFC,,,true,complete,true,https://www.greekrank.com/uni/75/,2026-08-23
Minnesota,University of Minnesota,Zeta Psi,,IFC,,,true,complete,true,https://www.greekrank.com/uni/75/,2026-08-23
Minnesota,University of Minnesota,Sigma Alpha Epsilon,,IFC,,,true,complete,true,https://www.greekrank.com/uni/75/,2026-08-23
Minnesota,University of Minnesota,Phi Gamma Delta,,IFC,,,true,complete,true,https://www.greekrank.com/uni/75/,2026-08-23
Minnesota,University of Minnesota,Tau Kappa Epsilon,,IFC,,,true,complete,true,https://www.greekrank.com/uni/75/,2026-08-23
Minnesota,University of Minnesota,Alpha Epsilon Pi,,IFC,,,true,complete,true,https://www.greekrank.com/uni/75/,2026-08-23
Minnesota,University of Minnesota,Sigma Chi,,IFC,,,true,complete,true,https://www.greekrank.com/uni/75/,2026-08-23
Minnesota,University of Minnesota,Delta Tau Delta,,IFC,,,true,complete,true,https://www.greekrank.com/uni/75/,2026-08-23
Minnesota,University of Minnesota,Beta Theta Pi,,IFC,,,true,complete,true,https://www.greekrank.com/uni/75/,2026-08-23
Minnesota,University of Minnesota,Theta Chi,,IFC,,,true,complete,true,https://www.greekrank.com/uni/75/,2026-08-23
Minnesota,University of Minnesota,Triangle,,IFC,,,true,complete,true,https://www.greekrank.com/uni/75/,2026-08-23
Minnesota,University of Minnesota,Sigma Alpha Mu,,IFC,,,true,complete,true,https://www.greekrank.com/uni/75/,2026-08-23
Minnesota,University of Minnesota,Sigma Nu,,IFC,,,true,complete,true,https://www.greekrank.com/uni/75/,2026-08-23
Minnesota,University of Minnesota,Delta Kappa Epsilon,,IFC,,,true,complete,true,https://www.greekrank.com/uni/75/,2026-08-23
Minnesota,University of Minnesota,Delta Chi,,IFC,,,true,complete,true,https://www.greekrank.com/uni/75/,2026-08-23
Minnesota,University of Minnesota,Alpha Delta Phi,,IFC,,,true,complete,true,https://www.greekrank.com/uni/75/,2026-08-23
Minnesota,University of Minnesota,Chi Psi,,IFC,,,true,complete,true,https://www.greekrank.com/uni/75/,2026-08-23
Minnesota,University of Minnesota,Phi Delta Theta,,IFC,,,true,complete,true,https://www.greekrank.com/uni/75/,2026-08-23
Minnesota,University of Minnesota,FarmHouse,,IFC,,,true,complete,true,https://www.greekrank.com/uni/75/,2026-08-23
Minnesota,University of Minnesota,Delta Upsilon,,IFC,,,true,complete,true,https://www.greekrank.com/uni/75/,2026-08-23
Minnesota,University of Minnesota,Pi Delta Psi,,MGC,,,true,complete,true,https://www.greekrank.com/uni/75/,2026-08-23
Minnesota,University of Minnesota,Kappa Alpha Psi,,NPHC,,,true,complete,true,https://www.greekrank.com/uni/75/,2026-08-23
Minnesota,University of Minnesota,Delta Lambda Phi,,IFC,,,true,complete,true,https://www.greekrank.com/uni/75/,2026-08-23
Minnesota,University of Minnesota,Sigma Lambda Beta,,MGC,,,true,complete,true,https://www.greekrank.com/uni/75/,2026-08-23
Minnesota,University of Minnesota,Alpha Phi Alpha,,NPHC,,,true,complete,true,https://www.greekrank.com/uni/75/,2026-08-23
Minnesota,University of Minnesota,Alpha Gamma Rho,,IFC,,,true,complete,true,https://www.greekrank.com/uni/75/,2026-08-23
Minnesota,University of Minnesota,Alpha Sigma Phi,,IFC,,,true,complete,true,https://www.greekrank.com/uni/75/,2026-08-23
Minnesota,University of Minnesota,Omega Psi Phi,,NPHC,,,true,complete,true,https://www.greekrank.com/uni/75/,2026-08-23
Minnesota,University of Minnesota,Phi Kappa Sigma,,IFC,,,true,complete,true,https://www.greekrank.com/uni/75/,2026-08-23
Minnesota,University of Minnesota,Kappa Alpha Theta,,Panhellenic,,,true,complete,true,https://www.greekrank.com/uni/75/,2026-08-23
Minnesota,University of Minnesota,Gamma Phi Beta,,Panhellenic,,,true,complete,true,https://www.greekrank.com/uni/75/,2026-08-23
Minnesota,University of Minnesota,Alpha Gamma Delta,,Panhellenic,,,true,complete,true,https://www.greekrank.com/uni/75/,2026-08-23
Minnesota,University of Minnesota,Chi Omega,,Panhellenic,,,true,complete,true,https://www.greekrank.com/uni/75/,2026-08-23
Minnesota,University of Minnesota,Alpha Omicron Pi,,Panhellenic,,,true,complete,true,https://www.greekrank.com/uni/75/,2026-08-23
Minnesota,University of Minnesota,Kappa Kappa Gamma,,Panhellenic,,,true,complete,true,https://www.greekrank.com/uni/75/,2026-08-23
Minnesota,University of Minnesota,Phi Mu,,Panhellenic,,,true,complete,true,https://www.greekrank.com/uni/75/,2026-08-23
Minnesota,University of Minnesota,Alpha Chi Omega,,Panhellenic,,,true,complete,true,https://www.greekrank.com/uni/75/,2026-08-23
Minnesota,University of Minnesota,Delta Gamma,,Panhellenic,,,true,complete,true,https://www.greekrank.com/uni/75/,2026-08-23
Minnesota,University of Minnesota,Pi Beta Phi,,Panhellenic,,,true,complete,true,https://www.greekrank.com/uni/75/,2026-08-23
Minnesota,University of Minnesota,Alpha Epsilon Phi,,Panhellenic,,,true,complete,true,https://www.greekrank.com/uni/75/,2026-08-23
Minnesota,University of Minnesota,Alpha Phi,,Panhellenic,,,true,complete,true,https://www.greekrank.com/uni/75/,2026-08-23
Minnesota,University of Minnesota,Alpha Kappa Alpha,,NPHC,,,true,complete,true,https://www.greekrank.com/uni/75/,2026-08-23
Minnesota,University of Minnesota,Delta Sigma Theta,,NPHC,,,true,complete,true,https://www.greekrank.com/uni/75/,2026-08-23
Nebraska,University of Nebraska-Lincoln,Kappa Sigma,,IFC,,,true,complete,true,https://www.greekrank.com/uni/77/,2026-08-23
Nebraska,University of Nebraska-Lincoln,Beta Theta Pi,,IFC,,,true,complete,true,https://www.greekrank.com/uni/77/,2026-08-23
Nebraska,University of Nebraska-Lincoln,Delta Tau Delta,,IFC,,,true,complete,true,https://www.greekrank.com/uni/77/,2026-08-23
Nebraska,University of Nebraska-Lincoln,FarmHouse,,IFC,,,true,complete,true,https://www.greekrank.com/uni/77/,2026-08-23
Nebraska,University of Nebraska-Lincoln,Phi Delta Theta,,IFC,,,true,complete,true,https://www.greekrank.com/uni/77/,2026-08-23
Nebraska,University of Nebraska-Lincoln,Phi Gamma Delta,,IFC,,,true,complete,true,https://www.greekrank.com/uni/77/,2026-08-23
Nebraska,University of Nebraska-Lincoln,Sigma Phi Epsilon,,IFC,,,true,complete,true,https://www.greekrank.com/uni/77/,2026-08-23
Nebraska,University of Nebraska-Lincoln,Sigma Chi,,IFC,,,true,complete,true,https://www.greekrank.com/uni/77/,2026-08-23
Nebraska,University of Nebraska-Lincoln,Alpha Tau Omega,,IFC,,,true,complete,true,https://www.greekrank.com/uni/77/,2026-08-23
Nebraska,University of Nebraska-Lincoln,Sigma Alpha Epsilon,,IFC,,,true,complete,true,https://www.greekrank.com/uni/77/,2026-08-23
Nebraska,University of Nebraska-Lincoln,Delta Upsilon,,IFC,,,true,complete,true,https://www.greekrank.com/uni/77/,2026-08-23
Nebraska,University of Nebraska-Lincoln,Kappa Alpha Psi,,NPHC,,,true,complete,true,https://www.greekrank.com/uni/77/,2026-08-23
Nebraska,University of Nebraska-Lincoln,Alpha Gamma Sigma,,IFC,,,true,complete,true,https://www.greekrank.com/uni/77/,2026-08-23
Nebraska,University of Nebraska-Lincoln,Pi Kappa Phi,,IFC,,,true,complete,true,https://www.greekrank.com/uni/77/,2026-08-23
Nebraska,University of Nebraska-Lincoln,Theta Xi,,IFC,,,true,complete,true,https://www.greekrank.com/uni/77/,2026-08-23
Nebraska,University of Nebraska-Lincoln,Phi Kappa Theta,,IFC,,,true,complete,true,https://www.greekrank.com/uni/77/,2026-08-23
Nebraska,University of Nebraska-Lincoln,Phi Kappa Psi,,IFC,,,true,complete,true,https://www.greekrank.com/uni/77/,2026-08-23
Nebraska,University of Nebraska-Lincoln,Sigma Alpha Mu,,IFC,,,true,complete,true,https://www.greekrank.com/uni/77/,2026-08-23
Nebraska,University of Nebraska-Lincoln,Sigma Lambda Beta,,MGC,,,true,complete,true,https://www.greekrank.com/uni/77/,2026-08-23
Nebraska,University of Nebraska-Lincoln,Pi Kappa Alpha,,IFC,,,true,complete,true,https://www.greekrank.com/uni/77/,2026-08-23
Nebraska,University of Nebraska-Lincoln,Acacia,,IFC,,,true,complete,true,https://www.greekrank.com/uni/77/,2026-08-23
Nebraska,University of Nebraska-Lincoln,Omega Psi Phi,,NPHC,,,true,complete,true,https://www.greekrank.com/uni/77/,2026-08-23
Nebraska,University of Nebraska-Lincoln,Tau Kappa Epsilon,,IFC,,,true,complete,true,https://www.greekrank.com/uni/77/,2026-08-23
Nebraska,University of Nebraska-Lincoln,Iota Phi Theta,,NPHC,,,true,complete,true,https://www.greekrank.com/uni/77/,2026-08-23
Nebraska,University of Nebraska-Lincoln,Sigma Tau Gamma,,IFC,,,true,complete,true,https://www.greekrank.com/uni/77/,2026-08-23
Nebraska,University of Nebraska-Lincoln,Alpha Gamma Rho,,IFC,,,true,complete,true,https://www.greekrank.com/uni/77/,2026-08-23
Nebraska,University of Nebraska-Lincoln,Chi Phi,,IFC,,,true,complete,true,https://www.greekrank.com/uni/77/,2026-08-23
Nebraska,University of Nebraska-Lincoln,Theta Chi,,IFC,,,true,complete,true,https://www.greekrank.com/uni/77/,2026-08-23
Nebraska,University of Nebraska-Lincoln,Sigma Nu,,IFC,,,true,complete,true,https://www.greekrank.com/uni/77/,2026-08-23
Nebraska,University of Nebraska-Lincoln,Beta Sigma Psi,,IFC,,,true,complete,true,https://www.greekrank.com/uni/77/,2026-08-23
Nebraska,University of Nebraska-Lincoln,Alpha Phi Alpha,,NPHC,,,true,complete,true,https://www.greekrank.com/uni/77/,2026-08-23
Nebraska,University of Nebraska-Lincoln,Triangle,,IFC,,,true,complete,true,https://www.greekrank.com/uni/77/,2026-08-23
Nebraska,University of Nebraska-Lincoln,Lambda Chi Alpha,,IFC,,,true,complete,true,https://www.greekrank.com/uni/77/,2026-08-23
Nebraska,University of Nebraska-Lincoln,Gamma Phi Beta,,Panhellenic,,,true,complete,true,https://www.greekrank.com/uni/77/,2026-08-23
Nebraska,University of Nebraska-Lincoln,Chi Omega,,Panhellenic,,,true,complete,true,https://www.greekrank.com/uni/77/,2026-08-23
Nebraska,University of Nebraska-Lincoln,Delta Gamma,,Panhellenic,,,true,complete,true,https://www.greekrank.com/uni/77/,2026-08-23
Nebraska,University of Nebraska-Lincoln,Kappa Delta,,Panhellenic,,,true,complete,true,https://www.greekrank.com/uni/77/,2026-08-23
Nebraska,University of Nebraska-Lincoln,Delta Delta Delta,,Panhellenic,,,true,complete,true,https://www.greekrank.com/uni/77/,2026-08-23
Nebraska,University of Nebraska-Lincoln,Alpha Phi,,Panhellenic,,,true,complete,true,https://www.greekrank.com/uni/77/,2026-08-23
Nebraska,University of Nebraska-Lincoln,Alpha Omicron Pi,,Panhellenic,,,true,complete,true,https://www.greekrank.com/uni/77/,2026-08-23
Nebraska,University of Nebraska-Lincoln,Alpha Xi Delta,,Panhellenic,,,true,complete,true,https://www.greekrank.com/uni/77/,2026-08-23
Nebraska,University of Nebraska-Lincoln,Kappa Kappa Gamma,,Panhellenic,,,true,complete,true,https://www.greekrank.com/uni/77/,2026-08-23
Nebraska,University of Nebraska-Lincoln,Phi Mu,,Panhellenic,,,true,complete,true,https://www.greekrank.com/uni/77/,2026-08-23
Nebraska,University of Nebraska-Lincoln,Pi Beta Phi,,Panhellenic,,,true,complete,true,https://www.greekrank.com/uni/77/,2026-08-23
Nebraska,University of Nebraska-Lincoln,Alpha Chi Omega,,Panhellenic,,,true,complete,true,https://www.greekrank.com/uni/77/,2026-08-23
Nebraska,University of Nebraska-Lincoln,Kappa Alpha Theta,,Panhellenic,,,true,complete,true,https://www.greekrank.com/uni/77/,2026-08-23
Nebraska,University of Nebraska-Lincoln,Alpha Delta Pi,,Panhellenic,,,true,complete,true,https://www.greekrank.com/uni/77/,2026-08-23
Nebraska,University of Nebraska-Lincoln,Theta Phi Alpha,,Panhellenic,,,true,complete,true,https://www.greekrank.com/uni/77/,2026-08-23
UNC Charlotte,University of North Carolina at Charlotte,Alpha Tau Omega,,IFC,,,true,complete,true,https://www.greekrank.com/uni/327/,2026-08-23
UNC Charlotte,University of North Carolina at Charlotte,Zeta Beta Tau,,IFC,,,true,complete,true,https://www.greekrank.com/uni/327/,2026-08-23
UNC Charlotte,University of North Carolina at Charlotte,Pi Kappa Phi,,IFC,,,true,complete,true,https://www.greekrank.com/uni/327/,2026-08-23
UNC Charlotte,University of North Carolina at Charlotte,Kappa Alpha Order,,IFC,,,true,complete,true,https://www.greekrank.com/uni/327/,2026-08-23
UNC Charlotte,University of North Carolina at Charlotte,Delta Sigma Phi,,IFC,,,true,complete,true,https://www.greekrank.com/uni/327/,2026-08-23
UNC Charlotte,University of North Carolina at Charlotte,Kappa Sigma,,IFC,,,true,complete,true,https://www.greekrank.com/uni/327/,2026-08-23
UNC Charlotte,University of North Carolina at Charlotte,Sigma Alpha Epsilon,,IFC,,,true,complete,true,https://www.greekrank.com/uni/327/,2026-08-23
UNC Charlotte,University of North Carolina at Charlotte,Sigma Tau Gamma,,IFC,,,true,complete,true,https://www.greekrank.com/uni/327/,2026-08-23
UNC Charlotte,University of North Carolina at Charlotte,Sigma Chi,,IFC,,,true,complete,true,https://www.greekrank.com/uni/327/,2026-08-23
UNC Charlotte,University of North Carolina at Charlotte,Alpha Sigma Phi,,IFC,,,true,complete,true,https://www.greekrank.com/uni/327/,2026-08-23
UNC Charlotte,University of North Carolina at Charlotte,Phi Delta Theta,,IFC,,,true,complete,true,https://www.greekrank.com/uni/327/,2026-08-23
UNC Charlotte,University of North Carolina at Charlotte,Kappa Alpha Psi,,NPHC,,,true,complete,true,https://www.greekrank.com/uni/327/,2026-08-23
UNC Charlotte,University of North Carolina at Charlotte,Chi Phi,,IFC,,,true,complete,true,https://www.greekrank.com/uni/327/,2026-08-23
UNC Charlotte,University of North Carolina at Charlotte,Phi Beta Sigma,,NPHC,,,true,complete,true,https://www.greekrank.com/uni/327/,2026-08-23
UNC Charlotte,University of North Carolina at Charlotte,Triangle,,IFC,,,true,complete,true,https://www.greekrank.com/uni/327/,2026-08-23
UNC Charlotte,University of North Carolina at Charlotte,Phi Kappa Psi,,IFC,,,true,complete,true,https://www.greekrank.com/uni/327/,2026-08-23
UNC Charlotte,University of North Carolina at Charlotte,Phi Sigma Kappa,,IFC,,,true,complete,true,https://www.greekrank.com/uni/327/,2026-08-23
UNC Charlotte,University of North Carolina at Charlotte,Iota Phi Theta,,NPHC,,,true,complete,true,https://www.greekrank.com/uni/327/,2026-08-23
UNC Charlotte,University of North Carolina at Charlotte,Alpha Phi Alpha,,NPHC,,,true,complete,true,https://www.greekrank.com/uni/327/,2026-08-23
UNC Charlotte,University of North Carolina at Charlotte,Omega Psi Phi,,NPHC,,,true,complete,true,https://www.greekrank.com/uni/327/,2026-08-23
UNC Charlotte,University of North Carolina at Charlotte,Tau Kappa Epsilon,,IFC,,,true,complete,true,https://www.greekrank.com/uni/327/,2026-08-23
UNC Charlotte,University of North Carolina at Charlotte,Alpha Delta Pi,,Panhellenic,,,true,complete,true,https://www.greekrank.com/uni/327/,2026-08-23
UNC Charlotte,University of North Carolina at Charlotte,Alpha Chi Omega,,Panhellenic,,,true,complete,true,https://www.greekrank.com/uni/327/,2026-08-23
UNC Charlotte,University of North Carolina at Charlotte,Chi Omega,,Panhellenic,,,true,complete,true,https://www.greekrank.com/uni/327/,2026-08-23
UNC Charlotte,University of North Carolina at Charlotte,Kappa Delta,,Panhellenic,,,true,complete,true,https://www.greekrank.com/uni/327/,2026-08-23
UNC Charlotte,University of North Carolina at Charlotte,Alpha Kappa Alpha,,NPHC,,,true,complete,true,https://www.greekrank.com/uni/327/,2026-08-23
UNC Charlotte,University of North Carolina at Charlotte,Sigma Gamma Rho,,NPHC,,,true,complete,true,https://www.greekrank.com/uni/327/,2026-08-23
UNC Charlotte,University of North Carolina at Charlotte,Delta Zeta,,Panhellenic,,,true,complete,true,https://www.greekrank.com/uni/327/,2026-08-23
UNC Charlotte,University of North Carolina at Charlotte,Kappa Alpha Theta,,Panhellenic,,,true,complete,true,https://www.greekrank.com/uni/327/,2026-08-23
UNC Charlotte,University of North Carolina at Charlotte,Sigma Kappa,,Panhellenic,,,true,complete,true,https://www.greekrank.com/uni/327/,2026-08-23
UNC Charlotte,University of North Carolina at Charlotte,Zeta Tau Alpha,,Panhellenic,,,true,complete,true,https://www.greekrank.com/uni/327/,2026-08-23
UNC Charlotte,University of North Carolina at Charlotte,Delta Sigma Theta,,NPHC,,,true,complete,true,https://www.greekrank.com/uni/327/,2026-08-23
UNC Charlotte,University of North Carolina at Charlotte,Zeta Phi Beta,,NPHC,,,true,complete,true,https://www.greekrank.com/uni/327/,2026-08-23
UNCG,University of North Carolina at Greensboro,Lambda Chi Alpha,,IFC,,,true,complete,true,https://www.greekrank.com/uni/328/,2026-08-23
UNCG,University of North Carolina at Greensboro,Kappa Delta Rho,,IFC,,,true,complete,true,https://www.greekrank.com/uni/328/,2026-08-23
UNCG,University of North Carolina at Greensboro,Sigma Phi Epsilon,,IFC,,,true,complete,true,https://www.greekrank.com/uni/328/,2026-08-23
UNCG,University of North Carolina at Greensboro,Theta Delta Chi,,IFC,,,true,complete,true,https://www.greekrank.com/uni/328/,2026-08-23
UNCG,University of North Carolina at Greensboro,Pi Kappa Phi,,IFC,,,true,complete,true,https://www.greekrank.com/uni/328/,2026-08-23
UNCG,University of North Carolina at Greensboro,Phi Beta Sigma,,NPHC,,,true,complete,true,https://www.greekrank.com/uni/328/,2026-08-23
UNCG,University of North Carolina at Greensboro,Kappa Alpha Psi,,NPHC,,,true,complete,true,https://www.greekrank.com/uni/328/,2026-08-23
UNCG,University of North Carolina at Greensboro,Pi Kappa Alpha,,IFC,,,true,complete,true,https://www.greekrank.com/uni/328/,2026-08-23
UNCG,University of North Carolina at Greensboro,Alpha Phi Alpha,,NPHC,,,true,complete,true,https://www.greekrank.com/uni/328/,2026-08-23
UNCG,University of North Carolina at Greensboro,Delta Sigma Phi,,IFC,,,true,complete,true,https://www.greekrank.com/uni/328/,2026-08-23
UNCG,University of North Carolina at Greensboro,Alpha Delta Pi,,Panhellenic,,,true,complete,true,https://www.greekrank.com/uni/328/,2026-08-23
UNCG,University of North Carolina at Greensboro,Alpha Chi Omega,,Panhellenic,,,true,complete,true,https://www.greekrank.com/uni/328/,2026-08-23
UNCG,University of North Carolina at Greensboro,Zeta Phi Beta,,NPHC,,,true,complete,true,https://www.greekrank.com/uni/328/,2026-08-23
UNCG,University of North Carolina at Greensboro,Sigma Gamma Rho,,NPHC,,,true,complete,true,https://www.greekrank.com/uni/328/,2026-08-23
UNCG,University of North Carolina at Greensboro,Chi Omega,,Panhellenic,,,true,complete,true,https://www.greekrank.com/uni/328/,2026-08-23
UNCG,University of North Carolina at Greensboro,Alpha Kappa Alpha,,NPHC,,,true,complete,true,https://www.greekrank.com/uni/328/,2026-08-23
UNCG,University of North Carolina at Greensboro,Sigma Sigma Sigma,,Panhellenic,,,true,complete,true,https://www.greekrank.com/uni/328/,2026-08-23
UNCG,University of North Carolina at Greensboro,Delta Sigma Theta,,NPHC,,,true,complete,true,https://www.greekrank.com/uni/328/,2026-08-23
UNT,University of North Texas,Kappa Sigma,,IFC,,,true,complete,true,https://www.greekrank.com/uni/242/,2026-08-23
UNT,University of North Texas,Sigma Phi Epsilon,,IFC,,,true,complete,true,https://www.greekrank.com/uni/242/,2026-08-23
UNT,University of North Texas,Delta Sigma Phi,,IFC,,,true,complete,true,https://www.greekrank.com/uni/242/,2026-08-23
UNT,University of North Texas,Phi Kappa Tau,,IFC,,,true,complete,true,https://www.greekrank.com/uni/242/,2026-08-23
UNT,University of North Texas,Phi Gamma Delta,,IFC,,,true,complete,true,https://www.greekrank.com/uni/242/,2026-08-23
UNT,University of North Texas,Theta Chi,,IFC,,,true,complete,true,https://www.greekrank.com/uni/242/,2026-08-23
UNT,University of North Texas,Sigma Chi,,IFC,,,true,complete,true,https://www.greekrank.com/uni/242/,2026-08-23
UNT,University of North Texas,Kappa Alpha Order,,IFC,,,true,complete,true,https://www.greekrank.com/uni/242/,2026-08-23
UNT,University of North Texas,Alpha Epsilon Pi,,IFC,,,true,complete,true,https://www.greekrank.com/uni/242/,2026-08-23
UNT,University of North Texas,Pi Kappa Phi,,IFC,,,true,complete,true,https://www.greekrank.com/uni/242/,2026-08-23
UNT,University of North Texas,Alpha Tau Omega,,IFC,,,true,complete,true,https://www.greekrank.com/uni/242/,2026-08-23
UNT,University of North Texas,Lambda Chi Alpha,,IFC,,,true,complete,true,https://www.greekrank.com/uni/242/,2026-08-23
UNT,University of North Texas,Alpha Phi Alpha,,NPHC,,,true,complete,true,https://www.greekrank.com/uni/242/,2026-08-23
UNT,University of North Texas,Phi Kappa Sigma,,IFC,,,true,complete,true,https://www.greekrank.com/uni/242/,2026-08-23
UNT,University of North Texas,Pi Kappa Alpha,,IFC,,,true,complete,true,https://www.greekrank.com/uni/242/,2026-08-23
UNT,University of North Texas,Sigma Lambda Beta,,MGC,,,true,complete,true,https://www.greekrank.com/uni/242/,2026-08-23
UNT,University of North Texas,Omega Psi Phi,,NPHC,,,true,complete,true,https://www.greekrank.com/uni/242/,2026-08-23
UNT,University of North Texas,Phi Beta Sigma,,NPHC,,,true,complete,true,https://www.greekrank.com/uni/242/,2026-08-23
UNT,University of North Texas,Sigma Nu,,IFC,,,true,complete,true,https://www.greekrank.com/uni/242/,2026-08-23
UNT,University of North Texas,Phi Iota Alpha,,MGC,,,true,complete,true,https://www.greekrank.com/uni/242/,2026-08-23
UNT,University of North Texas,Omega Delta Phi,,MGC,,,true,complete,true,https://www.greekrank.com/uni/242/,2026-08-23
UNT,University of North Texas,Lambda Theta Phi,,MGC,,,true,complete,true,https://www.greekrank.com/uni/242/,2026-08-23
UNT,University of North Texas,Iota Phi Theta,,NPHC,,,true,complete,true,https://www.greekrank.com/uni/242/,2026-08-23
UNT,University of North Texas,Pi Beta Phi,,Panhellenic,,,true,complete,true,https://www.greekrank.com/uni/242/,2026-08-23
UNT,University of North Texas,Kappa Delta,,Panhellenic,,,true,complete,true,https://www.greekrank.com/uni/242/,2026-08-23
UNT,University of North Texas,Zeta Phi Beta,,NPHC,,,true,complete,true,https://www.greekrank.com/uni/242/,2026-08-23
UNT,University of North Texas,Lambda Theta Alpha,,MGC,,,true,complete,true,https://www.greekrank.com/uni/242/,2026-08-23
UNT,University of North Texas,Kappa Kappa Gamma,,Panhellenic,,,true,complete,true,https://www.greekrank.com/uni/242/,2026-08-23
UNT,University of North Texas,Delta Phi Omega,,MGC,,,true,complete,true,https://www.greekrank.com/uni/242/,2026-08-23
UNT,University of North Texas,Chi Omega,,Panhellenic,,,true,complete,true,https://www.greekrank.com/uni/242/,2026-08-23
UNT,University of North Texas,Alpha Phi,,Panhellenic,,,true,complete,true,https://www.greekrank.com/uni/242/,2026-08-23
UNT,University of North Texas,Delta Gamma,,Panhellenic,,,true,complete,true,https://www.greekrank.com/uni/242/,2026-08-23
UNT,University of North Texas,Zeta Tau Alpha,,Panhellenic,,,true,complete,true,https://www.greekrank.com/uni/242/,2026-08-23
UNT,University of North Texas,Sigma Gamma Rho,,NPHC,,,true,complete,true,https://www.greekrank.com/uni/242/,2026-08-23
UNT,University of North Texas,Alpha Delta Pi,,Panhellenic,,,true,complete,true,https://www.greekrank.com/uni/242/,2026-08-23
UNT,University of North Texas,Alpha Kappa Alpha,,NPHC,,,true,complete,true,https://www.greekrank.com/uni/242/,2026-08-23
UNT,University of North Texas,Sigma Lambda Gamma,,MGC,,,true,complete,true,https://www.greekrank.com/uni/242/,2026-08-23
UNT,University of North Texas,Kappa Delta Chi,,MGC,,,true,complete,true,https://www.greekrank.com/uni/242/,2026-08-23
UNT,University of North Texas,Delta Kappa Delta,,,,,true,complete,true,https://www.greekrank.com/uni/242/,2026-08-23
UNT,University of North Texas,Delta Sigma Theta,,NPHC,,,true,complete,true,https://www.greekrank.com/uni/242/,2026-08-23
Penn,University of Pennsylvania,Alpha Tau Omega,,IFC,,,true,complete,true,https://www.greekrank.com/uni/76/,2026-08-23
Penn,University of Pennsylvania,Pi Kappa Alpha,,IFC,,,true,complete,true,https://www.greekrank.com/uni/76/,2026-08-23
Penn,University of Pennsylvania,Alpha Chi Rho,,IFC,,,true,complete,true,https://www.greekrank.com/uni/76/,2026-08-23
Penn,University of Pennsylvania,Phi Kappa Psi,,IFC,,,true,complete,true,https://www.greekrank.com/uni/76/,2026-08-23
Penn,University of Pennsylvania,Phi Delta Theta,,IFC,,,true,complete,true,https://www.greekrank.com/uni/76/,2026-08-23
Penn,University of Pennsylvania,Phi Gamma Delta,,IFC,,,true,complete,true,https://www.greekrank.com/uni/76/,2026-08-23
Penn,University of Pennsylvania,Sigma Phi Epsilon,,IFC,,,true,complete,true,https://www.greekrank.com/uni/76/,2026-08-23
Penn,University of Pennsylvania,Kappa Alpha Psi,,NPHC,,,true,complete,true,https://www.greekrank.com/uni/76/,2026-08-23
Penn,University of Pennsylvania,Delta Psi,,,,,true,complete,true,https://www.greekrank.com/uni/76/,2026-08-23
Penn,University of Pennsylvania,Zeta Beta Tau,,IFC,,,true,complete,true,https://www.greekrank.com/uni/76/,2026-08-23
Penn,University of Pennsylvania,Sigma Alpha Epsilon,,IFC,,,true,complete,true,https://www.greekrank.com/uni/76/,2026-08-23
Penn,University of Pennsylvania,Delta Phi,,IFC,,,true,complete,true,https://www.greekrank.com/uni/76/,2026-08-23
Penn,University of Pennsylvania,Pi Kappa Phi,,IFC,,,true,complete,true,https://www.greekrank.com/uni/76/,2026-08-23
Penn,University of Pennsylvania,Sigma Chi,,IFC,,,true,complete,true,https://www.greekrank.com/uni/76/,2026-08-23
Penn,University of Pennsylvania,Psi Upsilon,,IFC,,,true,complete,true,https://www.greekrank.com/uni/76/,2026-08-23
Penn,University of Pennsylvania,Sigma Alpha Mu,,IFC,,,true,complete,true,https://www.greekrank.com/uni/76/,2026-08-23
Penn,University of Pennsylvania,Zeta Psi,,IFC,,,true,complete,true,https://www.greekrank.com/uni/76/,2026-08-23
Penn,University of Pennsylvania,Sigma Nu,,IFC,,,true,complete,true,https://www.greekrank.com/uni/76/,2026-08-23
Penn,University of Pennsylvania,Delta Kappa Epsilon,,IFC,,,true,complete,true,https://www.greekrank.com/uni/76/,2026-08-23
Penn,University of Pennsylvania,Alpha Sigma Phi,,IFC,,,true,complete,true,https://www.greekrank.com/uni/76/,2026-08-23
Penn,University of Pennsylvania,Beta Theta Pi,,IFC,,,true,complete,true,https://www.greekrank.com/uni/76/,2026-08-23
Penn,University of Pennsylvania,Alpha Epsilon Pi,,IFC,,,true,complete,true,https://www.greekrank.com/uni/76/,2026-08-23
Penn,University of Pennsylvania,Alpha Phi Alpha,,NPHC,,,true,complete,true,https://www.greekrank.com/uni/76/,2026-08-23
Penn,University of Pennsylvania,Phi Kappa Sigma,,IFC,,,true,complete,true,https://www.greekrank.com/uni/76/,2026-08-23
Penn,University of Pennsylvania,Lambda Phi Epsilon,,MGC,,,true,complete,true,https://www.greekrank.com/uni/76/,2026-08-23
Penn,University of Pennsylvania,Kappa Sigma,,IFC,,,true,complete,true,https://www.greekrank.com/uni/76/,2026-08-23
Penn,University of Pennsylvania,Delta Tau Delta,,IFC,,,true,complete,true,https://www.greekrank.com/uni/76/,2026-08-23
Penn,University of Pennsylvania,Tau Epsilon Phi,,IFC,,,true,complete,true,https://www.greekrank.com/uni/76/,2026-08-23
Penn,University of Pennsylvania,Pi Lambda Phi,,IFC,,,true,complete,true,https://www.greekrank.com/uni/76/,2026-08-23
Penn,University of Pennsylvania,Sigma Pi,,IFC,,,true,complete,true,https://www.greekrank.com/uni/76/,2026-08-23
Penn,University of Pennsylvania,Delta Upsilon,,IFC,,,true,complete,true,https://www.greekrank.com/uni/76/,2026-08-23
Penn,University of Pennsylvania,Lambda Chi Alpha,,IFC,,,true,complete,true,https://www.greekrank.com/uni/76/,2026-08-23
Penn,University of Pennsylvania,Alpha Delta Phi,,IFC,,,true,complete,true,https://www.greekrank.com/uni/76/,2026-08-23
Penn,University of Pennsylvania,Kappa Alpha Society,,IFC,,,true,complete,true,https://www.greekrank.com/uni/76/,2026-08-23
Penn,University of Pennsylvania,Sigma Beta Rho,,MGC,,,true,complete,true,https://www.greekrank.com/uni/76/,2026-08-23
Penn,University of Pennsylvania,Lambda Upsilon Lambda,,MGC,,,true,complete,true,https://www.greekrank.com/uni/76/,2026-08-23
Penn,University of Pennsylvania,Lambda Theta Alpha,,MGC,,,true,complete,true,https://www.greekrank.com/uni/76/,2026-08-23
Penn,University of Pennsylvania,Sigma Psi Zeta,,MGC,,,true,complete,true,https://www.greekrank.com/uni/76/,2026-08-23
Penn,University of Pennsylvania,Kappa Alpha Theta,,Panhellenic,,,true,complete,true,https://www.greekrank.com/uni/76/,2026-08-23
Penn,University of Pennsylvania,Zeta Tau Alpha,,Panhellenic,,,true,complete,true,https://www.greekrank.com/uni/76/,2026-08-23
Penn,University of Pennsylvania,Alpha Phi,,Panhellenic,,,true,complete,true,https://www.greekrank.com/uni/76/,2026-08-23
Penn,University of Pennsylvania,Sigma Kappa,,Panhellenic,,,true,complete,true,https://www.greekrank.com/uni/76/,2026-08-23
Penn,University of Pennsylvania,Alpha Kappa Alpha,,NPHC,,,true,complete,true,https://www.greekrank.com/uni/76/,2026-08-23
Penn,University of Pennsylvania,Delta Delta Delta,,Panhellenic,,,true,complete,true,https://www.greekrank.com/uni/76/,2026-08-23
Penn,University of Pennsylvania,Chi Omega,,Panhellenic,,,true,complete,true,https://www.greekrank.com/uni/76/,2026-08-23
Penn,University of Pennsylvania,Sigma Delta Tau,,Panhellenic,,,true,complete,true,https://www.greekrank.com/uni/76/,2026-08-23
Penn,University of Pennsylvania,Alpha Delta Pi,,Panhellenic,,,true,complete,true,https://www.greekrank.com/uni/76/,2026-08-23
Penn,University of Pennsylvania,Zeta Phi Beta,,NPHC,,,true,complete,true,https://www.greekrank.com/uni/76/,2026-08-23
Penn,University of Pennsylvania,Alpha Kappa Delta Phi,,MGC,,,true,complete,true,https://www.greekrank.com/uni/76/,2026-08-23
Penn,University of Pennsylvania,Sigma Lambda Upsilon,,MGC,,,true,complete,true,https://www.greekrank.com/uni/76/,2026-08-23
USF,University of South Florida,Delta Tau Delta,,IFC,,,true,complete,true,https://www.greekrank.com/uni/36/,2026-08-23
USF,University of South Florida,Phi Delta Theta,,IFC,,,true,complete,true,https://www.greekrank.com/uni/36/,2026-08-23
USF,University of South Florida,Alpha Epsilon Pi,,IFC,,,true,complete,true,https://www.greekrank.com/uni/36/,2026-08-23
USF,University of South Florida,Sigma Alpha Epsilon,,IFC,,,true,complete,true,https://www.greekrank.com/uni/36/,2026-08-23
USF,University of South Florida,Pi Kappa Phi,,IFC,,,true,complete,true,https://www.greekrank.com/uni/36/,2026-08-23
USF,University of South Florida,Kappa Sigma,,IFC,,,true,complete,true,https://www.greekrank.com/uni/36/,2026-08-23
USF,University of South Florida,Sigma Pi,,IFC,,,true,complete,true,https://www.greekrank.com/uni/36/,2026-08-23
USF,University of South Florida,Zeta Beta Tau,,IFC,,,true,complete,true,https://www.greekrank.com/uni/36/,2026-08-23
USF,University of South Florida,Sigma Phi Epsilon,,IFC,,,true,complete,true,https://www.greekrank.com/uni/36/,2026-08-23
USF,University of South Florida,Beta Theta Pi,,IFC,,,true,complete,true,https://www.greekrank.com/uni/36/,2026-08-23
USF,University of South Florida,Delta Chi,,IFC,,,true,complete,true,https://www.greekrank.com/uni/36/,2026-08-23
USF,University of South Florida,Phi Beta Sigma,,NPHC,,,true,complete,true,https://www.greekrank.com/uni/36/,2026-08-23
USF,University of South Florida,Pi Kappa Alpha,,IFC,,,true,complete,true,https://www.greekrank.com/uni/36/,2026-08-23
USF,University of South Florida,Iota Phi Theta,,NPHC,,,true,complete,true,https://www.greekrank.com/uni/36/,2026-08-23
USF,University of South Florida,Sigma Nu,,IFC,,,true,complete,true,https://www.greekrank.com/uni/36/,2026-08-23
USF,University of South Florida,Phi Gamma Delta,,IFC,,,true,complete,true,https://www.greekrank.com/uni/36/,2026-08-23
USF,University of South Florida,Delta Epsilon Psi,,MGC,,,true,complete,true,https://www.greekrank.com/uni/36/,2026-08-23
USF,University of South Florida,Sigma Lambda Beta,,MGC,,,true,complete,true,https://www.greekrank.com/uni/36/,2026-08-23
USF,University of South Florida,Theta Chi,,IFC,,,true,complete,true,https://www.greekrank.com/uni/36/,2026-08-23
USF,University of South Florida,Alpha Sigma Phi,,IFC,,,true,complete,true,https://www.greekrank.com/uni/36/,2026-08-23
USF,University of South Florida,Sigma Chi,,IFC,,,true,complete,true,https://www.greekrank.com/uni/36/,2026-08-23
USF,University of South Florida,Lambda Theta Phi,,MGC,,,true,complete,true,https://www.greekrank.com/uni/36/,2026-08-23
USF,University of South Florida,Sigma Beta Rho,,MGC,,,true,complete,true,https://www.greekrank.com/uni/36/,2026-08-23
USF,University of South Florida,Kappa Alpha Psi,,NPHC,,,true,complete,true,https://www.greekrank.com/uni/36/,2026-08-23
USF,University of South Florida,Alpha Phi Alpha,,NPHC,,,true,complete,true,https://www.greekrank.com/uni/36/,2026-08-23
USF,University of South Florida,Chi Phi,,IFC,,,true,complete,true,https://www.greekrank.com/uni/36/,2026-08-23
USF,University of South Florida,Omega Psi Phi,,NPHC,,,true,complete,true,https://www.greekrank.com/uni/36/,2026-08-23
USF,University of South Florida,Alpha Omicron Pi,,Panhellenic,,,true,complete,true,https://www.greekrank.com/uni/36/,2026-08-23
USF,University of South Florida,Delta Gamma,,Panhellenic,,,true,complete,true,https://www.greekrank.com/uni/36/,2026-08-23
USF,University of South Florida,Gamma Phi Beta,,Panhellenic,,,true,complete,true,https://www.greekrank.com/uni/36/,2026-08-23
USF,University of South Florida,Sigma Delta Tau,,Panhellenic,,,true,complete,true,https://www.greekrank.com/uni/36/,2026-08-23
USF,University of South Florida,Chi Omega,,Panhellenic,,,true,complete,true,https://www.greekrank.com/uni/36/,2026-08-23
USF,University of South Florida,Delta Delta Delta,,Panhellenic,,,true,complete,true,https://www.greekrank.com/uni/36/,2026-08-23
USF,University of South Florida,Sigma Kappa,,Panhellenic,,,true,complete,true,https://www.greekrank.com/uni/36/,2026-08-23
USF,University of South Florida,Zeta Tau Alpha,,Panhellenic,,,true,complete,true,https://www.greekrank.com/uni/36/,2026-08-23
USF,University of South Florida,Alpha Delta Pi,,Panhellenic,,,true,complete,true,https://www.greekrank.com/uni/36/,2026-08-23
USF,University of South Florida,Alpha Kappa Alpha,,NPHC,,,true,complete,true,https://www.greekrank.com/uni/36/,2026-08-23
USF,University of South Florida,Kappa Delta,,Panhellenic,,,true,complete,true,https://www.greekrank.com/uni/36/,2026-08-23
USF,University of South Florida,Sigma Gamma Rho,,NPHC,,,true,complete,true,https://www.greekrank.com/uni/36/,2026-08-23
USC,University of Southern California,Sigma Chi,,IFC,,,true,complete,true,https://www.greekrank.com/uni/49/,2026-08-23
USC,University of Southern California,Lambda Chi Alpha,,IFC,,,true,complete,true,https://www.greekrank.com/uni/49/,2026-08-23
USC,University of Southern California,Theta Xi,,IFC,,,true,complete,true,https://www.greekrank.com/uni/49/,2026-08-23
USC,University of Southern California,Phi Sigma Kappa,,IFC,,,true,complete,true,https://www.greekrank.com/uni/49/,2026-08-23
USC,University of Southern California,Kappa Sigma,,IFC,,,true,complete,true,https://www.greekrank.com/uni/49/,2026-08-23
USC,University of Southern California,Phi Delta Theta,,IFC,,,true,complete,true,https://www.greekrank.com/uni/49/,2026-08-23
USC,University of Southern California,Pi Kappa Alpha,,IFC,,,true,complete,true,https://www.greekrank.com/uni/49/,2026-08-23
USC,University of Southern California,Chi Phi,,IFC,,,true,complete,true,https://www.greekrank.com/uni/49/,2026-08-23
USC,University of Southern California,Tau Kappa Epsilon,,IFC,,,true,complete,true,https://www.greekrank.com/uni/49/,2026-08-23
USC,University of Southern California,Pi Kappa Phi,,IFC,,,true,complete,true,https://www.greekrank.com/uni/49/,2026-08-23
USC,University of Southern California,Sigma Alpha Epsilon,,IFC,,,true,complete,true,https://www.greekrank.com/uni/49/,2026-08-23
USC,University of Southern California,Zeta Beta Tau,,IFC,,,true,complete,true,https://www.greekrank.com/uni/49/,2026-08-23
USC,University of Southern California,Sigma Nu,,IFC,,,true,complete,true,https://www.greekrank.com/uni/49/,2026-08-23
USC,University of Southern California,Beta Theta Pi,,IFC,,,true,complete,true,https://www.greekrank.com/uni/49/,2026-08-23
USC,University of Southern California,Phi Kappa Tau,,IFC,,,true,complete,true,https://www.greekrank.com/uni/49/,2026-08-23
USC,University of Southern California,Sigma Alpha Mu,,IFC,,,true,complete,true,https://www.greekrank.com/uni/49/,2026-08-23
USC,University of Southern California,Delta Tau Delta,,IFC,,,true,complete,true,https://www.greekrank.com/uni/49/,2026-08-23
USC,University of Southern California,Alpha Epsilon Pi,,IFC,,,true,complete,true,https://www.greekrank.com/uni/49/,2026-08-23
USC,University of Southern California,Theta Chi,,IFC,,,true,complete,true,https://www.greekrank.com/uni/49/,2026-08-23
USC,University of Southern California,Kappa Alpha Psi,,NPHC,,,true,complete,true,https://www.greekrank.com/uni/49/,2026-08-23
USC,University of Southern California,Lambda Phi Epsilon,,MGC,,,true,complete,true,https://www.greekrank.com/uni/49/,2026-08-23
USC,University of Southern California,Alpha Phi Alpha,,NPHC,,,true,complete,true,https://www.greekrank.com/uni/49/,2026-08-23
USC,University of Southern California,Omega Psi Phi,,NPHC,,,true,complete,true,https://www.greekrank.com/uni/49/,2026-08-23
USC,University of Southern California,Phi Beta Sigma,,NPHC,,,true,complete,true,https://www.greekrank.com/uni/49/,2026-08-23
USC,University of Southern California,Gamma Zeta Alpha,,MGC,,,true,complete,true,https://www.greekrank.com/uni/49/,2026-08-23
USC,University of Southern California,Gamma Phi Beta,,Panhellenic,,,true,complete,true,https://www.greekrank.com/uni/49/,2026-08-23
USC,University of Southern California,Pi Beta Phi,,Panhellenic,,,true,complete,true,https://www.greekrank.com/uni/49/,2026-08-23
USC,University of Southern California,Alpha Gamma Delta,,Panhellenic,,,true,complete,true,https://www.greekrank.com/uni/49/,2026-08-23
USC,University of Southern California,Alpha Delta Pi,,Panhellenic,,,true,complete,true,https://www.greekrank.com/uni/49/,2026-08-23
USC,University of Southern California,Alpha Phi,,Panhellenic,,,true,complete,true,https://www.greekrank.com/uni/49/,2026-08-23
USC,University of Southern California,Delta Delta Delta,,Panhellenic,,,true,complete,true,https://www.greekrank.com/uni/49/,2026-08-23
USC,University of Southern California,Sigma Gamma Rho,,NPHC,,,true,complete,true,https://www.greekrank.com/uni/49/,2026-08-23
USC,University of Southern California,Alpha Omicron Pi,,Panhellenic,,,true,complete,true,https://www.greekrank.com/uni/49/,2026-08-23
USC,University of Southern California,Zeta Phi Beta,,NPHC,,,true,complete,true,https://www.greekrank.com/uni/49/,2026-08-23
USC,University of Southern California,Kappa Alpha Theta,,Panhellenic,,,true,complete,true,https://www.greekrank.com/uni/49/,2026-08-23
USC,University of Southern California,Delta Gamma,,Panhellenic,,,true,complete,true,https://www.greekrank.com/uni/49/,2026-08-23
USC,University of Southern California,Kappa Kappa Gamma,,Panhellenic,,,true,complete,true,https://www.greekrank.com/uni/49/,2026-08-23
USC,University of Southern California,Alpha Chi Omega,,Panhellenic,,,true,complete,true,https://www.greekrank.com/uni/49/,2026-08-23
USC,University of Southern California,Alpha Kappa Alpha,,NPHC,,,true,complete,true,https://www.greekrank.com/uni/49/,2026-08-23
USC,University of Southern California,Sigma Delta Tau,,Panhellenic,,,true,complete,true,https://www.greekrank.com/uni/49/,2026-08-23
USC,University of Southern California,Phi Mu,,Panhellenic,,,true,complete,true,https://www.greekrank.com/uni/49/,2026-08-23
USC,University of Southern California,Sigma Phi Omega,,MGC,,,true,complete,true,https://www.greekrank.com/uni/49/,2026-08-23
Southern Miss,University of Southern Mississippi,Sigma Nu,,IFC,,,true,complete,true,https://www.greekrank.com/uni/412/,2026-08-23
Southern Miss,University of Southern Mississippi,Sigma Phi Epsilon,,IFC,,,true,complete,true,https://www.greekrank.com/uni/412/,2026-08-23
Southern Miss,University of Southern Mississippi,Sigma Alpha Epsilon,,IFC,,,true,complete,true,https://www.greekrank.com/uni/412/,2026-08-23
Southern Miss,University of Southern Mississippi,Kappa Sigma,,IFC,,,true,complete,true,https://www.greekrank.com/uni/412/,2026-08-23
Southern Miss,University of Southern Mississippi,Pi Kappa Phi,,IFC,,,true,complete,true,https://www.greekrank.com/uni/412/,2026-08-23
Southern Miss,University of Southern Mississippi,Alpha Tau Omega,,IFC,,,true,complete,true,https://www.greekrank.com/uni/412/,2026-08-23
Southern Miss,University of Southern Mississippi,Pi Kappa Alpha,,IFC,,,true,complete,true,https://www.greekrank.com/uni/412/,2026-08-23
Southern Miss,University of Southern Mississippi,Delta Tau Delta,,IFC,,,true,complete,true,https://www.greekrank.com/uni/412/,2026-08-23
Southern Miss,University of Southern Mississippi,Phi Kappa Tau,,IFC,,,true,complete,true,https://www.greekrank.com/uni/412/,2026-08-23
Southern Miss,University of Southern Mississippi,Alpha Phi Alpha,,NPHC,,,true,complete,true,https://www.greekrank.com/uni/412/,2026-08-23
Southern Miss,University of Southern Mississippi,Kappa Alpha Order,,IFC,,,true,complete,true,https://www.greekrank.com/uni/412/,2026-08-23
Southern Miss,University of Southern Mississippi,Kappa Alpha Psi,,NPHC,,,true,complete,true,https://www.greekrank.com/uni/412/,2026-08-23
Southern Miss,University of Southern Mississippi,Iota Phi Theta,,NPHC,,,true,complete,true,https://www.greekrank.com/uni/412/,2026-08-23
Southern Miss,University of Southern Mississippi,Sigma Chi,,IFC,,,true,complete,true,https://www.greekrank.com/uni/412/,2026-08-23
Southern Miss,University of Southern Mississippi,Phi Beta Sigma,,NPHC,,,true,complete,true,https://www.greekrank.com/uni/412/,2026-08-23
Southern Miss,University of Southern Mississippi,Omega Psi Phi,,NPHC,,,true,complete,true,https://www.greekrank.com/uni/412/,2026-08-23
Southern Miss,University of Southern Mississippi,Delta Sigma Theta,,NPHC,,,true,complete,true,https://www.greekrank.com/uni/412/,2026-08-23
Southern Miss,University of Southern Mississippi,Pi Beta Phi,,Panhellenic,,,true,complete,true,https://www.greekrank.com/uni/412/,2026-08-23
Southern Miss,University of Southern Mississippi,Delta Gamma,,Panhellenic,,,true,complete,true,https://www.greekrank.com/uni/412/,2026-08-23
Southern Miss,University of Southern Mississippi,Alpha Chi Omega,,Panhellenic,,,true,complete,true,https://www.greekrank.com/uni/412/,2026-08-23
Southern Miss,University of Southern Mississippi,Delta Delta Delta,,Panhellenic,,,true,complete,true,https://www.greekrank.com/uni/412/,2026-08-23
Southern Miss,University of Southern Mississippi,Phi Mu,,Panhellenic,,,true,complete,true,https://www.greekrank.com/uni/412/,2026-08-23
Southern Miss,University of Southern Mississippi,Alpha Kappa Alpha,,NPHC,,,true,complete,true,https://www.greekrank.com/uni/412/,2026-08-23
Southern Miss,University of Southern Mississippi,Alpha Delta Pi,,Panhellenic,,,true,complete,true,https://www.greekrank.com/uni/412/,2026-08-23
Southern Miss,University of Southern Mississippi,Chi Omega,,Panhellenic,,,true,complete,true,https://www.greekrank.com/uni/412/,2026-08-23
Southern Miss,University of Southern Mississippi,Zeta Phi Beta,,NPHC,,,true,complete,true,https://www.greekrank.com/uni/412/,2026-08-23
Southern Miss,University of Southern Mississippi,Kappa Delta,,Panhellenic,,,true,complete,true,https://www.greekrank.com/uni/412/,2026-08-23
Southern Miss,University of Southern Mississippi,Sigma Gamma Rho,,NPHC,,,true,complete,true,https://www.greekrank.com/uni/412/,2026-08-23
UTEP,University of Texas at El Paso,Lambda Chi Alpha,,IFC,,,true,complete,true,https://www.greekrank.com/uni/368/,2026-08-23
UTEP,University of Texas at El Paso,Phi Delta Theta,,IFC,,,true,complete,true,https://www.greekrank.com/uni/368/,2026-08-23
UTEP,University of Texas at El Paso,Alpha Kappa Lambda,,IFC,,,true,complete,true,https://www.greekrank.com/uni/368/,2026-08-23
UTEP,University of Texas at El Paso,Delta Lambda Phi,,IFC,,,true,complete,true,https://www.greekrank.com/uni/368/,2026-08-23
UTEP,University of Texas at El Paso,Kappa Sigma,,IFC,,,true,complete,true,https://www.greekrank.com/uni/368/,2026-08-23
UTEP,University of Texas at El Paso,Phi Beta Sigma,,NPHC,,,true,complete,true,https://www.greekrank.com/uni/368/,2026-08-23
UTEP,University of Texas at El Paso,Alpha Xi Delta,,Panhellenic,,,true,complete,true,https://www.greekrank.com/uni/368/,2026-08-23
UTEP,University of Texas at El Paso,Zeta Tau Alpha,,Panhellenic,,,true,complete,true,https://www.greekrank.com/uni/368/,2026-08-23
UTEP,University of Texas at El Paso,Alpha Sigma Alpha,,Panhellenic,,,true,complete,true,https://www.greekrank.com/uni/368/,2026-08-23
UTEP,University of Texas at El Paso,Alpha Kappa Alpha,,NPHC,,,true,complete,true,https://www.greekrank.com/uni/368/,2026-08-23
Toledo,University of Toledo,Sigma Alpha Epsilon,,IFC,,,true,complete,true,https://www.greekrank.com/uni/30/,2026-08-23
Toledo,University of Toledo,Pi Kappa Alpha,,IFC,,,true,complete,true,https://www.greekrank.com/uni/30/,2026-08-23
Toledo,University of Toledo,Pi Kappa Phi,,IFC,,,true,complete,true,https://www.greekrank.com/uni/30/,2026-08-23
Toledo,University of Toledo,Phi Kappa Psi,,IFC,,,true,complete,true,https://www.greekrank.com/uni/30/,2026-08-23
Toledo,University of Toledo,Alpha Phi Alpha,,NPHC,,,true,complete,true,https://www.greekrank.com/uni/30/,2026-08-23
Toledo,University of Toledo,Kappa Delta Rho,,IFC,,,true,complete,true,https://www.greekrank.com/uni/30/,2026-08-23
Toledo,University of Toledo,Sigma Phi Epsilon,,IFC,,,true,complete,true,https://www.greekrank.com/uni/30/,2026-08-23
Toledo,University of Toledo,Theta Chi,,IFC,,,true,complete,true,https://www.greekrank.com/uni/30/,2026-08-23
Toledo,University of Toledo,Phi Gamma Delta,,IFC,,,true,complete,true,https://www.greekrank.com/uni/30/,2026-08-23
Toledo,University of Toledo,Triangle,,IFC,,,true,complete,true,https://www.greekrank.com/uni/30/,2026-08-23
Toledo,University of Toledo,Phi Beta Sigma,,NPHC,,,true,complete,true,https://www.greekrank.com/uni/30/,2026-08-23
Toledo,University of Toledo,Iota Phi Theta,,NPHC,,,true,complete,true,https://www.greekrank.com/uni/30/,2026-08-23
Toledo,University of Toledo,Omega Psi Phi,,NPHC,,,true,complete,true,https://www.greekrank.com/uni/30/,2026-08-23
Toledo,University of Toledo,Kappa Alpha Psi,,NPHC,,,true,complete,true,https://www.greekrank.com/uni/30/,2026-08-23
Toledo,University of Toledo,Delta Phi Epsilon,,Panhellenic,,,true,complete,true,https://www.greekrank.com/uni/30/,2026-08-23
Toledo,University of Toledo,Alpha Xi Delta,,Panhellenic,,,true,complete,true,https://www.greekrank.com/uni/30/,2026-08-23
Toledo,University of Toledo,Alpha Omicron Pi,,Panhellenic,,,true,complete,true,https://www.greekrank.com/uni/30/,2026-08-23
Toledo,University of Toledo,Alpha Chi Omega,,Panhellenic,,,true,complete,true,https://www.greekrank.com/uni/30/,2026-08-23
Toledo,University of Toledo,Delta Delta Delta,,Panhellenic,,,true,complete,true,https://www.greekrank.com/uni/30/,2026-08-23
Toledo,University of Toledo,Pi Beta Phi,,Panhellenic,,,true,complete,true,https://www.greekrank.com/uni/30/,2026-08-23
Toledo,University of Toledo,Chi Omega,,Panhellenic,,,true,complete,true,https://www.greekrank.com/uni/30/,2026-08-23
Toledo,University of Toledo,Zeta Phi Beta,,NPHC,,,true,complete,true,https://www.greekrank.com/uni/30/,2026-08-23
Toledo,University of Toledo,Kappa Delta,,Panhellenic,,,true,complete,true,https://www.greekrank.com/uni/30/,2026-08-23
Toledo,University of Toledo,Alpha Kappa Alpha,,NPHC,,,true,complete,true,https://www.greekrank.com/uni/30/,2026-08-23
Toledo,University of Toledo,Delta Sigma Theta,,NPHC,,,true,complete,true,https://www.greekrank.com/uni/30/,2026-08-23
Utah,University of Utah,Beta Theta Pi,,IFC,,,true,complete,true,https://www.greekrank.com/uni/357/,2026-08-23
Utah,University of Utah,Phi Delta Theta,,IFC,,,true,complete,true,https://www.greekrank.com/uni/357/,2026-08-23
Utah,University of Utah,Kappa Sigma,,IFC,,,true,complete,true,https://www.greekrank.com/uni/357/,2026-08-23
Utah,University of Utah,Pi Kappa Alpha,,IFC,,,true,complete,true,https://www.greekrank.com/uni/357/,2026-08-23
Utah,University of Utah,Sigma Phi Epsilon,,IFC,,,true,complete,true,https://www.greekrank.com/uni/357/,2026-08-23
Utah,University of Utah,Sigma Nu,,IFC,,,true,complete,true,https://www.greekrank.com/uni/357/,2026-08-23
Utah,University of Utah,Sigma Chi,,IFC,,,true,complete,true,https://www.greekrank.com/uni/357/,2026-08-23
Utah,University of Utah,Alpha Tau Omega,,IFC,,,true,complete,true,https://www.greekrank.com/uni/357/,2026-08-23
Utah,University of Utah,Delta Sigma Phi,,IFC,,,true,complete,true,https://www.greekrank.com/uni/357/,2026-08-23
Utah,University of Utah,Omega Delta Phi,,MGC,,,true,complete,true,https://www.greekrank.com/uni/357/,2026-08-23
Utah,University of Utah,Triangle,,IFC,,,true,complete,true,https://www.greekrank.com/uni/357/,2026-08-23
Utah,University of Utah,Pi Beta Phi,,Panhellenic,,,true,complete,true,https://www.greekrank.com/uni/357/,2026-08-23
Utah,University of Utah,Delta Gamma,,Panhellenic,,,true,complete,true,https://www.greekrank.com/uni/357/,2026-08-23
Utah,University of Utah,Alpha Chi Omega,,Panhellenic,,,true,complete,true,https://www.greekrank.com/uni/357/,2026-08-23
Utah,University of Utah,Kappa Kappa Gamma,,Panhellenic,,,true,complete,true,https://www.greekrank.com/uni/357/,2026-08-23
Utah,University of Utah,Delta Sigma Theta,,NPHC,,,true,complete,true,https://www.greekrank.com/uni/357/,2026-08-23
Utah,University of Utah,Chi Omega,,Panhellenic,,,true,complete,true,https://www.greekrank.com/uni/357/,2026-08-23
Utah,University of Utah,Alpha Phi,,Panhellenic,,,true,complete,true,https://www.greekrank.com/uni/357/,2026-08-23
Virginia,University of Virginia,Alpha Epsilon Pi,,IFC,,,true,complete,true,https://www.greekrank.com/uni/35/,2026-08-23
Virginia,University of Virginia,Phi Kappa Psi,,IFC,,,true,complete,true,https://www.greekrank.com/uni/35/,2026-08-23
Virginia,University of Virginia,Sigma Chi,,IFC,,,true,complete,true,https://www.greekrank.com/uni/35/,2026-08-23
Virginia,University of Virginia,Phi Gamma Delta,,IFC,,,true,complete,true,https://www.greekrank.com/uni/35/,2026-08-23
Virginia,University of Virginia,Kappa Alpha Order,,IFC,,,true,complete,true,https://www.greekrank.com/uni/35/,2026-08-23
Virginia,University of Virginia,Beta Theta Pi,,IFC,,,true,complete,true,https://www.greekrank.com/uni/35/,2026-08-23
Virginia,University of Virginia,Sigma Alpha Mu,,IFC,,,true,complete,true,https://www.greekrank.com/uni/35/,2026-08-23
Virginia,University of Virginia,Delta Psi,,,,,true,complete,true,https://www.greekrank.com/uni/35/,2026-08-23
Virginia,University of Virginia,Chi Psi,,IFC,,,true,complete,true,https://www.greekrank.com/uni/35/,2026-08-23
Virginia,University of Virginia,Alpha Tau Omega,,IFC,,,true,complete,true,https://www.greekrank.com/uni/35/,2026-08-23
Virginia,University of Virginia,Delta Sigma Phi,,IFC,,,true,complete,true,https://www.greekrank.com/uni/35/,2026-08-23
Virginia,University of Virginia,Kappa Sigma,,IFC,,,true,complete,true,https://www.greekrank.com/uni/35/,2026-08-23
Virginia,University of Virginia,Pi Kappa Phi,,IFC,,,true,complete,true,https://www.greekrank.com/uni/35/,2026-08-23
Virginia,University of Virginia,Pi Lambda Phi,,IFC,,,true,complete,true,https://www.greekrank.com/uni/35/,2026-08-23
Virginia,University of Virginia,Delta Upsilon,,IFC,,,true,complete,true,https://www.greekrank.com/uni/35/,2026-08-23
Virginia,University of Virginia,Sigma Nu,,IFC,,,true,complete,true,https://www.greekrank.com/uni/35/,2026-08-23
Virginia,University of Virginia,Tau Kappa Epsilon,,IFC,,,true,complete,true,https://www.greekrank.com/uni/35/,2026-08-23
Virginia,University of Virginia,Chi Phi,,IFC,,,true,complete,true,https://www.greekrank.com/uni/35/,2026-08-23
Virginia,University of Virginia,Theta Chi,,IFC,,,true,complete,true,https://www.greekrank.com/uni/35/,2026-08-23
Virginia,University of Virginia,Pi Kappa Alpha,,IFC,,,true,complete,true,https://www.greekrank.com/uni/35/,2026-08-23
Virginia,University of Virginia,Alpha Sigma Phi,,IFC,,,true,complete,true,https://www.greekrank.com/uni/35/,2026-08-23
Virginia,University of Virginia,Theta Delta Chi,,IFC,,,true,complete,true,https://www.greekrank.com/uni/35/,2026-08-23
Virginia,University of Virginia,Sigma Alpha Epsilon,,IFC,,,true,complete,true,https://www.greekrank.com/uni/35/,2026-08-23
Virginia,University of Virginia,Sigma Pi,,IFC,,,true,complete,true,https://www.greekrank.com/uni/35/,2026-08-23
Virginia,University of Virginia,Phi Delta Theta,,IFC,,,true,complete,true,https://www.greekrank.com/uni/35/,2026-08-23
Virginia,University of Virginia,Phi Beta Sigma,,NPHC,,,true,complete,true,https://www.greekrank.com/uni/35/,2026-08-23
Virginia,University of Virginia,Lambda Phi Epsilon,,MGC,,,true,complete,true,https://www.greekrank.com/uni/35/,2026-08-23
Virginia,University of Virginia,Phi Sigma Kappa,,IFC,,,true,complete,true,https://www.greekrank.com/uni/35/,2026-08-23
Virginia,University of Virginia,Delta Kappa Epsilon,,IFC,,,true,complete,true,https://www.greekrank.com/uni/35/,2026-08-23
Virginia,University of Virginia,Omega Psi Phi,,NPHC,,,true,complete,true,https://www.greekrank.com/uni/35/,2026-08-23
Virginia,University of Virginia,Alpha Delta Phi,,IFC,,,true,complete,true,https://www.greekrank.com/uni/35/,2026-08-23
Virginia,University of Virginia,Delta Phi,,IFC,,,true,complete,true,https://www.greekrank.com/uni/35/,2026-08-23
Virginia,University of Virginia,Zeta Beta Tau,,IFC,,,true,complete,true,https://www.greekrank.com/uni/35/,2026-08-23
Virginia,University of Virginia,Alpha Phi Alpha,,NPHC,,,true,complete,true,https://www.greekrank.com/uni/35/,2026-08-23
Virginia,University of Virginia,Sigma Phi Epsilon,,IFC,,,true,complete,true,https://www.greekrank.com/uni/35/,2026-08-23
Virginia,University of Virginia,Kappa Alpha Psi,,NPHC,,,true,complete,true,https://www.greekrank.com/uni/35/,2026-08-23
Virginia,University of Virginia,Zeta Psi,,IFC,,,true,complete,true,https://www.greekrank.com/uni/35/,2026-08-23
Virginia,University of Virginia,Pi Beta Phi,,Panhellenic,,,true,complete,true,https://www.greekrank.com/uni/35/,2026-08-23
Virginia,University of Virginia,Delta Delta Delta,,Panhellenic,,,true,complete,true,https://www.greekrank.com/uni/35/,2026-08-23
Virginia,University of Virginia,Kappa Kappa Gamma,,Panhellenic,,,true,complete,true,https://www.greekrank.com/uni/35/,2026-08-23
Virginia,University of Virginia,Delta Zeta,,Panhellenic,,,true,complete,true,https://www.greekrank.com/uni/35/,2026-08-23
Virginia,University of Virginia,Delta Gamma,,Panhellenic,,,true,complete,true,https://www.greekrank.com/uni/35/,2026-08-23
Virginia,University of Virginia,Chi Omega,,Panhellenic,,,true,complete,true,https://www.greekrank.com/uni/35/,2026-08-23
Virginia,University of Virginia,Sigma Sigma Sigma,,Panhellenic,,,true,complete,true,https://www.greekrank.com/uni/35/,2026-08-23
Virginia,University of Virginia,Kappa Delta,,Panhellenic,,,true,complete,true,https://www.greekrank.com/uni/35/,2026-08-23
Virginia,University of Virginia,Kappa Alpha Theta,,Panhellenic,,,true,complete,true,https://www.greekrank.com/uni/35/,2026-08-23
Virginia,University of Virginia,Alpha Delta Pi,,Panhellenic,,,true,complete,true,https://www.greekrank.com/uni/35/,2026-08-23
Virginia,University of Virginia,Alpha Phi,,Panhellenic,,,true,complete,true,https://www.greekrank.com/uni/35/,2026-08-23
Virginia,University of Virginia,Zeta Tau Alpha,,Panhellenic,,,true,complete,true,https://www.greekrank.com/uni/35/,2026-08-23
Virginia,University of Virginia,Sigma Kappa,,Panhellenic,,,true,complete,true,https://www.greekrank.com/uni/35/,2026-08-23
Virginia,University of Virginia,Alpha Kappa Alpha,,NPHC,,,true,complete,true,https://www.greekrank.com/uni/35/,2026-08-23
Virginia,University of Virginia,Gamma Phi Beta,,Panhellenic,,,true,complete,true,https://www.greekrank.com/uni/35/,2026-08-23
Virginia,University of Virginia,Alpha Chi Omega,,Panhellenic,,,true,complete,true,https://www.greekrank.com/uni/35/,2026-08-23
Virginia,University of Virginia,Zeta Phi Beta,,NPHC,,,true,complete,true,https://www.greekrank.com/uni/35/,2026-08-23
Virginia,University of Virginia,Sigma Delta Tau,,Panhellenic,,,true,complete,true,https://www.greekrank.com/uni/35/,2026-08-23
Virginia,University of Virginia,Sigma Gamma Rho,,NPHC,,,true,complete,true,https://www.greekrank.com/uni/35/,2026-08-23
Virginia,University of Virginia,Alpha Kappa Delta Phi,,MGC,,,true,complete,true,https://www.greekrank.com/uni/35/,2026-08-23
UWM,University of Wisconsin–Milwaukee,Kappa Sigma,,IFC,,,true,complete,true,https://www.greekrank.com/uni/405/,2026-08-23
UWM,University of Wisconsin–Milwaukee,Phi Sigma Kappa,,IFC,,,true,complete,true,https://www.greekrank.com/uni/405/,2026-08-23
UWM,University of Wisconsin–Milwaukee,Phi Beta Sigma,,NPHC,,,true,complete,true,https://www.greekrank.com/uni/405/,2026-08-23
UWM,University of Wisconsin–Milwaukee,Sigma Chi,,IFC,,,true,complete,true,https://www.greekrank.com/uni/405/,2026-08-23
UWM,University of Wisconsin–Milwaukee,Alpha Sigma Phi,,IFC,,,true,complete,true,https://www.greekrank.com/uni/405/,2026-08-23
UWM,University of Wisconsin–Milwaukee,Alpha Epsilon Pi,,IFC,,,true,complete,true,https://www.greekrank.com/uni/405/,2026-08-23
UWM,University of Wisconsin–Milwaukee,Triangle,,IFC,,,true,complete,true,https://www.greekrank.com/uni/405/,2026-08-23
UWM,University of Wisconsin–Milwaukee,Alpha Phi Alpha,,NPHC,,,true,complete,true,https://www.greekrank.com/uni/405/,2026-08-23
UWM,University of Wisconsin–Milwaukee,Delta Sigma Phi,,IFC,,,true,complete,true,https://www.greekrank.com/uni/405/,2026-08-23
UWM,University of Wisconsin–Milwaukee,Iota Phi Theta,,NPHC,,,true,complete,true,https://www.greekrank.com/uni/405/,2026-08-23
UWM,University of Wisconsin–Milwaukee,Kappa Alpha Psi,,NPHC,,,true,complete,true,https://www.greekrank.com/uni/405/,2026-08-23
UWM,University of Wisconsin–Milwaukee,Zeta Phi Beta,,NPHC,,,true,complete,true,https://www.greekrank.com/uni/405/,2026-08-23
UWM,University of Wisconsin–Milwaukee,Gamma Phi Beta,,Panhellenic,,,true,complete,true,https://www.greekrank.com/uni/405/,2026-08-23
UWM,University of Wisconsin–Milwaukee,Alpha Omicron Pi,,Panhellenic,,,true,complete,true,https://www.greekrank.com/uni/405/,2026-08-23
UWM,University of Wisconsin–Milwaukee,Alpha Kappa Alpha,,NPHC,,,true,complete,true,https://www.greekrank.com/uni/405/,2026-08-23
UWM,University of Wisconsin–Milwaukee,Delta Sigma Theta,,NPHC,,,true,complete,true,https://www.greekrank.com/uni/405/,2026-08-23
UWM,University of Wisconsin–Milwaukee,Sigma Gamma Rho,,NPHC,,,true,complete,true,https://www.greekrank.com/uni/405/,2026-08-23
Virginia Tech,Virginia Tech,Sigma Phi Epsilon,,IFC,,,true,complete,true,https://www.greekrank.com/uni/34/,2026-08-23
Virginia Tech,Virginia Tech,Phi Sigma Kappa,,IFC,,,true,complete,true,https://www.greekrank.com/uni/34/,2026-08-23
Virginia Tech,Virginia Tech,Theta Chi,,IFC,,,true,complete,true,https://www.greekrank.com/uni/34/,2026-08-23
Virginia Tech,Virginia Tech,Tau Kappa Epsilon,,IFC,,,true,complete,true,https://www.greekrank.com/uni/34/,2026-08-23
Virginia Tech,Virginia Tech,Delta Chi,,IFC,,,true,complete,true,https://www.greekrank.com/uni/34/,2026-08-23
Virginia Tech,Virginia Tech,Delta Kappa Epsilon,,IFC,,,true,complete,true,https://www.greekrank.com/uni/34/,2026-08-23
Virginia Tech,Virginia Tech,Delta Lambda Phi,,IFC,,,true,complete,true,https://www.greekrank.com/uni/34/,2026-08-23
Virginia Tech,Virginia Tech,Phi Kappa Psi,,IFC,,,true,complete,true,https://www.greekrank.com/uni/34/,2026-08-23
Virginia Tech,Virginia Tech,Phi Gamma Delta,,IFC,,,true,complete,true,https://www.greekrank.com/uni/34/,2026-08-23
Virginia Tech,Virginia Tech,Alpha Gamma Rho,,IFC,,,true,complete,true,https://www.greekrank.com/uni/34/,2026-08-23
Virginia Tech,Virginia Tech,Pi Lambda Phi,,IFC,,,true,complete,true,https://www.greekrank.com/uni/34/,2026-08-23
Virginia Tech,Virginia Tech,Beta Theta Pi,,IFC,,,true,complete,true,https://www.greekrank.com/uni/34/,2026-08-23
Virginia Tech,Virginia Tech,Delta Sigma Phi,,IFC,,,true,complete,true,https://www.greekrank.com/uni/34/,2026-08-23
Virginia Tech,Virginia Tech,Zeta Psi,,IFC,,,true,complete,true,https://www.greekrank.com/uni/34/,2026-08-23
Virginia Tech,Virginia Tech,Pi Kappa Alpha,,IFC,,,true,complete,true,https://www.greekrank.com/uni/34/,2026-08-23
Virginia Tech,Virginia Tech,Alpha Sigma Phi,,IFC,,,true,complete,true,https://www.greekrank.com/uni/34/,2026-08-23
Virginia Tech,Virginia Tech,Phi Delta Theta,,IFC,,,true,complete,true,https://www.greekrank.com/uni/34/,2026-08-23
Virginia Tech,Virginia Tech,Theta Xi,,IFC,,,true,complete,true,https://www.greekrank.com/uni/34/,2026-08-23
Virginia Tech,Virginia Tech,Pi Kappa Phi,,IFC,,,true,complete,true,https://www.greekrank.com/uni/34/,2026-08-23
Virginia Tech,Virginia Tech,Sigma Tau Gamma,,IFC,,,true,complete,true,https://www.greekrank.com/uni/34/,2026-08-23
Virginia Tech,Virginia Tech,Kappa Alpha Order,,IFC,,,true,complete,true,https://www.greekrank.com/uni/34/,2026-08-23
Virginia Tech,Virginia Tech,Triangle,,IFC,,,true,complete,true,https://www.greekrank.com/uni/34/,2026-08-23
Virginia Tech,Virginia Tech,Alpha Tau Omega,,IFC,,,true,complete,true,https://www.greekrank.com/uni/34/,2026-08-23
Virginia Tech,Virginia Tech,Lambda Phi Epsilon,,MGC,,,true,complete,true,https://www.greekrank.com/uni/34/,2026-08-23
Virginia Tech,Virginia Tech,Phi Kappa Tau,,IFC,,,true,complete,true,https://www.greekrank.com/uni/34/,2026-08-23
Virginia Tech,Virginia Tech,Kappa Delta Rho,,IFC,,,true,complete,true,https://www.greekrank.com/uni/34/,2026-08-23
Virginia Tech,Virginia Tech,Sigma Nu,,IFC,,,true,complete,true,https://www.greekrank.com/uni/34/,2026-08-23
Virginia Tech,Virginia Tech,FarmHouse,,IFC,,,true,complete,true,https://www.greekrank.com/uni/34/,2026-08-23
Virginia Tech,Virginia Tech,Kappa Alpha Psi,,NPHC,,,true,complete,true,https://www.greekrank.com/uni/34/,2026-08-23
Virginia Tech,Virginia Tech,Zeta Beta Tau,,IFC,,,true,complete,true,https://www.greekrank.com/uni/34/,2026-08-23
Virginia Tech,Virginia Tech,Phi Beta Sigma,,NPHC,,,true,complete,true,https://www.greekrank.com/uni/34/,2026-08-23
Virginia Tech,Virginia Tech,Delta Sigma Theta,,NPHC,,,true,complete,true,https://www.greekrank.com/uni/34/,2026-08-23
Virginia Tech,Virginia Tech,Sigma Gamma Rho,,NPHC,,,true,complete,true,https://www.greekrank.com/uni/34/,2026-08-23
Virginia Tech,Virginia Tech,Gamma Phi Beta,,Panhellenic,,,true,complete,true,https://www.greekrank.com/uni/34/,2026-08-23
Virginia Tech,Virginia Tech,Kappa Kappa Gamma,,Panhellenic,,,true,complete,true,https://www.greekrank.com/uni/34/,2026-08-23
Virginia Tech,Virginia Tech,Kappa Alpha Theta,,Panhellenic,,,true,complete,true,https://www.greekrank.com/uni/34/,2026-08-23
Virginia Tech,Virginia Tech,Zeta Tau Alpha,,Panhellenic,,,true,complete,true,https://www.greekrank.com/uni/34/,2026-08-23
Virginia Tech,Virginia Tech,Sigma Kappa,,Panhellenic,,,true,complete,true,https://www.greekrank.com/uni/34/,2026-08-23
Virginia Tech,Virginia Tech,Alpha Delta Pi,,Panhellenic,,,true,complete,true,https://www.greekrank.com/uni/34/,2026-08-23
Virginia Tech,Virginia Tech,Pi Beta Phi,,Panhellenic,,,true,complete,true,https://www.greekrank.com/uni/34/,2026-08-23
Virginia Tech,Virginia Tech,Chi Omega,,Panhellenic,,,true,complete,true,https://www.greekrank.com/uni/34/,2026-08-23
Virginia Tech,Virginia Tech,Alpha Chi Omega,,Panhellenic,,,true,complete,true,https://www.greekrank.com/uni/34/,2026-08-23
Virginia Tech,Virginia Tech,Delta Gamma,,Panhellenic,,,true,complete,true,https://www.greekrank.com/uni/34/,2026-08-23
Virginia Tech,Virginia Tech,Kappa Delta,,Panhellenic,,,true,complete,true,https://www.greekrank.com/uni/34/,2026-08-23
Virginia Tech,Virginia Tech,Alpha Phi,,Panhellenic,,,true,complete,true,https://www.greekrank.com/uni/34/,2026-08-23
Virginia Tech,Virginia Tech,Alpha Kappa Alpha,,NPHC,,,true,complete,true,https://www.greekrank.com/uni/34/,2026-08-23
Virginia Tech,Virginia Tech,Delta Delta Delta,,Panhellenic,,,true,complete,true,https://www.greekrank.com/uni/34/,2026-08-23
Virginia Tech,Virginia Tech,Zeta Phi Beta,,NPHC,,,true,complete,true,https://www.greekrank.com/uni/34/,2026-08-23
Virginia Tech,Virginia Tech,Alpha Gamma Delta,,Panhellenic,,,true,complete,true,https://www.greekrank.com/uni/34/,2026-08-23
WKU,Western Kentucky University,Phi Gamma Delta,,IFC,,,true,complete,true,https://www.greekrank.com/uni/112/,2026-08-23
WKU,Western Kentucky University,FarmHouse,,IFC,,,true,complete,true,https://www.greekrank.com/uni/112/,2026-08-23
WKU,Western Kentucky University,Sigma Phi Epsilon,,IFC,,,true,complete,true,https://www.greekrank.com/uni/112/,2026-08-23
WKU,Western Kentucky University,Pi Kappa Alpha,,IFC,,,true,complete,true,https://www.greekrank.com/uni/112/,2026-08-23
WKU,Western Kentucky University,Kappa Alpha Order,,IFC,,,true,complete,true,https://www.greekrank.com/uni/112/,2026-08-23
WKU,Western Kentucky University,Sigma Chi,,IFC,,,true,complete,true,https://www.greekrank.com/uni/112/,2026-08-23
WKU,Western Kentucky University,Sigma Nu,,IFC,,,true,complete,true,https://www.greekrank.com/uni/112/,2026-08-23
WKU,Western Kentucky University,Phi Delta Theta,,IFC,,,true,complete,true,https://www.greekrank.com/uni/112/,2026-08-23
WKU,Western Kentucky University,Kappa Sigma,,IFC,,,true,complete,true,https://www.greekrank.com/uni/112/,2026-08-23
WKU,Western Kentucky University,Lambda Chi Alpha,,IFC,,,true,complete,true,https://www.greekrank.com/uni/112/,2026-08-23
WKU,Western Kentucky University,Sigma Alpha Epsilon,,IFC,,,true,complete,true,https://www.greekrank.com/uni/112/,2026-08-23
WKU,Western Kentucky University,Alpha Tau Omega,,IFC,,,true,complete,true,https://www.greekrank.com/uni/112/,2026-08-23
WKU,Western Kentucky University,Delta Tau Delta,,IFC,,,true,complete,true,https://www.greekrank.com/uni/112/,2026-08-23
WKU,Western Kentucky University,Iota Phi Theta,,NPHC,,,true,complete,true,https://www.greekrank.com/uni/112/,2026-08-23
WKU,Western Kentucky University,Alpha Gamma Rho,,IFC,,,true,complete,true,https://www.greekrank.com/uni/112/,2026-08-23
WKU,Western Kentucky University,Kappa Alpha Psi,,NPHC,,,true,complete,true,https://www.greekrank.com/uni/112/,2026-08-23
WKU,Western Kentucky University,Alpha Phi Alpha,,NPHC,,,true,complete,true,https://www.greekrank.com/uni/112/,2026-08-23
WKU,Western Kentucky University,Phi Beta Sigma,,NPHC,,,true,complete,true,https://www.greekrank.com/uni/112/,2026-08-23
WKU,Western Kentucky University,Omega Psi Phi,,NPHC,,,true,complete,true,https://www.greekrank.com/uni/112/,2026-08-23
WKU,Western Kentucky University,Alpha Omicron Pi,,Panhellenic,,,true,complete,true,https://www.greekrank.com/uni/112/,2026-08-23
WKU,Western Kentucky University,Alpha Xi Delta,,Panhellenic,,,true,complete,true,https://www.greekrank.com/uni/112/,2026-08-23
WKU,Western Kentucky University,Phi Mu,,Panhellenic,,,true,complete,true,https://www.greekrank.com/uni/112/,2026-08-23
WKU,Western Kentucky University,Alpha Delta Pi,,Panhellenic,,,true,complete,true,https://www.greekrank.com/uni/112/,2026-08-23
WKU,Western Kentucky University,Chi Omega,,Panhellenic,,,true,complete,true,https://www.greekrank.com/uni/112/,2026-08-23
WKU,Western Kentucky University,Delta Zeta,,Panhellenic,,,true,complete,true,https://www.greekrank.com/uni/112/,2026-08-23
WKU,Western Kentucky University,Kappa Delta,,Panhellenic,,,true,complete,true,https://www.greekrank.com/uni/112/,2026-08-23
WKU,Western Kentucky University,Alpha Gamma Delta,,Panhellenic,,,true,complete,true,https://www.greekrank.com/uni/112/,2026-08-23
WKU,Western Kentucky University,Sigma Kappa,,Panhellenic,,,true,complete,true,https://www.greekrank.com/uni/112/,2026-08-23
WKU,Western Kentucky University,Sigma Gamma Rho,,NPHC,,,true,complete,true,https://www.greekrank.com/uni/112/,2026-08-23
WKU,Western Kentucky University,Alpha Kappa Alpha,,NPHC,,,true,complete,true,https://www.greekrank.com/uni/112/,2026-08-23
WKU,Western Kentucky University,Zeta Phi Beta,,NPHC,,,true,complete,true,https://www.greekrank.com/uni/112/,2026-08-23
WKU,Western Kentucky University,Delta Sigma Theta,,NPHC,,,true,complete,true,https://www.greekrank.com/uni/112/,2026-08-23
