campus_id,campus,state,course_code,market_opportunity,tier,paid_competitors_found,intro1_competitors_found,local_competitors_found,course_specific_competitors,strongest_competitor,strongest_competitor_type,strongest_competitor_price,proven_paid_market,intro_accounting_paid_market_status,paid_academic_market_status,market_validation,university_free_support,competitor_ads_observed,general_accounting_ads_observed,brand_conquest_candidate,nonbrand_search_candidate,top_competitor_keyword_1,top_competitor_keyword_2,top_nonbrand_keyword_1,top_nonbrand_keyword_2,searches_run,sources,data_confidence
b3af67c6-99a5-4677-83d5-aa7d11a89c17,University of Alabama,AL,AC 210,96.1,1,15,13,4,4,ac210ua.com,COURSE_SPECIFIC_SITE,,HIGH,STRONG,STRONG,CROWDED,YES,NO,NO,YES,YES,ac210ua.com,ac210ua.com accounting,AC 210 exam 1,AC 210 practice exam,13,ac210ua.com; tutoringprof.com; appliedtutoring.com; quizlet.com; uworld.com; wyzant.com; cliffsnotes.com; coursehero.com,high
3f570e37-5394-4058-baab-508948befedb,University of Georgia,GA,ACCT 2101,95.3,1,15,15,5,4,acct2101uga.com,COURSE_SPECIFIC_SITE,,HIGH,STRONG,STRONG,CROWDED,YES,NO,NO,YES,YES,acct2101uga.com,acct2101uga.com accounting,ACCT 2101 exam 1,ACCT 2101 practice exam,13,acct2101uga.com; frogtutoring.com; varsitytutors.com; superprof.com; quizlet.com; wizeprep.com; coursehero.com; scribd.com,high
9220ee33-22b4-46b6-9ca5-86528da2ec47,CUNY-Baruch College New,NY,,95,1,5,2,0,0,Superprof,TUTOR_MARKETPLACE,,LOW,MODERATE,WEAK,WHITE_SPACE,YES,NO,NO,NO,PARTIAL,,,CUNY-Baruch College New financial accounting exam,CUNY-Baruch College New accounting tutoring,8,superprof.ng; universitytutor.com; bestvalueschools.com; emerald.com; arxiv.org,high
9fe12d29-01ee-4c7a-965c-dee6767e4409,University of Tennessee,TN,,93.6,1,14,11,2,1,Course Hero,NOTES_MARKETPLACE,,HIGH,STRONG,STRONG,CROWDED,YES,NO,NO,YES,PARTIAL,FrogTutoring,FrogTutoring accounting,University of Tennessee financial accounting exam,University of Tennessee accounting tutoring,8,frogtutoring.com; utdailybeacon.com; quizlet.com; studocu.com; coursehero.com; wyzant.com; abebooks.com; studysoup.com,high
9c4775be-7d82-4a3e-840c-349c5e15d8e8,"University of Tennessee, Knoxville",TN,ACCT 200,92.7,1,18,16,4,3,acct200ku.com,COURSE_SPECIFIC_SITE,,HIGH,STRONG,STRONG,CROWDED,YES,YES,YES,YES,YES,acct200ku.com,acct200ku.com accounting,ACCT 200 exam 1,ACCT 200 practice exam,13,wyzant.com; poetsandquantsforundergrads.com; quizlet.com; coursehero.com; knoxtech.org; studocu.com; acct200ku.com; studysoup.com,high
e330e87c-5467-4c05-9d3d-6cd2398de036,Auburn University,AL,ACCT 2110,92.3,1,17,15,6,4,acct2110.com,COURSE_SPECIFIC_SITE,,HIGH,STRONG,STRONG,CROWDED,YES,NO,NO,YES,YES,acct2110.com,acct2110.com accounting,ACCT 2110 exam 1,ACCT 2110 practice exam,13,joinknack.com; universitytutor.com; wyzant.com; tutorselect.com; quizlet.com; stuvia.com; docsity.com; coursehero.com,high
9aad4852-d3b1-4091-8157-acf427d8c88a,University of Houston,TX,ACCT 2301,92.1,1,15,14,7,4,acct2301.com,COURSE_SPECIFIC_SITE,,HIGH,STRONG,STRONG,CROWDED,YES,NO,NO,YES,YES,acct2301.com,acct2301.com accounting,ACCT 2301 exam 1,ACCT 2301 practice exam,13,wyzant.com; frogtutoring.com; wiingy.com; acct2301.com; atmtutoring.com; campuslabs.com; joinknack.com; quizlet.com,high
e631c8de-37a3-4aae-a948-a64bd20ea4c5,University of Arkansas,AR,ACCT 2013,91.4,1,18,16,4,3,acct2013msu.com,COURSE_SPECIFIC_SITE,,HIGH,STRONG,STRONG,CROWDED,YES,NO,NO,YES,YES,acct2013msu.com,acct2013msu.com accounting,ACCT 2013 exam 1,ACCT 2013 practice exam,13,insighttutoring.online; thrivetutoringnwa.org; superprof.com; quizlet.com; coursehero.com; acct2013msu.com; wizeprep.com; varsitytutors.com,high
a20b5f96-7a39-4a87-8fc8-30a577bac114,Florida International University,FL,ACG 2021,91.1,1,16,13,6,5,acg2021fiu.com,COURSE_SPECIFIC_SITE,,HIGH,STRONG,STRONG,CROWDED,YES,NO,NO,YES,YES,acg2021fiu.com,acg2021fiu.com accounting,ACG 2021 exam 1,ACG 2021 practice exam,13,wyzant.com; frogtutoring.com; acg2021fiu.com; princetonreview.com; universitytutor.com; varsitytutors.com; internationalstudent.com; stuvia.com,high
1f69dafc-34ac-4a01-bb90-b66e9185005b,Virginia Poly Inst & St Un,VA,,90.9,1,7,6,2,0,acis2115.com,LOCAL_CAMPUS_TUTORING,,HIGH,STRONG,STRONG,CROWDED,YES,NO,NO,YES,PARTIAL,acis2115.com,acis2115.com accounting,Virginia Poly Inst & St Un financial accounting exam,Virginia Poly Inst & St Un accounting tutoring,8,studysoup.com; docsity.com; acis2115.com; wizeprep.com; coursehero.com; studocu.com; cliffsnotes.com,high
a44a848d-4281-4780-8e29-955221802623,Liberty University,VA,ACCT 211,90.4,1,18,16,6,3,acct2300.com,COURSE_SPECIFIC_SITE,,HIGH,STRONG,STRONG,CROWDED,YES,NO,NO,YES,YES,Wize Prep,Wize Prep accounting,ACCT 211 exam 1,ACCT 211 practice exam,13,frogtutoring.com; princetonreview.com; quizlet.com; augusoft.net; wizeprep.com; study.com; cliffsnotes.com; myworkdayjobs.com,high
b35abe46-764e-4b10-9cb4-d3523dd1a2ee,Clemson University,SC,ACCT 2010,90.1,1,18,17,7,3,acct2001.com,COURSE_SPECIFIC_SITE,,HIGH,STRONG,STRONG,CROWDED,YES,NO,NO,YES,YES,Wize Prep,Wize Prep accounting,ACCT 2010 exam 1,ACCT 2010 practice exam,13,tutoringprof.com; universitytutor.com; com.au; frogtutoring.com; wizeprep.com; unifers.ai; quizlet.com; gradebuddy.com,high
d00ecc4b-16fa-4f3e-839e-416e675b03e1,Utah Valley University,UT,,90,1,10,7,3,2,Wize Prep,MULTI_CAMPUS_TUTORING,,HIGH,STRONG,STRONG,CROWDED,YES,NO,NO,YES,PARTIAL,Wize Prep,Wize Prep accounting,Utah Valley University financial accounting exam,Utah Valley University accounting tutoring,8,vaia.com; breakroom.cc; studocu.com; coursehero.com; becker.com; tandfonline.com; cliffsnotes.com; lightcastcc.com,high
02a82fbc-c702-4940-aa81-aedf19bf0140,University of Iowa Iowa,IA,,89.6,1,5,3,1,0,accounting.com,LOCAL_CAMPUS_TUTORING,$37; $7; $6; $11; $18; $19; $0; $10,HIGH,STRONG,STRONG,CROWDED,YES,NO,NO,YES,PARTIAL,accounting.com,accounting.com accounting,University of Iowa Iowa financial accounting exam,University of Iowa Iowa accounting tutoring,8,universitytutor.com; acm.org; coursehero.com; ncsl.org; accounting.com,high
e1ac1805-88fb-467c-a56e-b5a4314dbe2a,"Calif State Univ, Northridge",CA,,89.2,1,9,3,0,0,UniversityTutor,TUTOR_MARKETPLACE,,LOW,MODERATE,WEAK,WHITE_SPACE,YES,NO,NO,NO,PARTIAL,,,"Calif State Univ, Northridge financial accounting exam","Calif State Univ, Northridge accounting tutoring",8,universitytutor.com; finalsite.net; co.uk; fireflytutors.com; princetonreview.com; wyzant.com; geoscienceworld.org; yumpu.com,high
76eb1308-7c24-45e6-b436-aef5a7dc40af,University of Houston - Downtown,TX,ACC 2301,89.1,1,14,12,2,2,acct2301.com,COURSE_SPECIFIC_SITE,,HIGH,STRONG,STRONG,CROWDED,YES,YES,YES,YES,YES,acct2301.com,acct2301.com accounting,ACC 2301 exam 1,ACC 2301 practice exam,13,varsitytutors.com; universitytutor.com; coursehero.com; articlegateway.com; scribd.com; cliffsnotes.com; giftplans.org; quizlet.com,high
feab5578-893a-48c1-88c4-f4dc7616ac79,Indiana University Bloomington,IN,BUS-A 201,89,1,16,14,3,0,busa201.com,LOCAL_CAMPUS_TUTORING,,HIGH,STRONG,STRONG,CROWDED,YES,YES,YES,YES,YES,FrogTutoring,FrogTutoring accounting,BUS-A 201 exam 1,BUS-A 201 practice exam,13,frogtutoring.com; varsitytutors.com; studocu.com; quizlet.com; docsity.com; coursehero.com; stuvia.com; busa201.com,high
ae339230-577e-4569-a7d1-d1e45d1cfe91,University of Kentucky,KY,ACC 201,88.9,1,19,13,5,3,acc201uky.com,COURSE_SPECIFIC_SITE,,HIGH,STRONG,STRONG,CROWDED,YES,YES,YES,YES,YES,acc201uky.com,acc201uky.com accounting,ACC 201 exam 1,ACC 201 practice exam,13,acc201uky.com; wyzant.com; universitytutor.com; quizlet.com; coursehero.com; studocu.com; unlvbap.org; teacheron.com,high
1a4b48eb-1f7f-4ac6-bf8a-c5d7434ce1fa,Penn State University Univ,PA,ACCTG 201,87.6,1,16,14,4,2,Wize Prep,MULTI_CAMPUS_TUTORING,,HIGH,STRONG,STRONG,CROWDED,YES,NO,NO,YES,YES,Wize Prep,Wize Prep accounting,ACCTG 201 exam 1,ACCTG 201 practice exam,13,finalsite.net; studylib.net; zenodo.org; dokumen.pub; scribd.com; studocu.com; psututor.com; quizlet.com,high
48d46940-2cd8-4cfd-a9a3-b4c00bd3f9bc,University of North Texas,TX,ACCT 2010,87.6,1,20,18,8,3,acct2001.com,COURSE_SPECIFIC_SITE,,HIGH,STRONG,STRONG,CROWDED,YES,NO,NO,YES,YES,Wize Prep,Wize Prep accounting,ACCT 2010 exam 1,ACCT 2010 practice exam,13,frogtutoring.com; princetonreview.com; amazonaws.com; coursehero.com; cliffsnotes.com; tutoringprof.com; wizeprep.com; studysoup.com,high
36fe540d-615e-48f4-a8e6-1d3658ba2497,Appalachian State Univ,NC,,87.6,1,9,6,2,1,Course Hero,NOTES_MARKETPLACE,,HIGH,STRONG,STRONG,CROWDED,YES,NO,NO,YES,PARTIAL,theappalachianonline.com,theappalachianonline.com accounting,Appalachian State Univ financial accounting exam,Appalachian State Univ accounting tutoring,8,varsitytutors.com; universitytutor.com; theappalachianonline.com; coursehero.com; princetonreview.com; frogtutoring.com; superprof.com; studocu.com,high
faa7ada5-f035-43db-acbe-b76cf60cd37b,DePaul University,IL,,87.6,1,8,6,1,1,Course Hero,NOTES_MARKETPLACE,,HIGH,STRONG,STRONG,VALIDATED_PAID_MARKET,YES,NO,NO,YES,PARTIAL,FrogTutoring,FrogTutoring accounting,DePaul University financial accounting exam,DePaul University accounting tutoring,8,varsitytutors.com; universitytutor.com; frogtutoring.com; quizlet.com; coursehero.com; studocu.com; yumpu.com; wyzant.com,high
390be85e-40fa-4a5f-beba-45d794270644,Indiana University,IN,BUS-A 201,87.3,1,18,17,4,0,busa201.com,LOCAL_CAMPUS_TUTORING,,HIGH,STRONG,STRONG,CROWDED,YES,YES,YES,YES,YES,FrogTutoring,FrogTutoring accounting,BUS-A 201 exam 1,BUS-A 201 practice exam,13,bloomingtontutors.com; campusts.com; frogtutoring.com; upswing.io; quizlet.com; docsity.com; studocu.com; busa201.com,high
044c2f7d-7367-4634-8fb2-477920113a56,Univ of Central Florida,FL,ACC 201,87.1,1,25,20,7,3,acc201uky.com,COURSE_SPECIFIC_SITE,,HIGH,STRONG,STRONG,CROWDED,YES,YES,YES,YES,YES,acc201uky.com,acc201uky.com accounting,ACC 201 exam 1,ACC 201 practice exam,13,wyzant.com; varsitytutors.com; superprof.com; tutoringprof.com; quizlet.com; studysoup.com; acc201uky.com; unlvbap.org,high
98098d5c-fe07-4462-9efb-b7657f81a3c3,Michigan State University East,MI,,86.8,1,4,3,0,1,Course Hero,NOTES_MARKETPLACE,,HIGH,MODERATE,WEAK,WHITE_SPACE,YES,NO,NO,NO,PARTIAL,,,Michigan State University East financial accounting exam,Michigan State University East accounting tutoring,8,wyzant.com; universitytutor.com; coursehero.com; tutorselect.com,high
2898a6d1-7e5e-45ae-a221-6aee05a9dc2f,Temple University,PA,ACCT 2101,86.8,1,15,13,5,4,acct2101uga.com,COURSE_SPECIFIC_SITE,,HIGH,STRONG,STRONG,CROWDED,YES,NO,NO,YES,YES,acct2101uga.com,acct2101uga.com accounting,ACCT 2101 exam 1,ACCT 2101 practice exam,13,joinknack.com; varsitytutors.com; ac.jp; frogtutoring.com; studocu.com; coursehero.com; quizlet.com; cliffsnotes.com,high
7b92a320-b196-43f2-a241-77a0805816fe,University of Mississippi,MS,ACCY 201,86.7,1,19,12,6,1,accy201.com,COURSE_SPECIFIC_SITE,,HIGH,STRONG,STRONG,CROWDED,YES,NO,NO,YES,YES,accy201.com,accy201.com accounting,ACCY 201 exam 1,ACCY 201 practice exam,13,frogtutoring.com; superprof.com; varsitytutors.com; tutoringprof.com; cpajournal.com; coursehero.com; accy201.com; learnworlds.com,high
9cc7b731-363b-45cf-b371-efd7f04efb3f,University of Wisconsin–Madison,WI,ACCT IS 100,86.6,1,23,22,4,1,Course Hero,NOTES_MARKETPLACE,,HIGH,STRONG,STRONG,CROWDED,YES,YES,YES,YES,YES,FrogTutoring,FrogTutoring accounting,ACCT IS 100 exam 1,ACCT IS 100 practice exam,13,frogtutoring.com; princetonreview.com; tutoringprof.com; bufftutor.com; superprof.ng; varsitytutors.com; coursehero.com; quizlet.com,high
ae2ba2d1-a457-42b0-840d-83d83a6ad39b,University of South Florida,FL,ACG 2021,85.9,1,20,15,9,4,acg2021fiu.com,COURSE_SPECIFIC_SITE,,HIGH,STRONG,STRONG,CROWDED,YES,NO,NO,YES,YES,acg2021fiu.com,acg2021fiu.com accounting,ACG 2021 exam 1,ACG 2021 practice exam,13,joinknack.com; crambetter.com; varsitytutors.com; princetonreview.com; coursehero.com; studysoup.com; stuvia.com; acg2021fiu.com,high
1cc90976-6fa5-4b05-9db0-1893f95c0e05,Grand Valley State Univ Grand,MI,ACC 212,85.5,1,11,8,1,3,Wize Prep,MULTI_CAMPUS_TUTORING,,HIGH,STRONG,STRONG,VALIDATED_PAID_MARKET,YES,NO,NO,YES,YES,Wize Prep,Wize Prep accounting,ACC 212 exam 1,ACC 212 practice exam,13,studylib.net; quizlet.com; cliffsnotes.com; scribd.com; studocu.com; coursehero.com; yumpu.com; docsity.com,high
9d92ff92-0651-441b-94ca-4e6ca696bafe,Grand Valley State University Allendal,MI,,85.5,1,2,0,0,0,proquest.com,INDIVIDUAL_OR_LOCAL,,LOW,MODERATE,WEAK,WHITE_SPACE,YES,NO,NO,NO,PARTIAL,,,GVSU financial accounting exam,GVSU accounting tutoring,8,proquest.com; johnsoncenter.org,high
28a1f84d-2dcf-4376-a654-79b5af45fbac,San Diego State University San,CA,ACCT 100,85.4,1,13,13,1,2,acct2001.com,COURSE_SPECIFIC_SITE,,HIGH,STRONG,STRONG,CROWDED,YES,NO,NO,YES,YES,acct2001.com,acct2001.com accounting,ACCT 100 exam 1,ACCT 100 practice exam,13,wyzant.com; vaia.com; tutors-on-call.com; scribd.com; studocu.com; quizlet.com; coursehero.com; docsity.com,high
77721583-6490-42e1-af25-c92ac0c829af,Western Michigan University,MI,,85.2,1,8,6,2,0,FrogTutoring,MULTI_CAMPUS_TUTORING,,HIGH,STRONG,STRONG,VALIDATED_PAID_MARKET,YES,NO,NO,YES,PARTIAL,FrogTutoring,FrogTutoring accounting,Western Michigan University financial accounting exam,Western Michigan University accounting tutoring,8,varsitytutors.com; wyzant.com; coursehero.com; princetonreview.com; frogtutoring.com; studysoup.com; wizeprep.com; quizlet.com,high
d3e38c3b-56de-4640-9ae5-5b2edb9e313f,Texas A&M University Coll,TX,ACCT 209/229/640,85,1,13,10,4,2,acct209.com,COURSE_SPECIFIC_SITE,,HIGH,STRONG,STRONG,CROWDED,YES,NO,NO,YES,YES,acct209.com,acct209.com accounting,ACCT 209/229/640 exam 1,ACCT 209/229/640 practice exam,13,varsitytutors.com; princetonreview.com; acct209.com; acct229.com; wyzant.com; aplustutoring.ws; atmtutoring.com; thebatt.com,high
42c3eddd-939e-48ae-ba21-2d04bdadb84e,Florida Atlantic University,FL,ACG 2021,84.9,1,16,13,6,3,acg2021fiu.com,COURSE_SPECIFIC_SITE,,HIGH,STRONG,STRONG,CROWDED,YES,NO,NO,YES,YES,acg2021fiu.com,acg2021fiu.com accounting,ACG 2021 exam 1,ACG 2021 practice exam,13,wyzant.com; varsitytutors.com; tutorocean.com; frogtutoring.com; vengeanceracing.net; coursehero.com; yumpu.com; acg2021fiu.com,high
7874a5d5-5dcd-4a2d-8a6f-77e62b44078c,Illinois State University,IL,,84.7,1,7,5,1,1,Course Hero,NOTES_MARKETPLACE,,HIGH,STRONG,STRONG,VALIDATED_PAID_MARKET,YES,NO,NO,YES,PARTIAL,FrogTutoring,FrogTutoring accounting,Illinois State University financial accounting exam,Illinois State University accounting tutoring,8,varsitytutors.com; quizlet.com; coursehero.com; studysoup.com; frogtutoring.com; princetonreview.com; tutorselect.com,high
4c5126b1-3fe0-48fe-a1db-1e41d06e4642,University of Florida,FL,ACG 2021,84.6,1,21,18,6,5,acg2021fiu.com,COURSE_SPECIFIC_SITE,,HIGH,STRONG,STRONG,CROWDED,YES,NO,NO,YES,YES,acg2021fiu.com,acg2021fiu.com accounting,ACG 2021 exam 1,ACG 2021 practice exam,13,automatictutoring.com; joinknack.com; frogtutoring.com; wyzant.com; superprof.com; universitytutor.com; gleim.com; coursehero.com,high
134547c6-fcf2-4a0f-9c0c-6612fb4408dc,University of Delaware,DE,ACCT 207,84.6,1,17,14,5,4,acct229.com,COURSE_SPECIFIC_SITE,,HIGH,STRONG,STRONG,CROWDED,YES,NO,NO,YES,YES,Wize Prep,Wize Prep accounting,ACCT 207 exam 1,ACCT 207 practice exam,13,frogtutoring.com; princetonreview.com; tutoringprof.com; superprof.ng; quizlet.com; studocu.com; wizeprep.com; coursehero.com,high
7325256b-319c-4948-b5a0-5f2016f38dca,San Diego State University,CA,ACCTG 201,84.5,1,16,15,5,2,Wize Prep,MULTI_CAMPUS_TUTORING,,HIGH,STRONG,STRONG,CROWDED,YES,NO,NO,YES,YES,Wize Prep,Wize Prep accounting,ACCTG 201 exam 1,ACCTG 201 practice exam,13,wyzant.com; graduatetutor.com; varsitytutors.com; aplusreview.com; frogtutoring.com; merithub.com; coursehero.com; studocu.com,high
349eaec1-12e2-4168-888f-9371ce7a828e,Boise State University,ID,,84.4,1,3,3,1,1,Course Hero,NOTES_MARKETPLACE,,HIGH,STRONG,STRONG,VALIDATED_PAID_MARKET,YES,NO,NO,YES,PARTIAL,FrogTutoring,FrogTutoring accounting,Boise State University financial accounting exam,Boise State University accounting tutoring,8,frogtutoring.com; quizlet.com; coursehero.com,high
6f5f6dd5-04f8-49df-b326-6bd2851e5d9c,"Calif State Univ, Fullerton",CA,,84.1,1,4,1,0,0,TutorSelect,TUTOR_MARKETPLACE,,LOW,MODERATE,WEAK,WHITE_SPACE,YES,NO,NO,NO,PARTIAL,,,"Calif State Univ, Fullerton financial accounting exam","Calif State Univ, Fullerton accounting tutoring",8,tutorselect.com; annualreviews.org; voiceofoc.org; aag.org,high
39e11bf9-6201-41d5-8c50-489b8259032a,University of Iowa,IA,ACCT:2100,84,1,12,10,4,4,acct2100.com,COURSE_SPECIFIC_SITE,,HIGH,STRONG,STRONG,CROWDED,YES,NO,NO,YES,YES,acct2100.com,acct2100.com accounting,ACCT:2100 exam 1,ACCT:2100 practice exam,13,varsitytutors.com; tutoringprof.com; quizlet.com; coursehero.com; studocu.com; acct2100.com; wizeprep.com; scribd.com,high
21cad3ab-fb66-4efb-b338-430cbbdd41e9,"University of Nevada, Las Vegas",NV,ACC 201,83.7,1,23,18,9,3,acc201uky.com,COURSE_SPECIFIC_SITE,,HIGH,STRONG,STRONG,CROWDED,YES,YES,YES,YES,YES,Wize Prep,Wize Prep accounting,ACC 201 exam 1,ACC 201 practice exam,13,frogtutoring.com; universitytutor.com; wyzant.com; vaia.com; tipro.org; coursehero.com; wizeprep.com; quizlet.com,high
faad6039-be72-4f5c-8ad5-ca7b95e2889f,University of Texas at Austin,TX,ACC 311,83.6,1,22,19,4,3,acc311.com,COURSE_SPECIFIC_SITE,,HIGH,STRONG,STRONG,CROWDED,YES,YES,YES,YES,YES,Wize Prep,Wize Prep accounting,ACC 311 exam 1,ACC 311 practice exam,13,wyzant.com; universitytutor.com; varsitytutors.com; tutorocean.com; tutoringprof.com; wizeprep.com; coursehero.com; cliffsnotes.com,high
9242c526-7842-4b60-b13f-34a6589c8e55,Wayne State University,MI,,83.4,1,8,5,1,1,Course Hero,NOTES_MARKETPLACE,,HIGH,STRONG,STRONG,VALIDATED_PAID_MARKET,YES,NO,NO,YES,PARTIAL,FrogTutoring,FrogTutoring accounting,Wayne State University financial accounting exam,Wayne State University accounting tutoring,8,frogtutoring.com; varsitytutors.com; wyzant.com; stuvia.com; coursehero.com; princetonreview.com; tutorocean.com; studocu.com,high
e7fff2aa-78fe-459f-9211-2584fae1f5ee,Texas Tech University,TX,ACCT 2300,83.3,1,17,16,3,3,acct2300.com,COURSE_SPECIFIC_SITE,,HIGH,STRONG,STRONG,CROWDED,YES,NO,NO,YES,YES,acct2300.com,acct2300.com accounting,ACCT 2300 exam 1,ACCT 2300 practice exam,13,frogtutoring.com; universitytutor.com; quizlet.com; coursehero.com; docsity.com; cliffsnotes.com; stuvia.com; coursesidekick.com,high
f264082f-29ce-459e-806b-2a4d94fd40b6,Un of Massachusetts Amherst,MA,,83.1,1,10,7,1,2,Course Hero,NOTES_MARKETPLACE,,HIGH,STRONG,STRONG,CROWDED,YES,NO,NO,YES,PARTIAL,ecampus.com,ecampus.com accounting,Un of Massachusetts Amherst financial accounting exam,Un of Massachusetts Amherst accounting tutoring,8,wyzant.com; princetonreview.com; superprof.rw; coursehero.com; docsity.com; studocu.com; ecampus.com; superprof.com,high
b4b6aba9-702e-4bdf-8541-90e566653ee1,University of Tampa,FL,,82.9,1,12,10,2,2,Wize Prep,MULTI_CAMPUS_TUTORING,,HIGH,STRONG,STRONG,CROWDED,YES,NO,NO,YES,PARTIAL,Wize Prep,Wize Prep accounting,University of Tampa financial accounting exam,University of Tampa accounting tutoring,8,wyzant.com; superprof.com; universitytutor.com; princetonreview.com; quizlet.com; pearson.com; coursehero.com; tutorselect.com,high
3888d1aa-8bf8-4ca7-9b42-6e1528b5972f,Kennesaw State University,GA,ACCT 2101,82.8,1,15,13,6,5,acct2101uga.com,COURSE_SPECIFIC_SITE,,HIGH,STRONG,STRONG,CROWDED,YES,NO,NO,YES,YES,acct2101uga.com,acct2101uga.com accounting,ACCT 2101 exam 1,ACCT 2101 practice exam,13,frogtutoring.com; joinknack.com; varsitytutors.com; coursehero.com; quizlet.com; studocu.com; acct2101uga.com; scribd.com,high
1c22f607-dc5c-494b-b75a-331432771695,San Jose State University San,CA,,82.8,1,6,6,5,0,urbansitter.com,LOCAL_CAMPUS_TUTORING,,HIGH,STRONG,STRONG,CROWDED,YES,NO,NO,YES,PARTIAL,urbansitter.com,urbansitter.com accounting,San Jose State University San financial accounting exam,San Jose State University San accounting tutoring,8,urbansitter.com; toeflsaudi.org; universitytutor.com; smapse.com; msmunify.com; askfilo.com,high
7c7090fb-dd70-4435-bafc-a5504af4d3f2,Univ of Nebraska-Lincoln,NE,,82.5,1,8,7,2,1,Course Hero,NOTES_MARKETPLACE,,HIGH,STRONG,STRONG,CROWDED,YES,NO,NO,YES,PARTIAL,bufftutor.com,bufftutor.com accounting,Univ of Nebraska-Lincoln financial accounting exam,Univ of Nebraska-Lincoln accounting tutoring,8,bufftutor.com; quizlet.com; coursehero.com; com.ph; cliffsnotes.com; superprof.com; nescpa.org; docsity.com,high
60e3b6bc-611e-4254-8b7c-7e8b45412159,George Mason University,VA,ACCT 203,82.5,1,11,11,3,1,Course Hero,NOTES_MARKETPLACE,,HIGH,STRONG,STRONG,CROWDED,YES,NO,NO,YES,YES,FrogTutoring,FrogTutoring accounting,ACCT 203 exam 1,ACCT 203 practice exam,13,wyzant.com; frogtutoring.com; joinknack.com; quizlet.com; coursehero.com; gyanbooks.com; studocu.com; docsity.com,high
7f9727f8-72ca-414d-9192-c8b52566450f,University of North Carolina at Charlotte,NC,ACCT 2121,82.4,1,22,20,2,2,Scribd,NOTES_MARKETPLACE,,HIGH,STRONG,STRONG,CROWDED,YES,YES,YES,YES,YES,FrogTutoring,FrogTutoring accounting,ACCT 2121 exam 1,ACCT 2121 practice exam,13,frogtutoring.com; universitytutor.com; dbachronicles.org; scribd.com; cliffsnotes.com; edubirdie.com; numerade.com; quizlet.com,high
26fec746-f7a8-48d0-8ac6-3bda7c78d82f,North Carolina State University,NC,ACC 210,82.3,1,21,19,5,2,acc210.com,COURSE_SPECIFIC_SITE,,HIGH,STRONG,STRONG,CROWDED,YES,NO,NO,YES,YES,acc210.com,acc210.com accounting,ACC 210 exam 1,ACC 210 practice exam,13,frogtutoring.com; acc210.com; superprof.pk; wyzant.com; princetonreview.com; universitytutor.com; coursehero.com; quizlet.com,high
942c7c2b-196c-4158-8d12-42f518ed998a,Calif State Poly U-Pomona,CA,,82.2,1,4,3,0,0,silo.tips,INDIVIDUAL_OR_LOCAL,,LOW,MODERATE,WEAK,WHITE_SPACE,YES,NO,NO,NO,PARTIAL,,,Calif State Poly U-Pomona financial accounting exam,Calif State Poly U-Pomona accounting tutoring,8,silo.tips; scribd.com; collegemoneymethod.com; studylib.net,high
a2d4e198-012c-4b71-98a8-9bd851f8d6cf,CUNY-Brooklyn College,NY,,82,1,10,4,0,1,Course Hero,NOTES_MARKETPLACE,,HIGH,MODERATE,WEAK,WHITE_SPACE,YES,NO,NO,NO,PARTIAL,,,CUNY-Brooklyn College financial accounting exam,CUNY-Brooklyn College accounting tutoring,8,wyzant.com; varsitytutors.com; studypool.com; universitytutor.com; edworkingpapers.com; coursehero.com; quizlet.com; princetonreview.com,high
318d6a61-b955-4242-9b0c-1c471a14791a,Franklin University,OH,,81.9,1,7,6,0,1,Course Hero,NOTES_MARKETPLACE,,HIGH,MODERATE,WEAK,WHITE_SPACE,YES,NO,NO,YES,PARTIAL,Becker,Becker accounting,Franklin financial accounting exam,Franklin accounting tutoring,8,varsitytutors.com; universitytutor.com; superprof.com; degreeforum.net; cliffsnotes.com; coursehero.com; becker.com,high
4faf28e4-be37-4940-9769-5cb89ca311ca,Montclair State University,NJ,ACCT201,81.8,1,19,18,4,4,acct201a.com,COURSE_SPECIFIC_SITE,,HIGH,STRONG,STRONG,CROWDED,YES,NO,NO,YES,YES,acct201a.com,acct201a.com accounting,ACCT201 exam 1,ACCT201 practice exam,13,superprof.com; frogtutoring.com; universitytutor.com; wyzant.com; quizlet.com; coursehero.com; studysoup.com; acct201a.com,high
b6129ff5-854a-4a3e-a4f3-96572aef3fab,Texas Christian University Fort,TX,,81.7,1,4,3,1,0,edumaritime.net,LOCAL_CAMPUS_TUTORING,,MEDIUM,STRONG,STRONG,CROWDED,YES,NO,NO,YES,PARTIAL,edumaritime.net,edumaritime.net accounting,Texas Christian University Fort financial accounting exam,Texas Christian University Fort accounting tutoring,8,wyzant.com; edumaritime.net; sagepub.com; springer.com,high
102fd422-da6d-47e5-aabe-e5d83c511408,The University of Texas at Austin,TX,ACC 311,81.3,1,19,16,4,3,acc311.com,COURSE_SPECIFIC_SITE,,HIGH,STRONG,STRONG,CROWDED,YES,YES,YES,YES,YES,Wize Prep,Wize Prep accounting,ACC 311 exam 1,ACC 311 practice exam,13,universitytutor.com; wyzant.com; varsitytutors.com; tutorocean.com; superprof.ng; mccombstutor.com; quizlet.com; wizeprep.com,high
26e8e9bc-b64d-4126-8c54-288c9a379a2c,Rutgers University-Newark,NJ,,80.9,1,7,7,2,0,nabainc.org,LOCAL_CAMPUS_TUTORING,,HIGH,STRONG,STRONG,CROWDED,YES,NO,NO,YES,PARTIAL,nabainc.org,nabainc.org accounting,Rutgers University-Newark financial accounting exam,Rutgers University-Newark accounting tutoring,8,princetonreview.com; wyzant.com; coursehero.com; nabainc.org; frogtutoring.com; quizlet.com; stuvia.com,high
25bbd83e-03ff-4c69-833e-388ace5857a9,Middle Tennessee State Univ,TN,ACTG 2110,80.8,1,13,8,3,1,acct2110.com,COURSE_SPECIFIC_SITE,,HIGH,STRONG,STRONG,CROWDED,NO,YES,YES,YES,YES,acct2110.com,acct2110.com accounting,ACTG 2110 exam 1,ACTG 2110 practice exam,13,varsitytutors.com; mtsunews.com; joinknack.com; coursehero.com; docsity.com; frogtutoring.com; quizlet.com; studysoup.com,high
95246fc8-1ce6-409e-b454-d03c82766719,Mississippi State University,MS,ACC 2013,80.8,1,13,8,1,2,Quizlet,NOTES_MARKETPLACE,,HIGH,STRONG,STRONG,VALIDATED_PAID_MARKET,YES,NO,NO,YES,YES,FrogTutoring,FrogTutoring accounting,ACC 2013 exam 1,ACC 2013 practice exam,13,varsitytutors.com; frogtutoring.com; superprof.com; quizlet.com; coursehero.com; stuvia.com; studysoup.com; cliffsnotes.com,high
bb80faac-ecaf-418a-abe3-46582214289e,University of Southern California,CA,BUAD 280,80.6,1,17,14,5,1,Course Hero,NOTES_MARKETPLACE,,HIGH,STRONG,STRONG,CROWDED,YES,NO,NO,YES,YES,FrogTutoring,FrogTutoring accounting,BUAD 280 exam 1,BUAD 280 practice exam,13,frogtutoring.com; wyzant.com; varsitytutors.com; tutors.com; meetatutor.com; superprof.com; studocu.com; cfala.org,high
980fcc26-676e-4e05-883e-8ab55867020a,The University of Texas at San Antonio,TX,ACC 2013,80.3,1,14,12,1,1,Course Hero,NOTES_MARKETPLACE,,HIGH,STRONG,STRONG,VALIDATED_PAID_MARKET,YES,NO,NO,YES,YES,FrogTutoring,FrogTutoring accounting,ACC 2013 exam 1,ACC 2013 practice exam,13,superprof.com; princetonreview.com; varsitytutors.com; universitytutor.com; wyzant.com; coursehero.com; cliffsnotes.com; frogtutoring.com,high
46e2c9bf-c4c4-4a7f-bc4a-5fe00bfce1aa,Purdue University W,IN,,80.1,1,4,1,0,0,Course Hero,NOTES_MARKETPLACE,,LOW,MODERATE,WEAK,WHITE_SPACE,YES,NO,NO,NO,PARTIAL,,,Purdue University W financial accounting exam,Purdue University W accounting tutoring,8,coursehero.com; springer.com; culturalkeys.us; hal.science,high
840a674c-a046-4267-afb1-4a23d5d1ba82,Georgia Southern University,GA,,79.9,1,7,4,2,1,Course Hero,NOTES_MARKETPLACE,,HIGH,STRONG,STRONG,CROWDED,YES,NO,NO,YES,PARTIAL,georgiatrend.com,georgiatrend.com accounting,Georgia Southern University financial accounting exam,Georgia Southern University accounting tutoring,8,varsitytutors.com; wyzant.com; georgiatrend.com; coursehero.com; frogtutoring.com; princetonreview.com; superprof.com,high
6cad7402-9304-43d7-951a-91aa2b183778,St. John's University,NY,,79.4,1,5,2,0,2,Course Hero,NOTES_MARKETPLACE,,HIGH,MODERATE,WEAK,WHITE_SPACE,YES,NO,NO,NO,PARTIAL,,,St. John's University financial accounting exam,St. John's University accounting tutoring,8,varsitytutors.com; princetonreview.com; coursehero.com; cliffsnotes.com; studocu.com,high
f88bae89-d063-4a50-9351-f473303841c8,Florida Gulf Coast University,FL,ACG 2021,79.2,1,15,12,5,2,acg2021fiu.com,COURSE_SPECIFIC_SITE,,HIGH,STRONG,STRONG,CROWDED,YES,NO,NO,YES,YES,acg2021fiu.com,acg2021fiu.com accounting,ACG 2021 exam 1,ACG 2021 practice exam,13,wyzant.com; varsitytutors.com; princetonreview.com; acg2021fiu.com; universitytutor.com; studysoup.com; passaccountingclass.com; co.nz,high
42d6ef0d-de7b-48ad-a717-ae341b8d4ea3,Brigham Young University,UT,,79.1,1,14,13,1,2,Course Hero,NOTES_MARKETPLACE,,HIGH,STRONG,STRONG,VALIDATED_PAID_MARKET,YES,NO,NO,YES,PARTIAL,FrogTutoring,FrogTutoring accounting,Brigham Young University financial accounting exam,Brigham Young University accounting tutoring,8,frogtutoring.com; varsitytutors.com; princetonreview.com; superprof.sg; quizlet.com; atlascpaindex.com; studysoup.com; coursehero.com,high
f6c19503-0373-4c04-9cf1-32f31633a1f4,Bentley University,MA,,78.9,1,8,4,2,0,bentley-vanguard.org,LOCAL_CAMPUS_TUTORING,,HIGH,STRONG,STRONG,CROWDED,YES,NO,NO,YES,PARTIAL,bentley-vanguard.org,bentley-vanguard.org accounting,Bentley University financial accounting exam,Bentley University accounting tutoring,8,varsitytutors.com; businesstutoring.com; bentley-vanguard.org; wyzant.com; princetonreview.com; coursehero.com; na-businesspress.com; lga.cpa,high
fea35ec6-5a55-4e27-9fe0-021c0a583253,Georgia State University,GA,ACCT 2101,78.9,1,16,14,4,4,acct2101uga.com,COURSE_SPECIFIC_SITE,,HIGH,STRONG,STRONG,CROWDED,YES,NO,NO,YES,YES,acct2101uga.com,acct2101uga.com accounting,ACCT 2101 exam 1,ACCT 2101 practice exam,13,wyzant.com; frogtutoring.com; varsitytutors.com; coursehero.com; becker.com; studysoup.com; quizlet.com; acct2101uga.com,high
6cec1e83-5cda-403b-8da6-2b7b004db570,Missouri State University,MO,ACC 201,78.8,1,20,12,5,3,acc201uky.com,COURSE_SPECIFIC_SITE,,HIGH,STRONG,STRONG,CROWDED,YES,YES,YES,YES,YES,acc201uky.com,acc201uky.com accounting,ACC 201 exam 1,ACC 201 practice exam,13,varsitytutors.com; frogtutoring.com; wyzant.com; quizlet.com; coursehero.com; articlegateway.com; acc201uky.com; unlvbap.org,high
af1d8651-43c0-4f2d-82dd-4c1d4a4009cb,Minnesota St Univ Mankato,MN,,78.7,1,6,1,0,0,wdsinet.org,INDIVIDUAL_OR_LOCAL,,LOW,MODERATE,WEAK,WHITE_SPACE,YES,NO,NO,NO,PARTIAL,,,Minnesota St Univ Mankato financial accounting exam,Minnesota St Univ Mankato accounting tutoring,8,wdsinet.org; myconnectsuite.com; worldscientific.com; petersolie.com; siop.org; senate.mn,high
a812801e-bfdf-47fa-af80-4b4ee6fe52fa,SUNYat Buffalo,NY,,78.4,1,3,2,0,0,purplemath.com,INDIVIDUAL_OR_LOCAL,,LOW,MODERATE,WEAK,WHITE_SPACE,YES,NO,NO,NO,PARTIAL,,,SUNYat Buffalo financial accounting exam,SUNYat Buffalo accounting tutoring,8,purplemath.com; varsitytutors.com; wyzant.com,high
83d8767f-45f5-4ebe-9782-06e2077e358e,University of Maryland College,MD,,78.3,1,17,12,5,0,collegeparktutors.com,LOCAL_CAMPUS_TUTORING,,HIGH,STRONG,STRONG,CROWDED,YES,NO,NO,YES,PARTIAL,Knack,Knack accounting,University of Maryland College financial accounting exam,University of Maryland College accounting tutoring,8,joinknack.com; wyzant.com; collegeparktutors.com; universitytutor.com; tutoringprof.com; varsitytutors.com; unifers.ai; princetonreview.com,high
440f7ded-6e38-4620-b284-da1d335321e3,Univ of Hawaii at Manoa,HI,,78.3,1,8,4,0,0,UniversityTutor,TUTOR_MARKETPLACE,,LOW,MODERATE,WEAK,WHITE_SPACE,YES,NO,NO,NO,PARTIAL,,,Univ of Hawaii at Manoa financial accounting exam,Univ of Hawaii at Manoa accounting tutoring,8,universitytutor.com; scribd.com; coursehero.com; quizlet.com; princetonreview.com; tutorselect.com; wyzant.com; studocu.com,high
99517fab-c7e6-4267-9af4-c26726960518,Valencia College,FL,,78.3,1,5,4,3,0,peopleadmin.com,LOCAL_CAMPUS_TUTORING,,HIGH,STRONG,STRONG,CROWDED,YES,NO,NO,YES,PARTIAL,peopleadmin.com,peopleadmin.com accounting,Valencia College financial accounting exam,Valencia College accounting tutoring,8,peopleadmin.com; richmondbizsense.com; cliffsnotes.com; wizeprep.com; studocu.com,high
408b44a5-1704-40d5-965d-dc02cb78f55c,The University of Texas at Dallas,TX,ACCT 2301,78.2,1,20,18,4,3,acct2301.com,COURSE_SPECIFIC_SITE,,HIGH,STRONG,STRONG,CROWDED,YES,NO,NO,YES,YES,acct2301.com,acct2301.com accounting,ACCT 2301 exam 1,ACCT 2301 practice exam,13,varsitytutors.com; universitytutor.com; frogtutoring.com; cliffsnotes.com; tx.cpa; gleim.com; acct2301.com; atmtutoring.com,high
1ad51593-c384-497f-9c1d-ea8afb34d5b5,Texas State University,TX,ACC 2361,78,1,12,12,4,4,acc2361.com,COURSE_SPECIFIC_SITE,,HIGH,STRONG,STRONG,CROWDED,YES,YES,YES,YES,YES,acc2361.com,acc2361.com accounting,ACC 2361 exam 1,ACC 2361 practice exam,13,frogtutoring.com; varsitytutors.com; quizlet.com; studysoup.com; coursehero.com; docsity.com; acc2361.com; scribd.com,high
8bdfbb11-8b2a-489c-aa45-884feeb84bef,Boston College Chestnut,MA,,77.8,1,5,4,0,0,Wyzant,TUTOR_MARKETPLACE,,LOW,MODERATE,WEAK,WHITE_SPACE,YES,NO,NO,NO,PARTIAL,,,Boston College Chestnut financial accounting exam,Boston College Chestnut accounting tutoring,8,wyzant.com; teacheron.com; scribd.com; springer.com; emerald.com,high
13864a8e-31cc-45e2-a81d-5e54f623ab35,Univ No Carolina Greensboro,NC,ACC 201,77.7,1,19,12,5,3,acc201uky.com,COURSE_SPECIFIC_SITE,,HIGH,STRONG,STRONG,CROWDED,YES,YES,YES,YES,YES,acc201uky.com,acc201uky.com accounting,ACC 201 exam 1,ACC 201 practice exam,13,collegeboundlearningcenter.com; scribd.com; princetonreview.com; coursehero.com; acc201uky.com; unlvbap.org; teacheron.com; emaze.com,high
8084398c-7b9c-40d9-8271-f3efc47ba142,University of Utah Salt Lake,UT,,77.7,1,6,4,1,0,studee.com,LOCAL_CAMPUS_TUTORING,,HIGH,STRONG,STRONG,CROWDED,YES,NO,NO,YES,PARTIAL,studee.com,studee.com accounting,University of Utah Salt Lake financial accounting exam,University of Utah Salt Lake accounting tutoring,8,wyzant.com; studee.com; accp.com; edu.tw; springer.com; jhoponline.com,high
e6b5ba83-78a8-4275-b758-d5f630bc1d18,University of Illinois,IL,,77.2,1,17,14,2,0,bufftutor.com,LOCAL_CAMPUS_TUTORING,$20; $20/hr; $100/hr,HIGH,STRONG,STRONG,CROWDED,YES,NO,NO,YES,PARTIAL,FrogTutoring,FrogTutoring accounting,University of Illinois financial accounting exam,University of Illinois accounting tutoring,8,frogtutoring.com; princetonreview.com; varsitytutors.com; universitytutor.com; ilboe.org; becker.com; wyzant.com; studocu.com,high
48009020-daf1-4ce3-9c79-07abbf229b90,University of Notre Dame Notre,IN,ACCT 20100,77.2,1,11,9,1,1,Studocu,NOTES_MARKETPLACE,,HIGH,STRONG,STRONG,CROWDED,YES,NO,NO,YES,YES,aralia.com,aralia.com accounting,ACCT 20100 exam 1,ACCT 20100 practice exam,13,quizlet.com; coursehero.com; boilerclasses.com; stuvia.com; studocu.com; aralia.com; springer.com; utcle.org,high
0f40f287-100d-4ec3-a951-1e3b40486a8f,University of St. Thomas-MN St.,MN,,77,1,6,3,2,0,trabajo.org,LOCAL_CAMPUS_TUTORING,,HIGH,STRONG,STRONG,CROWDED,YES,NO,NO,YES,PARTIAL,Knack,Knack accounting,University of St. Thomas-MN St. financial accounting exam,University of St. Thomas-MN St. accounting tutoring,8,varsitytutors.com; scribd.com; joinknack.com; trabajo.org; proquest.com; zenithadvisors.net,high
0f207a42-7b5b-46f3-8d9b-7b753a0451fe,Oregon State University,OR,BA 211Z,76.9,1,12,9,1,1,Course Hero,NOTES_MARKETPLACE,,HIGH,STRONG,STRONG,VALIDATED_PAID_MARKET,YES,NO,NO,YES,YES,FrogTutoring,FrogTutoring accounting,BA 211Z exam 1,BA 211Z practice exam,13,osubap.com; frogtutoring.com; studocu.com; coursehero.com; quizlet.com; cliffsnotes.com; docsity.com; universitytutor.com,high
cfd87c76-6af7-4e32-b53a-6c091f19f179,University of Arizona,AZ,ACCT 200,76.8,1,19,17,5,4,acct200ku.com,COURSE_SPECIFIC_SITE,,HIGH,STRONG,STRONG,CROWDED,YES,YES,YES,YES,YES,Wize Prep,Wize Prep accounting,ACCT 200 exam 1,ACCT 200 practice exam,13,universitytutor.com; superprof.com; frogtutoring.com; quizlet.com; coursehero.com; docsity.com; wizeprep.com; cliffsnotes.com,high
0313357b-f044-49dc-b64c-5b4429ace2ca,Northern Arizona University,AZ,ACC 255,76.5,1,17,10,1,1,Course Hero,NOTES_MARKETPLACE,,HIGH,STRONG,STRONG,VALIDATED_PAID_MARKET,YES,NO,NO,YES,YES,FrogTutoring,FrogTutoring accounting,ACC 255 exam 1,ACC 255 practice exam,13,frogtutoring.com; superprof.com; coursehero.com; princetonreview.com; docsity.com; tutorocean.com; straighterline.com; quizlet.com,high
e432f3bb-ed53-4567-95df-0b2a384a23f5,Uof Missouri - Columbia,MO,,76.4,1,12,10,0,0,Becker,EXAM_PREP_PLATFORM,,HIGH,STRONG,STRONG,VALIDATED_PAID_MARKET,YES,NO,NO,YES,PARTIAL,Becker,Becker accounting,Uof Missouri - Columbia financial accounting exam,Uof Missouri - Columbia accounting tutoring,8,scribd.com; madisonwest61.com; studysoup.com; coursehero.com; docsity.com; becker.com; quizlet.com; varsitytutors.com,high
1f5cee7a-6b22-413a-bcc7-9c9235f26a75,University of Miami Coral,FL,,76.4,1,4,0,2,0,themiamihurricane.com,LOCAL_CAMPUS_TUTORING,,MEDIUM,STRONG,STRONG,CROWDED,YES,NO,NO,YES,PARTIAL,themiamihurricane.com,themiamihurricane.com accounting,University of Miami Coral financial accounting exam,University of Miami Coral accounting tutoring,8,themiamihurricane.com; berniecantens.com; princetonreview.com; unicatt.it,high
80b1c509-c9ce-4516-b831-7066588a754d,Metropolitan St Univ Denver,CO,ACC 2010,76.2,1,14,7,1,2,Wize Prep,MULTI_CAMPUS_TUTORING,,HIGH,STRONG,STRONG,VALIDATED_PAID_MARKET,YES,NO,NO,YES,YES,Wize Prep,Wize Prep accounting,ACC 2010 exam 1,ACC 2010 practice exam,13,scribd.com; kahtea.org; uniba.it; quizlet.com; studysoup.com; coursehero.com; stuvia.com; studocu.com,high
4f988627-0f47-4341-abbc-4e48f4fc87d1,Miami Dade College,FL,,76.1,1,6,4,2,1,Course Hero,NOTES_MARKETPLACE,,HIGH,STRONG,STRONG,VALIDATED_PAID_MARKET,YES,NO,NO,YES,PARTIAL,FrogTutoring,FrogTutoring accounting,MDC financial accounting exam,MDC accounting tutoring,8,wyzant.com; frogtutoring.com; stuvia.com; joinknack.com; coursehero.com; docsity.com,high
9f980c00-1149-4376-b1b3-fd9c7e6ebd48,Miami Dade College Virtual Campu,FL,,76.1,1,0,0,0,0,,,,UNKNOWN,UNKNOWN,UNKNOWN,WHITE_SPACE,YES,NO,NO,NO,PARTIAL,,,MDC Virtual financial accounting exam,MDC Virtual accounting tutoring,8,,high
8f528d96-6ddf-4e5a-ad92-c005d2ed4c64,Portland State University,OR,,76,1,11,8,1,1,Course Hero,NOTES_MARKETPLACE,,HIGH,STRONG,STRONG,VALIDATED_PAID_MARKET,YES,NO,NO,YES,PARTIAL,FrogTutoring,FrogTutoring accounting,Portland State University financial accounting exam,Portland State University accounting tutoring,8,frogtutoring.com; varsitytutors.com; universitytutor.com; coursehero.com; unotes.net; superprof.com; pbworks.com; studocu.com,high
5c6b371f-e9e3-4ca9-850b-d12533f918d5,Tarleton State University,TX,ACCT 2301,75.5,1,16,14,5,3,acct2301.com,COURSE_SPECIFIC_SITE,,HIGH,STRONG,STRONG,CROWDED,YES,NO,NO,YES,YES,acct2301.com,acct2301.com accounting,ACCT 2301 exam 1,ACCT 2301 practice exam,13,libanswers.com; frogtutoring.com; varsitytutors.com; acct2301.com; atmtutoring.com; campuslabs.com; wyzant.com; quizlet.com,high
c2dbd5ac-8dbd-4488-92da-546c361fd88e,University of Miami,FL,ACC 211,75.4,1,26,22,8,1,Course Hero,NOTES_MARKETPLACE,,HIGH,STRONG,STRONG,CROWDED,YES,NO,NO,YES,YES,FrogTutoring,FrogTutoring accounting,ACC 211 exam 1,ACC 211 practice exam,13,frogtutoring.com; wyzant.com; varsitytutors.com; universitytutor.com; tutorax.com; miamiherald.com; quizlet.com; princetonreview.com,high
f003c714-618d-421f-a448-69140e495edc,"Calif State Univ, Long Beach Long",CA,,75.2,1,3,2,1,0,escholarship.org,LOCAL_CAMPUS_TUTORING,,MEDIUM,STRONG,STRONG,VALIDATED_PAID_MARKET,YES,NO,NO,YES,PARTIAL,escholarship.org,escholarship.org accounting,"Calif State Univ, Long Beach Long financial accounting exam","Calif State Univ, Long Beach Long accounting tutoring",8,studylib.net; escholarship.org; vaia.com,high
7d89723d-6d46-46c6-a059-e5875ff118a7,James Madison University,VA,COB 241,75.1,1,10,9,2,1,cob241.com,COURSE_SPECIFIC_SITE,,HIGH,STRONG,STRONG,CROWDED,YES,NO,NO,YES,YES,cob241.com,cob241.com accounting,COB 241 exam 1,COB 241 practice exam,13,frogtutoring.com; wyzant.com; cob241.com; goingconcern.com; quizlet.com; coursehero.com; universitytutor.com; docsity.com,high
c34899c1-0fcd-4a20-b9a9-5cec52734b70,The University of Texas at Arlington,TX,ACCT 2301,75,1,21,19,4,3,acct2301.com,COURSE_SPECIFIC_SITE,,HIGH,STRONG,STRONG,CROWDED,YES,NO,NO,YES,YES,acct2301.com,acct2301.com accounting,ACCT 2301 exam 1,ACCT 2301 practice exam,13,varsitytutors.com; frogtutoring.com; universitytutor.com; graduatetutor.com; quizlet.com; princetonreview.com; coursehero.com; stuvia.com,high
706dd741-cfb2-4ca6-bd3c-897471067515,Central Michigan University Mt.,MI,,74.9,1,2,1,0,0,Varsity Tutors,TUTOR_MARKETPLACE,,LOW,MODERATE,WEAK,WHITE_SPACE,YES,NO,NO,NO,PARTIAL,,,Central Michigan University Mt. financial accounting exam,Central Michigan University Mt. accounting tutoring,8,varsitytutors.com; askfilo.com,high
9af2ea11-48be-4d06-b454-7949013dbe14,University of Illinois Chicago,IL,ACTG 210,74.9,1,14,10,2,0,uicflames.com,LOCAL_CAMPUS_TUTORING,,HIGH,STRONG,STRONG,CROWDED,YES,NO,NO,YES,YES,uicflames.com,uicflames.com accounting,ACTG 210 exam 1,ACTG 210 practice exam,13,superprof.sg; coursehero.com; vaia.com; cliffsnotes.com; stuvia.com; superprof.com; uicflames.com; docsity.com,high
81eb733e-21d7-4832-88f0-ba451f07669b,University of North Georgia,GA,ACCT 2101,74.7,1,18,13,6,4,acct2101uga.com,COURSE_SPECIFIC_SITE,,HIGH,STRONG,STRONG,CROWDED,YES,NO,NO,YES,YES,acct2101uga.com,acct2101uga.com accounting,ACCT 2101 exam 1,ACCT 2101 practice exam,13,varsitytutors.com; superprof.com; solutioninn.com; coursehero.com; princetonreview.com; acct2101uga.com; scribd.com; insidehighered.com,high
fcff0e7b-1366-4dec-ad3b-0e2b82361b10,University of Memphis,TN,,74.6,1,10,7,3,1,Course Hero,NOTES_MARKETPLACE,,HIGH,STRONG,STRONG,CROWDED,YES,NO,NO,YES,PARTIAL,upswing.io,upswing.io accounting,University of Memphis financial accounting exam,University of Memphis accounting tutoring,8,upswing.io; frogtutoring.com; universitytutor.com; bowietutoring.com; coursehero.com; cliffsnotes.com; wyzant.com; studysoup.com,high
92a79654-e795-47cc-9a38-3b4d03be6375,Chapman University,CA,,74.6,1,11,6,3,0,buffacademy.com,LOCAL_CAMPUS_TUTORING,,HIGH,STRONG,STRONG,CROWDED,YES,NO,NO,YES,PARTIAL,buffacademy.com,buffacademy.com accounting,Chapman University financial accounting exam,Chapman University accounting tutoring,8,buffacademy.com; varsitytutors.com; frogtutoring.com; coursehero.com; quizlet.com; docsity.com; studysoup.com; prosple.com,high
9961c567-684f-4fc4-bfea-f701a46b101d,Western Kentucky University,KY,ACCT 200,74.6,1,15,13,2,3,acct200ku.com,COURSE_SPECIFIC_SITE,,HIGH,STRONG,STRONG,CROWDED,YES,YES,YES,YES,YES,acct200ku.com,acct200ku.com accounting,ACCT 200 exam 1,ACCT 200 practice exam,13,princetonreview.com; vaia.com; acct200ku.com; studysoup.com; quizlet.com; cliffsnotes.com; studocu.com; gradebuddy.com,high
a348048e-fc82-46b7-a488-22b20e51e009,Uof Alabama at Birmingham,AL,,74.4,1,13,10,4,0,uwca.org,LOCAL_CAMPUS_TUTORING,,HIGH,STRONG,STRONG,CROWDED,YES,NO,NO,YES,PARTIAL,FrogTutoring,FrogTutoring accounting,Uof Alabama at Birmingham financial accounting exam,Uof Alabama at Birmingham accounting tutoring,8,varsitytutors.com; frogtutoring.com; wyzant.com; uwca.org; princetonreview.com; coursehero.com; tutors.com; uabsports.com,high
f9afaeba-e3f8-408d-a788-65c30fb954ab,University of Dayton,OH,,74.4,1,11,6,5,0,manhattanreview.com,LOCAL_CAMPUS_TUTORING,,HIGH,STRONG,STRONG,CROWDED,YES,NO,NO,YES,PARTIAL,manhattanreview.com,manhattanreview.com accounting,University of Dayton financial accounting exam,University of Dayton accounting tutoring,8,wyzant.com; manhattanreview.com; applyboard.com; princetonreview.com; coursehero.com; studocu.com; quizlet.com; superprof.com,high
9619e982-14a0-4a2a-b768-75a1443715ff,Sam Houston State University,TX,ACCT 2301,74.2,1,17,15,5,3,acct2301.com,COURSE_SPECIFIC_SITE,,HIGH,STRONG,STRONG,CROWDED,YES,NO,NO,YES,YES,acct2301.com,acct2301.com accounting,ACCT 2301 exam 1,ACCT 2301 practice exam,13,insidehighered.com; peopleadmin.com; varsitytutors.com; jobright.ai; frogtutoring.com; coursehero.com; quizlet.com; acct2301.com,high
54ad536d-986b-4f87-893b-2a3d5fdcc743,Rowan University,NJ,ACC 03210,74,1,14,7,5,1,Course Hero,NOTES_MARKETPLACE,,HIGH,STRONG,STRONG,CROWDED,YES,NO,NO,YES,YES,rowanblog.com,rowanblog.com accounting,ACC 03210 exam 1,ACC 03210 practice exam,13,rowanblog.com; studysoup.com; coursehero.com; princetonreview.com; frogtutoring.com; spires.co; cliffsnotes.com; wizeprep.com,high
a83c1c6d-af52-45f2-99aa-ebf765272bf1,Bryant University,RI,,74,1,5,2,0,1,Course Hero,NOTES_MARKETPLACE,,HIGH,MODERATE,WEAK,WHITE_SPACE,YES,NO,NO,NO,PARTIAL,,,Bryant University financial accounting exam,Bryant University accounting tutoring,8,varsitytutors.com; wyzant.com; coursehero.com; studysoup.com; princetonreview.com,high
3d62ef87-3f1a-4060-826c-97586e2d3ede,Northeastern University,MA,ACCT 1201,73.8,1,17,17,4,2,Wize Prep,MULTI_CAMPUS_TUTORING,,HIGH,STRONG,STRONG,CROWDED,YES,YES,YES,YES,YES,Wize Prep,Wize Prep accounting,ACCT 1201 exam 1,ACCT 1201 practice exam,13,wyzant.com; varsitytutors.com; tutorocean.com; joinknack.com; coursehero.com; studocu.com; scribd.com; wizeprep.com,high
99b0c569-e225-48ba-8f76-e506192efce2,Fairfield University,CT,,73.6,1,7,5,1,0,FrogTutoring,MULTI_CAMPUS_TUTORING,,HIGH,STRONG,STRONG,VALIDATED_PAID_MARKET,YES,NO,NO,YES,PARTIAL,FrogTutoring,FrogTutoring accounting,Fairfield University financial accounting exam,Fairfield University accounting tutoring,8,frogtutoring.com; superprof.ng; wyzant.com; princetonreview.com; studocu.com; superprof.com; coursehero.com,high
3f5fcb44-a23c-4fd4-97b6-c52555db9c3e,"University of Nevada, Reno",NV,,73.4,1,12,10,2,1,Course Hero,NOTES_MARKETPLACE,,HIGH,STRONG,STRONG,CROWDED,YES,NO,NO,YES,PARTIAL,FrogTutoring,FrogTutoring accounting,"University of Nevada, Reno financial accounting exam","University of Nevada, Reno accounting tutoring",8,universitytutor.com; superprof.com; coursehero.com; quizlet.com; studysoup.com; frogtutoring.com; tutorocean.com; wyzant.com,high
cb524a76-1b2c-43b3-a9cd-4bec051cd146,University of San Diego San,CA,,73.4,1,2,1,1,0,oceandiscoveryinstitute.org,LOCAL_CAMPUS_TUTORING,,MEDIUM,STRONG,STRONG,VALIDATED_PAID_MARKET,YES,NO,NO,YES,PARTIAL,oceandiscoveryinstitute.org,oceandiscoveryinstitute.org accounting,University of San Diego San financial accounting exam,University of San Diego San accounting tutoring,8,oceandiscoveryinstitute.org; apa.org,high
967ef766-bc42-4e80-aa88-34d386311c56,University of North Florida,FL,ACG2021,73.4,1,14,11,5,6,acg2021fiu.com,COURSE_SPECIFIC_SITE,,HIGH,STRONG,STRONG,CROWDED,YES,NO,NO,YES,YES,Skoolers Tutoring,Skoolers Tutoring accounting,ACG2021 exam 1,ACG2021 practice exam,13,frogtutoring.com; libcal.com; princetonreview.com; varsitytutors.com; skoolerstutoring.com; acg2021fiu.com; automatictutoring.com; coursehero.com,high
8f13bb14-57bf-4d27-92a5-51f638c18ecc,The University of Texas Rio Grande Valley,TX,ACCT 2301,72.9,1,14,12,4,3,acct2301.com,COURSE_SPECIFIC_SITE,,HIGH,STRONG,STRONG,CROWDED,YES,NO,NO,YES,YES,acct2301.com,acct2301.com accounting,ACCT 2301 exam 1,ACCT 2301 practice exam,13,coursehero.com; aatbs.com; studocu.com; acct2301.com; atmtutoring.com; campuslabs.com; wyzant.com; coursesidekick.com,high
d7abb1b4-197e-4556-88fd-b2fc800951a9,Binghamton University,NY,ACCT 211,72.7,1,16,14,3,3,acct2300.com,COURSE_SPECIFIC_SITE,,HIGH,STRONG,STRONG,CROWDED,YES,NO,NO,YES,YES,Wize Prep,Wize Prep accounting,ACCT 211 exam 1,ACCT 211 practice exam,13,universitytutor.com; wyzant.com; quizlet.com; coursehero.com; myworkdayjobs.com; wizeprep.com; picktime.com; studocu.com,high
59753acc-437d-4eef-bd21-d8f53b2b2e72,Oakland University,MI,ACC 2000,72.6,1,11,3,1,1,Course Hero,NOTES_MARKETPLACE,,HIGH,STRONG,STRONG,CROWDED,YES,NO,NO,YES,YES,studyfetch.com,studyfetch.com accounting,ACC 2000 exam 1,ACC 2000 practice exam,13,varsitytutors.com; studyfetch.com; coursehero.com; studocu.com; quizlet.com; cliffsnotes.com; axisimagingnews.com; princetonreview.com,high
0b199f76-27de-48df-8995-829dd9b4269d,Southeastern Louisiana Univ,LA,,72.5,1,9,5,0,1,Course Hero,NOTES_MARKETPLACE,,HIGH,MODERATE,WEAK,WHITE_SPACE,YES,NO,NO,NO,PARTIAL,,,Southeastern Louisiana Univ financial accounting exam,Southeastern Louisiana Univ accounting tutoring,8,varsitytutors.com; coursehero.com; ebsco.com; studocu.com; studysoup.com; quizlet.com; princetonreview.com; cliffsnotes.com,high
0b932413-c969-4b71-9890-faf728e68212,Park University,MO,AC 201,72.5,1,14,7,2,2,Course Hero,NOTES_MARKETPLACE,,HIGH,STRONG,STRONG,CROWDED,YES,NO,NO,YES,YES,bandana.com,bandana.com accounting,AC 201 exam 1,AC 201 practice exam,13,higheredjobs.com; bandana.com; frogtutoring.com; coursehero.com; scribd.com; princetonreview.com; quizlet.com; sophia.org,high
ea6eb33d-5d19-445f-a470-de50c0e7ca66,"Calif State Univ, East Bay",CA,,72.4,1,2,2,0,0,studylib.net,INDIVIDUAL_OR_LOCAL,,LOW,MODERATE,WEAK,WHITE_SPACE,YES,NO,NO,NO,PARTIAL,,,"Calif State Univ, East Bay financial accounting exam","Calif State Univ, East Bay accounting tutoring",8,studylib.net; scribd.com,high
20168b9b-752c-456a-ac58-a779659fa955,East Carolina University,NC,ACCT 2401,72.4,1,16,14,0,1,Course Hero,NOTES_MARKETPLACE,,HIGH,MODERATE,WEAK,WHITE_SPACE,YES,NO,NO,NO,YES,,,ACCT 2401 exam 1,ACCT 2401 practice exam,13,varsitytutors.com; superprof.com; coursehero.com; quizlet.com; princetonreview.com; studysoup.com; higheredjobs.com; governmentjobs.com,high
d79f8d8d-ee85-4c80-bafc-8037d46f238d,Utah State University,UT,,72,1,8,7,2,1,Course Hero,NOTES_MARKETPLACE,,HIGH,STRONG,STRONG,CROWDED,YES,NO,NO,YES,PARTIAL,FrogTutoring,FrogTutoring accounting,Utah State University financial accounting exam,Utah State University accounting tutoring,8,varsitytutors.com; coursehero.com; frogtutoring.com; repec.org; scribd.com; careerbuilder.com; cliffsnotes.com; uacpa.org,high
398c1e45-85ba-4330-97e8-04d7c88c9cde,University of Wisconsin–Milwaukee,WI,BUS ADM 201,72,1,20,14,1,1,Course Hero,NOTES_MARKETPLACE,,HIGH,STRONG,STRONG,VALIDATED_PAID_MARKET,YES,NO,NO,YES,YES,FrogTutoring,FrogTutoring accounting,BUS ADM 201 exam 1,BUS ADM 201 practice exam,13,universitytutor.com; frogtutoring.com; varsitytutors.com; coursehero.com; princetonreview.com; ecampus.com; cliffsnotes.com; tutorsglobe.com,high
92e4a5d9-eeb3-4065-ac8a-5a4390fbc584,Texas A&M University,TX,ACCT 229,72,1,18,18,4,3,acct229.com,COURSE_SPECIFIC_SITE,,HIGH,STRONG,STRONG,CROWDED,YES,NO,NO,YES,YES,acct229.com,acct229.com accounting,ACCT 229 exam 1,ACCT 229 practice exam,13,atmtutoring.com; aggielandtutoring.com; superprof.com; becker.com; docsity.com; articlearchives.co; acct229.com; aggiebusinesstutors.com,high
4762f036-6410-449b-8251-87eac11624d9,University of North Carolina at Greensboro,NC,ACC 201,71.8,1,24,14,8,3,acc201uky.com,COURSE_SPECIFIC_SITE,,HIGH,STRONG,STRONG,CROWDED,YES,YES,YES,YES,YES,acc201uky.com,acc201uky.com accounting,ACC 201 exam 1,ACC 201 practice exam,13,universitytutor.com; princetonreview.com; coursehero.com; insidehighered.com; acc201uky.com; unlvbap.org; teacheron.com; emaze.com,high
f021a059-5455-4977-ba23-c85a9c9b831c,Tennessee at Chattanooga,TN,ACC 2010,71.6,1,17,13,5,2,Wize Prep,MULTI_CAMPUS_TUTORING,,HIGH,STRONG,STRONG,CROWDED,YES,NO,NO,YES,YES,Wize Prep,Wize Prep accounting,ACC 2010 exam 1,ACC 2010 practice exam,13,varsitytutors.com; universitytutor.com; chattanoogaafwa.com; quizlet.com; frogtutoring.com; studocu.com; studysoup.com; coursehero.com,high
18f4bb62-8715-4e8f-941d-748768316b75,Old Dominion University,VA,ACCT 201,71.6,1,13,11,1,2,acct201a.com,COURSE_SPECIFIC_SITE,,HIGH,STRONG,STRONG,CROWDED,YES,NO,NO,YES,YES,acct201a.com,acct201a.com accounting,ACCT 201 exam 1,ACCT 201 practice exam,13,wyzant.com; varsitytutors.com; coursehero.com; princetonreview.com; cliffsnotes.com; acct201a.com; quizlet.com; scribd.com,high
4935004d-15b5-4d10-a450-32d12e0aefda,Loyola Marymount Univ Los,CA,,71.6,1,1,1,0,0,joshuaspizman.com,INDIVIDUAL_OR_LOCAL,,LOW,WEAK,WEAK,WHITE_SPACE,YES,NO,NO,NO,PARTIAL,,,Loyola Marymount Univ Los financial accounting exam,Loyola Marymount Univ Los accounting tutoring,8,joshuaspizman.com,high
a321dfc0-787d-4435-b679-5f63e9bf2379,Villanova University,PA,,71.4,1,10,8,2,0,ebay.com,LOCAL_CAMPUS_TUTORING,$20.00; $12.52; $21.07; $7.70; $8.91; $83.94; $143.49; $47.57,HIGH,STRONG,STRONG,CROWDED,YES,NO,NO,YES,PARTIAL,FrogTutoring,FrogTutoring accounting,Villanova University financial accounting exam,Villanova University accounting tutoring,8,wyzant.com; frogtutoring.com; weberstaffing.com; superprof.com; ebay.com; docsity.com; nacubo.org; coursehero.com,high
d4f67951-69fb-4df8-b92d-bf85151ab254,Northern Illinois Univ,IL,,71.3,1,8,5,2,0,northernstar.info,LOCAL_CAMPUS_TUTORING,,HIGH,STRONG,STRONG,CROWDED,YES,NO,NO,YES,PARTIAL,northernstar.info,northernstar.info accounting,Northern Illinois Univ financial accounting exam,Northern Illinois Univ accounting tutoring,8,varsitytutors.com; superprof.ng; northernstar.info; another71.com; princetonreview.com; cliffsnotes.com; ilboe.org; coursehero.com,high
366acaca-3d1d-4daa-a8ad-4b49b5630234,Sacred Heart University,CT,AC 221,71.3,1,12,6,2,3,Course Hero,NOTES_MARKETPLACE,,HIGH,STRONG,STRONG,CROWDED,YES,NO,NO,YES,YES,FrogTutoring,FrogTutoring accounting,AC 221 exam 1,AC 221 practice exam,13,frogtutoring.com; varsitytutors.com; princetonreview.com; coursehero.com; studocu.com; ebay.com; quizlet.com; stuvia.com,high
04786a32-7351-43a1-b6d2-a479ba0f4d10,Western Carolina University,NC,,71.2,1,6,5,1,1,Course Hero,NOTES_MARKETPLACE,,HIGH,STRONG,STRONG,VALIDATED_PAID_MARKET,YES,NO,NO,YES,PARTIAL,FrogTutoring,FrogTutoring accounting,Western Carolina University financial accounting exam,Western Carolina University accounting tutoring,8,frogtutoring.com; tutorocean.com; princetonreview.com; coursehero.com; quizlet.com; cliffsnotes.com,high
379b6839-6a7d-479a-b2df-d1dbce1d831e,Kent State University,OH,ACCT 23020,71.2,1,15,15,2,1,acct23020.com,COURSE_SPECIFIC_SITE,$4,HIGH,STRONG,STRONG,CROWDED,YES,NO,NO,YES,YES,acct23020.com,acct23020.com accounting,ACCT 23020 exam 1,ACCT 23020 practice exam,13,frogtutoring.com; varsitytutors.com; acct23020.com; edubirdie.com; coursehero.com; quizlet.com; studocu.com; docsity.com,high
da6d507a-c2d2-48ce-83d8-5f32e2116375,Coastal Carolina University,SC,,70.8,1,6,5,0,0,Course Hero,NOTES_MARKETPLACE,,LOW,MODERATE,WEAK,WHITE_SPACE,YES,NO,NO,NO,PARTIAL,,,Coastal Carolina University financial accounting exam,Coastal Carolina University accounting tutoring,8,tutoringprof.com; coursehero.com; princetonreview.com; quizlet.com; studocu.com; cliffsnotes.com,high
fb5f2ade-df5d-4e16-9557-33d1232ffaba,Southern Methodist University,TX,ACCT 2301,70.8,1,20,17,6,4,acct2301.com,COURSE_SPECIFIC_SITE,,HIGH,STRONG,STRONG,CROWDED,YES,NO,NO,YES,YES,acct2301.com,acct2301.com accounting,ACCT 2301 exam 1,ACCT 2301 practice exam,13,wyzant.com; frogtutoring.com; varsitytutors.com; smudailycampus.com; coursehero.com; studocu.com; cliffsnotes.com; mybusinesscourse.com,high
badee7d8-d0ac-40d6-808e-312282fde591,Wichita State University,KS,,70.6,1,12,10,3,1,Course Hero,NOTES_MARKETPLACE,,HIGH,STRONG,STRONG,CROWDED,YES,NO,NO,YES,PARTIAL,FrogTutoring,FrogTutoring accounting,Wichita State University financial accounting exam,Wichita State University accounting tutoring,8,frogtutoring.com; chronicle.com; universitytutor.com; docsity.com; stuvia.com; coursehero.com; yumpu.com; studocu.com,high
47c388bd-8c4a-4e2b-a781-a1ad46680c21,Univ of Missouri - St. Louis St.,MO,ACCTNG 2400,70.6,1,14,12,1,0,finalsite.net,LOCAL_CAMPUS_TUTORING,,HIGH,STRONG,STRONG,CROWDED,YES,NO,NO,YES,YES,finalsite.net,finalsite.net accounting,ACCTNG 2400 exam 1,ACCTNG 2400 practice exam,13,studylib.net; docksci.com; coursehero.com; cliffsnotes.com; chegg.com; finalsite.net; apa.org; uworld.com,high
23805d96-0063-4b26-aba8-a02a866086a4,University of Missouri–St. Louis,MO,ACCTNG 2400,70.6,1,16,13,1,0,FrogTutoring,MULTI_CAMPUS_TUTORING,,HIGH,STRONG,STRONG,VALIDATED_PAID_MARKET,YES,NO,NO,YES,YES,FrogTutoring,FrogTutoring accounting,ACCTNG 2400 exam 1,ACCTNG 2400 practice exam,13,frogtutoring.com; superprof.com; varsitytutors.com; coursehero.com; cliffsnotes.com; princetonreview.com; studysoup.com; emagine.org,high
9a914bc0-cc93-4bdf-bf89-dd06f9060328,Elon University,NC,ACC2010,70.6,1,14,10,5,6,a2c2.org,COURSE_SPECIFIC_SITE,,HIGH,STRONG,STRONG,CROWDED,YES,NO,NO,YES,YES,Wize Prep,Wize Prep accounting,ACC2010 exam 1,ACC2010 practice exam,13,superprof.com; frogtutoring.com; quizlet.com; coursehero.com; princetonreview.com; wizeprep.com; a2c2.org; varsitytutors.com,high
61dbe784-bee6-42fd-9413-3efdd27dbf9d,SUNYat Binghamton,NY,,70.5,1,1,0,0,0,Study.com,NATIONAL_COURSEWARE,,LOW,WEAK,WEAK,WHITE_SPACE,NO,NO,NO,NO,PARTIAL,,,SUNYat Binghamton financial accounting exam,SUNYat Binghamton accounting tutoring,8,study.com,high
e9fee1cf-3855-4543-bcda-0f8aa14930c1,"Calif State U, Los Angeles Los",CA,,70.5,1,1,1,0,0,Scribd,NOTES_MARKETPLACE,,LOW,WEAK,WEAK,WHITE_SPACE,NO,NO,NO,NO,PARTIAL,,,"Calif State U, Los Angeles Los financial accounting exam","Calif State U, Los Angeles Los accounting tutoring",8,scribd.com,high
acae37b2-a2b4-41cb-a205-4e807df400e4,Towson University,MD,ACCT 201,70.4,1,18,16,4,3,acct201a.com,COURSE_SPECIFIC_SITE,,HIGH,STRONG,STRONG,CROWDED,YES,NO,NO,YES,YES,acct201a.com,acct201a.com accounting,ACCT 201 exam 1,ACCT 201 practice exam,13,frogtutoring.com; universitytutor.com; coursehero.com; amazonaws.com; scribd.com; cliffsnotes.com; acct201a.com; wyzant.com,high
643ebee4-9857-4c8d-8d6b-34a45cdb0c7b,Tulane University New,LA,,70.4,1,8,6,0,0,teacheron.com,INDIVIDUAL_OR_LOCAL,"NGN 3,000–5,000/hour; NGN 80,000–100,000/month; NGN 5,000–10,000/hour; NGN 10,000–20,000/hour; NGN 10,000–30,000/week; NGN 10,000–15,000/hour; NGN 1,000–2,000/hour; NGN 5,000–20,000/hour",LOW,MODERATE,WEAK,WHITE_SPACE,YES,NO,NO,NO,PARTIAL,,,Tulane University New financial accounting exam,Tulane University New accounting tutoring,8,teacheron.com; universitytutor.com; proquest.com; jobsora.com; mytutor.com; getstudyedge.com; springer.com; warrenaverett.com,high
71d2787f-9b4b-41c9-bd67-270890fb5db8,Drexel University,PA,ACCT 115,70.4,1,11,11,2,2,Wize Prep,MULTI_CAMPUS_TUTORING,,HIGH,STRONG,STRONG,VALIDATED_PAID_MARKET,YES,NO,NO,YES,YES,Wize Prep,Wize Prep accounting,ACCT 115 exam 1,ACCT 115 practice exam,13,frogtutoring.com; wyzant.com; coursehero.com; studocu.com; cliffsnotes.com; studysoup.com; coursesidekick.com; wizeprep.com,high
99e11f5f-f412-4933-acb6-3281890e1f02,University of Rhode Island,RI,,70.3,1,6,3,1,1,Course Hero,NOTES_MARKETPLACE,,HIGH,STRONG,STRONG,VALIDATED_PAID_MARKET,YES,NO,NO,YES,PARTIAL,FrogTutoring,FrogTutoring accounting,University of Rhode Island financial accounting exam,University of Rhode Island accounting tutoring,8,varsitytutors.com; meritpages.com; coursehero.com; princetonreview.com; frogtutoring.com; studocu.com,high
6ec0e41d-4faf-4648-aac9-c4bc0b13b58e,Virginia Commonwealth,VA,,70.2,1,14,8,5,1,Course Hero,NOTES_MARKETPLACE,,HIGH,STRONG,STRONG,CROWDED,YES,NO,NO,YES,PARTIAL,FrogTutoring,FrogTutoring accounting,Virginia Commonwealth financial accounting exam,Virginia Commonwealth accounting tutoring,8,frogtutoring.com; varsitytutors.com; commonwealthtutoring.org; modolabs.net; studocu.com; docsity.com; virginia-accountants.org; nsacct.org,high
971f9332-c7d9-4467-8e5f-40171e863e35,Univ of Colorado at Denver,CO,,70.2,1,10,5,3,1,Course Hero,NOTES_MARKETPLACE,,HIGH,STRONG,STRONG,CROWDED,YES,NO,NO,YES,PARTIAL,FrogTutoring,FrogTutoring accounting,Univ of Colorado at Denver financial accounting exam,Univ of Colorado at Denver accounting tutoring,8,varsitytutors.com; wyzant.com; coursehero.com; universitytutor.com; frogtutoring.com; success4lifetutoring.com; co.za; tutorocean.com,high
ce887831-4cb8-40e8-a470-cba6d24bf774,University of Denver,CO,ACTG 2200,70.2,1,14,11,3,0,highperformancetutoring.com,LOCAL_CAMPUS_TUTORING,,HIGH,STRONG,STRONG,CROWDED,YES,NO,NO,YES,YES,FrogTutoring,FrogTutoring accounting,ACTG 2200 exam 1,ACTG 2200 practice exam,13,universitytutor.com; varsitytutors.com; frogtutoring.com; wizeprep.com; coursehero.com; cliffsnotes.com; highperformancetutoring.com; studysoup.com,high
32dca893-1ddb-4ed6-a702-65258c2e8176,New York University New,NY,,69.8,2,4,1,0,0,Varsity Tutors,TUTOR_MARKETPLACE,,LOW,MODERATE,WEAK,WHITE_SPACE,YES,NO,NO,NO,PARTIAL,,,New York University New financial accounting exam,New York University New accounting tutoring,5,varsitytutors.com; springer.com; arxiv.org; flntutors.com,medium
d911c14b-fb24-4917-ade0-b4fd80fd07f3,"Calif State Univ, Sacramento",CA,,69.5,2,3,2,1,0,FrogTutoring,MULTI_CAMPUS_TUTORING,,HIGH,STRONG,STRONG,VALIDATED_PAID_MARKET,YES,NO,NO,YES,PARTIAL,FrogTutoring,FrogTutoring accounting,"Calif State Univ, Sacramento financial accounting exam","Calif State Univ, Sacramento accounting tutoring",5,frogtutoring.com; varsitytutors.com; wyzant.com,medium
1972b93b-4269-4bf6-a6a7-ae6230841ffc,Saint Joseph's University,PA,ACC 101,69.5,2,8,5,2,2,Wize Prep,MULTI_CAMPUS_TUTORING,,HIGH,STRONG,STRONG,VALIDATED_PAID_MARKET,YES,NO,NO,YES,YES,Wize Prep,Wize Prep accounting,ACC 101 exam 1,ACC 101 practice exam,7,frogtutoring.com; superprof.com; varsitytutors.com; princetonreview.com; coursehero.com; teachme2.com; wizeprep.com; scribd.com,medium
28653455-0e18-4437-b092-07b9d11dd0e3,Boston University,MA,,69.3,2,8,6,2,2,Course Hero,NOTES_MARKETPLACE,,HIGH,STRONG,STRONG,CROWDED,YES,NO,NO,YES,PARTIAL,FrogTutoring,FrogTutoring accounting,Boston University financial accounting exam,Boston University accounting tutoring,5,frogtutoring.com; universitytutor.com; superprof.com; studocu.com; coursehero.com; docsity.com; scribd.com; tutors.com,medium
b27f9bf6-16b4-4782-9931-9d31dc11ad9e,Colorado State University Fort,CO,,69.1,2,10,8,1,0,sonara.ai,LOCAL_CAMPUS_TUTORING,,MEDIUM,STRONG,STRONG,CROWDED,YES,NO,NO,YES,PARTIAL,sonara.ai,sonara.ai accounting,Colorado State University Fort financial accounting exam,Colorado State University Fort accounting tutoring,5,princetonreview.com; tutor.com; wyzant.com; universitytutor.com; coursehero.com; quizlet.com; cocpa.org; varsitytutors.com,medium
be0aadc8-b5e3-4af6-a75f-7284af0885f3,University of Colorado Boulder,CO,BCOR 2203,69,2,16,13,4,0,bufftutor.com,LOCAL_CAMPUS_TUTORING,$20; $20/hr; $100/hr,HIGH,STRONG,STRONG,CROWDED,YES,NO,NO,YES,YES,bufftutor.com,bufftutor.com accounting,BCOR 2203 exam 1,BCOR 2203 practice exam,7,bufftutor.com; pickapeertutoring.com; princetonreview.com; universitytutor.com; varsitytutors.com; quizlet.com; studocu.com; pjip.org,medium
9311c065-92df-486b-9852-97cb17107c69,Florida State College at Jacksonville,FL,,69,2,3,1,0,1,Course Hero,NOTES_MARKETPLACE,,HIGH,MODERATE,WEAK,WHITE_SPACE,YES,NO,NO,NO,PARTIAL,,,FSCJ financial accounting exam,FSCJ accounting tutoring,5,varsitytutors.com; stuvia.com; coursehero.com,medium
7aaee15f-267f-432f-bbba-c77fada8539e,Univ of Nebraska at Omaha,NE,ACCT 2010,69,2,11,9,2,1,Wize Prep,MULTI_CAMPUS_TUTORING,,HIGH,STRONG,STRONG,CROWDED,YES,NO,NO,YES,YES,Wize Prep,Wize Prep accounting,ACCT 2010 exam 1,ACCT 2010 practice exam,7,varsitytutors.com; princetonreview.com; another71.com; tutoringprof.com; wizeprep.com; quizlet.com; studocu.com; stuvia.com,medium
abad6121-4309-4f35-a13c-beba333d56dc,University of Louisville,KY,ACCT 201,68.9,2,16,12,2,2,acct201a.com,COURSE_SPECIFIC_SITE,,HIGH,STRONG,STRONG,CROWDED,YES,NO,NO,YES,YES,acct201a.com,acct201a.com accounting,ACCT 201 exam 1,ACCT 201 practice exam,7,tutorselect.com; universitytutor.com; coursehero.com; princetonreview.com; proquest.com; cliffsnotes.com; acct201a.com; wyzant.com,medium
3f988607-eaa9-49ee-b07f-e50be118690f,Central Connecticut St Univ New,CT,,68.9,2,4,2,1,0,centralcu.org,LOCAL_CAMPUS_TUTORING,,HIGH,STRONG,STRONG,CROWDED,YES,NO,NO,YES,PARTIAL,centralcu.org,centralcu.org accounting,Central Connecticut St Univ New financial accounting exam,Central Connecticut St Univ New accounting tutoring,5,centralcu.org; wyzant.com; b-cdn.net; scribd.com,medium
8c43e43c-b205-4dbb-baf9-e463806439ba,Providence College,RI,ACC 203,68.9,2,13,10,3,1,Course Hero,NOTES_MARKETPLACE,,HIGH,STRONG,STRONG,CROWDED,YES,NO,NO,YES,YES,poetsandquantsforundergrads.com,poetsandquantsforundergrads.com accounting,ACC 203 exam 1,ACC 203 practice exam,7,poetsandquantsforundergrads.com; fasb.org; princetonreview.com; joinknack.com; coursehero.com; tutoringmindbridge.com; studocu.com; frogtutoring.com,medium
10833194-95fb-4f18-8508-2f71d7bd4033,Texas A&M - Corpus Christi Corp,TX,ACCT 2301,68.8,2,11,11,2,3,acct2301.com,COURSE_SPECIFIC_SITE,,HIGH,STRONG,STRONG,CROWDED,YES,NO,NO,YES,YES,acct2301.com,acct2301.com accounting,ACCT 2301 exam 1,ACCT 2301 practice exam,7,coursehero.com; acct2301.com; atmtutoring.com; campuslabs.com; wyzant.com; acct229.com; cliffsnotes.com; quizlet.com,medium
35fbc3cc-96b8-446e-885c-5edafd8cbb57,North Carolina Wilmington,NC,,68.8,2,16,13,6,2,Wize Prep,MULTI_CAMPUS_TUTORING,,HIGH,STRONG,STRONG,CROWDED,YES,NO,NO,YES,PARTIAL,Wize Prep,Wize Prep accounting,North Carolina Wilmington financial accounting exam,North Carolina Wilmington accounting tutoring,5,varsitytutors.com; kidsontheyard.com; wyzant.com; meetatutor.com; superprof.ng; coursehero.com; quizlet.com; wizeprep.com,medium
56273372-c4cc-4ac9-a826-7ec570e89952,"Univ of Calif, Riverside",CA,,68.7,2,2,1,1,0,escholarship.org,LOCAL_CAMPUS_TUTORING,,HIGH,STRONG,STRONG,VALIDATED_PAID_MARKET,YES,NO,NO,YES,PARTIAL,escholarship.org,escholarship.org accounting,"Univ of Calif, Riverside financial accounting exam","Univ of Calif, Riverside accounting tutoring",5,escholarship.org; springer.com,medium
86dc6ecb-0e19-450d-b71f-97325b948926,Santa Clara University Santa,CA,,68.7,2,1,1,0,0,UniversityTutor,TUTOR_MARKETPLACE,,LOW,WEAK,WEAK,WHITE_SPACE,YES,NO,NO,NO,PARTIAL,,,Santa Clara University Santa financial accounting exam,Santa Clara University Santa accounting tutoring,5,universitytutor.com,medium
d5050503-04c5-46ef-b145-bd84564b479d,"So Illinois, Edwardsville",IL,ACCT 200,68.6,2,9,8,1,2,acct200ku.com,COURSE_SPECIFIC_SITE,,HIGH,STRONG,STRONG,CROWDED,NO,NO,NO,YES,YES,acct200ku.com,acct200ku.com accounting,ACCT 200 exam 1,ACCT 200 practice exam,7,amazonaws.com; scribd.com; tulsahurricane.com; acct200ku.com; quizlet.com; cliffsnotes.com; studocu.com; gradebuddy.com,medium
599b6c9e-4316-48a3-a647-7e0a782e7ed2,San Francisco State University,CA,ACCT 100,68.6,2,12,9,1,1,Course Hero,NOTES_MARKETPLACE,,HIGH,STRONG,STRONG,VALIDATED_PAID_MARKET,YES,NO,NO,YES,YES,FrogTutoring,FrogTutoring accounting,ACCT 100 exam 1,ACCT 100 practice exam,7,varsitytutors.com; frogtutoring.com; universitytutor.com; coursehero.com; goldengatexpress.org; princetonreview.com; tutors-on-call.com; scribd.com,medium
6584645d-3558-480f-826e-b786ffbbf310,University of West Georgia,GA,ACCT 2101,68.4,2,6,5,1,2,acct2101uga.com,COURSE_SPECIFIC_SITE,,HIGH,STRONG,STRONG,CROWDED,YES,NO,NO,YES,YES,acct2101uga.com,acct2101uga.com accounting,ACCT 2101 exam 1,ACCT 2101 practice exam,7,princetonreview.com; coursehero.com; acct2101uga.com; scribd.com; quizlet.com; studocu.com,medium
4528bb03-6544-43ad-bb02-17a0f21130f9,Syracuse University,NY,ACC 151,68.2,2,12,10,2,2,Wize Prep,MULTI_CAMPUS_TUTORING,,HIGH,STRONG,STRONG,CROWDED,YES,NO,NO,YES,YES,Wize Prep,Wize Prep accounting,ACC 151 exam 1,ACC 151 practice exam,7,varsitytutors.com; superprof.ng; tutorocean.com; wyzant.com; studocu.com; quizlet.com; wizeprep.com; coursehero.com,medium
3c39eaeb-77d5-48ba-b98f-7b6b8f151d7b,"Univ of Calif, Irvine",CA,MGMT 30A,68.2,2,11,7,4,1,mgmt30a.com,COURSE_SPECIFIC_SITE,,HIGH,STRONG,STRONG,CROWDED,YES,NO,NO,YES,YES,mgmt30a.com,mgmt30a.com accounting,MGMT 30A exam 1,MGMT 30A practice exam,7,arizonalawreview.org; mgmt30a.com; accountinguci.com; wyzant.com; coursehero.com; tutoringprof.com; quizlet.com; scribd.com,medium
55bdaf15-10b6-4e78-b41c-6498c94db332,"Calif St U, San Bernardino S",CA,,68,2,9,5,1,1,SweetStudy,NOTES_MARKETPLACE,,HIGH,STRONG,STRONG,CROWDED,YES,NO,NO,YES,PARTIAL,emagine.org,emagine.org accounting,"Calif St U, San Bernardino S financial accounting exam","Calif St U, San Bernardino S accounting tutoring",5,princetonreview.com; edubirdie.com; emagine.org; study.com; coursehero.com; sweetstudy.com; wyzant.com; governmentjobs.com,medium
dd5430a5-c829-494a-b772-0c413e4d9f51,Louisiana Tech University,LA,ACCT 201,68,2,10,8,2,3,acct201a.com,COURSE_SPECIFIC_SITE,,HIGH,STRONG,STRONG,CROWDED,YES,NO,NO,YES,YES,acct201a.com,acct201a.com accounting,ACCT 201 exam 1,ACCT 201 practice exam,7,varsitytutors.com; frogtutoring.com; coursehero.com; studocu.com; acct201a.com; princetonreview.com; stuvia.com; quizlet.com,medium
a97a7a2b-1c87-499b-8fde-67d5cf9df329,University at Albany-SUNY,NY,,68,2,5,4,1,0,FrogTutoring,MULTI_CAMPUS_TUTORING,,HIGH,STRONG,STRONG,VALIDATED_PAID_MARKET,YES,NO,NO,YES,PARTIAL,FrogTutoring,FrogTutoring accounting,University at Albany-SUNY financial accounting exam,University at Albany-SUNY accounting tutoring,5,frogtutoring.com; princetonreview.com; journalofaccountancy.com; coursehero.com; universitytutor.com,medium
2567ae60-6898-4652-a62a-13a73c18e2c5,Ball State University,IN,ACC 201,67.8,2,14,9,3,2,acc201uky.com,COURSE_SPECIFIC_SITE,,HIGH,STRONG,STRONG,CROWDED,YES,NO,NO,YES,YES,acc201uky.com,acc201uky.com accounting,ACC 201 exam 1,ACC 201 practice exam,7,superprof.ng; coursehero.com; princetonreview.com; studysoup.com; acc201uky.com; unlvbap.org; teacheron.com; emaze.com,medium
c51895f9-2dd1-45aa-9d51-c54fa90b7359,Fordham University New,NY,,67.7,2,1,0,0,0,The Princeton Review,TUTOR_MARKETPLACE,,LOW,WEAK,WEAK,WHITE_SPACE,YES,NO,NO,NO,PARTIAL,,,Fordham University New financial accounting exam,Fordham University New accounting tutoring,5,princetonreview.com,medium
fefc04a6-4fad-4a75-a7ff-1bf58ff91bec,Stephen F. Austin State University,TX,ACCT 2301,67.5,2,11,9,2,2,acct2301.com,COURSE_SPECIFIC_SITE,,HIGH,STRONG,STRONG,CROWDED,YES,NO,NO,YES,YES,acct2301.com,acct2301.com accounting,ACCT 2301 exam 1,ACCT 2301 practice exam,7,varsitytutors.com; coursehero.com; studocu.com; princetonreview.com; acct2301.com; atmtutoring.com; campuslabs.com; wyzant.com,medium
e2a16f5b-765f-4d73-9a91-7a3f99365e50,Bowling Green State Univ Bowling,OH,,67.5,2,5,3,1,1,Course Hero,NOTES_MARKETPLACE,,HIGH,STRONG,STRONG,CROWDED,YES,NO,NO,YES,PARTIAL,distancelearningportal.com,distancelearningportal.com accounting,Bowling Green State Univ Bowling financial accounting exam,Bowling Green State Univ Bowling accounting tutoring,5,princetonreview.com; coursehero.com; distancelearningportal.com; weebly.com; toeflsaudi.org,medium
cede6ca5-d9a3-409a-bfcb-51f8fde1033b,Lehigh University,PA,ACCT 151,67.5,2,12,11,3,2,Wize Prep,MULTI_CAMPUS_TUTORING,,HIGH,STRONG,STRONG,CROWDED,YES,YES,YES,YES,YES,Wize Prep,Wize Prep accounting,ACCT 151 exam 1,ACCT 151 practice exam,7,wyzant.com; com.gh; scribd.com; coursehero.com; studylib.net; varsitytutors.com; tutorocean.com; studocu.com,medium
934cc534-a779-4fcb-8fb6-4ced292ad91a,University of Houston - Clear Lake,TX,ACCT 2301,67.1,2,11,10,3,2,acct2301.com,COURSE_SPECIFIC_SITE,,HIGH,STRONG,STRONG,CROWDED,YES,NO,NO,YES,YES,acct2301.com,acct2301.com accounting,ACCT 2301 exam 1,ACCT 2301 practice exam,7,frogtutoring.com; uhclaa.org; wyzant.com; princetonreview.com; coursehero.com; acct2301.com; atmtutoring.com; campuslabs.com,medium
82634e4a-b0a0-48a7-bb15-d604e3fd8f77,Commonweath Univ - Bloomsb,PA,,67,2,0,0,0,0,,,,UNKNOWN,UNKNOWN,UNKNOWN,WHITE_SPACE,NO,NO,NO,NO,PARTIAL,,,Commonweath Univ - Bloomsb financial accounting exam,Commonweath Univ - Bloomsb accounting tutoring,5,,medium
65989509-cc30-45d8-bf62-fb1d3467cb48,U Missouri - Kansas City Kansas,MO,ACCTNG 210,66.9,2,8,8,0,0,Course Hero,NOTES_MARKETPLACE,,LOW,MODERATE,WEAK,WHITE_SPACE,YES,NO,NO,NO,YES,,,ACCTNG 210 exam 1,ACCTNG 210 practice exam,7,studylib.net; coursehero.com; studypool.com; slideserve.com; scribd.com; studocu.com; quizlet.com; cliffsnotes.com,medium
17ac68da-ab12-4467-b47d-4f6f348ad82e,Valdosta State University,GA,,66.8,2,4,3,1,1,Course Hero,NOTES_MARKETPLACE,,HIGH,STRONG,STRONG,VALIDATED_PAID_MARKET,YES,NO,NO,YES,PARTIAL,FrogTutoring,FrogTutoring accounting,Valdosta State University financial accounting exam,Valdosta State University accounting tutoring,5,frogtutoring.com; coursehero.com; studysoup.com; princetonreview.com,medium
0413aa57-040e-42c2-a0e4-d93c16cbd1f2,Calif St U-Dominguez Hills,CA,,66.5,2,1,1,0,0,studylib.net,INDIVIDUAL_OR_LOCAL,,LOW,WEAK,WEAK,WHITE_SPACE,YES,NO,NO,NO,PARTIAL,,,Calif St U-Dominguez Hills financial accounting exam,Calif St U-Dominguez Hills accounting tutoring,5,studylib.net,medium
2dedca50-1bac-4bb5-9820-9aa41c1617fb,University of Southern Mississippi,MS,ACC 200,66.5,2,13,10,1,1,Course Hero,NOTES_MARKETPLACE,,HIGH,STRONG,STRONG,VALIDATED_PAID_MARKET,YES,NO,NO,YES,YES,FrogTutoring,FrogTutoring accounting,ACC 200 exam 1,ACC 200 practice exam,7,frogtutoring.com; studysoup.com; princetonreview.com; uksga.org; bapuhm.org; graduatetutor.com; wyzant.com; studocu.com,medium
610ceccb-2051-41c9-b827-70391e26ce3e,Ferris State University Big,MI,,66.3,2,1,1,0,0,Vaia,NOTES_MARKETPLACE,,LOW,WEAK,WEAK,WHITE_SPACE,YES,NO,NO,NO,PARTIAL,,,Ferris State University Big financial accounting exam,Ferris State University Big accounting tutoring,5,vaia.com,medium
8f469f4c-2082-4008-be23-49b0e1b5c349,"Calif State Univ, Fresno",CA,,66.3,2,3,2,0,0,thrillshare.com,INDIVIDUAL_OR_LOCAL,,LOW,MODERATE,WEAK,WHITE_SPACE,NO,NO,NO,NO,PARTIAL,,,"Calif State Univ, Fresno financial accounting exam","Calif State Univ, Fresno accounting tutoring",5,thrillshare.com; brechner.org; books-by-isbn.com,medium
94f67099-2561-4fd8-92af-ed730e8db5ac,University of Toledo,OH,ACCT 2100,66.2,2,10,8,4,3,acct2100.com,COURSE_SPECIFIC_SITE,,HIGH,STRONG,STRONG,CROWDED,YES,NO,NO,YES,YES,acct2100.com,acct2100.com accounting,ACCT 2100 exam 1,ACCT 2100 practice exam,7,frogtutoring.com; universitytutor.com; uni4edu.com; coursehero.com; acct2100.com; scribd.com; wizeprep.com; quizlet.com,medium
ede66ee5-cebb-498d-b10a-22aae43cf8b7,Northwood University,MI,ACC-2410,66.2,2,8,5,1,0,pcdn.co,LOCAL_CAMPUS_TUTORING,,HIGH,STRONG,STRONG,CROWDED,YES,NO,NO,YES,YES,pcdn.co,pcdn.co accounting,ACC-2410 exam 1,ACC-2410 practice exam,7,varsitytutors.com; princetonreview.com; coursehero.com; pcdn.co; cliffsnotes.com; superprof.com; quizlet.com; studocu.com,medium
4d5deb87-3fe2-4437-9c93-4830ca167366,Troy University,AL,ACT 2291,66.1,2,14,9,4,0,mywconline.com,LOCAL_CAMPUS_TUTORING,,HIGH,STRONG,STRONG,CROWDED,YES,NO,NO,YES,YES,mywconline.com,mywconline.com accounting,ACT 2291 exam 1,ACT 2291 practice exam,7,mywconline.com; wyzant.com; troyuniversityjobs.com; tutor.com; quizlet.com; coursehero.com; princetonreview.com; cliffsnotes.com,medium
d12ec77c-5834-488d-bb7f-2423d2ed9ae0,Pace University New,NY,ACC 203,65.9,2,10,8,1,1,Course Hero,NOTES_MARKETPLACE,,HIGH,STRONG,STRONG,VALIDATED_PAID_MARKET,YES,NO,NO,YES,YES,Knack,Knack accounting,ACC 203 exam 1,ACC 203 practice exam,7,varsitytutors.com; universitytutor.com; joinknack.com; coursehero.com; tutoringmindbridge.com; studocu.com; quizlet.com; studysoup.com,medium
028b5829-9bac-49e7-949f-c11f2f4a4522,University of New Hampshire,NH,ACCT 532,65.8,2,9,8,1,0,Knack,MULTI_CAMPUS_TUTORING,,HIGH,STRONG,STRONG,VALIDATED_PAID_MARKET,YES,NO,NO,YES,YES,Knack,Knack accounting,ACCT 532 exam 1,ACCT 532 practice exam,7,joinknack.com; tutorselect.com; coursehero.com; vaia.com; svdcdn.com; educatly.com; quizlet.com; universitytutor.com,medium
8258c5bb-9425-4e60-9996-61f5713e9f2b,University of Texas at El Paso,TX,ACCT 2301,65.5,2,15,13,2,2,acct2301.com,COURSE_SPECIFIC_SITE,,HIGH,STRONG,STRONG,CROWDED,YES,NO,NO,YES,YES,acct2301.com,acct2301.com accounting,ACCT 2301 exam 1,ACCT 2301 practice exam,7,frogtutoring.com; varsitytutors.com; universitytutor.com; tutors.com; tx.cpa; acct2301.com; atmtutoring.com; campuslabs.com,medium
3b9a452c-0df8-47ec-ae4e-7d64bac8b4f1,Babson College Babson,MA,,65.5,2,1,0,0,0,Wyzant,TUTOR_MARKETPLACE,,LOW,WEAK,WEAK,WHITE_SPACE,YES,NO,NO,NO,PARTIAL,,,Babson College Babson financial accounting exam,Babson College Babson accounting tutoring,5,wyzant.com,medium
bcea8237-a35e-4b1c-ae0f-0831acb066ef,Univ of Central Oklahoma,OK,,65.4,2,9,7,2,1,Course Hero,NOTES_MARKETPLACE,,HIGH,STRONG,STRONG,CROWDED,YES,NO,NO,YES,PARTIAL,insidehighered.com,insidehighered.com accounting,Univ of Central Oklahoma financial accounting exam,Univ of Central Oklahoma accounting tutoring,5,insidehighered.com; universitytutor.com; tutorselect.com; superprof.com; quizlet.com; coursehero.com; frogtutoring.com; studocu.com,medium
2c434afb-1227-464b-9876-da717055f353,Uof Minnesota Duluth,MN,,65.2,2,4,3,1,0,coursedog.com,LOCAL_CAMPUS_TUTORING,,HIGH,STRONG,STRONG,CROWDED,YES,NO,NO,YES,PARTIAL,coursedog.com,coursedog.com accounting,Uof Minnesota Duluth financial accounting exam,Uof Minnesota Duluth accounting tutoring,5,princetonreview.com; coursedog.com; wyzant.com; universitytutor.com,medium
37fd8b58-b0fe-4251-891f-90066c835ebd,University of Michigan Ann,MI,,65,2,12,11,3,1,Wize Prep,MULTI_CAMPUS_TUTORING,,HIGH,STRONG,STRONG,CROWDED,YES,NO,NO,YES,PARTIAL,Wize Prep,Wize Prep accounting,University of Michigan Ann financial accounting exam,University of Michigan Ann accounting tutoring,5,universitytutor.com; frogtutoring.com; varsitytutors.com; wyzant.com; princetonreview.com; wizeprep.com; studocu.com; goingconcern.com,medium
c0aa702e-76fa-422a-86ba-13ab222dd072,Cleveland State University,OH,ACT 221,65,2,7,4,2,0,graduatetutor.com,LOCAL_CAMPUS_TUTORING,,HIGH,STRONG,STRONG,CROWDED,YES,NO,NO,YES,YES,FrogTutoring,FrogTutoring accounting,ACT 221 exam 1,ACT 221 practice exam,7,varsitytutors.com; frogtutoring.com; princetonreview.com; coursehero.com; cliffsnotes.com; graduatetutor.com; quizlet.com,medium
62f42404-8006-4fa6-9068-516683198e09,New York University,NY,ACCT-UB 1,64.1,2,15,15,2,0,Knack,MULTI_CAMPUS_TUTORING,,HIGH,STRONG,STRONG,VALIDATED_PAID_MARKET,YES,NO,NO,YES,YES,Knack,Knack accounting,ACCT-UB 1 exam 1,ACCT-UB 1 practice exam,7,varsitytutors.com; tutorocean.com; universitytutor.com; wyzant.com; coursehero.com; cliffsnotes.com; scribd.com; studocu.com,medium
8bc8c4da-813c-41e2-93ed-8b6a570098a4,Ramapo College-New Jersey,NJ,ACCT 221,64,2,6,6,0,1,Course Hero,NOTES_MARKETPLACE,,HIGH,MODERATE,WEAK,WHITE_SPACE,YES,NO,NO,NO,YES,,,ACCT 221 exam 1,ACCT 221 practice exam,7,princetonreview.com; coursehero.com; quizlet.com; scribd.com; studocu.com; cliffsnotes.com,medium
ce1c0370-a602-4ae8-94a5-a45ab40cf0d2,Loyola University Chicago,IL,ACCT 201,63.7,2,13,11,2,2,acct201a.com,COURSE_SPECIFIC_SITE,,HIGH,STRONG,STRONG,CROWDED,YES,NO,NO,YES,YES,acct201a.com,acct201a.com accounting,ACCT 201 exam 1,ACCT 201 practice exam,7,varsitytutors.com; frogtutoring.com; superprof.com; quizlet.com; princetonreview.com; becker.com; coursehero.com; acct201a.com,medium
50609aee-1e7c-4718-b0ad-f3ef6f05fb17,Calif State U - San Marcos San,CA,,63.6,2,1,0,0,0,Scribd,NOTES_MARKETPLACE,,LOW,WEAK,WEAK,WHITE_SPACE,NO,NO,NO,NO,PARTIAL,,,Calif State U - San Marcos San financial accounting exam,Calif State U - San Marcos San accounting tutoring,5,scribd.com,medium
4864a01b-855f-4a2c-88be-7c89ea366c61,Indiana U-Purdue U Indy,IN,,63.6,2,6,3,3,0,tutors.com,LOCAL_CAMPUS_TUTORING,,HIGH,STRONG,STRONG,CROWDED,NO,NO,NO,YES,PARTIAL,FrogTutoring,FrogTutoring accounting,Indiana U-Purdue U Indy financial accounting exam,Indiana U-Purdue U Indy accounting tutoring,5,varsitytutors.com; upswing.io; universitytutor.com; frogtutoring.com; tutors.com; bufftutor.com,medium
6f131e58-09ef-4618-a2c5-2aac3146324f,Indiana University Indianapolis,IN,BUS-A 201,63.6,2,13,7,3,0,busa201.com,LOCAL_CAMPUS_TUTORING,,HIGH,STRONG,STRONG,CROWDED,YES,YES,YES,YES,YES,Knack,Knack accounting,BUS-A 201 exam 1,BUS-A 201 practice exam,7,universitytutor.com; joinknack.com; coursehero.com; busa201.com; fennie.ai; co.uk; preply.com; higheredjobs.com,medium
f4927de9-b187-4169-9866-81867beadf56,Indiana State University Terre,IN,,63.5,2,1,1,0,0,Vaia,NOTES_MARKETPLACE,,LOW,WEAK,WEAK,WHITE_SPACE,YES,NO,NO,NO,PARTIAL,,,Indiana State University Terre financial accounting exam,Indiana State University Terre accounting tutoring,5,vaia.com,medium
4225f91b-c364-4d36-b965-5ef8860cb8fb,Georgetown University,DC,ACCT 1001,63.5,2,17,13,4,1,Course Hero,NOTES_MARKETPLACE,,HIGH,STRONG,STRONG,CROWDED,YES,NO,NO,YES,YES,graduatetutor.com,graduatetutor.com accounting,ACCT 1001 exam 1,ACCT 1001 practice exam,7,wyzant.com; graduatetutor.com; universitytutor.com; superprof.ng; frogtutoring.com; coursehero.com; studocu.com; vaia.com,medium
433969d6-efa9-49de-956b-c0078b5a4872,Southern Utah University Cedar,UT,,63.4,2,4,0,2,0,monster.com,LOCAL_CAMPUS_TUTORING,$120; $170; $150; $200,MEDIUM,STRONG,STRONG,CROWDED,YES,NO,NO,YES,PARTIAL,monster.com,monster.com accounting,Southern Utah University Cedar financial accounting exam,Southern Utah University Cedar accounting tutoring,5,monster.com; amazonaws.com; scribd.com; weebly.com,medium
e1d98d50-18ce-4a43-b5da-c487df2b0ab4,SUNY College at Oswego,NY,,63.1,2,4,2,0,0,The Princeton Review,TUTOR_MARKETPLACE,,LOW,MODERATE,WEAK,WHITE_SPACE,YES,NO,NO,NO,PARTIAL,,,SUNY College at Oswego financial accounting exam,SUNY College at Oswego accounting tutoring,5,princetonreview.com; quizlet.com; studysoup.com; nyacte.org,medium
ccf291f6-3888-47a8-95b4-35e4d70c96e1,The College of New Jersey,NJ,ACC 201,62.7,2,15,11,5,2,acc201uky.com,COURSE_SPECIFIC_SITE,,HIGH,STRONG,STRONG,CROWDED,YES,NO,NO,YES,YES,acc201uky.com,acc201uky.com accounting,ACC 201 exam 1,ACC 201 practice exam,7,frogtutoring.com; varsitytutors.com; universitytutor.com; wyzant.com; studocu.com; goingconcern.com; acc201uky.com; unlvbap.org,medium
cfa13e53-1907-4ffb-bb69-b3bd182f9beb,Tennessee Technological Un,TN,,62.6,2,5,2,0,1,Course Hero,NOTES_MARKETPLACE,,HIGH,MODERATE,WEAK,WHITE_SPACE,YES,NO,NO,NO,PARTIAL,,,Tennessee Technological Un financial accounting exam,Tennessee Technological Un accounting tutoring,5,varsitytutors.com; princetonreview.com; coursehero.com; studocu.com; wyzant.com,medium
f273198b-4e2b-492e-a2c0-d741e9177fd2,Lindenwood University St.,MO,,62.5,2,0,0,0,0,,,,UNKNOWN,UNKNOWN,UNKNOWN,WHITE_SPACE,YES,NO,NO,NO,PARTIAL,,,Lindenwood University St. financial accounting exam,Lindenwood University St. accounting tutoring,5,,medium
b6a2cb0d-02a6-44a1-8631-826bb107c107,West Texas A&M University,TX,,62.3,2,4,3,1,0,FrogTutoring,MULTI_CAMPUS_TUTORING,,HIGH,STRONG,STRONG,VALIDATED_PAID_MARKET,YES,NO,NO,YES,PARTIAL,FrogTutoring,FrogTutoring accounting,WTAMU financial accounting exam,WTAMU accounting tutoring,5,frogtutoring.com; coursehero.com; scribd.com; princetonreview.com,medium
1a33f054-89c8-4d91-9882-42ccf611d597,Ohio University,OH,,62.3,2,6,5,4,1,Course Hero,NOTES_MARKETPLACE,,HIGH,STRONG,STRONG,CROWDED,YES,NO,NO,YES,PARTIAL,FrogTutoring,FrogTutoring accounting,Ohio University financial accounting exam,Ohio University accounting tutoring,5,frogtutoring.com; quizlet.com; coursehero.com; ahhowland.com; degreeforum.net; ohiouniversityjobs.com,medium
9a2858ec-9f5f-4833-a891-7cf0357ed43d,Quinnipiac University,CT,AC-211,62.2,2,9,6,2,1,Course Hero,NOTES_MARKETPLACE,,HIGH,STRONG,STRONG,VALIDATED_PAID_MARKET,NO,NO,NO,YES,YES,FrogTutoring,FrogTutoring accounting,AC-211 exam 1,AC-211 practice exam,7,frogtutoring.com; princetonreview.com; tutoringprof.com; joinknack.com; coursehero.com; quizlet.com; studysoup.com; cliffsnotes.com,medium
f3b7ae70-62da-4b7c-886b-db819d133472,Eastern Michigan University,MI,ACC 240,62,2,12,7,0,1,Course Hero,NOTES_MARKETPLACE,,HIGH,MODERATE,WEAK,WHITE_SPACE,YES,NO,NO,NO,YES,,,ACC 240 exam 1,ACC 240 practice exam,7,princetonreview.com; coursehero.com; stuvia.com; superprof.com; studysoup.com; quizlet.com; scribd.com; studocu.com,medium
7a3714f4-c34f-4ceb-8565-ec506a73d391,University of Richmond,VA,,62,2,10,6,4,0,poetsandquantsforundergrads.com,LOCAL_CAMPUS_TUTORING,,HIGH,STRONG,STRONG,CROWDED,NO,NO,NO,YES,PARTIAL,FrogTutoring,FrogTutoring accounting,University of Richmond financial accounting exam,University of Richmond accounting tutoring,5,frogtutoring.com; poetsandquantsforundergrads.com; universitytutor.com; varsitytutors.com; tutorselect.com; princetonreview.com; coursedog.com; insidehighered.com,medium
ed941b6e-3152-4e2c-bb9e-2e143eccfe02,Wright State University,OH,,61.7,2,10,4,1,0,ecampus.com,LOCAL_CAMPUS_TUTORING,,MEDIUM,STRONG,STRONG,CROWDED,YES,NO,NO,YES,PARTIAL,ecampus.com,ecampus.com accounting,Wright State University financial accounting exam,Wright State University accounting tutoring,5,varsitytutors.com; wsuguardian.com; studocu.com; coursehero.com; studysoup.com; wyzant.com; princetonreview.com; ecampus.com,medium
af045436-976c-4f48-85b0-c7a5e0ce3000,Saint Louis University St.,MO,,61.6,2,3,1,1,0,smapse.com,LOCAL_CAMPUS_TUTORING,from $3926.00/semester; from $4643.00/semester; from $8426.00/semester; from $7000/year; to $12000/year; $285; $2940; $70,MEDIUM,STRONG,STRONG,VALIDATED_PAID_MARKET,YES,NO,NO,YES,PARTIAL,smapse.com,smapse.com accounting,Saint Louis University St. financial accounting exam,Saint Louis University St. accounting tutoring,5,asco.org; jobsora.com; smapse.com,medium
cad32c49-057b-43be-873b-9ff8b0f36b6d,Loyola University Maryland,MD,AC 201,61.6,2,8,5,1,1,Course Hero,NOTES_MARKETPLACE,,HIGH,STRONG,STRONG,VALIDATED_PAID_MARKET,YES,NO,NO,YES,YES,FrogTutoring,FrogTutoring accounting,AC 201 exam 1,AC 201 practice exam,7,frogtutoring.com; superprof.ca; varsitytutors.com; coursehero.com; quizlet.com; superprof.ng; princetonreview.com; scribd.com,medium
0b7a9a22-43aa-45f5-85f7-1775981a18b5,Youngstown State University,OH,,61.6,2,9,5,2,0,ysusports.com,LOCAL_CAMPUS_TUTORING,,HIGH,STRONG,STRONG,CROWDED,YES,NO,NO,YES,PARTIAL,FrogTutoring,FrogTutoring accounting,Youngstown State University financial accounting exam,Youngstown State University accounting tutoring,5,varsitytutors.com; frogtutoring.com; wyzant.com; coursehero.com; princetonreview.com; gleim.com; ysusports.com; studysoup.com,medium
7a2e14b5-e5aa-4536-9120-4612c793109a,Indiana University of Pennsylvania,PA,,61.5,2,8,6,1,0,indianagazette.com,LOCAL_CAMPUS_TUTORING,,HIGH,STRONG,STRONG,CROWDED,YES,NO,NO,YES,PARTIAL,indianagazette.com,indianagazette.com accounting,IUP financial accounting exam,IUP accounting tutoring,5,varsitytutors.com; princetonreview.com; coursehero.com; indianagazette.com; vaia.com; studysoup.com; studocu.com; superprof.com,medium
99b33713-d32a-4089-b16b-87a59166d2ed,George Washington University,DC,ACCY 2001,61.3,2,11,10,3,0,quantnet.com,LOCAL_CAMPUS_TUTORING,,HIGH,STRONG,STRONG,CROWDED,YES,YES,YES,YES,YES,FrogTutoring,FrogTutoring accounting,ACCY 2001 exam 1,ACCY 2001 practice exam,7,frogtutoring.com; universitytutor.com; varsitytutors.com; coursehero.com; studocu.com; coursesidekick.com; wizeprep.com; quantnet.com,medium
24265ab0-ff8f-4428-8bd9-7a60ba5a39c2,University of Louisiana at Lafayette,LA,,61.1,2,10,7,1,0,FrogTutoring,MULTI_CAMPUS_TUTORING,,HIGH,STRONG,STRONG,VALIDATED_PAID_MARKET,YES,NO,NO,YES,PARTIAL,FrogTutoring,FrogTutoring accounting,UL Lafayette financial accounting exam,UL Lafayette accounting tutoring,5,wyzant.com; frogtutoring.com; princetonreview.com; coursehero.com; stuvia.com; studysoup.com; studocu.com; quizlet.com,medium
964be11f-f306-4df2-9671-835a053ace33,Univ of Central Arkansas,AR,,60.9,2,3,2,1,1,Course Hero,NOTES_MARKETPLACE,,HIGH,STRONG,STRONG,VALIDATED_PAID_MARKET,YES,NO,NO,YES,PARTIAL,FrogTutoring,FrogTutoring accounting,Univ of Central Arkansas financial accounting exam,Univ of Central Arkansas accounting tutoring,5,frogtutoring.com; princetonreview.com; coursehero.com,medium
0a812f83-8129-4bab-ad51-7366d1e2a183,SUNYat Plattsburgh,NY,,60.8,2,0,0,0,0,,,,UNKNOWN,UNKNOWN,UNKNOWN,WHITE_SPACE,YES,NO,NO,NO,PARTIAL,,,SUNYat Plattsburgh financial accounting exam,SUNYat Plattsburgh accounting tutoring,5,,medium
48f560b5-3dce-438e-a498-9103782531f2,Stockton University,NJ,ACCT 2110,60.7,2,12,10,3,2,acct2110.com,COURSE_SPECIFIC_SITE,,HIGH,STRONG,STRONG,CROWDED,YES,NO,NO,YES,YES,acct2110.com,acct2110.com accounting,ACCT 2110 exam 1,ACCT 2110 practice exam,7,squarespace.com; princetonreview.com; coursehero.com; acct2110.com; joinknack.com; bapcsusb.org; tutorocean.com; quizlet.com,medium
826884a5-9a66-41e8-9a4e-0c3417955bd4,Univ of California-Davis,CA,,60.6,2,7,6,0,0,Becker,EXAM_PREP_PLATFORM,,LOW,MODERATE,WEAK,WHITE_SPACE,YES,NO,NO,YES,PARTIAL,Becker,Becker accounting,Univ of California-Davis financial accounting exam,Univ of California-Davis accounting tutoring,5,wyzant.com; superprof.com; cliffsnotes.com; coursehero.com; becker.com; quizlet.com; princetonreview.com,medium
b43fc4ee-c28e-41f4-a24f-39bc666e03a4,"Rutgers, The State University of New Jersey",NJ,,60.6,2,3,2,1,0,FrogTutoring,MULTI_CAMPUS_TUTORING,,HIGH,STRONG,STRONG,VALIDATED_PAID_MARKET,YES,NO,NO,YES,PARTIAL,FrogTutoring,FrogTutoring accounting,Rutgers financial accounting exam,Rutgers accounting tutoring,5,coursehero.com; frogtutoring.com; stuvia.com,medium
a666f8fd-df3d-4c6e-bfeb-234b08bd6553,Rutgers University-Camden,NJ,52:010:101,60.6,2,3,2,0,0,The Princeton Review,TUTOR_MARKETPLACE,,LOW,MODERATE,WEAK,WHITE_SPACE,YES,NO,NO,NO,YES,,,52:010:101 exam 1,52:010:101 practice exam,7,princetonreview.com; coursehero.com; varsitytutors.com,medium
fa73b74c-c14b-4e23-9377-6c8a0eaf345b,University of New Mexico Albuquerque F,NM,,60.4,2,6,4,3,0,krqe.com,LOCAL_CAMPUS_TUTORING,,HIGH,STRONG,STRONG,CROWDED,YES,NO,NO,YES,PARTIAL,FrogTutoring,FrogTutoring accounting,UNM financial accounting exam,UNM accounting tutoring,5,frogtutoring.com; wyzant.com; varsitytutors.com; bufftutor.com; krqe.com; advancedlearners.com,medium
ca053114-c08b-45ba-a7b4-8b05700bbc7a,Murray State University,KY,ACC 200,60.3,2,14,11,1,0,FrogTutoring,MULTI_CAMPUS_TUTORING,,HIGH,STRONG,STRONG,VALIDATED_PAID_MARKET,YES,NO,NO,YES,YES,FrogTutoring,FrogTutoring accounting,ACC 200 exam 1,ACC 200 practice exam,7,frogtutoring.com; goracers.com; princetonreview.com; tutorselect.com; quizlet.com; cliffsnotes.com; uksga.org; bapuhm.org,medium
656b5758-4296-42e5-8ce3-cd4a188b3c05,University of South Dakota,SD,,60.1,2,9,7,3,0,accounting.com,LOCAL_CAMPUS_TUTORING,$37; $7; $6; $11; $18; $19; $0; $10,HIGH,STRONG,STRONG,CROWDED,YES,NO,NO,YES,PARTIAL,FrogTutoring,FrogTutoring accounting,University of South Dakota financial accounting exam,University of South Dakota accounting tutoring,5,frogtutoring.com; superprof.ng; princetonreview.com; quizlet.com; accounting.com; studysoup.com; coursehero.com; big4accountingfirms.org,medium
b7b28289-86f4-4cdc-90da-39211bcd1cc3,University of Massachusetts Dartmouth,MA,ACT 211,60,2,9,3,1,0,FrogTutoring,MULTI_CAMPUS_TUTORING,,HIGH,STRONG,STRONG,VALIDATED_PAID_MARKET,YES,NO,NO,YES,YES,FrogTutoring,FrogTutoring accounting,ACT 211 exam 1,ACT 211 practice exam,7,coursehero.com; troy-d-romero.com; finalsite.net; varsitytutors.com; quizlet.com; studocu.com; princetonreview.com; frogtutoring.com,medium
dff0a59c-2a1d-40dc-9a08-9a1c33005243,Creighton University,NE,,59.9,2,7,5,1,1,Course Hero,NOTES_MARKETPLACE,,HIGH,STRONG,STRONG,CROWDED,YES,NO,NO,YES,PARTIAL,atlascpaindex.com,atlascpaindex.com accounting,Creighton University financial accounting exam,Creighton University accounting tutoring,5,purplemath.com; quizlet.com; coursehero.com; studocu.com; wyzant.com; atlascpaindex.com; princetonreview.com,medium
6707d6e6-c02f-4053-8357-1e82d88f365d,University of North Carolina Chapel,NC,,59.8,2,9,5,3,0,teachme2.com,LOCAL_CAMPUS_TUTORING,,HIGH,STRONG,STRONG,CROWDED,YES,NO,NO,YES,PARTIAL,FrogTutoring,FrogTutoring accounting,University of North Carolina Chapel financial accounting exam,University of North Carolina Chapel accounting tutoring,5,frogtutoring.com; universitytutor.com; teachme2.com; cliffsnotes.com; coursehero.com; healthresearch.org; goheels.com; tutorocean.com,medium
b1e37925-8407-4abd-9826-11c8191a905a,University of Massachusetts Lowell,MA,ACCT.2010,59.8,2,11,9,1,1,Course Hero,NOTES_MARKETPLACE,,HIGH,STRONG,STRONG,VALIDATED_PAID_MARKET,YES,NO,NO,YES,YES,FrogTutoring,FrogTutoring accounting,ACCT.2010 exam 1,ACCT.2010 practice exam,7,varsitytutors.com; wyzant.com; coursehero.com; vaia.com; tutoringprof.com; frogtutoring.com; studocu.com; quizlet.com,medium
e32d9134-b104-447d-9fee-a51d633bd8ae,Pittsburg State University,KS,ACCTG-201,59.8,2,8,6,2,2,Wize Prep,MULTI_CAMPUS_TUTORING,,HIGH,STRONG,STRONG,VALIDATED_PAID_MARKET,YES,NO,NO,YES,YES,Wize Prep,Wize Prep accounting,ACCTG-201 exam 1,ACCTG-201 practice exam,7,varsitytutors.com; frogtutoring.com; princetonreview.com; coursehero.com; studocu.com; aplusreview.com; quizlet.com; wizeprep.com,medium
a19c66da-129a-4816-826e-1876586b5eb5,Aurora University,IL,,59.7,2,5,3,2,0,higheredspace.com,LOCAL_CAMPUS_TUTORING,,HIGH,STRONG,STRONG,CROWDED,YES,NO,NO,YES,PARTIAL,FrogTutoring,FrogTutoring accounting,Aurora University financial accounting exam,Aurora University accounting tutoring,5,frogtutoring.com; higheredspace.com; princetonreview.com; coursehero.com; abebooks.com,medium
088edb1d-097d-4182-abd0-6bd91bd2b485,University of Wisconsin–Oshkosh,WI,ACCT 206,59.7,2,12,10,3,1,Course Hero,NOTES_MARKETPLACE,,HIGH,STRONG,STRONG,CROWDED,YES,NO,NO,YES,YES,FrogTutoring,FrogTutoring accounting,ACCT 206 exam 1,ACCT 206 practice exam,7,universitytutor.com; frogtutoring.com; superprof.com; coursehero.com; princetonreview.com; joinknack.com; quizlet.com; feedbackfruits.com,medium
85541c29-e394-4484-8370-ac07ba1ac189,"Calif State Univ, Chico",CA,,59.5,2,0,0,0,0,,,,UNKNOWN,UNKNOWN,UNKNOWN,WHITE_SPACE,NO,NO,NO,NO,PARTIAL,,,"Calif State Univ, Chico financial accounting exam","Calif State Univ, Chico accounting tutoring",5,,medium
74ef8b14-c57e-434e-a7ea-d40e98017070,University of Northern Iowa Cedar,IA,,59.5,2,2,1,0,0,UniversityTutor,TUTOR_MARKETPLACE,,LOW,MODERATE,WEAK,WHITE_SPACE,YES,NO,NO,NO,PARTIAL,,,University of Northern Iowa Cedar financial accounting exam,University of Northern Iowa Cedar accounting tutoring,5,universitytutor.com; edu.pl,medium
592b7b48-8c25-4f49-a5cb-891e50b1a190,Univ of California San Diego La,CA,,59.3,2,2,0,0,0,UniversityTutor,TUTOR_MARKETPLACE,,LOW,MODERATE,WEAK,WHITE_SPACE,YES,NO,NO,NO,PARTIAL,,,Univ of California San Diego La financial accounting exam,Univ of California San Diego La accounting tutoring,5,universitytutor.com; kidneymedicinejournal.org,medium
03ba330e-a0c8-44c0-afdc-e8c247c5fdea,Uof California-Berkeley,CA,,59,2,0,0,0,0,,,,UNKNOWN,UNKNOWN,UNKNOWN,WHITE_SPACE,NO,NO,NO,NO,PARTIAL,,,Uof California-Berkeley financial accounting exam,Uof California-Berkeley accounting tutoring,5,,medium
5fb03ee8-3e82-4143-98d6-9210e0132aec,Xavier University,OH,,59,2,7,6,1,1,Course Hero,NOTES_MARKETPLACE,,HIGH,STRONG,STRONG,VALIDATED_PAID_MARKET,YES,NO,NO,YES,PARTIAL,FrogTutoring,FrogTutoring accounting,Xavier University financial accounting exam,Xavier University accounting tutoring,5,wyzant.com; frogtutoring.com; varsitytutors.com; princetonreview.com; stfx.ca; coursehero.com; superprof.com,medium
17ba9022-686e-40d8-8b07-a33f5a3559f8,Fayetteville State Univ,NC,ACCT 211,58.9,2,8,8,3,2,Wize Prep,MULTI_CAMPUS_TUTORING,,HIGH,STRONG,STRONG,CROWDED,YES,NO,NO,YES,YES,Wize Prep,Wize Prep accounting,ACCT 211 exam 1,ACCT 211 practice exam,7,frogtutoring.com; coursehero.com; myworkdayjobs.com; wizeprep.com; picktime.com; quizlet.com; cliffsnotes.com; studocu.com,medium
ea95df00-5f04-4cc7-8e0a-a5cc0ed848ea,University of West Florida,FL,,58.6,2,6,4,2,0,tutors.com,LOCAL_CAMPUS_TUTORING,,HIGH,STRONG,STRONG,CROWDED,YES,NO,NO,YES,PARTIAL,Knack,Knack accounting,University of West Florida financial accounting exam,University of West Florida accounting tutoring,5,uwfbap.com; joinknack.com; educatly.com; coursehero.com; princetonreview.com; tutors.com,medium
ac82bfcf-5d9d-45a3-a652-89b5f992485f,Suffolk University,MA,ACCT 201,58.6,2,15,10,3,2,acct201a.com,COURSE_SPECIFIC_SITE,,HIGH,STRONG,STRONG,CROWDED,YES,NO,NO,YES,YES,acct201a.com,acct201a.com accounting,ACCT 201 exam 1,ACCT 201 practice exam,7,varsitytutors.com; startup.jobs; vaia.com; frogtutoring.com; princetonreview.com; coursehero.com; acct201a.com; tutorselect.com,medium
942659b0-c399-4802-b095-4cee98f767ef,University of Houston - Victoria,TX,,58.5,2,8,5,1,1,Course Hero,NOTES_MARKETPLACE,,HIGH,STRONG,STRONG,VALIDATED_PAID_MARKET,YES,NO,NO,YES,PARTIAL,FrogTutoring,FrogTutoring accounting,UHV financial accounting exam,UHV accounting tutoring,5,frogtutoring.com; varsitytutors.com; princetonreview.com; coursehero.com; studocu.com; tx.cpa; universitytutor.com; cliffsnotes.com,medium
247b6ca0-f442-4b46-9093-595086f24a23,North Dakota State University,ND,ACCT 200,58.4,2,11,10,2,2,acct200ku.com,COURSE_SPECIFIC_SITE,,HIGH,STRONG,STRONG,CROWDED,YES,NO,NO,YES,YES,acct200ku.com,acct200ku.com accounting,ACCT 200 exam 1,ACCT 200 practice exam,7,com.na; purplemath.com; coursehero.com; acct200ku.com; princetonreview.com; studysoup.com; quizlet.com; cliffsnotes.com,medium
9b18e705-fe9c-4685-a1de-7ca0e9ce8ab1,Weber State University,UT,,58.4,2,8,6,2,0,weberstatesports.com,LOCAL_CAMPUS_TUTORING,,HIGH,STRONG,STRONG,CROWDED,YES,NO,NO,YES,PARTIAL,weberstatesports.com,weberstatesports.com accounting,Weber State University financial accounting exam,Weber State University accounting tutoring,5,wyzant.com; weberstatesports.com; varsitytutors.com; lightcastcc.com; princetonreview.com; coursehero.com; quizlet.com; studocu.com,medium
0061927b-102d-4362-9c21-c5b423e43cac,University of The Cumberlands,KY,,58.1,2,4,4,1,0,goelite.com,LOCAL_CAMPUS_TUTORING,,HIGH,STRONG,STRONG,CROWDED,YES,NO,NO,YES,PARTIAL,goelite.com,goelite.com accounting,UC financial accounting exam,UC accounting tutoring,5,tutorocean.com; princetonreview.com; straighterline.com; goelite.com,medium
cf743bf8-b71e-4298-bb5c-c1b374f0eb8a,University of North Texas at Dallas,TX,ACCT 2301,58.1,2,13,11,4,2,acct2301.com,COURSE_SPECIFIC_SITE,,HIGH,STRONG,STRONG,CROWDED,YES,NO,NO,YES,YES,acct2301.com,acct2301.com accounting,ACCT 2301 exam 1,ACCT 2301 practice exam,7,careerbuilder.com; tx.cpa; coursehero.com; acct2301.com; atmtutoring.com; campuslabs.com; wyzant.com; quizlet.com,medium
e2904752-74f8-4d19-a0c5-8d2460154f99,Stony Brook University Stony,NY,ACC 210,58,2,10,7,2,1,acc210.com,COURSE_SPECIFIC_SITE,,HIGH,STRONG,STRONG,CROWDED,YES,NO,NO,YES,YES,acc210.com,acc210.com accounting,ACC 210 exam 1,ACC 210 practice exam,7,universitytutor.com; cpajournal.com; acc210.com; graduatetutor.com; tutorocean.com; quizlet.com; studocu.com; cliffsnotes.com,medium
fdafc302-1ea9-40ad-8fba-16a8b1d187e0,University of New Orleans New,LA,,58,2,2,1,1,0,thelensnola.org,LOCAL_CAMPUS_TUTORING,,MEDIUM,STRONG,STRONG,VALIDATED_PAID_MARKET,YES,NO,NO,YES,PARTIAL,thelensnola.org,thelensnola.org accounting,University of New Orleans New financial accounting exam,University of New Orleans New accounting tutoring,5,ovid.com; thelensnola.org,medium
d37a8470-046b-439a-9185-53b027865f35,University of North Alabama,AL,AC 291,58,2,11,8,1,1,Course Hero,NOTES_MARKETPLACE,,HIGH,STRONG,STRONG,CROWDED,YES,NO,NO,YES,YES,UWorld,UWorld accounting,AC 291 exam 1,AC 291 practice exam,7,uworld.com; becker.com; articlegateway.com; coursehero.com; degreeforum.net; co.uk; campusce.net; quizlet.com,medium
7f4afacd-e2fb-423d-8519-42ce3ede62a1,Texas A&M International University,TX,,57.8,2,4,2,1,1,Course Hero,NOTES_MARKETPLACE,,HIGH,STRONG,STRONG,VALIDATED_PAID_MARKET,YES,NO,NO,YES,PARTIAL,FrogTutoring,FrogTutoring accounting,TAMIU financial accounting exam,TAMIU accounting tutoring,5,frogtutoring.com; superprof.com; studocu.com; coursehero.com,medium
79474d56-4f60-46c2-8305-edf089d42737,East Tennessee State Univ Johnson,TN,,57.6,2,1,0,0,0,The Princeton Review,TUTOR_MARKETPLACE,,LOW,WEAK,WEAK,WHITE_SPACE,YES,NO,NO,NO,PARTIAL,,,East Tennessee State Univ Johnson financial accounting exam,East Tennessee State Univ Johnson accounting tutoring,5,princetonreview.com,medium
61c58928-adb6-49ca-aa57-faf958bf241d,"Calif State U, Stanislaus",CA,,57.6,2,4,0,0,0,chronicle.com,INDIVIDUAL_OR_LOCAL,,LOW,MODERATE,WEAK,WHITE_SPACE,YES,NO,NO,NO,PARTIAL,,,"Calif State U, Stanislaus financial accounting exam","Calif State U, Stanislaus accounting tutoring",5,chronicle.com; bibliovault.org; ymaws.com; scribd.com,medium
2e7d0614-5165-4f09-ac53-11d3daded701,St. Cloud State University Saint,MN,ACCT291,57.6,2,5,3,2,1,Course Hero,NOTES_MARKETPLACE,,HIGH,STRONG,STRONG,CROWDED,YES,NO,NO,YES,YES,smapse.com,smapse.com accounting,ACCT291 exam 1,ACCT291 practice exam,7,smapse.com; studypool.com; monster.com; coursehero.com; scribd.com,medium
1cc28287-8ed6-41c4-8cd7-ff0ba716c76f,Siena College,NY,ACCT - 200,57.5,2,11,10,1,1,Course Hero,NOTES_MARKETPLACE,,HIGH,STRONG,STRONG,VALIDATED_PAID_MARKET,YES,NO,NO,YES,YES,FrogTutoring,FrogTutoring accounting,ACCT - 200 exam 1,ACCT - 200 practice exam,7,varsitytutors.com; frogtutoring.com; princetonreview.com; coursehero.com; studocu.com; acct200ku.com; quizlet.com; cliffsnotes.com,medium
147c54d6-9172-4f20-9912-fbd9c2a4d81e,Dalton State College,GA,,57.4,2,0,0,0,0,,,,UNKNOWN,UNKNOWN,UNKNOWN,WHITE_SPACE,YES,NO,NO,NO,PARTIAL,,,Dalton State financial accounting exam,Dalton State accounting tutoring,5,,medium
80ae185c-a39a-4506-9f54-adefebf47662,University of La Verne,CA,ACCT 201,57.4,2,12,9,3,2,acct201a.com,COURSE_SPECIFIC_SITE,,HIGH,STRONG,STRONG,CROWDED,YES,NO,NO,YES,YES,acct201a.com,acct201a.com accounting,ACCT 201 exam 1,ACCT 201 practice exam,7,meetatutor.com; princetonreview.com; acct201a.com; frogtutoring.com; tutorocean.com; coursehero.com; edubirdie.com; stuvia.com,medium
1d6d2c96-2d39-4387-ad42-b0172a297eae,Utah Tech University,UT,ACCT 2010,57.3,2,8,8,2,1,Wize Prep,MULTI_CAMPUS_TUTORING,,HIGH,STRONG,STRONG,CROWDED,YES,NO,NO,YES,YES,Wize Prep,Wize Prep accounting,ACCT 2010 exam 1,ACCT 2010 practice exam,7,tutoringprof.com; wizeprep.com; quizlet.com; studocu.com; stuvia.com; coursehero.com; jeopardylabs.com; cliffsnotes.com,medium
7a5d59b8-53d3-47a6-983c-c3009234af1a,Uof Alabama in Huntsville,AL,,57.3,2,9,6,3,0,hakia.com,LOCAL_CAMPUS_TUTORING,,HIGH,STRONG,STRONG,CROWDED,YES,NO,NO,YES,PARTIAL,hakia.com,hakia.com accounting,Uof Alabama in Huntsville financial accounting exam,Uof Alabama in Huntsville accounting tutoring,5,hu-berlin.de; hakia.com; econtalk.org; varsitytutors.com; universitytutor.com; frogtutoring.com; coursehero.com; wyzant.com,medium
ded1f5b6-1f32-43cf-802b-d1ee547d1160,Athens State University,AL,,57.3,2,2,1,1,1,Course Hero,NOTES_MARKETPLACE,,HIGH,STRONG,STRONG,VALIDATED_PAID_MARKET,YES,NO,NO,YES,PARTIAL,FrogTutoring,FrogTutoring accounting,Athens State financial accounting exam,Athens State accounting tutoring,5,coursehero.com; frogtutoring.com,medium
6f399342-fdd6-41d1-80b5-6866944940f7,U Massachusetts Boston,MA,af 210,57.3,2,10,4,0,0,Course Sidekick (Course Hero),NOTES_MARKETPLACE,,LOW,MODERATE,WEAK,WHITE_SPACE,YES,NO,NO,NO,YES,,,af 210 exam 1,af 210 practice exam,7,apa.org; scribd.com; aaup.org; coursesidekick.com; coursehero.com; blogspot.com; cliffsnotes.com; quizlet.com,medium
cb5e06ea-c042-439c-8d66-41b97a52c811,Morgan State University,MD,ACCT 211,57.1,2,11,9,3,2,Wize Prep,MULTI_CAMPUS_TUTORING,,HIGH,STRONG,STRONG,CROWDED,YES,NO,NO,YES,YES,Wize Prep,Wize Prep accounting,ACCT 211 exam 1,ACCT 211 practice exam,7,frogtutoring.com; universitytutor.com; myworkdayjobs.com; wizeprep.com; picktime.com; princetonreview.com; quizlet.com; cliffsnotes.com,medium
ec4f4635-fa9b-41eb-ac1c-5c61a8722b97,Salisbury University,MD,ACCT 201,56.9,2,11,9,2,2,acct201a.com,COURSE_SPECIFIC_SITE,,HIGH,STRONG,STRONG,CROWDED,YES,NO,NO,YES,YES,acct201a.com,acct201a.com accounting,ACCT 201 exam 1,ACCT 201 practice exam,7,superprof.com; coursehero.com; acct201a.com; tutorselect.com; frogtutoring.com; princetonreview.com; quizlet.com; scribd.com,medium
8fe9ccdc-a26b-414d-a410-986d6c651097,New Jersey City University,NJ,,56.9,2,5,3,1,1,Course Hero,NOTES_MARKETPLACE,,HIGH,STRONG,STRONG,VALIDATED_PAID_MARKET,YES,NO,NO,YES,PARTIAL,FrogTutoring,FrogTutoring accounting,NJCU financial accounting exam,NJCU accounting tutoring,5,superprof.com; frogtutoring.com; princetonreview.com; coursehero.com; nj.com,medium
d14f1731-a353-475f-8973-456ac48a4fb1,Yeshiva University New,NY,,56.7,2,1,1,1,0,smapse.com,LOCAL_CAMPUS_TUTORING,from $3926.00/semester; from $4643.00/semester; from $8426.00/semester; from $7000/year; to $12000/year; $285; $2940; $70,HIGH,STRONG,STRONG,VALIDATED_PAID_MARKET,YES,NO,NO,YES,PARTIAL,smapse.com,smapse.com accounting,Yeshiva University New financial accounting exam,Yeshiva University New accounting tutoring,5,smapse.com,medium
462eb615-e29e-49c5-b3e1-254e604d9398,Georgia Institute of Tech,GA,,56.4,2,1,0,0,0,informs.org,INDIVIDUAL_OR_LOCAL,,LOW,WEAK,WEAK,WHITE_SPACE,YES,NO,NO,NO,PARTIAL,,,Georgia Institute of Tech financial accounting exam,Georgia Institute of Tech accounting tutoring,5,informs.org,medium
10fd53d0-9208-49ca-a413-bfe2c75b5968,University of North Dakota Grand,ND,,56.3,2,2,0,1,0,criminaljusticedegreeschools.com,LOCAL_CAMPUS_TUTORING,,MEDIUM,STRONG,STRONG,VALIDATED_PAID_MARKET,YES,NO,NO,YES,PARTIAL,criminaljusticedegreeschools.com,criminaljusticedegreeschools.com accounting,University of North Dakota Grand financial accounting exam,University of North Dakota Grand accounting tutoring,5,criminaljusticedegreeschools.com; finalsite.net,medium
243ec81c-f171-4480-94e7-683791da360c,Hofstra University,NY,ACCT 101,56.3,2,15,13,2,1,Course Hero,NOTES_MARKETPLACE,,HIGH,STRONG,STRONG,CROWDED,YES,NO,NO,YES,YES,FrogTutoring,FrogTutoring accounting,ACCT 101 exam 1,ACCT 101 practice exam,7,frogtutoring.com; tutorocean.com; varsitytutors.com; montana.cpa; coursehero.com; studocu.com; tutors-on-call.com; wyzant.com,medium
6e18e239-bfbe-481b-be4a-38a3f2740641,Southeast Missouri St Univ C,MO,,56.3,2,1,1,0,0,studylib.net,INDIVIDUAL_OR_LOCAL,,LOW,WEAK,WEAK,WHITE_SPACE,YES,NO,NO,NO,PARTIAL,,,Southeast Missouri St Univ C financial accounting exam,Southeast Missouri St Univ C accounting tutoring,5,studylib.net,medium
e615f07f-9c76-4594-be28-2f1e2551ba10,University of Southern Indiana,IN,ACCT 201,56,2,11,9,3,2,acct201a.com,COURSE_SPECIFIC_SITE,,HIGH,STRONG,STRONG,CROWDED,YES,NO,NO,YES,YES,acct201a.com,acct201a.com accounting,ACCT 201 exam 1,ACCT 201 practice exam,7,varsitytutors.com; coursehero.com; usishield.com; princetonreview.com; acct201a.com; scribd.com; quizlet.com; stuvia.com,medium
739175c4-6de3-40a8-a3e6-cf7d60124c00,North Carolina A&T State Un,NC,,55.9,2,6,3,1,1,Course Hero,NOTES_MARKETPLACE,,HIGH,STRONG,STRONG,CROWDED,YES,NO,NO,YES,PARTIAL,upswing.io,upswing.io accounting,North Carolina A&T State Un financial accounting exam,North Carolina A&T State Un accounting tutoring,5,upswing.io; princetonreview.com; bizcloudz.com; studysoup.com; coursehero.com; yesweekly.com,medium
cdad3007-6eac-4111-8c1b-be946e69e632,Pepperdine Univ-Malibu,CA,,55.8,2,4,1,1,0,smapse.com,LOCAL_CAMPUS_TUTORING,from $3926.00/semester; from $4643.00/semester; from $8426.00/semester; from $7000/year; to $12000/year; $285; $2940; $70,MEDIUM,STRONG,STRONG,CROWDED,YES,NO,NO,YES,PARTIAL,smapse.com,smapse.com accounting,Pepperdine Univ-Malibu financial accounting exam,Pepperdine Univ-Malibu accounting tutoring,5,wyzant.com; womenleadersinsports.org; docsity.com; smapse.com,medium
d3eb3ebb-d35c-4cf2-aa3b-1bb79dbed05e,Pepperdine Un-Los Angeles Los,CA,,55.8,2,5,3,2,0,bufftutor.com,LOCAL_CAMPUS_TUTORING,$20; $20/hr; $100/hr,HIGH,STRONG,STRONG,CROWDED,YES,NO,NO,YES,PARTIAL,bufftutor.com,bufftutor.com accounting,Pepperdine Un-Los Angeles Los financial accounting exam,Pepperdine Un-Los Angeles Los accounting tutoring,5,studylib.net; wyzant.com; superprof.com; bufftutor.com; amazingtalker.com,medium
ccc501d6-e3db-4756-a90e-d6ba018e7af5,University of Scranton,PA,,55.7,2,4,3,1,1,Course Hero,NOTES_MARKETPLACE,,HIGH,STRONG,STRONG,VALIDATED_PAID_MARKET,YES,NO,NO,YES,PARTIAL,FrogTutoring,FrogTutoring accounting,University of Scranton financial accounting exam,University of Scranton accounting tutoring,5,superprof.com; frogtutoring.com; coursehero.com; quizlet.com,medium
72167168-8fe4-4957-bd46-6c0f27c59cb7,Penn State Univ-Behrend,PA,ACCTG 211,55.5,2,10,8,2,1,Course Hero,NOTES_MARKETPLACE,,HIGH,STRONG,STRONG,CROWDED,YES,NO,NO,YES,YES,liontutors.com,liontutors.com accounting,ACCTG 211 exam 1,ACCTG 211 practice exam,7,superprof.com; arxiv.org; liontutors.com; tierneyeducation.com; vaia.com; wayup.com; quizlet.com; studocu.com,medium
ee901356-b1fa-4471-aae0-156e1a0ba81f,Angelo State University,TX,ACCT 2301,55.3,2,12,11,3,2,acct2301.com,COURSE_SPECIFIC_SITE,,HIGH,STRONG,STRONG,CROWDED,YES,NO,NO,YES,YES,acct2301.com,acct2301.com accounting,ACCT 2301 exam 1,ACCT 2301 practice exam,7,frogtutoring.com; princetonreview.com; sanangelolive.com; coursehero.com; acct2301.com; atmtutoring.com; campuslabs.com; wyzant.com,medium
eb4a7667-96ea-4e54-a592-0c3d516926f2,Arkansas State University State,AR,,55.2,2,3,1,0,0,apsnet.org,INDIVIDUAL_OR_LOCAL,,LOW,MODERATE,WEAK,WHITE_SPACE,YES,NO,NO,NO,PARTIAL,,,Arkansas State University State financial accounting exam,Arkansas State University State accounting tutoring,5,apsnet.org; mdpi.com; squarespace.com,medium
6a03001e-d222-4c4e-9437-1cab7241feaa,University of Minnesota,MN,ACCT 2051,55.1,2,15,14,5,2,acct2050.com,COURSE_SPECIFIC_SITE,,HIGH,STRONG,STRONG,CROWDED,YES,NO,NO,YES,YES,acct2050.com,acct2050.com accounting,ACCT 2051 exam 1,ACCT 2051 practice exam,7,acct2050.com; universitytutor.com; superprof.com; varsitytutors.com; quizlet.com; mncpa.org; coursesidekick.com; tutoringprof.com,medium
8aa7b3a8-9d2b-4dab-a137-3e2b23981622,Eastern Kentucky University,KY,ACC 201,55,2,12,8,4,2,acc201uky.com,COURSE_SPECIFIC_SITE,,HIGH,STRONG,STRONG,CROWDED,YES,NO,NO,YES,YES,acc201uky.com,acc201uky.com accounting,ACC 201 exam 1,ACC 201 practice exam,7,frogtutoring.com; edubirdie.com; princetonreview.com; acc201uky.com; unlvbap.org; teacheron.com; emaze.com; brainfuse.com,medium
4114870f-aa70-4029-aaab-e6790b43f623,Louisiana State University Alexandria,LA,,55,2,4,3,2,1,Course Hero,NOTES_MARKETPLACE,,HIGH,STRONG,STRONG,CROWDED,YES,NO,NO,YES,PARTIAL,louisiana.cpa,louisiana.cpa accounting,LSU Alexandria financial accounting exam,LSU Alexandria accounting tutoring,5,coursehero.com; louisiana.cpa; quizlet.com; universityhq.org,medium
b38e972d-a01b-44db-8e06-cf840a98743d,Sonoma State University Rohnert,CA,,54.5,2,2,0,0,0,Wyzant,TUTOR_MARKETPLACE,,LOW,MODERATE,WEAK,LOW_EVIDENCE,YES,NO,NO,NO,PARTIAL,,,Sonoma State University Rohnert financial accounting exam,Sonoma State University Rohnert accounting tutoring,5,wyzant.com; askfilo.com,medium
c2443e77-e8d8-4492-b503-2989f29dd590,Bemidji State University,MN,,54.1,2,3,2,0,1,Course Hero,NOTES_MARKETPLACE,,HIGH,MODERATE,WEAK,LOW_EVIDENCE,YES,NO,NO,NO,PARTIAL,,,Bemidji State University financial accounting exam,Bemidji State University accounting tutoring,5,coursehero.com; princetonreview.com; azurewebsites.net,medium
43f18a73-0f16-4f1e-8010-f8e3ba44aad2,Univ of Texas at Tyler,TX,ACCT 2301,54,2,15,14,6,1,acct2301.com,COURSE_SPECIFIC_SITE,,HIGH,STRONG,STRONG,CROWDED,YES,NO,NO,YES,YES,acct2301.com,acct2301.com accounting,ACCT 2301 exam 1,ACCT 2301 practice exam,7,joinknack.com; superprof.com; tylerpaper.com; gilmermirror.com; yahoo.com; acct2301.com; atmtutoring.com; campuslabs.com,medium
6c3dc7c0-7b2c-47eb-8926-2d6175b5af5d,Western Conn State Univ,CT,,53.9,2,6,5,0,0,Wyzant,TUTOR_MARKETPLACE,,LOW,MODERATE,WEAK,LOW_EVIDENCE,YES,NO,NO,NO,PARTIAL,,,Western Conn State Univ financial accounting exam,Western Conn State Univ accounting tutoring,5,scribd.com; chasedream.com; uofrathletics.com; studylib.net; wyzant.com; tutorselect.com,medium
d1a63c43-c944-4ed3-a377-40e899ce290e,University of Pennsylvania,PA,ACCT 1010,53.8,2,18,17,3,2,ust.space,COURSE_SPECIFIC_SITE,,HIGH,STRONG,STRONG,CROWDED,YES,NO,NO,YES,YES,ust.space,ust.space accounting,ACCT 1010 exam 1,ACCT 1010 practice exam,7,superprof.com; tutoringprof.com; varsitytutors.com; wyzant.com; frogtutoring.com; princetonreview.com; docsity.com; testprepinsight.com,medium
f6c82e70-079f-40d1-864a-a2e2537a8cfa,University of Indianapolis,IN,,53.7,2,5,2,1,0,FrogTutoring,MULTI_CAMPUS_TUTORING,,HIGH,STRONG,STRONG,VALIDATED_PAID_MARKET,YES,NO,NO,YES,PARTIAL,FrogTutoring,FrogTutoring accounting,UIndy financial accounting exam,UIndy accounting tutoring,5,universitytutor.com; frogtutoring.com; princetonreview.com; ecampus.com; varsitytutors.com,medium
6048af64-37f0-412f-be1c-c084567bd209,Uof Arkansas at Fort Smith Ft.,AR,,53.6,2,9,8,3,1,Course Hero,NOTES_MARKETPLACE,,HIGH,STRONG,STRONG,CROWDED,YES,NO,NO,YES,PARTIAL,insighttutoring.online,insighttutoring.online accounting,Uof Arkansas at Fort Smith Ft. financial accounting exam,Uof Arkansas at Fort Smith Ft. accounting tutoring,5,insighttutoring.online; kidsontheyard.com; frogtutoring.com; quizlet.com; coursehero.com; wyzant.com; study.com; scribd.com,medium
255bc3e7-e679-429e-9e07-c32fcbece318,William Paterson University,NJ,,53.6,2,5,3,1,1,Course Hero,NOTES_MARKETPLACE,,HIGH,STRONG,STRONG,VALIDATED_PAID_MARKET,NO,NO,NO,YES,PARTIAL,FrogTutoring,FrogTutoring accounting,William Paterson University financial accounting exam,William Paterson University accounting tutoring,5,frogtutoring.com; coursehero.com; princetonreview.com; stuvia.com; cliffsnotes.com,medium
fdf5e2e4-ed2d-4fd4-8d46-2d3cc88c0cbc,Montana State University,MT,ACTG 201,53.4,2,5,5,0,0,Course Hero,NOTES_MARKETPLACE,,LOW,MODERATE,WEAK,LOW_EVIDENCE,YES,NO,NO,NO,YES,,,ACTG 201 exam 1,ACTG 201 practice exam,7,universitytutor.com; coursehero.com; wyzant.com; quizlet.com; studocu.com,medium
78604ee3-811c-4b88-8bdd-3f198fa7df10,Arkansas State University,AR,ACCT 2023,53.4,2,13,11,2,1,Course Hero,NOTES_MARKETPLACE,,HIGH,STRONG,STRONG,CROWDED,YES,NO,NO,YES,YES,FrogTutoring,FrogTutoring accounting,ACCT 2023 exam 1,ACCT 2023 practice exam,7,frogtutoring.com; superprof.com; universitytutor.com; quizlet.com; princetonreview.com; coursehero.com; insighttutoring.online; studocu.vn,medium
ddcc6e53-df9e-4714-a66f-80bb2e29023e,Saginaw Valley State Univ Univ,MI,ACC 111,53.4,2,8,7,3,2,Scribd,NOTES_MARKETPLACE,,HIGH,STRONG,STRONG,CROWDED,NO,NO,NO,YES,YES,migratemate.co,migratemate.co accounting,ACC 111 exam 1,ACC 111 practice exam,7,migratemate.co; acceptancerate.com; studocu.com; quizlet.com; scribd.com; coursehero.com; website-files.com; landmarkacademy.net,medium
6e83a0ab-82e0-4188-88f2-cd461bdc97f5,Texas Southern University,TX,ACCT 2301,53.3,2,13,9,4,1,acct2301.com,COURSE_SPECIFIC_SITE,,HIGH,STRONG,STRONG,CROWDED,YES,NO,NO,YES,YES,acct2301.com,acct2301.com accounting,ACCT 2301 exam 1,ACCT 2301 practice exam,7,varsitytutors.com; upswing.io; frogtutoring.com; jbhe.com; acct2301.com; atmtutoring.com; campuslabs.com; wyzant.com,medium
460e5468-6994-4ba5-bf91-cf9e7cc607e7,Stonehill College,MA,ACC 203,53.3,2,11,7,2,1,Course Hero,NOTES_MARKETPLACE,,HIGH,STRONG,STRONG,VALIDATED_PAID_MARKET,YES,NO,NO,YES,YES,FrogTutoring,FrogTutoring accounting,ACC 203 exam 1,ACC 203 practice exam,7,frogtutoring.com; varsitytutors.com; quizlet.com; princetonreview.com; coursehero.com; joinknack.com; tutoringmindbridge.com; studocu.com,medium
1eee187e-f639-4f30-ae46-39db81030a1e,University of Maine,ME,,53.1,2,6,3,3,0,teachme2.com,LOCAL_CAMPUS_TUTORING,,HIGH,STRONG,STRONG,CROWDED,YES,NO,NO,YES,PARTIAL,Knack,Knack accounting,University of Maine financial accounting exam,University of Maine accounting tutoring,5,joinknack.com; teachme2.com; princetonreview.com; frogtutoring.com; tutorselect.com; universitytutor.com,medium
bfdddcff-55b3-4446-82c3-fa31be4c3224,American University,DC,ACCT 240,53.1,2,15,14,4,2,Wize Prep,MULTI_CAMPUS_TUTORING,,HIGH,STRONG,STRONG,CROWDED,YES,NO,NO,YES,YES,Wize Prep,Wize Prep accounting,ACCT 240 exam 1,ACCT 240 practice exam,7,coursehero.com; surgent.com; wizeprep.com; studocu.com; frogtutoring.com; myworkdayjobs.com; wyzant.com; booking.page,medium
3a475885-a4d7-481d-8e79-0c284b6dc6d3,Purdue Univ Fort Wayne Fort,IN,BUS A201,52.9,2,11,5,2,1,busa201.com,COURSE_SPECIFIC_SITE,,HIGH,STRONG,STRONG,CROWDED,YES,NO,NO,YES,YES,busa201.com,busa201.com accounting,BUS A201 exam 1,BUS A201 practice exam,7,geosociety.org; busa201.com; redtutoring.com; coursehero.com; quizlet.com; docsity.com; studocu.com; acceptancerate.com,medium
691e247f-d841-483d-8052-c937bff5b80b,Lone Star College,TX,,52.8,2,4,3,1,0,chronicle.com,LOCAL_CAMPUS_TUTORING,,HIGH,STRONG,STRONG,CROWDED,YES,NO,NO,YES,PARTIAL,chronicle.com,chronicle.com accounting,LSC financial accounting exam,LSC accounting tutoring,5,chronicle.com; studocu.com; cliffsnotes.com; higheredjobs.com,medium
9d769837-cb0d-4da8-9e48-fdbe72f9b534,Walsh College,MI,,52.8,2,3,2,1,1,Course Hero,NOTES_MARKETPLACE,,HIGH,STRONG,STRONG,VALIDATED_PAID_MARKET,YES,NO,NO,YES,PARTIAL,collegevidya.com,collegevidya.com accounting,Walsh College financial accounting exam,Walsh College accounting tutoring,5,wyzant.com; collegevidya.com; coursehero.com,medium
77bb1c71-2791-4cd4-8083-8cf5fa4acd67,John Carroll University,OH,,52.7,2,6,3,1,0,wayup.com,LOCAL_CAMPUS_TUTORING,,MEDIUM,STRONG,STRONG,CROWDED,YES,NO,NO,YES,PARTIAL,wayup.com,wayup.com accounting,John Carroll University financial accounting exam,John Carroll University accounting tutoring,5,wayup.com; princetonreview.com; wyzant.com; varsitytutors.com; universitytutor.com; superprof.com,medium
bb30b97a-81d3-4ce5-8683-3805c66ff85f,Texas Woman's University,TX,ACCT 2043,52.6,2,7,7,2,1,Course Hero,NOTES_MARKETPLACE,,HIGH,STRONG,STRONG,VALIDATED_PAID_MARKET,YES,NO,NO,YES,YES,FrogTutoring,FrogTutoring accounting,ACCT 2043 exam 1,ACCT 2043 practice exam,7,frogtutoring.com; joinknack.com; rrc.ca; cliffsnotes.com; coursehero.com; docsity.com; quizlet.com,medium
c72a8f91-65bc-4dc9-81e9-a4ce4e943a6f,Purdue University Northwest,IN,ACC 20000,52.6,2,5,4,1,0,greatnews.life,LOCAL_CAMPUS_TUTORING,,HIGH,STRONG,STRONG,CROWDED,YES,NO,NO,YES,YES,greatnews.life,greatnews.life accounting,ACC 20000 exam 1,ACC 20000 practice exam,7,wyzant.com; greatnews.life; finalsite.net; studypool.com; quizlet.com,medium
1190fd15-76d0-4fdd-bf3a-1e0e293ad7c7,Univ of Michigan-Dearborn,MI,,52.6,2,11,8,2,1,Course Hero,NOTES_MARKETPLACE,,HIGH,STRONG,STRONG,CROWDED,YES,NO,NO,YES,PARTIAL,FrogTutoring,FrogTutoring accounting,Univ of Michigan-Dearborn financial accounting exam,Univ of Michigan-Dearborn accounting tutoring,5,wyzant.com; frogtutoring.com; vaia.com; universitytutor.com; varsitytutors.com; coursehero.com; studocu.com; stuvia.com,medium
a87efea2-a1e6-40e8-bece-26f4accddae8,Saint Mary's College of CA,CA,,52.4,2,2,2,0,0,TutorSelect,TUTOR_MARKETPLACE,,LOW,MODERATE,WEAK,LOW_EVIDENCE,YES,NO,NO,NO,PARTIAL,,,Saint Mary's College of CA financial accounting exam,Saint Mary's College of CA accounting tutoring,5,tutorselect.com; escholarship.org,medium
74aa6d4a-28ab-4349-b8fd-8f0c7fdbf72f,Roger Williams University,RI,ACCTG 201,52.2,2,9,7,3,2,Wize Prep,MULTI_CAMPUS_TUTORING,,HIGH,STRONG,STRONG,CROWDED,YES,NO,NO,YES,YES,Wize Prep,Wize Prep accounting,ACCTG 201 exam 1,ACCTG 201 practice exam,7,frogtutoring.com; princetonreview.com; coursehero.com; studocu.com; psututor.com; rwuhawks.com; quizlet.com; aplusreview.com,medium
f16686c2-edc6-43f8-9638-6890f52c829a,University of Missouri,MO,ACCTCY 2026,52.1,2,13,12,3,0,columbiamissourian.com,LOCAL_CAMPUS_TUTORING,,HIGH,STRONG,STRONG,CROWDED,YES,NO,NO,YES,YES,columbiamissourian.com,columbiamissourian.com accounting,ACCTCY 2026 exam 1,ACCTCY 2026 practice exam,7,varsitytutors.com; columbiamissourian.com; superprof.com; quizlet.com; studysoup.com; becker.com; docsity.com; lasvegassun.com,medium
963c6010-45d8-4773-8e03-ea282d7124aa,Arkansas Tech University,AR,,52.1,2,4,3,3,0,arkansastechnews.com,LOCAL_CAMPUS_TUTORING,,HIGH,STRONG,STRONG,CROWDED,YES,NO,NO,YES,PARTIAL,arkansastechnews.com,arkansastechnews.com accounting,Arkansas Tech University financial accounting exam,Arkansas Tech University accounting tutoring,5,arkansastechnews.com; frogtutoring.com; princetonreview.com; co.uk,medium
54036bcf-4050-45da-94e7-cb001da199a0,East Texas A&M University,TX,ACCT 2301,51.9,2,9,9,2,1,acct2301.com,COURSE_SPECIFIC_SITE,,HIGH,STRONG,STRONG,CROWDED,YES,NO,NO,YES,YES,acct2301.com,acct2301.com accounting,ACCT 2301 exam 1,ACCT 2301 practice exam,7,coursecompletor.com; acct2301.com; atmtutoring.com; campuslabs.com; wyzant.com; quizlet.com; studocu.com; cliffsnotes.com,medium
4d3d2512-cf8e-4061-9ce1-329bf3918490,Texas A&M University-Commerce,TX,,51.9,2,7,6,2,1,Course Hero,NOTES_MARKETPLACE,,HIGH,STRONG,STRONG,CROWDED,YES,NO,NO,YES,PARTIAL,FrogTutoring,FrogTutoring accounting,A&M-Commerce financial accounting exam,A&M-Commerce accounting tutoring,5,frogtutoring.com; universitytutor.com; coursehero.com; articlearchives.co; stuvia.com; numerade.com; coursecompletor.com,medium
d51305bc-4b97-4bc3-a6a5-24678f9dd387,Mercer University-Macon,GA,ACC 204,51.8,2,12,6,3,2,Scribd,NOTES_MARKETPLACE,,HIGH,STRONG,STRONG,CROWDED,YES,NO,NO,YES,YES,toeflsaudi.org,toeflsaudi.org accounting,ACC 204 exam 1,ACC 204 practice exam,7,wyzant.com; toeflsaudi.org; tandfonline.com; cliffsnotes.com; studocu.com; scribd.com; tutoringmindbridge.com; bandana.com,medium
85e0b395-ec04-418c-a583-3a1e88df2c7c,University of Colorado Colorado Springs,CO,ACCT 2010,51.4,2,17,17,4,1,Wize Prep,MULTI_CAMPUS_TUTORING,,HIGH,STRONG,STRONG,CROWDED,YES,NO,NO,YES,YES,Wize Prep,Wize Prep accounting,ACCT 2010 exam 1,ACCT 2010 practice exam,7,frogtutoring.com; superprof.com; vaia.com; varsitytutors.com; docsity.com; coursehero.com; cocpa.org; another71.com,medium
9c52dc54-5fa9-41cf-8526-50501e74df46,Louisiana St in Shreveport,LA,,51.3,2,1,1,0,0,studylib.net,INDIVIDUAL_OR_LOCAL,,LOW,WEAK,WEAK,LOW_EVIDENCE,YES,NO,NO,NO,PARTIAL,,,Louisiana St in Shreveport financial accounting exam,Louisiana St in Shreveport accounting tutoring,5,studylib.net,medium
f7ad62be-bb56-4789-8590-d4a40753a11c,Nicholls State University,LA,ACCT 205,51.1,2,8,7,3,2,Wize Prep,MULTI_CAMPUS_TUTORING,,HIGH,STRONG,STRONG,VALIDATED_PAID_MARKET,YES,NO,NO,YES,YES,Wize Prep,Wize Prep accounting,ACCT 205 exam 1,ACCT 205 practice exam,7,frogtutoring.com; coursehero.com; princetonreview.com; quizlet.com; wizeprep.com; joinknack.com; studocu.com; scribd.com,medium
c98a229e-d53c-4ba8-ac2c-0eae9c12a64c,Lander University,SC,,51.1,2,4,4,1,0,wixsite.com,LOCAL_CAMPUS_TUTORING,,HIGH,STRONG,STRONG,CROWDED,YES,NO,NO,YES,PARTIAL,wixsite.com,wixsite.com accounting,Lander University financial accounting exam,Lander University accounting tutoring,5,wixsite.com; coursehero.com; studocu.com; cliffsnotes.com,medium
df0a1fea-03e2-4ffb-9662-0e08e38de16b,Penn Western Univ-Clarion,PA,,51,2,0,0,0,0,,,,UNKNOWN,UNKNOWN,UNKNOWN,LOW_EVIDENCE,NO,NO,NO,NO,PARTIAL,,,Penn Western Univ-Clarion financial accounting exam,Penn Western Univ-Clarion accounting tutoring,5,,medium
4f8c2b5d-5fb6-4140-8668-a3fa72fa4102,Dallas Baptist University,TX,ACCT 2301,51,2,10,9,2,1,acct2301.com,COURSE_SPECIFIC_SITE,,HIGH,STRONG,STRONG,CROWDED,YES,NO,NO,YES,YES,acct2301.com,acct2301.com accounting,ACCT 2301 exam 1,ACCT 2301 practice exam,7,frogtutoring.com; princetonreview.com; acct2301.com; atmtutoring.com; campuslabs.com; wyzant.com; quizlet.com; studocu.com,medium
fa9fb190-4098-47eb-8dce-5ef934435b3d,University of Idaho,ID,ACCT 201,50.9,2,12,11,1,2,acct201a.com,COURSE_SPECIFIC_SITE,,HIGH,STRONG,STRONG,CROWDED,YES,NO,NO,YES,YES,acct201a.com,acct201a.com accounting,ACCT 201 exam 1,ACCT 201 practice exam,7,varsitytutors.com; quizlet.com; coursehero.com; docsity.com; pearson.com; acct201a.com; myengineeringbuddy.com; princetonreview.com,medium
19cec263-576b-4358-a420-390ac8264399,University of South Alabama,AL,,50.8,2,6,5,0,1,Course Hero,NOTES_MARKETPLACE,,HIGH,MODERATE,WEAK,LOW_EVIDENCE,YES,NO,NO,NO,PARTIAL,,,University of South Alabama financial accounting exam,University of South Alabama accounting tutoring,5,wyzant.com; varsitytutors.com; studocu.com; tutorocean.com; coursehero.com; quizlet.com,medium
d819d191-8c86-4462-9344-50a90b1460fe,Prairie View A&M University,TX,,50.7,2,3,2,1,0,FrogTutoring,MULTI_CAMPUS_TUTORING,,HIGH,STRONG,STRONG,VALIDATED_PAID_MARKET,YES,NO,NO,YES,PARTIAL,FrogTutoring,FrogTutoring accounting,PVAMU financial accounting exam,PVAMU accounting tutoring,5,frogtutoring.com; princetonreview.com; superprof.com,medium
88a469fd-df9a-4680-8a8f-523c2eca122d,Maryville Univ St. Louis St.,MO,,50.6,2,0,0,0,0,,,,UNKNOWN,UNKNOWN,UNKNOWN,LOW_EVIDENCE,NO,NO,NO,NO,PARTIAL,,,Maryville Univ St. Louis St. financial accounting exam,Maryville Univ St. Louis St. accounting tutoring,5,,medium
afae29c6-5742-421f-b1ad-5a2d0096cac4,Uof Texas of Permian Basin,TX,,50.5,2,5,4,0,1,Course Hero,NOTES_MARKETPLACE,,HIGH,MODERATE,WEAK,LOW_EVIDENCE,YES,NO,NO,NO,PARTIAL,,,Uof Texas of Permian Basin financial accounting exam,Uof Texas of Permian Basin accounting tutoring,5,coursehero.com; wyzant.com; stuvia.com; studocu.com; tutoringprof.com,medium
8f442115-9b6b-4cdf-a6d0-428257b4eecb,Clayton State University,GA,,50.3,2,4,3,1,1,Course Hero,NOTES_MARKETPLACE,,HIGH,STRONG,STRONG,CROWDED,YES,NO,NO,YES,PARTIAL,claytonstatecape.com,claytonstatecape.com accounting,Clayton State University financial accounting exam,Clayton State University accounting tutoring,5,varsitytutors.com; claytonstatecape.com; coursehero.com; amazonaws.com,medium
0b7532ee-e905-4012-b835-ab99faf022d6,Howard University,DC,ACCT 201,50.3,2,14,12,2,2,acct201a.com,COURSE_SPECIFIC_SITE,,HIGH,STRONG,STRONG,CROWDED,YES,NO,NO,YES,YES,acct201a.com,acct201a.com accounting,ACCT 201 exam 1,ACCT 201 practice exam,7,varsitytutors.com; universitytutor.com; frogtutoring.com; superprof.com; coursehero.com; cliffsnotes.com; docsity.com; stuvia.com,medium
01668df5-a744-4307-b733-2db6e8cde542,Jacksonville State University,AL,ACC 200,50.2,2,12,8,0,1,Course Hero,NOTES_MARKETPLACE,,HIGH,MODERATE,WEAK,LOW_EVIDENCE,YES,NO,NO,NO,YES,,,ACC 200 exam 1,ACC 200 practice exam,7,varsitytutors.com; princetonreview.com; coursehero.com; uksga.org; bapuhm.org; graduatetutor.com; wyzant.com; quizlet.com,medium
217f80e3-e73d-44b5-b442-996200638993,Rhode Island College,RI,ACCT 201,49.7,2,11,9,3,2,acct201a.com,COURSE_SPECIFIC_SITE,,HIGH,STRONG,STRONG,CROWDED,YES,NO,NO,YES,YES,acct201a.com,acct201a.com accounting,ACCT 201 exam 1,ACCT 201 practice exam,7,frogtutoring.com; wyzant.com; princetonreview.com; accounting.com; acct201a.com; studocu.com; coursehero.com; quizlet.com,medium
698dd98f-dd92-46c1-8f28-e930568cb15d,Louisiana State University,LA,ACCT 2001,49.6,2,17,14,5,3,acct2001.com,COURSE_SPECIFIC_SITE,,HIGH,STRONG,STRONG,CROWDED,YES,NO,NO,YES,YES,acct2001.com,acct2001.com accounting,ACCT 2001 exam 1,ACCT 2001 practice exam,7,frogtutoring.com; tutoringprof.com; joinknack.com; varsitytutors.com; quizlet.com; docsity.com; cliffsnotes.com; degreeforum.net,medium
71f16455-bb85-4967-b1f7-588d06f667d8,McNeese State University Lake,LA,BUA 1000,49.3,2,6,3,2,0,migratemate.co,LOCAL_CAMPUS_TUTORING,,HIGH,STRONG,STRONG,CROWDED,YES,NO,NO,YES,YES,migratemate.co,migratemate.co accounting,BUA 1000 exam 1,BUA 1000 practice exam,7,migratemate.co; cribfb.com; scribd.com; archive.org; co.uk; cliffsnotes.com,medium
a8528f4c-570c-40eb-b385-4c357aedb55b,"Calif State U., Bakersfield",CA,,49.2,2,1,1,0,0,Scribd,NOTES_MARKETPLACE,,LOW,WEAK,WEAK,LOW_EVIDENCE,YES,NO,NO,NO,PARTIAL,,,"Calif State U., Bakersfield financial accounting exam","Calif State U., Bakersfield accounting tutoring",5,scribd.com,medium
59a61d79-e406-4d25-aa97-5bc067e002c2,Northwest Missouri St Univ,MO,,49.2,2,2,2,0,0,UniversityTutor,TUTOR_MARKETPLACE,,LOW,MODERATE,WEAK,LOW_EVIDENCE,YES,NO,NO,NO,PARTIAL,,,Northwest Missouri St Univ financial accounting exam,Northwest Missouri St Univ accounting tutoring,5,universitytutor.com; publicnow.com,medium
a424acd3-1900-4dc0-b4e4-456106d0fff6,University of Minnesota Crookston,MN,,49.1,2,3,2,1,0,FrogTutoring,MULTI_CAMPUS_TUTORING,,HIGH,STRONG,STRONG,VALIDATED_PAID_MARKET,YES,NO,NO,YES,PARTIAL,FrogTutoring,FrogTutoring accounting,UMN Crookston financial accounting exam,UMN Crookston accounting tutoring,5,frogtutoring.com; princetonreview.com; coursehero.com,medium
9c470742-b64f-49bb-a7ec-fd30cea6422d,Long Island U.-LIU Post,NY,,49.1,2,4,2,1,0,FrogTutoring,MULTI_CAMPUS_TUTORING,,HIGH,STRONG,STRONG,VALIDATED_PAID_MARKET,YES,NO,NO,YES,PARTIAL,FrogTutoring,FrogTutoring accounting,Long Island U.-LIU Post financial accounting exam,Long Island U.-LIU Post accounting tutoring,5,frogtutoring.com; varsitytutors.com; princetonreview.com; vaia.com,medium
d7ed6ba4-b161-42d3-aba3-68c583fd1630,Univ of Southern Maine,ME,,48.9,2,4,1,1,0,FrogTutoring,MULTI_CAMPUS_TUTORING,,HIGH,STRONG,STRONG,VALIDATED_PAID_MARKET,YES,NO,NO,YES,PARTIAL,FrogTutoring,FrogTutoring accounting,Univ of Southern Maine financial accounting exam,Univ of Southern Maine accounting tutoring,5,frogtutoring.com; princetonreview.com; tutorselect.com; idee-education.fr,medium
503ab8f8-7be1-496d-9b82-2e4392bfd188,Lamar University,TX,ACCT 2301,48.9,2,10,9,1,2,acct2301.com,COURSE_SPECIFIC_SITE,,HIGH,STRONG,STRONG,CROWDED,YES,NO,NO,YES,YES,acct2301.com,acct2301.com accounting,ACCT 2301 exam 1,ACCT 2301 practice exam,7,varsitytutors.com; superprof.ng; coursehero.com; quizlet.com; cliffsnotes.com; acct2301.com; atmtutoring.com; campuslabs.com,medium
09468af0-2e5e-4758-b9db-9b8d8473720e,Campbellsville University,KY,ACC 221,48.9,2,10,5,2,3,Wize Prep,MULTI_CAMPUS_TUTORING,,HIGH,STRONG,STRONG,VALIDATED_PAID_MARKET,YES,NO,NO,YES,YES,Wize Prep,Wize Prep accounting,ACC 221 exam 1,ACC 221 practice exam,7,frogtutoring.com; studocu.com; wizeprep.com; pickapeertutoring.com; vaia.com; quizlet.com; scribd.com; docsity.com,medium
49ae7dd9-7422-4c18-8994-5f4e946dde02,Penn State Abington,PA,ACCTG 211,48.9,2,8,8,2,1,Course Hero,NOTES_MARKETPLACE,,HIGH,STRONG,STRONG,CROWDED,YES,NO,NO,YES,YES,liontutors.com,liontutors.com accounting,ACCTG 211 exam 1,ACCTG 211 practice exam,7,liontutors.com; tierneyeducation.com; vaia.com; wayup.com; quizlet.com; studocu.com; coursehero.com; superprof.com,medium
12545761-cf00-4814-98a9-1233d9fcb40b,Uof Arkansas at Little Rock Little,AR,,48.8,2,7,4,2,0,kidsontheyard.com,LOCAL_CAMPUS_TUTORING,,HIGH,STRONG,STRONG,CROWDED,YES,NO,NO,YES,PARTIAL,kidsontheyard.com,kidsontheyard.com accounting,Uof Arkansas at Little Rock Little financial accounting exam,Uof Arkansas at Little Rock Little accounting tutoring,5,varsitytutors.com; wyzant.com; kidsontheyard.com; quizlet.com; insighttutoring.online; universitytutor.com; myworkdayjobs.com,medium
40e687ef-df5d-49e1-887f-f482f5df6e42,Washington University St.,MO,,48.6,2,5,4,0,0,Course Hero,NOTES_MARKETPLACE,,LOW,MODERATE,WEAK,LOW_EVIDENCE,YES,NO,NO,NO,PARTIAL,,,Washington University St. financial accounting exam,Washington University St. accounting tutoring,5,universitytutor.com; tutoringprof.com; varsitytutors.com; coursehero.com; dangode.com,medium
c43ce0f2-0a99-4475-8b1a-5788fb7169f7,Georgia Southwestern St Un,GA,ACCT 2101,48.5,2,8,7,2,2,acct2101uga.com,COURSE_SPECIFIC_SITE,,HIGH,STRONG,STRONG,CROWDED,YES,NO,NO,YES,YES,acct2101uga.com,acct2101uga.com accounting,ACCT 2101 exam 1,ACCT 2101 practice exam,7,depaulbluedemons.com; coursehero.com; acct2101uga.com; scribd.com; wyzant.com; frogtutoring.com; quizlet.com; studocu.com,medium
89759e20-f828-4ff3-bab1-342c20c777e3,Trinity University San,TX,,48.3,2,3,2,2,0,gradright.com,LOCAL_CAMPUS_TUTORING,,HIGH,STRONG,STRONG,VALIDATED_PAID_MARKET,YES,NO,NO,YES,PARTIAL,gradright.com,gradright.com accounting,Trinity University San financial accounting exam,Trinity University San accounting tutoring,5,gradright.com; universitytutor.com; frogtutoring.com,medium
82ddec8e-3ba1-43c1-a445-7efee49786e8,Rochester Institute of Technology,NY,ACCT 110,48.2,2,12,11,2,2,Wize Prep,MULTI_CAMPUS_TUTORING,,HIGH,STRONG,STRONG,VALIDATED_PAID_MARKET,YES,NO,NO,YES,YES,Wize Prep,Wize Prep accounting,ACCT 110 exam 1,ACCT 110 practice exam,7,frogtutoring.com; universitytutor.com; princetonreview.com; coursehero.com; vaia.com; wizeprep.com; edubirdie.com; quizlet.com,medium
3d119fd6-9b90-4969-9c6f-65d34faad03f,Samford University,AL,ACCT 211,48.1,2,11,8,3,2,Wize Prep,MULTI_CAMPUS_TUTORING,,HIGH,STRONG,STRONG,CROWDED,YES,NO,NO,YES,YES,Wize Prep,Wize Prep accounting,ACCT 211 exam 1,ACCT 211 practice exam,7,frogtutoring.com; superprof.ng; princetonreview.com; coursehero.com; myworkdayjobs.com; wizeprep.com; picktime.com; quizlet.com,medium
7d9df2aa-4485-48e4-86f7-bfd409b9ef35,Seminole State College of Florida,FL,,48.1,2,1,1,0,1,Course Hero,NOTES_MARKETPLACE,,HIGH,WEAK,WEAK,LOW_EVIDENCE,YES,NO,NO,NO,PARTIAL,,,Seminole State financial accounting exam,Seminole State accounting tutoring,5,coursehero.com,medium
18e02f64-5108-480b-9d97-bb448a55b8d0,Stetson University,FL,,48,2,6,4,3,0,studyinternational.com,LOCAL_CAMPUS_TUTORING,,HIGH,STRONG,STRONG,CROWDED,YES,NO,NO,YES,PARTIAL,FrogTutoring,FrogTutoring accounting,Stetson University financial accounting exam,Stetson University accounting tutoring,5,frogtutoring.com; varsitytutors.com; becker.com; coursehero.com; studyinternational.com; stetsongiftplanning.org,medium
37eee2c8-db8d-428d-a938-3fcfb3dbd696,Rollins College Winter,FL,ACC 501,47.9,2,8,4,1,2,Course Hero,NOTES_MARKETPLACE,,HIGH,STRONG,STRONG,CROWDED,YES,NO,NO,YES,YES,expertsminds.com,expertsminds.com accounting,ACC 501 exam 1,ACC 501 practice exam,7,wiley.com; coursehero.com; expertsminds.com; quizlet.com; scribd.com; docsity.com; studocu.com; cliffsnotes.com,medium
a0945c4f-7aac-41ca-8b66-44cf9daf39ce,Kutztown Univ of Penn,PA,,47.9,2,2,1,0,0,Varsity Tutors,TUTOR_MARKETPLACE,,LOW,MODERATE,WEAK,LOW_EVIDENCE,YES,NO,NO,NO,PARTIAL,,,Kutztown Univ of Penn financial accounting exam,Kutztown Univ of Penn accounting tutoring,5,studylib.net; varsitytutors.com,medium
9d49fc62-9150-4ffc-bd20-a5b60b60e7c2,Manhattan College,NY,,47.9,2,9,5,1,1,Course Hero,NOTES_MARKETPLACE,,HIGH,STRONG,STRONG,VALIDATED_PAID_MARKET,YES,NO,NO,YES,PARTIAL,FrogTutoring,FrogTutoring accounting,Manhattan College financial accounting exam,Manhattan College accounting tutoring,5,frogtutoring.com; wyzant.com; varsitytutors.com; studocu.com; coursehero.com; princetonreview.com; quizlet.com; universitytutor.com,medium
a72a0c67-452d-49a1-a44c-2082633374f8,Rollins College Liberal Arts Winter,FL,BUS 230,47.9,2,11,0,2,1,Course Hero,NOTES_MARKETPLACE,,HIGH,STRONG,STRONG,CROWDED,YES,NO,NO,YES,YES,libcal.com,libcal.com accounting,BUS 230 exam 1,BUS 230 practice exam,7,wyzant.com; scribd.com; coursehero.com; quizlet.com; docsity.com; studysoup.com; studocu.com; stuvia.com,medium
a77d0008-6465-4ede-bfff-995d7a2777f6,Washington and Lee Univ,VA,,47.9,2,5,4,1,0,wdbj7.com,LOCAL_CAMPUS_TUTORING,,HIGH,STRONG,STRONG,CROWDED,YES,NO,NO,YES,PARTIAL,wdbj7.com,wdbj7.com accounting,Washington and Lee Univ financial accounting exam,Washington and Lee Univ accounting tutoring,5,wyzant.com; wdbj7.com; princetonreview.com; quizlet.com; universitytutor.com,medium
237b083b-8fd3-4662-bfea-b9b52919a7dc,Rochester Inst of Technology,NY,,47.6,2,11,8,2,1,Wize Prep,MULTI_CAMPUS_TUTORING,,HIGH,STRONG,STRONG,VALIDATED_PAID_MARKET,YES,NO,NO,YES,PARTIAL,Wize Prep,Wize Prep accounting,Rochester Inst of Technology financial accounting exam,Rochester Inst of Technology accounting tutoring,5,frogtutoring.com; princetonreview.com; coursehero.com; tx.cpa; universitytutor.com; wyzant.com; wizeprep.com; edubirdie.com,medium
e38b78a6-8295-4269-8b41-b9c3bbc219d1,Susquehanna University,PA,ACCT 200,47.5,2,10,9,2,2,acct200ku.com,COURSE_SPECIFIC_SITE,,HIGH,STRONG,STRONG,CROWDED,YES,NO,NO,YES,YES,acct200ku.com,acct200ku.com accounting,ACCT 200 exam 1,ACCT 200 practice exam,7,frogtutoring.com; princetonreview.com; livewhale.net; acct200ku.com; quizlet.com; cliffsnotes.com; studocu.com; gradebuddy.com,medium
5f5bd18d-b92f-4d56-aced-23bce4c983d5,University of South Carolina,SC,ACCT 225,47.5,2,14,14,3,2,Wize Prep,MULTI_CAMPUS_TUTORING,,HIGH,STRONG,STRONG,CROWDED,YES,NO,NO,YES,YES,Wize Prep,Wize Prep accounting,ACCT 225 exam 1,ACCT 225 practice exam,7,uscbetaalphapsi.com; universitytutor.com; superprof.com; quizlet.com; coursehero.com; scribd.com; accountingdegreesonline.org; wizeprep.com,medium
a80edc34-2642-4523-914e-9b5fc55648e6,SUNYat New Paltz New,NY,,47.4,2,1,0,0,0,blueprintprep.com,INDIVIDUAL_OR_LOCAL,,LOW,WEAK,WEAK,LOW_EVIDENCE,YES,NO,NO,NO,PARTIAL,,,SUNYat New Paltz New financial accounting exam,SUNYat New Paltz New accounting tutoring,5,blueprintprep.com,medium
cb96e07b-5d0a-4c3f-879c-867bf3f056c8,LeMoyne College,NY,ACT 201,46.9,2,10,4,2,1,Course Hero,NOTES_MARKETPLACE,,HIGH,STRONG,STRONG,CROWDED,YES,NO,NO,YES,YES,FrogTutoring,FrogTutoring accounting,ACT 201 exam 1,ACT 201 practice exam,7,frogtutoring.com; coursehero.com; mommypoppins.com; compu-tutor.net; fusionacademy.com; quizlet.com; studocu.com; scribd.com,medium
50c1a664-effd-4a12-b28d-27a586dde5ba,IUSB Indiana Uat South Bend South,IN,BUS-A 201,46.7,2,11,7,2,0,busa201.com,LOCAL_CAMPUS_TUTORING,,HIGH,STRONG,STRONG,CROWDED,YES,YES,YES,YES,YES,busa201.com,busa201.com accounting,BUS-A 201 exam 1,BUS-A 201 practice exam,7,busa201.com; fennie.ai; co.uk; preply.com; wyzant.com; edubirdie.com; quizlet.com; docsity.com,medium
171479ac-0d62-494b-b7ee-cfecb8ebc587,Florida Southern College,FL,,46.7,2,5,3,1,1,Course Hero,NOTES_MARKETPLACE,,HIGH,STRONG,STRONG,VALIDATED_PAID_MARKET,YES,NO,NO,YES,PARTIAL,FrogTutoring,FrogTutoring accounting,Florida Southern College financial accounting exam,Florida Southern College accounting tutoring,5,wyzant.com; frogtutoring.com; coursehero.com; princetonreview.com; varsitytutors.com,medium
54a5eca7-03c1-496c-bbbd-032df1589250,Morehead State University,KY,ACCT 281,46.5,2,9,7,3,1,Course Hero,NOTES_MARKETPLACE,,HIGH,STRONG,STRONG,CROWDED,YES,NO,NO,YES,YES,FrogTutoring,FrogTutoring accounting,ACCT 281 exam 1,ACCT 281 practice exam,7,varsitytutors.com; frogtutoring.com; princetonreview.com; scribd.com; quizlet.com; jjkane.com; coursehero.com; gokapital.com,medium
0ca1f08f-0e84-4db9-8b99-db84f2d35b18,Southern Illinois Univ,IL,ACCT250,46.5,2,9,6,0,4,Course Hero,NOTES_MARKETPLACE,,HIGH,MODERATE,WEAK,LOW_EVIDENCE,YES,NO,NO,NO,YES,,,ACCT250 exam 1,ACCT250 practice exam,7,varsitytutors.com; coursehero.com; princetonreview.com; quizlet.com; studocu.com; scribd.com; wyzant.com; tutorocean.com,medium
263926a7-4015-4b52-8066-c0f1682fb0e8,Winona State University,MN,,46.4,2,3,1,0,0,The Princeton Review,TUTOR_MARKETPLACE,,LOW,MODERATE,WEAK,LOW_EVIDENCE,YES,NO,NO,NO,PARTIAL,,,Winona State University financial accounting exam,Winona State University accounting tutoring,5,princetonreview.com; studysoup.com; jaepp.org,medium
94c96b7d-afde-478c-a3d6-86672fc897cc,Tennessee State University,TN,ACCT 2010,46.2,2,14,13,3,1,Wize Prep,MULTI_CAMPUS_TUTORING,,HIGH,STRONG,STRONG,CROWDED,YES,NO,NO,YES,YES,Wize Prep,Wize Prep accounting,ACCT 2010 exam 1,ACCT 2010 practice exam,7,frogtutoring.com; varsitytutors.com; universitytutor.com; aejournal.com; tutoringprof.com; wizeprep.com; coursehero.com; quizlet.com,medium
fc8b0ae0-233c-4fe0-94c9-7544cb7cf015,Salem State University,MA,ACC 106,46.1,2,13,8,2,2,Course Hero,NOTES_MARKETPLACE,,HIGH,STRONG,STRONG,CROWDED,YES,NO,NO,YES,YES,FrogTutoring,FrogTutoring accounting,ACC 106 exam 1,ACC 106 practice exam,7,superprof.com; varsitytutors.com; coursehero.com; studypool.com; scribd.com; studocu.com; com.au; frogtutoring.com,medium
519ab87b-e1bc-4847-a579-140ec08ef841,Wayland Baptist University,TX,ACCT 2305,46.1,2,6,4,0,1,Course Hero,NOTES_MARKETPLACE,,HIGH,MODERATE,WEAK,LOW_EVIDENCE,YES,NO,NO,NO,YES,,,ACCT 2305 exam 1,ACCT 2305 practice exam,7,docsity.com; coursehero.com; straighterline.com; quizlet.com; collegetransfer.net; superprof.com,medium
7d00a6d0-1d67-4be5-a70d-2a038ee11bbc,Univ of Tennessee at Martin,TN,,45.9,2,4,2,0,1,Course Hero,NOTES_MARKETPLACE,,HIGH,MODERATE,WEAK,LOW_EVIDENCE,YES,NO,NO,NO,PARTIAL,,,Univ of Tennessee at Martin financial accounting exam,Univ of Tennessee at Martin accounting tutoring,5,princetonreview.com; coursehero.com; studocu.com; slideserve.com,medium
a975d81f-9737-44f3-adc8-3f33e1aa6754,Western New England Univ,MA,,45.9,2,6,2,2,0,applyboard.com,LOCAL_CAMPUS_TUTORING,"$49,300.00 USD; $50,300.00 USD; $32,300.00 USD; $37,516.00 USD; $40,822.00 USD; $37,870.00 USD",HIGH,STRONG,STRONG,CROWDED,YES,NO,NO,YES,PARTIAL,FrogTutoring,FrogTutoring accounting,Western New England Univ financial accounting exam,Western New England Univ accounting tutoring,5,varsitytutors.com; frogtutoring.com; princetonreview.com; coursehero.com; applyboard.com; scribd.com,medium
47d4b417-0631-4081-ae04-95578efb9f62,University of Vermont,VT,BUS 1610,45.8,2,8,4,0,0,Scribd,NOTES_MARKETPLACE,,LOW,MODERATE,WEAK,LOW_EVIDENCE,YES,NO,NO,NO,YES,,,BUS 1610 exam 1,BUS 1610 practice exam,7,scribd.com; studocu.com; silvercreekschools.org; coursehero.com; wyzant.com; quizlet.com; superprof.com; princetonreview.com,medium
1a8addf0-3ad8-4a34-887b-409b12876e4e,Northeastern Illinois Univ,IL,ACTG-201,45.7,2,7,5,1,0,FrogTutoring,MULTI_CAMPUS_TUTORING,,HIGH,STRONG,STRONG,VALIDATED_PAID_MARKET,YES,NO,NO,YES,YES,FrogTutoring,FrogTutoring accounting,ACTG-201 exam 1,ACTG-201 practice exam,7,frogtutoring.com; varsitytutors.com; princetonreview.com; wyzant.com; studocu.com; quizlet.com; coursehero.com,medium
c7641d1b-7a81-42a5-a284-627f5cd1c3d8,The Citadel,SC,,45.6,2,5,2,3,0,higheredjobs.com,LOCAL_CAMPUS_TUTORING,$80; $85; $60; $33; $37; $18 per hour; $48; $51,HIGH,STRONG,STRONG,CROWDED,YES,NO,NO,YES,PARTIAL,FrogTutoring,FrogTutoring accounting,The Citadel financial accounting exam,The Citadel accounting tutoring,5,frogtutoring.com; higheredjobs.com; coursehero.com; princetonreview.com; pageuppeople.com,medium
300b679c-d17d-412b-8a4f-ca4b11e42306,Winthrop University Rock,SC,,45.3,2,3,2,1,1,Course Hero,NOTES_MARKETPLACE,,HIGH,STRONG,STRONG,VALIDATED_PAID_MARKET,NO,NO,NO,YES,PARTIAL,joinfindu.com,joinfindu.com accounting,Winthrop University Rock financial accounting exam,Winthrop University Rock accounting tutoring,5,universitytutor.com; coursehero.com; joinfindu.com,medium
88b53812-431e-4416-b30e-0c965380f53d,Odessa College,TX,,45.2,2,0,0,0,0,,,,UNKNOWN,UNKNOWN,UNKNOWN,LOW_EVIDENCE,YES,NO,NO,NO,PARTIAL,,,OC financial accounting exam,OC accounting tutoring,5,,medium
1eadb5cb-b0b8-45f1-9529-51cf18863dc0,Oral Roberts University,OK,ACT 215,45,2,12,4,2,1,Course Hero,NOTES_MARKETPLACE,,HIGH,STRONG,STRONG,CROWDED,YES,NO,NO,YES,YES,FrogTutoring,FrogTutoring accounting,ACT 215 exam 1,ACT 215 practice exam,7,frogtutoring.com; applyboard.com; princetonreview.com; ivybound.net; geniusprep.com; mcelroytutoring.com; summitprep.com; quizlet.com,medium
ae5fb538-c4d4-4b5a-a2f7-faff90b27b12,Northwestern State University,LA,ACCT 2000,44.6,2,11,11,2,1,Course Hero,NOTES_MARKETPLACE,,HIGH,STRONG,STRONG,CROWDED,YES,NO,NO,YES,YES,nsudemons.com,nsudemons.com accounting,ACCT 2000 exam 1,ACCT 2000 practice exam,7,nsudemons.com; frogtutoring.com; varsitytutors.com; universitytutor.com; coursehero.com; studocu.com; docsity.com; stuvia.com,medium
03be85e7-c388-40db-ac11-960c88d1a8b2,Missouri Southern St Univ,MO,ACCT 0201,44.6,2,5,3,0,1,Course Hero,NOTES_MARKETPLACE,,HIGH,MODERATE,WEAK,LOW_EVIDENCE,YES,NO,NO,NO,YES,,,ACCT 0201 exam 1,ACCT 0201 practice exam,7,solutioninn.com; coursehero.com; studocu.com; princetonreview.com; cliffsnotes.com,medium
7e2639c2-554c-4981-8f24-3fe2f866b3fc,Florida A&M University,FL,ACG 2021,44.6,2,7,4,2,1,acg2021fiu.com,COURSE_SPECIFIC_SITE,,HIGH,STRONG,STRONG,CROWDED,YES,NO,NO,YES,YES,acg2021fiu.com,acg2021fiu.com accounting,ACG 2021 exam 1,ACG 2021 practice exam,7,joinknack.com; tutorocean.com; universitytutor.com; varsitytutors.com; princetonreview.com; acg2021fiu.com; thefamuanonline.com,medium
b92f3930-82f8-4470-9c8f-cf3f06f60ebf,Missouri Southern State University,MO,AC 201,44.6,2,9,5,0,1,Course Hero,NOTES_MARKETPLACE,,HIGH,MODERATE,WEAK,LOW_EVIDENCE,YES,NO,NO,NO,YES,,,AC 201 exam 1,AC 201 practice exam,7,coursehero.com; studocu.com; cliffsnotes.com; quizlet.com; solutioninn.com; princetonreview.com; scribd.com; universitytutor.com,medium
c18e90df-5f97-4c6f-b370-7692f593b1b5,Minnesota State U Moorhead,MN,ACCT 230,44.6,2,13,11,2,1,Course Hero,NOTES_MARKETPLACE,,HIGH,STRONG,STRONG,CROWDED,YES,NO,NO,YES,YES,goobertutors.com,goobertutors.com accounting,ACCT 230 exam 1,ACCT 230 practice exam,7,scribd.com; studylib.net; atmtutoring.com; spartan-tutoring.com; tutoringprof.com; mvea.net; quizlet.com; studocu.com,medium
66c35f4e-b9d7-4a01-b673-b51c512fa4d7,Duquesne University,PA,ACCT 214,44.5,2,10,9,3,1,Course Hero,NOTES_MARKETPLACE,,HIGH,STRONG,STRONG,CROWDED,YES,NO,NO,YES,YES,FrogTutoring,FrogTutoring accounting,ACCT 214 exam 1,ACCT 214 practice exam,7,varsitytutors.com; frogtutoring.com; surgent.com; quizlet.com; princetonreview.com; coursehero.com; studocu.com; scribd.com,medium
0054904a-2d2a-4686-af96-8ac394798e2b,University of Montana,MT,,44.2,2,9,6,4,0,montana.cpa,LOCAL_CAMPUS_TUTORING,,HIGH,STRONG,STRONG,CROWDED,YES,NO,NO,YES,PARTIAL,montana.cpa,montana.cpa accounting,University of Montana financial accounting exam,University of Montana accounting tutoring,5,superprof.ng; montana.cpa; coursedog.com; princetonreview.com; tutorz.com; mdrc.org; studysoup.com; quizlet.com,medium
35187e01-7447-437e-a012-ac68815b1a24,University of Wisconsin–Stevens Point,WI,ACCT 210,44.2,2,15,10,7,2,Wize Prep,MULTI_CAMPUS_TUTORING,,HIGH,STRONG,STRONG,CROWDED,YES,NO,NO,YES,YES,Wize Prep,Wize Prep accounting,ACCT 210 exam 1,ACCT 210 practice exam,7,princetonreview.com; studysoup.com; give.org; coursedog.com; atmtutoring.com; csuebbap.club; picktime.com; tutoringprof.com,medium
2f64caa2-688c-4c86-b6af-387d722c8315,Indiana University Southeast,IN,BUS-A 201,44.1,2,13,7,3,0,indianachamber.com,LOCAL_CAMPUS_TUTORING,,HIGH,STRONG,STRONG,CROWDED,YES,YES,YES,YES,YES,indianachamber.com,indianachamber.com accounting,BUS-A 201 exam 1,BUS-A 201 practice exam,7,varsitytutors.com; princetonreview.com; indianachamber.com; macrothink.org; busa201.com; fennie.ai; co.uk; preply.com,medium
916ffb4e-6b04-49cf-a8fb-3ab2a6706dd1,Southeastern Oklahoma State University,OK,ACCT 2103,44.1,2,7,5,2,1,Course Hero,NOTES_MARKETPLACE,,HIGH,STRONG,STRONG,CROWDED,YES,NO,NO,YES,YES,thesoutheastern.com,thesoutheastern.com accounting,ACCT 2103 exam 1,ACCT 2103 practice exam,7,thesoutheastern.com; purplemath.com; coursehero.com; studocu.com; joinknack.com; quizlet.com; docsity.com,medium
0e791cac-4313-4d1d-b394-69dc6523a86b,Southeastern Oklahoma St,OK,ACCT-2103,44.1,2,5,5,1,1,Course Hero,NOTES_MARKETPLACE,,HIGH,STRONG,STRONG,VALIDATED_PAID_MARKET,YES,NO,NO,YES,YES,Knack,Knack accounting,ACCT-2103 exam 1,ACCT-2103 practice exam,7,coursehero.com; joinknack.com; docsity.com; cliffsnotes.com; quizlet.com,medium
e4cf2784-7f20-4ea7-8295-23e6566d51bf,Idaho State University,ID,ACCT 2201,44,2,11,9,4,1,Course Hero,NOTES_MARKETPLACE,,HIGH,STRONG,STRONG,CROWDED,YES,YES,YES,YES,YES,FrogTutoring,FrogTutoring accounting,ACCT 2201 exam 1,ACCT 2201 practice exam,7,frogtutoring.com; tutorz.com; docsity.com; superfastcpa.com; coursehero.com; cliffsnotes.com; preply.com; quizlet.com,medium
4dd525ed-6102-46a0-810d-132a2a435f0a,Northern Michigan Univ,MI,ACT 230,43.8,2,6,2,3,0,culsr.org,LOCAL_CAMPUS_TUTORING,,HIGH,STRONG,STRONG,CROWDED,YES,NO,NO,YES,YES,FrogTutoring,FrogTutoring accounting,ACT 230 exam 1,ACT 230 practice exam,7,frogtutoring.com; princetonreview.com; quizlet.com; culsr.org; ecampus.com; rocketcert.com,medium
a107c3fb-796d-4259-ba0a-1997aa70398b,Drake University Des,IA,,43.6,2,2,2,0,0,Wyzant,TUTOR_MARKETPLACE,,LOW,MODERATE,WEAK,LOW_EVIDENCE,YES,NO,NO,NO,PARTIAL,,,Drake University Des financial accounting exam,Drake University Des accounting tutoring,5,wyzant.com; owlstown.net,medium
d3222e80-5eab-48a6-884b-d06ccc97d5be,State Un College at Geneseo,NY,ACCT 102,43.5,2,5,5,0,0,Scribd,NOTES_MARKETPLACE,,HIGH,MODERATE,MODERATE,LOW_EVIDENCE,YES,YES,YES,NO,YES,,,ACCT 102 exam 1,ACCT 102 practice exam,7,scribd.com; tutors-on-call.com; amazonaws.com; varsitytutors.com; preply.com,medium
c3dd686d-977b-4495-9565-1b38202941c7,Campbell University,NC,ACCT 215,43.5,2,11,10,1,1,Course Hero,NOTES_MARKETPLACE,,HIGH,STRONG,STRONG,VALIDATED_PAID_MARKET,YES,NO,NO,YES,YES,FrogTutoring,FrogTutoring accounting,ACCT 215 exam 1,ACCT 215 practice exam,7,frogtutoring.com; universitytutor.com; coursehero.com; princetonreview.com; csuebbap.club; coursesidekick.com; quizlet.com; stuvia.com,medium
8b60f73d-7924-45a5-92b2-35824107948e,St. Edward's University,TX,,43.1,2,3,2,1,0,FrogTutoring,MULTI_CAMPUS_TUTORING,,LOW,MODERATE,MODERATE,LOW_EVIDENCE,YES,NO,NO,YES,PARTIAL,FrogTutoring,FrogTutoring accounting,St. Edward's University financial accounting exam,St. Edward's University accounting tutoring,5,princetonreview.com; frogtutoring.com; tutorocean.com,medium
5e6610d2-c113-4dc3-8b49-6fe9eb27007d,Trevecca Nazarene University,TN,,42.9,2,7,4,0,0,Quizlet,NOTES_MARKETPLACE,,LOW,MODERATE,WEAK,LOW_EVIDENCE,YES,NO,NO,NO,PARTIAL,,,TNU financial accounting exam,TNU accounting tutoring,5,varsitytutors.com; quizlet.com; coursehero.com; princetonreview.com; studocu.com; cliffsnotes.com; proquest.com,medium
6a5adfa7-2b07-4254-ae83-c2b2a90055dc,Eastern Illinois Univ,IL,,42.4,2,3,1,0,0,Varsity Tutors,TUTOR_MARKETPLACE,,LOW,MODERATE,WEAK,LOW_EVIDENCE,YES,NO,NO,NO,PARTIAL,,,Eastern Illinois Univ financial accounting exam,Eastern Illinois Univ accounting tutoring,5,varsitytutors.com; princetonreview.com; docsity.com,medium
01a4f731-5f9a-4d62-a663-f51adccd3231,Montana State Univ-Billings,MT,ACTG 201,42.2,2,7,5,1,0,academicworks.com,LOCAL_CAMPUS_TUTORING,,HIGH,STRONG,STRONG,CROWDED,YES,NO,NO,YES,YES,academicworks.com,academicworks.com accounting,ACTG 201 exam 1,ACTG 201 practice exam,7,princetonreview.com; academicworks.com; wyzant.com; studysoup.com; quizlet.com; studocu.com; coursehero.com,medium
e10d4e7f-f243-4713-b21c-b4ac88b69205,Univ of Louisiana at Monroe,LA,,42.2,2,3,3,1,0,FrogTutoring,MULTI_CAMPUS_TUTORING,,HIGH,STRONG,STRONG,VALIDATED_PAID_MARKET,YES,NO,NO,YES,PARTIAL,FrogTutoring,FrogTutoring accounting,Univ of Louisiana at Monroe financial accounting exam,Univ of Louisiana at Monroe accounting tutoring,5,coursehero.com; edubirdie.com; frogtutoring.com,medium
7a187453-8a9d-46ab-8966-bf5e4ae97bc1,"Auburn Univ, Montgomery",AL,,41.9,2,5,3,0,1,Course Hero,NOTES_MARKETPLACE,,HIGH,MODERATE,WEAK,LOW_EVIDENCE,YES,NO,NO,NO,PARTIAL,,,"Auburn Univ, Montgomery financial accounting exam","Auburn Univ, Montgomery accounting tutoring",5,varsitytutors.com; coursehero.com; accountingedu.org; cliffsnotes.com; princetonreview.com,medium
167bb454-f11c-446d-aa3e-edf7b33f9978,La Salle University,PA,,41.8,2,6,6,0,0,UniversityTutor,TUTOR_MARKETPLACE,,LOW,MODERATE,WEAK,LOW_EVIDENCE,YES,NO,NO,NO,PARTIAL,,,La Salle University financial accounting exam,La Salle University accounting tutoring,5,universitytutor.com; princetonreview.com; scribd.com; wyzant.com; tutorocean.com; ebay.com,medium
d96605dc-58bc-4e44-acd4-1fa9f666d1cc,Lipscomb University,TN,AC 2103,41.8,2,11,7,2,1,Course Hero,NOTES_MARKETPLACE,,HIGH,STRONG,STRONG,CROWDED,YES,NO,NO,YES,YES,FrogTutoring,FrogTutoring accounting,AC 2103 exam 1,AC 2103 practice exam,7,frogtutoring.com; princetonreview.com; studocu.com; coursehero.com; cliffsnotes.com; cecpd.org; studylib.net; wyzant.com,medium
8ffbeac6-9bc5-4bf5-92a3-a6e828e54946,Univ of Nebraska at Kearney,NE,ACCT 250,41.8,2,8,6,2,1,Course Hero,NOTES_MARKETPLACE,,HIGH,STRONG,STRONG,CROWDED,YES,NO,NO,YES,YES,pekartutoring.com,pekartutoring.com accounting,ACCT 250 exam 1,ACCT 250 practice exam,7,coursehero.com; pekartutoring.com; joinknack.com; quizlet.com; cliffsnotes.com; studocu.com; varsitytutors.com; superprof.com,medium
ed9776cb-5afc-42f5-8dd3-e246cf6334f7,Belmont University,TN,,41.7,2,9,5,2,1,Course Hero,NOTES_MARKETPLACE,,HIGH,STRONG,STRONG,CROWDED,YES,NO,NO,YES,PARTIAL,FrogTutoring,FrogTutoring accounting,Belmont University financial accounting exam,Belmont University accounting tutoring,5,varsitytutors.com; universitytutor.com; studocu.com; quizlet.com; princetonreview.com; wyzant.com; frogtutoring.com; coursehero.com,medium
cf2aa238-eda2-4487-ad36-d5f0cc409791,Virginia State University,VA,,41.7,2,6,4,2,0,sulekha.com,LOCAL_CAMPUS_TUTORING,,HIGH,STRONG,STRONG,CROWDED,YES,NO,NO,YES,PARTIAL,sulekha.com,sulekha.com accounting,Virginia State University financial accounting exam,Virginia State University accounting tutoring,5,sulekha.com; varsitytutors.com; frogtutoring.com; princetonreview.com; docsity.com; tutorselect.com,medium
bb7dc736-4a33-468b-a612-edff11a73849,Indiana University East,IN,BUS-A 201,41.6,2,12,10,3,0,busa201.com,LOCAL_CAMPUS_TUTORING,,HIGH,STRONG,STRONG,CROWDED,YES,YES,YES,YES,YES,busa201.com,busa201.com accounting,BUS-A 201 exam 1,BUS-A 201 practice exam,7,varsitytutors.com; busa201.com; fennie.ai; co.uk; preply.com; quizlet.com; docsity.com; studocu.com,medium
e7215e61-04b3-4e36-afa7-06e3b898126c,Seattle University,WA,ACCT 2300,41.2,2,11,10,3,3,acct2300.com,COURSE_SPECIFIC_SITE,,HIGH,STRONG,STRONG,CROWDED,YES,NO,NO,YES,YES,acct2300.com,acct2300.com accounting,ACCT 2300 exam 1,ACCT 2300 practice exam,7,universitytutor.com; princetonreview.com; acct2300.com; wizeprep.com; coursehero.com; cliffsnotes.com; frogtutoring.com; quizlet.com,medium
9496c832-b361-42bb-bd9b-c4d51f47cd79,"Univ of Alaska, Anchorage",AK,ACCT A201,41.1,2,8,4,3,0,boarddocs.com,LOCAL_CAMPUS_TUTORING,,HIGH,STRONG,STRONG,CROWDED,YES,NO,NO,YES,YES,FrogTutoring,FrogTutoring accounting,ACCT A201 exam 1,ACCT A201 practice exam,7,frogtutoring.com; boarddocs.com; studocu.com; higheredjobs.com; princetonreview.com; asdk12.org; coursehero.com; calvinforalaska.com,medium
238792eb-7de7-4568-a96a-43356a756fe2,Western Illinois University,IL,,41,2,2,0,0,0,Varsity Tutors,TUTOR_MARKETPLACE,,LOW,MODERATE,WEAK,LOW_EVIDENCE,YES,NO,NO,NO,PARTIAL,,,Western Illinois University financial accounting exam,Western Illinois University accounting tutoring,5,varsitytutors.com; princetonreview.com,medium
9b132b31-63f3-42e6-8f70-4a2d5d640120,Saint Xavier University,IL,,40.8,2,4,1,1,0,FrogTutoring,MULTI_CAMPUS_TUTORING,,HIGH,STRONG,STRONG,VALIDATED_PAID_MARKET,YES,NO,NO,YES,PARTIAL,FrogTutoring,FrogTutoring accounting,Saint Xavier University financial accounting exam,Saint Xavier University accounting tutoring,5,frogtutoring.com; princetonreview.com; coursehero.com; governmentjobs.com,medium
902eef5e-867a-4379-9f36-9490c2a7a396,Clark Atlanta University,GA,,40.8,2,6,4,1,0,FrogTutoring,MULTI_CAMPUS_TUTORING,,HIGH,STRONG,STRONG,VALIDATED_PAID_MARKET,YES,NO,NO,YES,PARTIAL,FrogTutoring,FrogTutoring accounting,Clark Atlanta University financial accounting exam,Clark Atlanta University accounting tutoring,5,princetonreview.com; frogtutoring.com; universitytutor.com; bufftutor.com; coursehero.com; quizlet.com,medium
d2a7f96d-2040-4e61-8ec0-5d779494011e,Univ of Michigan-Flint,MI,ACC 201,40.6,2,12,8,4,2,acc201uky.com,COURSE_SPECIFIC_SITE,,HIGH,STRONG,STRONG,CROWDED,YES,NO,NO,YES,YES,acc201uky.com,acc201uky.com accounting,ACC 201 exam 1,ACC 201 practice exam,7,wyzant.com; princetonreview.com; coursehero.com; acc201uky.com; unlvbap.org; teacheron.com; emaze.com; brainfuse.com,medium
429a3f53-60ea-43d0-92c7-fbd392cdc3a1,Univ Illinois at Springfield,IL,ACC 211,40.6,2,8,5,2,0,teacheron.com,LOCAL_CAMPUS_TUTORING,"NGN 3,000–5,000/hour; NGN 80,000–100,000/month; NGN 5,000–10,000/hour; NGN 10,000–20,000/hour; NGN 10,000–30,000/week; NGN 10,000–15,000/hour; NGN 1,000–2,000/hour; NGN 5,000–20,000/hour",HIGH,STRONG,STRONG,CROWDED,YES,NO,NO,YES,YES,teacheron.com,teacheron.com accounting,ACC 211 exam 1,ACC 211 practice exam,7,princetonreview.com; teacheron.com; quizlet.com; studocu.com; scribd.com; coursesidekick.com; jjkane.com; coursehero.com,medium
9186a65e-e745-4c08-9896-25e746359ab2,Emporia State University,KS,,40.5,2,3,2,1,1,Course Hero,NOTES_MARKETPLACE,,HIGH,STRONG,STRONG,VALIDATED_PAID_MARKET,YES,NO,NO,YES,PARTIAL,emporiagazette.com,emporiagazette.com accounting,Emporia State University financial accounting exam,Emporia State University accounting tutoring,5,princetonreview.com; emporiagazette.com; coursehero.com,medium
22af1952-1da1-45e4-8128-b977774a7936,Morehouse College,GA,HBA 201,40.5,2,12,3,2,0,career.io,LOCAL_CAMPUS_TUTORING,,HIGH,STRONG,STRONG,CROWDED,YES,NO,NO,YES,YES,FrogTutoring,FrogTutoring accounting,HBA 201 exam 1,HBA 201 practice exam,7,frogtutoring.com; varsitytutors.com; career.io; coursehero.com; quizlet.com; squarespace.com; dokumen.pub; gov.in,medium
8d55c666-9cb4-49f3-87de-b7014695a2fe,Saint Ambrose University,IA,ACC 201,40.2,2,11,6,3,2,acc201uky.com,COURSE_SPECIFIC_SITE,,HIGH,STRONG,STRONG,CROWDED,YES,NO,NO,YES,YES,acc201uky.com,acc201uky.com accounting,ACC 201 exam 1,ACC 201 practice exam,7,princetonreview.com; quizlet.com; acc201uky.com; unlvbap.org; teacheron.com; emaze.com; brainfuse.com; studocu.com,medium
8613ae59-6df6-4198-a892-327d6bf0c8db,Niagara University Niagara,NY,,39.6,2,2,0,1,0,acceptancerate.com,LOCAL_CAMPUS_TUTORING,$13; $16; $58; $12; $25; $15; $38; $40,MEDIUM,STRONG,STRONG,VALIDATED_PAID_MARKET,YES,NO,NO,YES,PARTIAL,acceptancerate.com,acceptancerate.com accounting,Niagara University Niagara financial accounting exam,Niagara University Niagara accounting tutoring,5,acceptancerate.com; coursehero.com,medium
774fdd9c-50fc-446e-8f16-4c80ad19bb64,Harding University,AR,,39.5,2,5,4,1,0,FrogTutoring,MULTI_CAMPUS_TUTORING,,HIGH,STRONG,STRONG,VALIDATED_PAID_MARKET,YES,NO,NO,YES,PARTIAL,FrogTutoring,FrogTutoring accounting,Harding University financial accounting exam,Harding University accounting tutoring,5,frogtutoring.com; quizlet.com; unotes.net; princetonreview.com; studocu.com,medium
53cd6d0b-a9ab-4cbf-bb19-ee9ba3564314,Menlo College,CA,,39.5,2,3,1,0,0,Superprof,TUTOR_MARKETPLACE,,LOW,MODERATE,WEAK,LOW_EVIDENCE,YES,NO,NO,NO,PARTIAL,,,Menlo College financial accounting exam,Menlo College accounting tutoring,5,superprof.com; princetonreview.com; quizlet.com,medium
3cadacd7-3222-4d2d-af43-f94bb783870b,Univ So Carolina at Aiken,SC,BADM A225,39.3,2,2,2,0,0,Studocu,NOTES_MARKETPLACE,,LOW,MODERATE,WEAK,LOW_EVIDENCE,NO,NO,NO,NO,YES,,,BADM A225 exam 1,BADM A225 practice exam,7,studylib.net; studocu.com,medium
8c611872-ff7f-4e8c-9d21-6e57bd4a8ef0,Governors State University,IL,,39.1,2,4,2,0,0,Course Hero,NOTES_MARKETPLACE,,LOW,MODERATE,WEAK,LOW_EVIDENCE,YES,NO,NO,NO,PARTIAL,,,GSU financial accounting exam,GSU accounting tutoring,5,governmentjobs.com; coursehero.com; studocu.com; stuvia.com,medium
f72f4b7b-32a9-40b4-976d-e2d59793a28e,Augustana College IL Rock,IL,,39,2,0,0,0,0,,,,UNKNOWN,UNKNOWN,UNKNOWN,LOW_EVIDENCE,YES,NO,NO,NO,PARTIAL,,,Augustana College IL Rock financial accounting exam,Augustana College IL Rock accounting tutoring,5,,medium
09eb4c4d-1391-4809-be0e-11ac02c3cf7e,King's College,PA,,39,2,11,8,3,0,spires.co,LOCAL_CAMPUS_TUTORING,,HIGH,STRONG,STRONG,CROWDED,YES,NO,NO,YES,PARTIAL,spires.co,spires.co accounting,King's College financial accounting exam,King's College accounting tutoring,5,spires.co; njherald.com; superprof.com; co.uk; scribd.com; docsity.com; cliffsnotes.com; coursehero.com,medium
356ddca2-f616-4344-baed-6b1e5c5c83ff,King's College - Pennsylvania,PA,ACCT 115,39,2,7,7,1,2,Wize Prep,MULTI_CAMPUS_TUTORING,,HIGH,STRONG,STRONG,VALIDATED_PAID_MARKET,YES,NO,NO,YES,YES,Wize Prep,Wize Prep accounting,ACCT 115 exam 1,ACCT 115 practice exam,7,wizeprep.com; studocu.com; quizlet.com; cliffsnotes.com; studysoup.com; coursehero.com; coursesidekick.com,medium
5c769137-f886-40f0-99f3-690719e46337,SUNY College at Oneonta,NY,ACCT 2100,39,2,13,10,4,3,acct2100.com,COURSE_SPECIFIC_SITE,,HIGH,STRONG,STRONG,CROWDED,YES,NO,NO,YES,YES,acct2100.com,acct2100.com accounting,ACCT 2100 exam 1,ACCT 2100 practice exam,7,varsitytutors.com; american-school-search.com; accountingdegreesonline.org; cloudfront.net; acct2100.com; scribd.com; wizeprep.com; quizlet.com,medium
e60857bb-43c5-45a0-89e4-33f513882d40,University of Rochester,NY,,38.9,2,10,5,1,0,FrogTutoring,MULTI_CAMPUS_TUTORING,,HIGH,STRONG,STRONG,VALIDATED_PAID_MARKET,YES,NO,NO,YES,PARTIAL,FrogTutoring,FrogTutoring accounting,University of Rochester financial accounting exam,University of Rochester accounting tutoring,5,wyzant.com; myengineeringbuddy.com; frogtutoring.com; princetonreview.com; coursehero.com; studysoup.com; studocu.com; universitytutor.com,medium
5190a915-add2-421e-aaa6-cc49c69b9e63,Augsburg University,MN,ACC 221,38.8,2,10,4,2,4,Knack,MULTI_CAMPUS_TUTORING,,HIGH,STRONG,STRONG,VALIDATED_PAID_MARKET,YES,NO,NO,YES,YES,Knack,Knack accounting,ACC 221 exam 1,ACC 221 practice exam,7,joinknack.com; princetonreview.com; wizeprep.com; pickapeertutoring.com; quizlet.com; studocu.com; scribd.com; docsity.com,medium
41429690-d8eb-48ba-8335-ae92e477173f,Augsburg College,MN,,38.8,2,5,4,1,0,FrogTutoring,MULTI_CAMPUS_TUTORING,,HIGH,STRONG,STRONG,VALIDATED_PAID_MARKET,YES,NO,NO,YES,PARTIAL,FrogTutoring,FrogTutoring accounting,Augsburg College financial accounting exam,Augsburg College accounting tutoring,5,frogtutoring.com; princetonreview.com; universitytutor.com; coursehero.com; aejournal.com,medium
e4babfe5-48bd-4339-a430-c4a49cf502b3,University of Mount Olive,NC,,38.6,2,4,2,1,1,Course Hero,NOTES_MARKETPLACE,,HIGH,STRONG,STRONG,CROWDED,YES,NO,NO,YES,PARTIAL,standyou.com,standyou.com accounting,UMO financial accounting exam,UMO accounting tutoring,5,coursehero.com; studocu.com; standyou.com; princetonreview.com,medium
a1e57676-9ca7-46d9-a433-0227b694047e,North Carolina Central Univ,NC,ACCT 2400,38.5,2,8,7,0,1,Course Hero,NOTES_MARKETPLACE,,HIGH,MODERATE,WEAK,LOW_EVIDENCE,YES,NO,NO,NO,YES,,,ACCT 2400 exam 1,ACCT 2400 practice exam,7,coursehero.com; ulethbridge.ca; amazonaws.com; princetonreview.com; quizlet.com; cliffsnotes.com; studocu.com; scribd.com,medium
937aa008-9316-4e4c-acfd-1c28cd6629b6,"College at Brockport, SUNY",NY,,38.4,2,3,3,2,0,ny.us,LOCAL_CAMPUS_TUTORING,,HIGH,STRONG,STRONG,VALIDATED_PAID_MARKET,YES,NO,NO,YES,PARTIAL,FrogTutoring,FrogTutoring accounting,"College at Brockport, SUNY financial accounting exam","College at Brockport, SUNY accounting tutoring",5,frogtutoring.com; edu.sg; ny.us,medium
233b5757-3c57-4670-8646-49c83abe263d,Norfolk State University,VA,,38.2,2,2,0,1,0,bufftutor.com,LOCAL_CAMPUS_TUTORING,$20; $20/hr; $100/hr,MEDIUM,STRONG,STRONG,VALIDATED_PAID_MARKET,YES,NO,NO,YES,PARTIAL,bufftutor.com,bufftutor.com accounting,Norfolk State University financial accounting exam,Norfolk State University accounting tutoring,5,bufftutor.com; coursehero.com,medium
deae68b0-ed73-4f47-a753-f9c3fbf80db2,University of Mary,ND,,38.1,2,3,2,0,0,UWorld,EXAM_PREP_PLATFORM,$1,LOW,MODERATE,WEAK,LOW_EVIDENCE,YES,NO,NO,YES,PARTIAL,UWorld,UWorld accounting,UMary financial accounting exam,UMary accounting tutoring,5,princetonreview.com; uworld.com; wyzant.com,medium
c687187a-56ca-4fed-9854-fe0f78301b02,Southern University & A&M Baton,LA,ACCT200,38.1,2,11,10,2,2,acct200ku.com,COURSE_SPECIFIC_SITE,,HIGH,STRONG,STRONG,CROWDED,YES,NO,NO,YES,YES,acct200ku.com,acct200ku.com accounting,ACCT200 exam 1,ACCT200 practice exam,7,frogtutoring.com; universitytutor.com; princetonreview.com; scribd.com; acct200ku.com; office365.com; quizlet.com; cliffsnotes.com,medium
21d50e49-537c-4f56-829e-90c3d7307451,Columbus State University,GA,,38,2,5,3,1,0,FrogTutoring,MULTI_CAMPUS_TUTORING,,HIGH,STRONG,STRONG,VALIDATED_PAID_MARKET,YES,NO,NO,YES,PARTIAL,FrogTutoring,FrogTutoring accounting,Columbus State University financial accounting exam,Columbus State University accounting tutoring,5,frogtutoring.com; wyzant.com; coursehero.com; studocu.com; princetonreview.com,medium
695149ba-2389-45e3-8164-f29a9f46de55,Alabama A&M University,AL,,38,2,2,1,1,0,whnt.com,LOCAL_CAMPUS_TUTORING,,HIGH,STRONG,STRONG,VALIDATED_PAID_MARKET,YES,NO,NO,YES,PARTIAL,whnt.com,whnt.com accounting,Alabama A&M University financial accounting exam,Alabama A&M University accounting tutoring,5,princetonreview.com; whnt.com,medium
843467b2-ed80-47ce-b70c-62713dfbe9c6,St. John Fisher College,NY,ACCT 101,37.8,2,11,9,3,1,Course Hero,NOTES_MARKETPLACE,,HIGH,STRONG,STRONG,CROWDED,YES,NO,NO,YES,YES,FrogTutoring,FrogTutoring accounting,ACCT 101 exam 1,ACCT 101 practice exam,7,frogtutoring.com; princetonreview.com; kisacademics.com; studocu.com; coursehero.com; tutors-on-call.com; quizlet.com; cliffsnotes.com,medium
20d1bda2-ab50-4426-8dde-42a78951a9cf,Radford University,VA,ACTG 211,37.7,2,12,9,1,0,FrogTutoring,MULTI_CAMPUS_TUTORING,,HIGH,STRONG,STRONG,VALIDATED_PAID_MARKET,YES,NO,NO,YES,YES,FrogTutoring,FrogTutoring accounting,ACTG 211 exam 1,ACTG 211 practice exam,7,com.gh; princetonreview.com; coursehero.com; another71.com; wyzant.com; frogtutoring.com; studysoup.com; docsity.com,medium
acde21cd-fdf6-410a-a141-a09eaaf24bac,Savannah State University,GA,ACCT 2101,37.6,2,12,8,4,2,acct2101uga.com,COURSE_SPECIFIC_SITE,,HIGH,STRONG,STRONG,CROWDED,YES,NO,NO,YES,YES,acct2101uga.com,acct2101uga.com accounting,ACCT 2101 exam 1,ACCT 2101 practice exam,7,completega.org; tigersroar.com; wyzant.com; frogtutoring.com; coursehero.com; princetonreview.com; acct2101uga.com; scribd.com,medium
ec51fe64-7980-4004-99fe-1bad86b4a3ce,Adelphi University Garden,NY,,37.5,2,2,2,1,0,theeduledger.com,LOCAL_CAMPUS_TUTORING,,HIGH,STRONG,STRONG,VALIDATED_PAID_MARKET,YES,NO,NO,YES,PARTIAL,theeduledger.com,theeduledger.com accounting,Adelphi University Garden financial accounting exam,Adelphi University Garden accounting tutoring,5,theeduledger.com; vaia.com,medium
5f09e5d9-bf5b-4672-8fde-5c1f5f4af107,Augusta University,GA,,37.5,2,3,2,0,0,UniversityTutor,TUTOR_MARKETPLACE,,LOW,MODERATE,WEAK,LOW_EVIDENCE,YES,NO,NO,NO,PARTIAL,,,Augusta University financial accounting exam,Augusta University accounting tutoring,5,universitytutor.com; wyzant.com; princetonreview.com,medium
afc34f5a-4dd9-47f0-972a-e72d579052bb,Colorado State Univ-Pueblo,CO,,37.5,2,4,2,1,1,Course Hero,NOTES_MARKETPLACE,,HIGH,STRONG,STRONG,CROWDED,YES,NO,NO,YES,PARTIAL,csupueblofoundation.com,csupueblofoundation.com accounting,Colorado State Univ-Pueblo financial accounting exam,Colorado State Univ-Pueblo accounting tutoring,5,csupueblofoundation.com; princetonreview.com; studocu.com; coursehero.com,medium
df7ad324-c0ff-49a0-ade1-82dde6b6e6f2,Fairleigh Dickinson Univ,NJ,,37.3,2,5,3,1,0,jewishlink.news,LOCAL_CAMPUS_TUTORING,,HIGH,STRONG,STRONG,CROWDED,YES,NO,NO,YES,PARTIAL,jewishlink.news,jewishlink.news accounting,Fairleigh Dickinson Univ financial accounting exam,Fairleigh Dickinson Univ accounting tutoring,5,varsitytutors.com; princetonreview.com; jewishlink.news; coursehero.com; theteachertutors.com,medium
a1d047cc-8929-499e-a10d-b3db27e03723,North Park University,IL,ACCT 2110,37.3,2,11,11,2,2,acct2110.com,COURSE_SPECIFIC_SITE,,HIGH,STRONG,STRONG,CROWDED,YES,NO,NO,YES,YES,acct2110.com,acct2110.com accounting,ACCT 2110 exam 1,ACCT 2110 practice exam,7,coursehero.com; qualitymatters.org; acct2110.com; joinknack.com; bapcsusb.org; wyzant.com; quizlet.com; stuvia.com,medium
ea6f3381-59fb-4ed6-bc78-6d440f54108f,Univ of Northern Colorado,CO,,37.2,2,7,5,1,0,FrogTutoring,MULTI_CAMPUS_TUTORING,,HIGH,STRONG,STRONG,VALIDATED_PAID_MARKET,YES,NO,NO,YES,PARTIAL,FrogTutoring,FrogTutoring accounting,Univ of Northern Colorado financial accounting exam,Univ of Northern Colorado accounting tutoring,5,superprof.ng; vaia.com; frogtutoring.com; quizlet.com; studocu.com; wyzant.com; tutorselect.com,medium
2d23ea54-35d6-4f68-8a2b-5c53849a61be,Texas A&M Univ-Texarkana,TX,,37.2,2,2,2,1,1,Course Hero,NOTES_MARKETPLACE,,HIGH,STRONG,STRONG,VALIDATED_PAID_MARKET,YES,NO,NO,YES,PARTIAL,FrogTutoring,FrogTutoring accounting,Texas A&M Univ-Texarkana financial accounting exam,Texas A&M Univ-Texarkana accounting tutoring,5,frogtutoring.com; coursehero.com,medium
a15b74b4-1830-41e3-b9b1-535d2b5c0673,St. Mary's University San,TX,,37.1,2,4,1,2,0,eduopinions.com,LOCAL_CAMPUS_TUTORING,,MEDIUM,STRONG,STRONG,CROWDED,YES,NO,NO,YES,PARTIAL,eduopinions.com,eduopinions.com accounting,St. Mary's University San financial accounting exam,St. Mary's University San accounting tutoring,5,eduopinions.com; edu.in; coursedog.com; universitytutor.com,medium
3bc8c84a-aa2f-4aab-a49c-a0a35192717e,Francis Marion University,SC,,37.1,2,3,0,0,0,The Princeton Review,TUTOR_MARKETPLACE,,HIGH,MODERATE,MODERATE,LOW_EVIDENCE,YES,YES,YES,NO,PARTIAL,,,Francis Marion University financial accounting exam,Francis Marion University accounting tutoring,5,princetonreview.com; co.uk; coursehero.com,medium
03ce5ea1-240d-4a8a-a7a6-c35e76aeb549,Albany State University,GA,ACCT 2101,37.1,2,11,8,4,2,acct2101uga.com,COURSE_SPECIFIC_SITE,,HIGH,STRONG,STRONG,CROWDED,YES,NO,NO,YES,YES,acct2101uga.com,acct2101uga.com accounting,ACCT 2101 exam 1,ACCT 2101 practice exam,7,frogtutoring.com; princetonreview.com; co.nz; completegeorgia.org; cliffsnotes.com; acct2101uga.com; scribd.com; stuvia.com,medium
9965f192-d3dd-4ab7-ac02-65eafb45daeb,University of New Haven West,CT,ACCT 1101,37,2,7,4,3,1,Course Hero,NOTES_MARKETPLACE,,HIGH,STRONG,STRONG,CROWDED,YES,NO,NO,YES,YES,distancelearningportal.com,distancelearningportal.com accounting,ACCT 1101 exam 1,ACCT 1101 practice exam,7,distancelearningportal.com; globalreach.in; coursehero.com; studocu.com; cliffsnotes.com; quizlet.com; collegeraptor.com,medium
585211f0-42ef-4cc3-9826-01f516bd33fc,Jackson State University,MS,ACC 211,37,2,11,8,3,0,nabainc.org,LOCAL_CAMPUS_TUTORING,,HIGH,STRONG,STRONG,CROWDED,YES,NO,NO,YES,YES,nabainc.org,nabainc.org accounting,ACC 211 exam 1,ACC 211 practice exam,7,wyzant.com; cpajournal.com; journalofaccountancy.com; nabainc.org; teacheron.com; quizlet.com; studocu.com; scribd.com,medium
d1b0ef09-0c29-4fa5-b28a-28055f68a6f4,Grambling State University,LA,ACCT 201,37,2,14,10,4,2,acct201a.com,COURSE_SPECIFIC_SITE,,HIGH,STRONG,STRONG,CROWDED,YES,NO,NO,YES,YES,acct201a.com,acct201a.com accounting,ACCT 201 exam 1,ACCT 201 practice exam,7,varsitytutors.com; princetonreview.com; la.us; theeduledger.com; acct201a.com; straighterline.com; quizlet.com; coursehero.com,medium
0be532c5-92f3-4118-bfeb-598814125b3a,Widener University,PA,,36.4,2,6,5,2,0,fdpclearinghouse.org,LOCAL_CAMPUS_TUTORING,,HIGH,STRONG,STRONG,CROWDED,YES,NO,NO,YES,PARTIAL,fdpclearinghouse.org,fdpclearinghouse.org accounting,Widener University financial accounting exam,Widener University accounting tutoring,5,princetonreview.com; edubirdie.com; fdpclearinghouse.org; studocu.com; knetbooks.com; educatly.com,medium
1f213617-6ce4-44d4-a83b-3bae55f9030a,Texas Wesleyan University Fort,TX,ACC 2303,36.3,2,14,8,3,1,Course Hero,NOTES_MARKETPLACE,,HIGH,STRONG,STRONG,CROWDED,YES,NO,NO,YES,YES,com.ar,com.ar accounting,ACC 2303 exam 1,ACC 2303 practice exam,7,vaia.com; jobsora.com; askfilo.com; com.ar; tutoringprof.com; coursehero.com; bubooks.com; baylorbears.com,medium
de0ad748-1314-4667-be67-2af2a1a2ebcb,Dominican University River,IL,,36.2,2,3,1,0,0,Course Hero,NOTES_MARKETPLACE,,LOW,MODERATE,WEAK,LOW_EVIDENCE,YES,NO,NO,NO,PARTIAL,,,Dominican University River financial accounting exam,Dominican University River accounting tutoring,5,coursehero.com; weraise.org; williamgmcgowanfund.org,medium
2353c499-87b3-4ddc-8c33-f595c39f79a2,University of South Carolina Upstate,SC,ACCT U225,36,2,3,2,0,0,Studocu,NOTES_MARKETPLACE,,LOW,MODERATE,WEAK,LOW_EVIDENCE,NO,NO,NO,NO,YES,,,ACCT U225 exam 1,ACCT U225 practice exam,7,universitytutor.com; studocu.com; coursehero.com,medium
144e6ab5-3085-49c2-9bd5-4d134a21834b,Indiana University Kokomo,IN,,35.9,2,2,1,1,0,FrogTutoring,MULTI_CAMPUS_TUTORING,,HIGH,STRONG,STRONG,VALIDATED_PAID_MARKET,NO,NO,NO,YES,PARTIAL,FrogTutoring,FrogTutoring accounting,Indiana University Kokomo financial accounting exam,Indiana University Kokomo accounting tutoring,5,frogtutoring.com; princetonreview.com,medium
a5a70954-2eda-4491-8b5c-568d577edbb3,Truman State University,MO,,35.9,2,5,4,0,1,Course Hero,NOTES_MARKETPLACE,,HIGH,MODERATE,WEAK,LOW_EVIDENCE,YES,NO,NO,YES,PARTIAL,Becker,Becker accounting,Truman State University financial accounting exam,Truman State University accounting tutoring,5,princetonreview.com; becker.com; coursehero.com; quizlet.com; uworld.com,medium
ef616b59-8e53-47b5-b818-7ccc0a2ad6c8,Case Western Reserve Univ,OH,,35.3,2,6,4,1,1,Course Hero,NOTES_MARKETPLACE,,HIGH,STRONG,STRONG,VALIDATED_PAID_MARKET,YES,NO,NO,YES,PARTIAL,FrogTutoring,FrogTutoring accounting,Case Western Reserve Univ financial accounting exam,Case Western Reserve Univ accounting tutoring,5,coursehero.com; princetonreview.com; frogtutoring.com; varsitytutors.com; tutorocean.com; wyzant.com,medium
5c4b0a8f-22b8-45f9-b1b7-9be45f9bf85d,Penn State Berks,PA,ACCTG 211,35.1,2,9,8,2,1,Course Hero,NOTES_MARKETPLACE,,HIGH,STRONG,STRONG,CROWDED,YES,NO,NO,YES,YES,liontutors.com,liontutors.com accounting,ACCTG 211 exam 1,ACCTG 211 practice exam,7,varsitytutors.com; coursehero.com; liontutors.com; tierneyeducation.com; vaia.com; wayup.com; princetonreview.com; quizlet.com,medium
92a8c453-b8a0-46d6-a871-57b08ac53965,University of Portland,OR,,35,2,5,4,1,0,FrogTutoring,MULTI_CAMPUS_TUTORING,,HIGH,STRONG,STRONG,VALIDATED_PAID_MARKET,YES,NO,NO,YES,PARTIAL,FrogTutoring,FrogTutoring accounting,University of Portland financial accounting exam,University of Portland accounting tutoring,5,frogtutoring.com; varsitytutors.com; superprof.com; princetonreview.com; universitytutor.com,medium
fac55964-81f5-4be8-844a-8a5f7afddee3,Rogers State University,OK,,34.8,2,3,1,1,0,b-cdn.net,LOCAL_CAMPUS_TUTORING,,HIGH,STRONG,STRONG,VALIDATED_PAID_MARKET,YES,NO,NO,YES,PARTIAL,b-cdn.net,b-cdn.net accounting,RSU financial accounting exam,RSU accounting tutoring,5,b-cdn.net; coursehero.com; studocu.com,medium
afb9cd13-7cd5-48fb-8416-e358d02bc2ae,Pennsylvania State University,PA,ACCTG 211,34.6,2,15,13,5,2,unizin.org,COURSE_SPECIFIC_SITE,,HIGH,STRONG,STRONG,CROWDED,YES,NO,NO,YES,YES,unizin.org,unizin.org accounting,ACCTG 211 exam 1,ACCTG 211 practice exam,7,liontutors.com; varsitytutors.com; superprof.com; tutoringprof.com; wyzant.com; coursehero.com; quizlet.com; tierneyeducation.com,medium
78fc9d08-b381-45ee-b219-a45e2b10b8c0,Olympic College,WA,,34.5,2,3,2,1,0,FrogTutoring,MULTI_CAMPUS_TUTORING,,HIGH,STRONG,STRONG,VALIDATED_PAID_MARKET,YES,NO,NO,YES,PARTIAL,FrogTutoring,FrogTutoring accounting,Olympic College financial accounting exam,Olympic College accounting tutoring,5,frogtutoring.com; governmentjobs.com; quizlet.com,medium
9abc52dc-600d-4529-8de8-eaf45d54cd9d,University of Hartford W,CT,,34.5,2,1,0,0,0,dokumen.pub,INDIVIDUAL_OR_LOCAL,,LOW,WEAK,WEAK,LOW_EVIDENCE,YES,NO,NO,NO,PARTIAL,,,University of Hartford W financial accounting exam,University of Hartford W accounting tutoring,5,dokumen.pub,medium
c973ec84-2505-4cb7-8594-41e1de90c857,Barry University Miami,FL,,34.5,2,2,1,1,0,toeflsaudi.org,LOCAL_CAMPUS_TUTORING,,HIGH,STRONG,STRONG,VALIDATED_PAID_MARKET,YES,NO,NO,YES,PARTIAL,toeflsaudi.org,toeflsaudi.org accounting,Barry University Miami financial accounting exam,Barry University Miami accounting tutoring,5,wyzant.com; toeflsaudi.org,medium
f5cf7de4-6d61-4eee-aa1f-f7c6d00324af,Bradley University,IL,ATG 157,34.4,2,16,9,2,0,archive.org,LOCAL_CAMPUS_TUTORING,,HIGH,STRONG,STRONG,CROWDED,YES,YES,YES,YES,YES,archive.org,archive.org accounting,ATG 157 exam 1,ATG 157 practice exam,7,varsitytutors.com; coursehero.com; scribd.com; princetonreview.com; cliffsnotes.com; archive.org; gob.mx; studocu.com,medium
c0c0ef02-e8a5-490e-b6ec-bc3a89362656,Mississippi College,MS,ACC 201,34,2,15,10,6,3,acc201uky.com,COURSE_SPECIFIC_SITE,,HIGH,STRONG,STRONG,CROWDED,YES,NO,NO,YES,YES,Wize Prep,Wize Prep accounting,ACC 201 exam 1,ACC 201 practice exam,7,varsitytutors.com; princetonreview.com; tutorselect.com; quizlet.com; 300hours.com; wizeprep.com; acc201uky.com; unlvbap.org,medium
86d84cfa-181c-4333-8c01-e93bf9555f97,SUNY Polytechnic Institute,NY,,33.8,2,2,1,0,1,Course Hero,NOTES_MARKETPLACE,,HIGH,MODERATE,WEAK,LOW_EVIDENCE,YES,NO,NO,NO,PARTIAL,,,SUNY Polytechnic Institute financial accounting exam,SUNY Polytechnic Institute accounting tutoring,5,coursehero.com; princetonreview.com,medium
70dbdd53-9b50-44d3-81c1-407dc3d97427,Abilene Christian Univ,TX,,33.7,2,4,2,1,0,FrogTutoring,MULTI_CAMPUS_TUTORING,,HIGH,STRONG,STRONG,VALIDATED_PAID_MARKET,YES,NO,NO,YES,PARTIAL,FrogTutoring,FrogTutoring accounting,Abilene Christian Univ financial accounting exam,Abilene Christian Univ accounting tutoring,5,frogtutoring.com; varsitytutors.com; princetonreview.com; docsity.com,medium
0b3dfa6a-84b2-439c-baf7-8b176d6baf4b,Northern State University,SD,,33.7,2,4,2,2,0,distancelearningportal.com,LOCAL_CAMPUS_TUTORING,"$17,850/year; $22,330/year; $14,342/year; $6/year; $6,138/year; $6,006/year; $10,643/year; $6,649/year",HIGH,STRONG,STRONG,CROWDED,YES,NO,NO,YES,PARTIAL,FrogTutoring,FrogTutoring accounting,Northern State financial accounting exam,Northern State accounting tutoring,5,frogtutoring.com; princetonreview.com; distancelearningportal.com; coursehero.com,medium
09b7c735-2215-4aea-96a2-e9e2cb4177c0,Penn State Univ-Harrisburg,PA,,33.6,2,3,3,0,0,UniversityTutor,TUTOR_MARKETPLACE,,LOW,MODERATE,WEAK,LOW_EVIDENCE,YES,NO,NO,NO,PARTIAL,,,Penn State Univ-Harrisburg financial accounting exam,Penn State Univ-Harrisburg accounting tutoring,5,universitytutor.com; jaepp.org; coursehero.com,medium
eb202e0a-5d46-489b-a975-85e41e0fe58f,Southern Arkansas Univ,AR,ACCT 2003,33.4,2,5,5,0,1,Course Hero,NOTES_MARKETPLACE,,HIGH,MODERATE,WEAK,LOW_EVIDENCE,YES,NO,NO,NO,YES,,,ACCT 2003 exam 1,ACCT 2003 practice exam,7,coursehero.com; studocu.com; quizlet.com; coursesidekick.com; studysoup.com,medium
4c146400-e96d-4d2c-b06a-49f2ba596d02,New Jersey In of Technology,NJ,,33.3,2,14,12,6,1,Course Hero,NOTES_MARKETPLACE,,HIGH,STRONG,STRONG,CROWDED,NO,NO,NO,YES,PARTIAL,FrogTutoring,FrogTutoring accounting,New Jersey In of Technology financial accounting exam,New Jersey In of Technology accounting tutoring,5,wyzant.com; frogtutoring.com; njtutoringcorps.org; tutorselect.com; becker.com; superfastcpa.com; coursehero.com; uworld.com,medium
e9c8be9c-5820-4f26-92b6-fb127931ea64,Adams State University,CO,,33.3,2,6,2,3,1,Course Hero,NOTES_MARKETPLACE,,HIGH,STRONG,STRONG,CROWDED,YES,NO,NO,YES,PARTIAL,FrogTutoring,FrogTutoring accounting,Adams State University financial accounting exam,Adams State University accounting tutoring,5,frogtutoring.com; princetonreview.com; quizlet.com; degreeforum.net; coursehero.com; co.us,medium
38b46e76-3660-4620-b3ac-ab695d04013d,Univ of Alaska Fairbanks,AK,ACCT F261X,33.2,2,6,5,1,0,FrogTutoring,MULTI_CAMPUS_TUTORING,,HIGH,STRONG,STRONG,VALIDATED_PAID_MARKET,YES,NO,NO,YES,YES,FrogTutoring,FrogTutoring accounting,ACCT F261X exam 1,ACCT F261X practice exam,7,com.au; princetonreview.com; frogtutoring.com; quizlet.com; studocu.com; coursehero.com,medium
b26313fa-a73d-4072-99fe-a8c6ba0faf52,Black Hills State University,SD,,33.2,2,3,2,1,0,FrogTutoring,MULTI_CAMPUS_TUTORING,,HIGH,STRONG,STRONG,VALIDATED_PAID_MARKET,YES,NO,NO,YES,PARTIAL,FrogTutoring,FrogTutoring accounting,Black Hills State University financial accounting exam,Black Hills State University accounting tutoring,5,frogtutoring.com; princetonreview.com; coursehero.com,medium
757eaeef-c9f9-4a0e-9ce9-66b34c9ed755,Fort Lewis College,CO,ACC 225,33.2,2,8,6,1,1,Course Hero,NOTES_MARKETPLACE,,HIGH,STRONG,STRONG,VALIDATED_PAID_MARKET,YES,NO,NO,YES,YES,FrogTutoring,FrogTutoring accounting,ACC 225 exam 1,ACC 225 practice exam,7,frogtutoring.com; princetonreview.com; quizlet.com; coursehero.com; studocu.com; studysoup.com; cliffsnotes.com; scribd.com,medium
bb44fb26-0e2b-4e03-9d2a-b3ad8028a7a0,Washburn University,KS,,33.1,2,3,1,2,0,washburnreview.org,LOCAL_CAMPUS_TUTORING,,HIGH,STRONG,STRONG,VALIDATED_PAID_MARKET,NO,NO,NO,YES,PARTIAL,washburnreview.org,washburnreview.org accounting,Washburn University financial accounting exam,Washburn University accounting tutoring,5,washburnreview.org; monster.com; paid.com,medium
c8fa3dd9-e7bb-44c3-a5eb-641b422b2d0f,Charleston Southern Univ,SC,,32.8,2,8,4,1,0,FrogTutoring,MULTI_CAMPUS_TUTORING,,HIGH,STRONG,STRONG,VALIDATED_PAID_MARKET,NO,NO,NO,YES,PARTIAL,FrogTutoring,FrogTutoring accounting,Charleston Southern Univ financial accounting exam,Charleston Southern Univ accounting tutoring,5,frogtutoring.com; universitytutor.com; coursehero.com; stuvia.com; cliffsnotes.com; lowcountryacademicconsulting.com; studocu.com; quizlet.com,medium
959d2a70-6fd1-462b-a312-328eab64a393,Albright College,PA,,32.5,2,3,0,0,0,Varsity Tutors,TUTOR_MARKETPLACE,,LOW,MODERATE,WEAK,LOW_EVIDENCE,YES,NO,NO,NO,PARTIAL,,,Albright College financial accounting exam,Albright College accounting tutoring,5,varsitytutors.com; princetonreview.com; coursehero.com,medium
10760ba6-adb3-4111-9efb-6347b0e122ac,Bellarmine University,KY,,32.2,2,4,3,1,0,amazonaws.com,LOCAL_CAMPUS_TUTORING,$20,HIGH,STRONG,STRONG,CROWDED,YES,NO,NO,YES,PARTIAL,amazonaws.com,amazonaws.com accounting,Bellarmine University financial accounting exam,Bellarmine University accounting tutoring,5,princetonreview.com; coursehero.com; tutorselect.com; amazonaws.com,medium
29965458-b9bd-44c8-a837-4910eff23d36,Anderson University SC,SC,,32.2,2,2,1,0,0,The Princeton Review,TUTOR_MARKETPLACE,,LOW,MODERATE,WEAK,LOW_EVIDENCE,YES,NO,NO,NO,PARTIAL,,,Anderson University SC financial accounting exam,Anderson University SC accounting tutoring,5,princetonreview.com; studocu.com,medium
38d26c62-4217-42fb-861b-5a4dd2d6d85e,Western Nevada College,NV,,32,2,0,0,0,0,,,,UNKNOWN,UNKNOWN,UNKNOWN,LOW_EVIDENCE,YES,NO,NO,NO,PARTIAL,,,WNC financial accounting exam,WNC accounting tutoring,5,,medium
8f26c44b-1aed-4104-97ad-67c4574e956b,Ivy Technical Community College Kokomo S In Ivy Technical Community College Lafayette,IN,,31.8,2,6,3,2,1,Course Hero,NOTES_MARKETPLACE,,HIGH,STRONG,STRONG,CROWDED,YES,NO,NO,YES,PARTIAL,myworkdayjobs.com,myworkdayjobs.com accounting,Ivy Tech Kokomo financial accounting exam,Ivy Tech Kokomo accounting tutoring,5,cliffsnotes.com; studocu.com; stuvia.com; coursehero.com; myworkdayjobs.com; inuplands.org,medium
a41b86e6-01e0-41e1-b9d1-c01c9ace5db2,Ivy Tech Community College,IN,,31.8,2,6,4,3,0,ecampus.com,LOCAL_CAMPUS_TUTORING,,HIGH,STRONG,STRONG,CROWDED,YES,NO,NO,YES,PARTIAL,ecampus.com,ecampus.com accounting,Ivy Tech financial accounting exam,Ivy Tech accounting tutoring,5,quizlet.com; stuvia.com; docsity.com; ecampus.com; myworkdayjobs.com; inuplands.org,medium
6b5433eb-a6da-4beb-a18c-ebc5e6a1fab5,Northern Virginia Community College,VA,,31.6,2,3,3,0,1,Course Hero,NOTES_MARKETPLACE,,HIGH,MODERATE,WEAK,LOW_EVIDENCE,YES,NO,NO,NO,PARTIAL,,,NOVA financial accounting exam,NOVA accounting tutoring,5,coursehero.com; universitytutor.com; schulthess.com,medium
1a3169d1-2611-44de-8b14-2dee844afddd,Canisius College,NY,ACC 201,31.5,2,12,9,3,2,acc201uky.com,COURSE_SPECIFIC_SITE,,HIGH,STRONG,STRONG,CROWDED,YES,NO,NO,YES,YES,acc201uky.com,acc201uky.com accounting,ACC 201 exam 1,ACC 201 practice exam,7,princetonreview.com; universitytutor.com; acc201uky.com; unlvbap.org; teacheron.com; emaze.com; brainfuse.com; quizlet.com,medium
f25abc44-579d-46cf-8561-39f3ba1e8480,Adrian College,MI,,31.4,2,2,1,1,0,FrogTutoring,MULTI_CAMPUS_TUTORING,,HIGH,STRONG,STRONG,VALIDATED_PAID_MARKET,YES,NO,NO,YES,PARTIAL,FrogTutoring,FrogTutoring accounting,Adrian College financial accounting exam,Adrian College accounting tutoring,5,frogtutoring.com; princetonreview.com,medium
67d4f9e2-5cb4-4662-af97-da0d6eca0743,Tarrant County College,TX,,31.3,2,6,4,2,1,Course Hero,NOTES_MARKETPLACE,,HIGH,STRONG,STRONG,CROWDED,YES,NO,NO,YES,PARTIAL,FrogTutoring,FrogTutoring accounting,TCC financial accounting exam,TCC accounting tutoring,5,frogtutoring.com; coursehero.com; studocu.com; tx.us; cliffsnotes.com; nativeamericanjobs.com,medium
523452b0-3bac-473c-a9be-d8537ab5365f,Walla Walla Community College,WA,,31.3,2,0,0,0,0,,,,UNKNOWN,UNKNOWN,UNKNOWN,LOW_EVIDENCE,YES,NO,NO,NO,PARTIAL,,,WWCC financial accounting exam,WWCC accounting tutoring,5,,medium
32e35afe-6d01-4f9a-b65f-c77de726af63,John Brown University,AR,ATG 2173,31.1,2,5,4,1,0,FrogTutoring,MULTI_CAMPUS_TUTORING,,HIGH,STRONG,STRONG,VALIDATED_PAID_MARKET,YES,NO,NO,YES,YES,FrogTutoring,FrogTutoring accounting,ATG 2173 exam 1,ATG 2173 practice exam,7,frogtutoring.com; princetonreview.com; quizlet.com; coursehero.com; getholdings.com,medium
540e2567-9d61-460f-9afc-cff3783bda4c,Shorter University,GA,,31.1,2,5,3,1,0,FrogTutoring,MULTI_CAMPUS_TUTORING,,HIGH,STRONG,STRONG,VALIDATED_PAID_MARKET,YES,NO,NO,YES,PARTIAL,FrogTutoring,FrogTutoring accounting,Shorter financial accounting exam,Shorter accounting tutoring,5,frogtutoring.com; princetonreview.com; superprof.com; coursesidekick.com; quizlet.com,medium
827c088a-2469-4fed-b09e-0b7716fb8075,Gannon University,PA,BCOR 201,31,2,5,3,3,0,peopleadmin.com,LOCAL_CAMPUS_TUTORING,,HIGH,STRONG,STRONG,CROWDED,YES,NO,NO,YES,YES,FrogTutoring,FrogTutoring accounting,BCOR 201 exam 1,BCOR 201 practice exam,7,frogtutoring.com; princetonreview.com; coursehero.com; peopleadmin.com; jobilize.com,medium
82d2d96d-bd68-413c-b8af-7931ceea020b,University of St. Thomas-TX,TX,,30.9,2,4,2,1,0,collegeraptor.com,LOCAL_CAMPUS_TUTORING,,MEDIUM,STRONG,STRONG,CROWDED,YES,NO,NO,YES,PARTIAL,collegeraptor.com,collegeraptor.com accounting,University of St. Thomas-TX financial accounting exam,University of St. Thomas-TX accounting tutoring,5,universitytutor.com; springer.com; iapwe.org; collegeraptor.com,medium
7b202c04-686d-413f-878f-a2bd3675a1f0,Uof Arkansas at Monticello,AR,,30.8,2,4,4,1,0,insighttutoring.online,LOCAL_CAMPUS_TUTORING,$60; $50; $70; $25 each,HIGH,STRONG,STRONG,CROWDED,YES,NO,NO,YES,PARTIAL,insighttutoring.online,insighttutoring.online accounting,Uof Arkansas at Monticello financial accounting exam,Uof Arkansas at Monticello accounting tutoring,5,superprof.com; insighttutoring.online; study.com; ebay.com,medium
9b46170a-251c-462b-86ce-16c20915aad0,University of Baltimore,MD,ACCT 201,30.6,2,12,10,2,2,acct201a.com,COURSE_SPECIFIC_SITE,,HIGH,STRONG,STRONG,CROWDED,YES,NO,NO,YES,YES,acct201a.com,acct201a.com accounting,ACCT 201 exam 1,ACCT 201 practice exam,7,universitytutor.com; varsitytutors.com; manhattaneliteprep.com; coursehero.com; acct201a.com; tutorocean.com; princetonreview.com; quizlet.com,medium
f777aeb5-db85-49a8-8f49-7f8936d17abf,University of Mary Washington,VA,ACCT 101,30.6,2,12,10,1,1,Course Hero,NOTES_MARKETPLACE,,HIGH,STRONG,STRONG,CROWDED,YES,NO,NO,YES,YES,3cmediasolutions.org,3cmediasolutions.org accounting,ACCT 101 exam 1,ACCT 101 practice exam,7,wyzant.com; princetonreview.com; studysoup.com; coursehero.com; studocu.com; tutors-on-call.com; quizlet.com; cliffsnotes.com,medium
6f1da4b9-fd70-4dc8-a266-cddf13a323a0,"University of California, Los Angeles",CA,MGMT 1A,30.5,2,18,14,5,0,graduatetutor.com,LOCAL_CAMPUS_TUTORING,,HIGH,STRONG,STRONG,CROWDED,YES,NO,NO,YES,YES,graduatetutor.com,graduatetutor.com accounting,MGMT 1A exam 1,MGMT 1A practice exam,7,graduatetutor.com; myguruedge.com; frogtutoring.com; wyzant.com; tutorocean.com; varsitytutors.com; com.gh; studocu.com,medium
a78c470a-f86c-44ef-a549-9ed91623bddc,"Univ of Calif, Los Angeles Los",CA,,30.5,2,4,1,1,0,escholarship.org,LOCAL_CAMPUS_TUTORING,,MEDIUM,STRONG,STRONG,CROWDED,NO,NO,NO,YES,PARTIAL,escholarship.org,escholarship.org accounting,"Univ of Calif, Los Angeles Los financial accounting exam","Univ of Calif, Los Angeles Los accounting tutoring",5,studylib.net; archive.org; escholarship.org; pnas.org,medium
aba6890b-beb3-43c0-8bbc-ecdc2435befb,Delaware State University,DE,ACCT 201,30.4,2,11,10,3,2,acct201a.com,COURSE_SPECIFIC_SITE,,HIGH,STRONG,STRONG,CROWDED,YES,NO,NO,YES,YES,acct201a.com,acct201a.com accounting,ACCT 201 exam 1,ACCT 201 practice exam,7,universitytutor.com; bold.pro; acct201a.com; frogtutoring.com; princetonreview.com; quizlet.com; scribd.com; stuvia.com,medium
4805af64-d782-4e17-a635-04e05ae8cb07,Millsaps College,MS,,30.2,2,4,3,1,0,FrogTutoring,MULTI_CAMPUS_TUTORING,,HIGH,STRONG,STRONG,VALIDATED_PAID_MARKET,YES,NO,NO,YES,PARTIAL,FrogTutoring,FrogTutoring accounting,Millsaps College financial accounting exam,Millsaps College accounting tutoring,5,frogtutoring.com; princetonreview.com; quizlet.com; tutoringprof.com,medium
675fd9e9-bb80-446e-9a75-9b5a722d3797,University of the Pacific,CA,,30.2,2,6,4,0,0,Course Hero,NOTES_MARKETPLACE,,LOW,MODERATE,WEAK,LOW_EVIDENCE,YES,NO,NO,NO,PARTIAL,,,University of the Pacific financial accounting exam,University of the Pacific accounting tutoring,5,bold.pro; coursehero.com; princetonreview.com; studocu.com; academiccareers.com; tutorselect.com,medium
e61ddff3-433f-4443-b48b-2c2f090fb9c0,Embry-Riddle Aeronautical U Daytona,FL,ACCT 210,30.1,2,10,8,1,2,Wize Prep,MULTI_CAMPUS_TUTORING,,HIGH,STRONG,STRONG,VALIDATED_PAID_MARKET,YES,NO,NO,YES,YES,Wize Prep,Wize Prep accounting,ACCT 210 exam 1,ACCT 210 practice exam,7,scribd.com; collegemoneymethod.com; atmtutoring.com; csuebbap.club; picktime.com; tutoringprof.com; quizlet.com; coursehero.com,medium
a5b396a9-2fba-4679-b03a-906266a324ca,"University of California, Santa Barbara",CA,ECON 3A,30,2,13,5,3,1,Course Hero,NOTES_MARKETPLACE,,HIGH,STRONG,STRONG,CROWDED,YES,NO,NO,YES,YES,Wize Prep,Wize Prep accounting,ECON 3A exam 1,ECON 3A practice exam,7,varsitytutors.com; universitytutor.com; coursehero.com; wizeprep.com; quizlet.com; studysoup.com; scribd.com; stuvia.com,medium
c8a2760d-7168-4b10-86e7-8c3ec7b83f76,Southwestern Oklahoma State University,OK,,30,2,4,3,1,0,peregrineglobal.com,LOCAL_CAMPUS_TUTORING,,HIGH,STRONG,STRONG,CROWDED,YES,NO,NO,YES,PARTIAL,peregrineglobal.com,peregrineglobal.com accounting,SWOSU financial accounting exam,SWOSU accounting tutoring,5,quizlet.com; peregrineglobal.com; studocu.com; coursehero.com,medium
1084bf96-1261-41f7-9187-1a44b33ee412,University of Montevallo,AL,,29.8,3,2,1,0,0,Quizlet,NOTES_MARKETPLACE,,LOW,MODERATE,WEAK,LOW_EVIDENCE,YES,NO,NO,NO,PARTIAL,,,University of Montevallo financial accounting exam,University of Montevallo accounting tutoring,2,quizlet.com; princetonreview.com,low
12036875-583c-41fc-9126-001e51583256,Michigan Technological Univ,MI,ACC 2000,29.7,3,2,1,1,0,FrogTutoring,MULTI_CAMPUS_TUTORING,,HIGH,STRONG,STRONG,VALIDATED_PAID_MARKET,YES,NO,NO,YES,YES,FrogTutoring,FrogTutoring accounting,ACC 2000 exam 1,ACC 2000 practice exam,3,frogtutoring.com; princetonreview.com,low
0854cf69-76e9-41a4-bc7e-9e2a902b0ff6,Weatherford College,TX,,29.5,3,3,1,2,0,weatherfordbooks.com,LOCAL_CAMPUS_TUTORING,,HIGH,STRONG,STRONG,LOW_EVIDENCE,YES,NO,NO,YES,PARTIAL,FrogTutoring,FrogTutoring accounting,Weatherford College financial accounting exam,Weatherford College accounting tutoring,2,frogtutoring.com; coursehero.com; weatherfordbooks.com,low
70eee749-b3df-4b53-bd6d-5546e97c4757,Culver-Stockton College,MO,,29.5,3,0,0,0,0,,,,UNKNOWN,UNKNOWN,UNKNOWN,LOW_EVIDENCE,YES,NO,NO,NO,PARTIAL,,,Culver-Stockton College financial accounting exam,Culver-Stockton College accounting tutoring,2,,low
b6a866f0-7b3c-4945-8d19-46d793a89dda,Stevens Institute of Tech,NJ,ACC 200,29.4,3,5,3,0,0,Course Hero,NOTES_MARKETPLACE,,MEDIUM,MODERATE,MODERATE,LOW_EVIDENCE,YES,YES,NO,NO,YES,,,ACC 200 exam 1,ACC 200 practice exam,3,coursehero.com; uksga.org; bapuhm.org; graduatetutor.com; wyzant.com,low
fd76c429-3697-4e8d-b3bd-2ad19806f6c9,Mt. San Antonio College,CA,,29.4,3,2,1,1,0,globaldatebooksonline.com,LOCAL_CAMPUS_TUTORING,,MEDIUM,STRONG,STRONG,LOW_EVIDENCE,YES,NO,NO,YES,PARTIAL,globaldatebooksonline.com,globaldatebooksonline.com accounting,Mt. SAC financial accounting exam,Mt. SAC accounting tutoring,2,superprof.com; globaldatebooksonline.com,low
81a0e240-292a-4319-a272-aee496cc7632,Aquinas College Grand,MI,,29.3,3,2,1,1,0,yumpu.com,LOCAL_CAMPUS_TUTORING,,MEDIUM,STRONG,STRONG,LOW_EVIDENCE,YES,NO,NO,YES,PARTIAL,yumpu.com,yumpu.com accounting,Aquinas College Grand financial accounting exam,Aquinas College Grand accounting tutoring,2,vaia.com; yumpu.com,low
dc64b64b-d840-4bd0-98b2-d8b5e52a8b6d,Hawaii Pacific University,HI,ACCT 2000,29,3,6,4,2,0,galepages.com,LOCAL_CAMPUS_TUTORING,,HIGH,STRONG,STRONG,CROWDED,YES,NO,NO,YES,YES,FrogTutoring,FrogTutoring accounting,ACCT 2000 exam 1,ACCT 2000 practice exam,3,frogtutoring.com; studocu.com; galepages.com; docsity.com; coursehero.com; stuvia.com,low
8211857b-67fa-4a29-9cc0-e143bca60d3b,Fresno City College,CA,,28.9,3,3,3,1,0,FrogTutoring,MULTI_CAMPUS_TUTORING,,HIGH,STRONG,STRONG,LOW_EVIDENCE,YES,NO,NO,YES,PARTIAL,FrogTutoring,FrogTutoring accounting,Fresno City financial accounting exam,Fresno City accounting tutoring,2,frogtutoring.com; coursehero.com; quizlet.com,low
45ba56b7-2a0b-4483-be22-190189083ce8,Ithaca College,NY,,28.9,3,2,0,0,0,The Princeton Review,TUTOR_MARKETPLACE,,LOW,MODERATE,WEAK,LOW_EVIDENCE,YES,NO,NO,NO,PARTIAL,,,Ithaca College financial accounting exam,Ithaca College accounting tutoring,2,princetonreview.com; coursehero.com,low
ba22b66d-58b4-4dd1-948f-1e6fc966517d,Texas A&M Univ-Kingsville,TX,ACCT 2301,28.9,3,6,5,1,1,acct2301.com,COURSE_SPECIFIC_SITE,,HIGH,STRONG,STRONG,CROWDED,YES,NO,NO,YES,YES,acct2301.com,acct2301.com accounting,ACCT 2301 exam 1,ACCT 2301 practice exam,3,cliffsnotes.com; coursehero.com; acct2301.com; atmtutoring.com; campuslabs.com; wyzant.com,low
e6d861bc-be3a-4470-9fef-05fe7bb9c81b,Loyola University New Orleans,LA,ACCT B202,28.8,3,3,2,1,0,vishalcpaprep.com,LOCAL_CAMPUS_TUTORING,,HIGH,STRONG,STRONG,VALIDATED_PAID_MARKET,YES,NO,NO,YES,YES,vishalcpaprep.com,vishalcpaprep.com accounting,ACCT B202 exam 1,ACCT B202 practice exam,3,princetonreview.com; vishalcpaprep.com; archive.org,low
366a326d-7077-4ab7-ae89-b40efd459f3f,Longwood University,VA,ACCT 240,28.7,3,8,4,2,2,Wize Prep,MULTI_CAMPUS_TUTORING,,HIGH,STRONG,STRONG,VALIDATED_PAID_MARKET,YES,NO,NO,YES,YES,Wize Prep,Wize Prep accounting,ACCT 240 exam 1,ACCT 240 practice exam,3,frogtutoring.com; wyzant.com; coursehero.com; princetonreview.com; quizlet.com; cliffsnotes.com; wizeprep.com; studocu.com,low
98ee430a-ae7d-4d1c-9522-606ca41ae950,El Paso Community College,TX,,28.7,3,2,1,0,0,Studocu,NOTES_MARKETPLACE,,LOW,MODERATE,WEAK,LOW_EVIDENCE,YES,NO,NO,NO,PARTIAL,,,EPCC financial accounting exam,EPCC accounting tutoring,2,universitytutor.com; studocu.com,low
4e4f2d99-2f1b-4db0-b53b-298d709a8d8d,Pasadena City College,CA,,28.6,3,2,1,1,0,icangotocollege.com,LOCAL_CAMPUS_TUTORING,,MEDIUM,STRONG,STRONG,LOW_EVIDENCE,YES,NO,NO,YES,PARTIAL,icangotocollege.com,icangotocollege.com accounting,PCC financial accounting exam,PCC accounting tutoring,2,icangotocollege.com; coursehero.com,low
28b0fb4c-fe23-4b22-8d4f-9fcf9f5f3d5b,Champlain College,VT,ACC 110,28.6,3,6,2,1,1,Wize Prep,MULTI_CAMPUS_TUTORING,,HIGH,STRONG,STRONG,VALIDATED_PAID_MARKET,YES,NO,NO,YES,YES,Wize Prep,Wize Prep accounting,ACC 110 exam 1,ACC 110 practice exam,3,qc.ca; princetonreview.com; study.com; docsity.com; wizeprep.com; tmututor.com,low
d8ad9173-e844-4cc2-a222-a81c7ac06c30,College of DuPage,IL,,28.5,3,4,3,3,0,dailyherald.com,LOCAL_CAMPUS_TUTORING,,HIGH,STRONG,STRONG,LOW_EVIDENCE,YES,NO,NO,YES,PARTIAL,dailyherald.com,dailyherald.com accounting,COD financial accounting exam,COD accounting tutoring,2,dailyherald.com; coursehero.com; wizeprep.com; ilboe.org,low
fb93f711-f809-465c-a02d-6b9d5969e806,Azusa Pacific University,CA,ACCT 210,28.3,3,6,5,0,0,The Princeton Review,TUTOR_MARKETPLACE,,LOW,MODERATE,WEAK,LOW_EVIDENCE,YES,NO,NO,NO,YES,,,ACCT 210 exam 1,ACCT 210 practice exam,3,princetonreview.com; higheredjobs.com; atmtutoring.com; csuebbap.club; picktime.com; tutoringprof.com,low
7b5a4d9b-0e32-4dcd-9da0-d7e4419131d5,Collin College,TX,,28.3,3,2,2,0,1,Course Hero,NOTES_MARKETPLACE,,HIGH,MODERATE,WEAK,LOW_EVIDENCE,YES,NO,NO,NO,PARTIAL,,,Collin College financial accounting exam,Collin College accounting tutoring,2,quizlet.com; coursehero.com,low
21fab442-05d9-42ac-a3bd-5edbd0731cb1,Winston-Salem State University,NC,ACC 2316,28.2,3,6,0,0,0,Varsity Tutors,TUTOR_MARKETPLACE,,LOW,MODERATE,WEAK,LOW_EVIDENCE,YES,NO,NO,NO,YES,,,ACC 2316 exam 1,ACC 2316 practice exam,3,varsitytutors.com; princetonreview.com; coursehero.com; studocu.com; scribd.com; archive.org,low
f5694930-31de-47b3-b2d1-68f31e0e0866,Quincy College,MA,,28,3,2,1,0,0,Vaia,NOTES_MARKETPLACE,,LOW,MODERATE,WEAK,LOW_EVIDENCE,YES,NO,NO,NO,PARTIAL,,,Quincy College financial accounting exam,Quincy College accounting tutoring,2,vaia.com; universitytutor.com,low
c4181814-91e1-44b3-9f4a-dd2c2e895706,Cerritos College,CA,,27.9,3,1,1,0,1,Course Hero,NOTES_MARKETPLACE,,HIGH,WEAK,WEAK,LOW_EVIDENCE,YES,NO,NO,NO,PARTIAL,,,Cerritos financial accounting exam,Cerritos accounting tutoring,2,coursehero.com,low
938e0768-ff62-4cea-b212-c57f6ebfd82c,Calvin College Grand,MI,,27.8,3,2,1,0,0,Wyzant,TUTOR_MARKETPLACE,,LOW,MODERATE,WEAK,LOW_EVIDENCE,YES,NO,NO,NO,PARTIAL,,,Calvin College Grand financial accounting exam,Calvin College Grand accounting tutoring,2,wyzant.com; universitytutor.com,low
17b27729-2428-4f20-8125-a1c17c6bc9da,Chaffey College,CA,,27.7,3,2,2,1,0,programmapper.com,LOCAL_CAMPUS_TUTORING,,HIGH,STRONG,STRONG,LOW_EVIDENCE,YES,NO,NO,YES,PARTIAL,programmapper.com,programmapper.com accounting,Chaffey financial accounting exam,Chaffey accounting tutoring,2,coursehero.com; programmapper.com,low
2ec60732-9510-4ee0-a694-b9e2e7231bab,Alma College,MI,,27.6,3,4,3,1,1,Course Hero,NOTES_MARKETPLACE,,HIGH,STRONG,STRONG,LOW_EVIDENCE,YES,NO,NO,YES,PARTIAL,FrogTutoring,FrogTutoring accounting,Alma College financial accounting exam,Alma College accounting tutoring,2,frogtutoring.com; princetonreview.com; superprof.ng; coursehero.com,low
28b71fa7-96f8-4793-bbd2-2b9300b4b925,University of Evansville,IN,,27.6,3,4,2,2,0,askfilo.com,LOCAL_CAMPUS_TUTORING,,HIGH,STRONG,STRONG,LOW_EVIDENCE,YES,NO,NO,YES,PARTIAL,FrogTutoring,FrogTutoring accounting,University of Evansville financial accounting exam,University of Evansville accounting tutoring,2,frogtutoring.com; askfilo.com; princetonreview.com; docsity.com,low
88939f16-1d5a-42f4-86bd-77c8ddcd3d1f,Suffolk County Community College,NY,,27.5,3,4,0,2,0,thembatutors.com,LOCAL_CAMPUS_TUTORING,,MEDIUM,STRONG,STRONG,LOW_EVIDENCE,NO,NO,NO,YES,PARTIAL,thembatutors.com,thembatutors.com accounting,Suffolk CCC financial accounting exam,Suffolk CCC accounting tutoring,2,thembatutors.com; coursehero.com; scnylegislature.us; studocu.com,low
5adb35e0-976c-4f17-a3e2-2699525b98f3,Catawba College,NC,ACC 1901,27.3,3,4,2,1,0,amazonaws.com,LOCAL_CAMPUS_TUTORING,$20,HIGH,STRONG,STRONG,CROWDED,YES,NO,NO,YES,YES,amazonaws.com,amazonaws.com accounting,ACC 1901 exam 1,ACC 1901 practice exam,3,princetonreview.com; coursesidekick.com; coursehero.com; amazonaws.com,low
1241a874-8b43-46a9-8401-f3bab71d08df,Carson Newman University,TN,ACCT 201,27.2,3,2,1,1,1,acct201a.com,COURSE_SPECIFIC_SITE,,HIGH,STRONG,STRONG,VALIDATED_PAID_MARKET,YES,NO,NO,YES,YES,acct201a.com,acct201a.com accounting,ACCT 201 exam 1,ACCT 201 practice exam,3,princetonreview.com; acct201a.com,low
99cbe050-fe80-4f07-bc9f-4bc76099e9a3,Fullerton College,CA,,27.1,3,2,2,0,0,Quizlet,NOTES_MARKETPLACE,,LOW,MODERATE,WEAK,LOW_EVIDENCE,YES,NO,NO,NO,PARTIAL,,,Fullerton College financial accounting exam,Fullerton College accounting tutoring,2,quizlet.com; coursehero.com,low
3f2b5f3c-75a1-4c40-9e3a-798aa26d9fe9,Rockhurst University Kansas,MO,,27.1,3,1,1,1,0,unipage.net,LOCAL_CAMPUS_TUTORING,,HIGH,STRONG,STRONG,LOW_EVIDENCE,NO,NO,NO,YES,PARTIAL,unipage.net,unipage.net accounting,Rockhurst University Kansas financial accounting exam,Rockhurst University Kansas accounting tutoring,2,unipage.net,low
03bd72c1-3c7e-4b34-8f74-9b1da782f752,Erskine College,SC,BA 221,27.1,3,1,0,0,0,Course Hero,NOTES_MARKETPLACE,,LOW,WEAK,WEAK,LOW_EVIDENCE,YES,NO,NO,NO,YES,,,BA 221 exam 1,BA 221 practice exam,3,coursehero.com,low
09de9381-4821-4dd2-af13-9b0dab76009d,Rockhurst University,MO,AC 2010,27.1,3,5,0,0,0,Stuvia,NOTES_MARKETPLACE,,LOW,MODERATE,WEAK,LOW_EVIDENCE,YES,NO,NO,NO,YES,,,AC 2010 exam 1,AC 2010 practice exam,3,stuvia.com; apa.org; cambridge.org; gifttutoring.org; aaai.org,low
f0f41169-393f-4a62-b77e-d99007dbbafe,Saddleback College,CA,,27,3,2,2,0,0,Course Hero,NOTES_MARKETPLACE,,LOW,MODERATE,WEAK,LOW_EVIDENCE,YES,NO,NO,NO,PARTIAL,,,Saddleback financial accounting exam,Saddleback accounting tutoring,2,coursehero.com; quizlet.com,low
3448114c-075e-4d97-87a2-f555c22d2e22,Western Colorado University,CO,ACC 201,27,3,7,3,3,1,acc201uky.com,COURSE_SPECIFIC_SITE,,HIGH,STRONG,STRONG,CROWDED,YES,NO,NO,YES,YES,acc201uky.com,acc201uky.com accounting,ACC 201 exam 1,ACC 201 practice exam,3,princetonreview.com; quizlet.com; acc201uky.com; unlvbap.org; teacheron.com; emaze.com; brainfuse.com,low
6432dced-bb87-4968-ba01-d5ab3c7075e5,Wilkes University,PA,,27,3,6,3,1,0,FrogTutoring,MULTI_CAMPUS_TUTORING,,HIGH,STRONG,STRONG,LOW_EVIDENCE,YES,NO,NO,YES,PARTIAL,FrogTutoring,FrogTutoring accounting,Wilkes financial accounting exam,Wilkes accounting tutoring,2,tutorselect.com; frogtutoring.com; timesleader.com; wyzant.com; princetonreview.com; stuvia.com,low
2549e4aa-15b7-4286-92b9-5042805a6e5a,Chipola College,FL,,27,3,0,0,0,0,,,,UNKNOWN,UNKNOWN,UNKNOWN,LOW_EVIDENCE,YES,NO,NO,NO,PARTIAL,,,Chipola financial accounting exam,Chipola accounting tutoring,2,,low
c6f2425e-f4fb-4145-a230-429cd9359057,William Jewell College,MO,,26.9,3,2,0,0,0,The Princeton Review,TUTOR_MARKETPLACE,,LOW,MODERATE,WEAK,LOW_EVIDENCE,YES,NO,NO,NO,PARTIAL,,,William Jewell College financial accounting exam,William Jewell College accounting tutoring,2,princetonreview.com; coursehero.com,low
5c3debe3-95b4-4dd9-8680-23c8c72c1077,University of St. Thomas,TX,ACCT 2301,26.8,3,8,4,2,1,acct2301.com,COURSE_SPECIFIC_SITE,,HIGH,STRONG,STRONG,CROWDED,YES,NO,NO,YES,YES,acct2301.com,acct2301.com accounting,ACCT 2301 exam 1,ACCT 2301 practice exam,3,varsitytutors.com; joinknack.com; coursehero.com; princetonreview.com; acct2301.com; atmtutoring.com; campuslabs.com; wyzant.com,low
aa693672-2bb7-4b81-847c-7b7be9f3ab10,City College of San Francisco,CA,,26.8,3,1,1,0,0,Course Hero,NOTES_MARKETPLACE,,LOW,WEAK,WEAK,LOW_EVIDENCE,YES,NO,NO,NO,PARTIAL,,,CCSF financial accounting exam,CCSF accounting tutoring,2,coursehero.com,low
e623f3ab-9b03-424f-9bdc-d3422a1ef17a,Bay Path University,MA,ACC 100,26.8,3,3,2,1,1,Wize Prep,MULTI_CAMPUS_TUTORING,,HIGH,STRONG,STRONG,VALIDATED_PAID_MARKET,YES,NO,NO,YES,YES,Wize Prep,Wize Prep accounting,ACC 100 exam 1,ACC 100 practice exam,3,torontomu.ca; tmututor.com; wizeprep.com,low
2295938f-dc14-4a90-af6f-2cd67c4d98cb,Univ of Alaska Southeast,AK,ACCT S201,26.7,3,1,1,0,0,Course Hero,NOTES_MARKETPLACE,,LOW,WEAK,WEAK,LOW_EVIDENCE,YES,NO,NO,NO,YES,,,ACCT S201 exam 1,ACCT S201 practice exam,3,coursehero.com,low
64eba2ec-0147-42d0-bf3a-cb4fbd597666,Orange Coast College,CA,,26.6,3,4,3,1,0,governmentjobs.com,LOCAL_CAMPUS_TUTORING,$2,MEDIUM,STRONG,STRONG,LOW_EVIDENCE,YES,NO,NO,YES,PARTIAL,governmentjobs.com,governmentjobs.com accounting,OCC financial accounting exam,OCC accounting tutoring,2,superprof.com; governmentjobs.com; coursehero.com; cliffsnotes.com,low
1eb85006-b10a-4afc-bc07-ed87060b60bd,Johnson County Community College,KS,,26.6,3,2,0,0,0,Varsity Tutors,TUTOR_MARKETPLACE,,LOW,MODERATE,WEAK,LOW_EVIDENCE,YES,NO,NO,NO,PARTIAL,,,JCCC financial accounting exam,JCCC accounting tutoring,2,varsitytutors.com; coursehero.com,low
bdeb1f43-8b3b-433c-9f75-2046a52d6e59,Santa Rosa Junior College,CA,,26.5,3,4,3,2,0,icangotocollege.com,LOCAL_CAMPUS_TUTORING,,HIGH,STRONG,STRONG,LOW_EVIDENCE,YES,NO,NO,YES,PARTIAL,FrogTutoring,FrogTutoring accounting,SRJC financial accounting exam,SRJC accounting tutoring,2,frogtutoring.com; wyzant.com; icangotocollege.com; coursehero.com,low
163adfda-42e6-4a63-9af0-2c63d4e871e5,De Anza College,CA,,26.5,3,3,2,2,0,lavozdeanza.com,LOCAL_CAMPUS_TUTORING,,HIGH,STRONG,STRONG,LOW_EVIDENCE,YES,NO,NO,YES,PARTIAL,lavozdeanza.com,lavozdeanza.com accounting,De Anza financial accounting exam,De Anza accounting tutoring,2,lavozdeanza.com; coursehero.com; circleram.com,low
c3766dfa-b24b-4817-8c18-4a217e3f608f,Central College,IA,ACCT 241,26.5,3,4,3,1,1,Course Hero,NOTES_MARKETPLACE,,HIGH,STRONG,STRONG,CROWDED,YES,NO,NO,YES,YES,centralcu.org,centralcu.org accounting,ACCT 241 exam 1,ACCT 241 practice exam,3,centralcu.org; princetonreview.com; coursehero.com; study.com,low
0af70b45-ea23-4541-bcf0-b498b7c7dea2,Metro Community College Ft Omaha E,NE,,26.2,3,0,0,0,0,,,,UNKNOWN,UNKNOWN,UNKNOWN,LOW_EVIDENCE,YES,NO,NO,NO,PARTIAL,,,Metro Community College financial accounting exam,Metro Community College accounting tutoring,2,,low
55262f96-e712-463b-bf70-01c2ddde5e7e,Metropolitan Community College,NE,,26.2,3,2,0,0,0,Varsity Tutors,TUTOR_MARKETPLACE,,LOW,MODERATE,WEAK,LOW_EVIDENCE,YES,NO,NO,NO,PARTIAL,,,Metro financial accounting exam,Metro accounting tutoring,2,varsitytutors.com; docsity.com,low
2ab31520-af20-40bc-98c3-10e4eb16b553,Tidewater Community College,VA,,26.1,3,5,3,2,1,Course Hero,NOTES_MARKETPLACE,,HIGH,STRONG,STRONG,LOW_EVIDENCE,YES,NO,NO,YES,PARTIAL,libcal.com,libcal.com accounting,TCC financial accounting exam,TCC accounting tutoring,2,libcal.com; wyzant.com; coursehero.com; windows.net; studocu.com,low
aca746c3-6b65-4ce0-aac9-c0278c486da5,Community College of Baltimore County,MD,,26.1,3,4,3,1,0,governmentjobs.com,LOCAL_CAMPUS_TUTORING,$2,HIGH,STRONG,STRONG,LOW_EVIDENCE,YES,NO,NO,YES,PARTIAL,governmentjobs.com,governmentjobs.com accounting,CCBC financial accounting exam,CCBC accounting tutoring,2,wyzant.com; governmentjobs.com; coursehero.com; studocu.com,low
0a691d0a-34aa-4226-8511-bd241c559a29,Cal Poly Humboldt,CA,,26.1,3,0,0,0,0,,,,UNKNOWN,UNKNOWN,UNKNOWN,LOW_EVIDENCE,YES,NO,NO,NO,PARTIAL,,,Humboldt financial accounting exam,Humboldt accounting tutoring,2,,low
dc001c64-7bc5-4bc3-bf4b-4ab00cea5bde,Wartburg College,IA,,26.1,3,2,1,1,0,FrogTutoring,MULTI_CAMPUS_TUTORING,,HIGH,STRONG,STRONG,LOW_EVIDENCE,YES,NO,NO,YES,PARTIAL,FrogTutoring,FrogTutoring accounting,Wartburg financial accounting exam,Wartburg accounting tutoring,2,frogtutoring.com; princetonreview.com,low
69189032-e251-48ca-86b2-9ac8b8a67c39,Univ of District of Columbia,DC,,26.1,3,2,1,1,0,FrogTutoring,MULTI_CAMPUS_TUTORING,,HIGH,STRONG,STRONG,LOW_EVIDENCE,YES,NO,NO,YES,PARTIAL,FrogTutoring,FrogTutoring accounting,Univ of District of Columbia financial accounting exam,Univ of District of Columbia accounting tutoring,2,frogtutoring.com; seeforever.org,low
e3114266-7c3f-4cd0-b4aa-56d1f4ea58d5,Los Angeles Valley College,CA,,26,3,3,3,2,0,jobapscloud.com,LOCAL_CAMPUS_TUTORING,,HIGH,STRONG,STRONG,LOW_EVIDENCE,YES,NO,NO,YES,PARTIAL,jobapscloud.com,jobapscloud.com accounting,Valley College financial accounting exam,Valley College accounting tutoring,2,coursehero.com; jobapscloud.com; lavcfoundation.org,low
8dfbf0a0-ff60-4411-a8fb-1e79b524a9ee,Ouachita Baptist University,AR,ACCT 2013,26,3,10,7,3,2,acct2013msu.com,COURSE_SPECIFIC_SITE,,HIGH,STRONG,STRONG,CROWDED,YES,NO,NO,YES,YES,acct2013msu.com,acct2013msu.com accounting,ACCT 2013 exam 1,ACCT 2013 practice exam,3,com.gh; advancedlearners.com; varsitytutors.com; princetonreview.com; quizlet.com; studocu.com; acct2013msu.com; wizeprep.com,low
960ac540-be74-4a05-8d1c-e84de0c293e8,Ottawa University,KS,ACC 20364,26,3,8,6,1,1,Course Hero,NOTES_MARKETPLACE,,HIGH,STRONG,STRONG,VALIDATED_PAID_MARKET,YES,NO,NO,YES,YES,Wize Prep,Wize Prep accounting,ACC 20364 exam 1,ACC 20364 practice exam,3,universitytutor.com; varsitytutors.com; tutorocean.com; coursehero.com; studocu.com; wizeprep.com; quizlet.com; sweetstudy.com,low
b230da3f-ad97-4124-864a-2b126ffa8eac,Rensselaer Poly Institute,NY,,26,3,0,0,0,0,,,,UNKNOWN,UNKNOWN,UNKNOWN,LOW_EVIDENCE,NO,NO,NO,NO,PARTIAL,,,Rensselaer Poly Institute financial accounting exam,Rensselaer Poly Institute accounting tutoring,2,,low
7c06eaea-9a16-4010-a9b9-2e20c245b7a0,Lower Columbia College,WA,,26,3,0,0,0,0,,,,UNKNOWN,UNKNOWN,UNKNOWN,LOW_EVIDENCE,YES,NO,NO,NO,PARTIAL,,,LCC financial accounting exam,LCC accounting tutoring,2,,low
2547e625-3204-4a9f-9a1a-0f257e64f2ad,Chandler–Gilbert Community College,AZ,,25.8,3,2,1,1,0,tutordoctor.com,LOCAL_CAMPUS_TUTORING,,HIGH,STRONG,STRONG,LOW_EVIDENCE,YES,NO,NO,YES,PARTIAL,tutordoctor.com,tutordoctor.com accounting,CGCC financial accounting exam,CGCC accounting tutoring,2,tutordoctor.com; coursehero.com,low
7148ae85-ca10-4541-89d6-dfb8dce8b24a,Tulsa Community College,OK,,25.7,3,2,1,0,0,Varsity Tutors,TUTOR_MARKETPLACE,,LOW,MODERATE,WEAK,LOW_EVIDENCE,YES,NO,NO,NO,PARTIAL,,,TCC financial accounting exam,TCC accounting tutoring,2,varsitytutors.com; cliffsnotes.com,low
8076bc57-904c-42e0-a2f2-01adc659fa82,Queens Univ of Charlotte,NC,ACC 120,25.7,3,5,1,1,0,FrogTutoring,MULTI_CAMPUS_TUTORING,,HIGH,STRONG,STRONG,VALIDATED_PAID_MARKET,YES,NO,NO,YES,YES,FrogTutoring,FrogTutoring accounting,ACC 120 exam 1,ACC 120 practice exam,3,frogtutoring.com; wyzant.com; princetonreview.com; studocu.com; tutorocean.com,low
e1d3aaab-0722-4800-8b9d-2eedf84393b8,Austin Community College,TX,,25.6,3,3,3,2,1,Course Hero,NOTES_MARKETPLACE,,HIGH,STRONG,STRONG,LOW_EVIDENCE,YES,NO,NO,YES,PARTIAL,another71.com,another71.com accounting,ACC financial accounting exam,ACC accounting tutoring,2,coursehero.com; another71.com; unmudl.com,low
8666d5d1-85ec-4e4c-af1c-8e25a7c5d880,Sul Ross State University,TX,,25.6,3,2,1,0,0,UniversityTutor,TUTOR_MARKETPLACE,,LOW,MODERATE,WEAK,LOW_EVIDENCE,YES,NO,NO,NO,PARTIAL,,,Sul Ross financial accounting exam,Sul Ross accounting tutoring,2,universitytutor.com; coursehero.com,low
0c1f92c6-28ac-4337-a9ff-cc37dde1e15c,University of Hawaii at Hilo,HI,,25.4,3,3,2,2,0,candidcareer.com,LOCAL_CAMPUS_TUTORING,,HIGH,STRONG,STRONG,LOW_EVIDENCE,YES,NO,NO,YES,PARTIAL,candidcareer.com,candidcareer.com accounting,University of Hawaii at Hilo financial accounting exam,University of Hawaii at Hilo accounting tutoring,2,candidcareer.com; docsity.com; eduopinions.com,low
277031ea-17f5-47ee-b8e4-51e4e9f008b2,Penn State York,PA,ACCTG 211,25.4,3,6,5,3,0,spglobal.com,LOCAL_CAMPUS_TUTORING,,HIGH,STRONG,STRONG,CROWDED,YES,NO,NO,YES,YES,spglobal.com,spglobal.com accounting,ACCTG 211 exam 1,ACCTG 211 practice exam,3,quizlet.com; spglobal.com; liontutors.com; tierneyeducation.com; vaia.com; wayup.com,low
892382c3-5770-41cb-b94f-8407abd92be8,Indiana University Northwest,IN,BUS-A 201,25.3,3,7,7,3,0,busa201.com,LOCAL_CAMPUS_TUTORING,,HIGH,STRONG,STRONG,CROWDED,YES,YES,YES,YES,YES,FrogTutoring,FrogTutoring accounting,BUS-A 201 exam 1,BUS-A 201 practice exam,3,frogtutoring.com; princetonreview.com; wyzant.com; busa201.com; fennie.ai; co.uk; preply.com,low
0fad3da2-b1f2-4e2b-9637-7b5d0737ec4d,Harris-Stowe State Univ St.,MO,,25.2,3,3,1,0,0,Course Hero,NOTES_MARKETPLACE,,LOW,MODERATE,WEAK,LOW_EVIDENCE,YES,NO,NO,NO,PARTIAL,,,Harris-Stowe State Univ St. financial accounting exam,Harris-Stowe State Univ St. accounting tutoring,2,princetonreview.com; coursehero.com; scribd.com,low
f8ac653e-067b-4df9-aa85-52a834d3bf8f,Oakland Community College,MI,,25.1,3,6,3,0,1,Course Hero,NOTES_MARKETPLACE,,HIGH,MODERATE,WEAK,LOW_EVIDENCE,YES,NO,NO,NO,PARTIAL,,,OCC financial accounting exam,OCC accounting tutoring,2,governmentjobs.com; varsitytutors.com; coursehero.com; studysoup.com; quizlet.com; studocu.com,low
972451c3-bc5e-48d7-9f88-868a55378efa,Vanderbilt University,TN,BUS 1100,25,3,10,5,2,1,Course Hero,NOTES_MARKETPLACE,,HIGH,STRONG,STRONG,CROWDED,YES,NO,NO,YES,YES,bufftutor.com,bufftutor.com accounting,BUS 1100 exam 1,BUS 1100 practice exam,3,wyzant.com; bufftutor.com; varsitytutors.com; superprof.ng; docsity.com; uworld.com; zhihu.com; coursehero.com,low
336bd28f-485a-48af-a24c-9794cf742cfa,San Jacinto College,TX,,24.9,3,2,2,1,0,FrogTutoring,MULTI_CAMPUS_TUTORING,,HIGH,STRONG,STRONG,LOW_EVIDENCE,YES,NO,NO,YES,PARTIAL,FrogTutoring,FrogTutoring accounting,San Jac financial accounting exam,San Jac accounting tutoring,2,frogtutoring.com; coursehero.com,low
9a2a8eae-cc53-4fe9-843f-9fff41401846,Frostburg State University,MD,,24.9,3,4,2,0,0,The Princeton Review,TUTOR_MARKETPLACE,,LOW,MODERATE,WEAK,LOW_EVIDENCE,YES,NO,NO,NO,PARTIAL,,,Frostburg State University financial accounting exam,Frostburg State University accounting tutoring,2,princetonreview.com; universitytutor.com; quizlet.com; studocu.com,low
f4d7a095-1bc3-4c0f-bf31-34fc8e61f1ab,Union University,TN,ACC 211,24.9,3,5,2,2,0,teacheron.com,LOCAL_CAMPUS_TUTORING,"NGN 3,000–5,000/hour; NGN 80,000–100,000/month; NGN 5,000–10,000/hour; NGN 10,000–20,000/hour; NGN 10,000–30,000/week; NGN 10,000–15,000/hour; NGN 1,000–2,000/hour; NGN 5,000–20,000/hour",HIGH,STRONG,STRONG,CROWDED,YES,NO,NO,YES,YES,FrogTutoring,FrogTutoring accounting,ACC 211 exam 1,ACC 211 practice exam,3,frogtutoring.com; universitytutor.com; coursehero.com; studocu.com; teacheron.com,low
7839ef8a-5b97-42fc-8d0d-300552c364bd,University of Dallas,TX,BUS 1310,24.9,3,5,2,2,1,Wize Prep,MULTI_CAMPUS_TUTORING,,HIGH,STRONG,STRONG,VALIDATED_PAID_MARKET,YES,NO,NO,YES,YES,Wize Prep,Wize Prep accounting,BUS 1310 exam 1,BUS 1310 practice exam,3,frogtutoring.com; princetonreview.com; tx.cpa; wizeprep.com; coursehero.com,low
342bca14-34bc-49fa-bac0-b7bc73bdbfb8,Harrisburg Area Community College,PA,,24.7,3,4,2,1,0,mathhelp.com,LOCAL_CAMPUS_TUTORING,,MEDIUM,STRONG,STRONG,LOW_EVIDENCE,YES,NO,NO,YES,PARTIAL,mathhelp.com,mathhelp.com accounting,HACC financial accounting exam,HACC accounting tutoring,2,tutorselect.com; studocu.com; mathhelp.com; coursehero.com,low
520243a8-73d8-45ea-80d6-3b1e7a7f1fa3,Webster University St.,MO,,24.7,3,1,1,0,0,schooltutoring.com,INDIVIDUAL_OR_LOCAL,,LOW,WEAK,WEAK,LOW_EVIDENCE,YES,NO,NO,NO,PARTIAL,,,Webster University St. financial accounting exam,Webster University St. accounting tutoring,2,schooltutoring.com,low
91e62f9c-43b0-41f3-a84d-002824754da6,University of Oklahoma,OK,ACCT 2113,24.7,3,7,7,2,1,Course Hero,NOTES_MARKETPLACE,,HIGH,STRONG,STRONG,VALIDATED_PAID_MARKET,YES,NO,NO,YES,YES,Knack,Knack accounting,ACCT 2113 exam 1,ACCT 2113 practice exam,3,405tutoring.com; joinknack.com; frogtutoring.com; superprof.ng; quizlet.com; coursehero.com; docsity.com,low
ea7f5b3c-4903-4c05-aff5-328a1c1de292,Alabama State University,AL,ACT 211,24.5,3,8,4,2,0,FrogTutoring,MULTI_CAMPUS_TUTORING,,HIGH,STRONG,STRONG,VALIDATED_PAID_MARKET,YES,NO,NO,YES,YES,FrogTutoring,FrogTutoring accounting,ACT 211 exam 1,ACT 211 practice exam,3,frogtutoring.com; joinknack.com; princetonreview.com; wyzant.com; docsity.com; troy-d-romero.com; coursehero.com; finalsite.net,low
2c4a27b0-8a7e-47f8-94bc-ee1f94c88d37,Community College of Rhode Island,RI,,24.4,3,3,2,1,1,Quizlet,NOTES_MARKETPLACE,,HIGH,STRONG,STRONG,LOW_EVIDENCE,YES,NO,NO,YES,PARTIAL,accounting.com,accounting.com accounting,CCRI financial accounting exam,CCRI accounting tutoring,2,varsitytutors.com; quizlet.com; accounting.com,low
c1a80a4b-0acb-4a94-831e-06680837522b,Jefferson Community and Technical College,KY,,24.4,3,1,1,0,1,Course Hero,NOTES_MARKETPLACE,,HIGH,WEAK,WEAK,LOW_EVIDENCE,NO,NO,NO,NO,PARTIAL,,,JCTC financial accounting exam,JCTC accounting tutoring,2,coursehero.com,low
f7dd7f3d-c11f-47fa-a968-32b7f180a202,Amberton University,TX,,24.4,3,3,2,2,0,FrogTutoring,MULTI_CAMPUS_TUTORING,,HIGH,STRONG,STRONG,LOW_EVIDENCE,YES,YES,NO,YES,PARTIAL,FrogTutoring,FrogTutoring accounting,Amberton financial accounting exam,Amberton accounting tutoring,2,frogtutoring.com; quizlet.com; wizeprep.com,low
d4a67616-74fe-4cbd-bfa1-77901bd027cd,Berry College Mount,GA,,24.3,3,1,0,0,0,purplemath.com,INDIVIDUAL_OR_LOCAL,,LOW,WEAK,WEAK,LOW_EVIDENCE,NO,NO,NO,NO,PARTIAL,,,Berry College Mount financial accounting exam,Berry College Mount accounting tutoring,2,purplemath.com,low
ccee7297-0b61-4436-bd00-f71019547067,Chabot College,CA,,24.2,3,4,2,1,0,mathhelp.com,LOCAL_CAMPUS_TUTORING,,MEDIUM,STRONG,STRONG,LOW_EVIDENCE,YES,NO,NO,YES,PARTIAL,mathhelp.com,mathhelp.com accounting,Chabot financial accounting exam,Chabot accounting tutoring,2,degreeforum.net; coursehero.com; mathhelp.com; studocu.com,low
569ea866-31b2-4e34-bd4a-c9fd5ed8570d,Irvine Valley College,CA,,23.9,3,1,1,0,0,Course Hero,NOTES_MARKETPLACE,,LOW,WEAK,WEAK,LOW_EVIDENCE,YES,NO,NO,NO,PARTIAL,,,IVC financial accounting exam,IVC accounting tutoring,2,coursehero.com,low
92e2c12c-b56b-4012-b97d-acdc0396d71e,Nassau Community College,NY,,23.9,3,1,0,0,1,Course Hero,NOTES_MARKETPLACE,,HIGH,WEAK,WEAK,LOW_EVIDENCE,YES,NO,NO,NO,PARTIAL,,,NCC financial accounting exam,NCC accounting tutoring,2,coursehero.com,low
46195ee9-9599-4f71-b624-079d1c2aedad,Jacksonville University,FL,ACCT 201,23.9,3,6,4,1,1,acct201a.com,COURSE_SPECIFIC_SITE,,HIGH,STRONG,STRONG,CROWDED,YES,NO,NO,YES,YES,acct201a.com,acct201a.com accounting,ACCT 201 exam 1,ACCT 201 practice exam,3,superprof.com; universitytutor.com; docsity.com; princetonreview.com; studocu.com; acct201a.com,low
1a36c076-bb65-4fab-87d0-389c52320681,Texas State Technical College,TX,,23.8,3,1,1,0,0,Course Hero,NOTES_MARKETPLACE,,LOW,WEAK,WEAK,LOW_EVIDENCE,YES,NO,NO,NO,PARTIAL,,,TSTC financial accounting exam,TSTC accounting tutoring,2,coursehero.com,low
99391f60-44a3-4844-bb5d-7859ec3b82a7,Ohio Northern University,OH,BIZ 2101,23.8,3,3,0,1,0,northernreview.org,LOCAL_CAMPUS_TUTORING,,MEDIUM,STRONG,STRONG,VALIDATED_PAID_MARKET,YES,NO,NO,YES,YES,northernreview.org,northernreview.org accounting,BIZ 2101 exam 1,BIZ 2101 practice exam,3,varsitytutors.com; princetonreview.com; northernreview.org,low
b3d05deb-1b8c-415c-affe-ea7a707e5e1a,Ventura College,CA,,23.7,3,4,4,1,0,azurewebsites.net,LOCAL_CAMPUS_TUTORING,,HIGH,STRONG,STRONG,LOW_EVIDENCE,YES,NO,NO,YES,PARTIAL,azurewebsites.net,azurewebsites.net accounting,Ventura College financial accounting exam,Ventura College accounting tutoring,2,wyzant.com; coursehero.com; azurewebsites.net; communitycollegecareerconnect.com,low
eb727b6b-e7ce-4b06-a715-57f9cee04d2a,Northwest College,WY,,23.7,3,1,1,0,0,TutorSelect,TUTOR_MARKETPLACE,,LOW,WEAK,WEAK,LOW_EVIDENCE,NO,NO,NO,NO,PARTIAL,,,Northwest College financial accounting exam,Northwest College accounting tutoring,2,tutorselect.com,low
5a0ea0ba-1598-44be-9ac6-20117745ab68,Anne Arundel Community College,MD,,23.6,3,0,0,0,0,,,,UNKNOWN,UNKNOWN,UNKNOWN,LOW_EVIDENCE,YES,NO,NO,NO,PARTIAL,,,AACC financial accounting exam,AACC accounting tutoring,2,,low
aa44b165-a6cc-4c71-b271-e34d92118f3a,University of Detroit Mercy,MI,,23.5,3,4,3,1,0,FrogTutoring,MULTI_CAMPUS_TUTORING,,HIGH,STRONG,STRONG,LOW_EVIDENCE,YES,NO,NO,YES,PARTIAL,FrogTutoring,FrogTutoring accounting,University of Detroit Mercy financial accounting exam,University of Detroit Mercy accounting tutoring,2,varsitytutors.com; frogtutoring.com; thevarsitynews.net; universitytutor.com,low
9d3c5ea8-f147-46b6-b81b-7a5fe08de8a4,Alfred University,NY,,23.5,3,2,1,1,0,FrogTutoring,MULTI_CAMPUS_TUTORING,,HIGH,STRONG,STRONG,LOW_EVIDENCE,YES,NO,NO,YES,PARTIAL,FrogTutoring,FrogTutoring accounting,Alfred University financial accounting exam,Alfred University accounting tutoring,2,frogtutoring.com; princetonreview.com,low
9ac3cbcb-4a60-4405-8d96-ee7fcf80584c,Prince George's Community College,MD,,23.3,3,1,0,1,0,comevo.com,LOCAL_CAMPUS_TUTORING,,MEDIUM,STRONG,STRONG,LOW_EVIDENCE,YES,NO,NO,YES,PARTIAL,comevo.com,comevo.com accounting,PGCC financial accounting exam,PGCC accounting tutoring,2,comevo.com,low
c47176e3-d0e5-4e38-939b-89180bb0556c,Front Range Community College,CO,,23.2,3,0,0,0,0,,,,UNKNOWN,UNKNOWN,UNKNOWN,LOW_EVIDENCE,YES,NO,NO,NO,PARTIAL,,,FRCC financial accounting exam,FRCC accounting tutoring,2,,low
c344c808-1d67-44ff-a972-092a832c39db,Cuesta College,CA,,23.2,3,2,1,1,0,icangotocollege.com,LOCAL_CAMPUS_TUTORING,,MEDIUM,STRONG,STRONG,LOW_EVIDENCE,YES,NO,NO,YES,PARTIAL,icangotocollege.com,icangotocollege.com accounting,Cuesta financial accounting exam,Cuesta accounting tutoring,2,icangotocollege.com; coursehero.com,low
6c3227b1-ac79-4962-931e-7700a8bcc96f,Golden West College,CA,,23.2,3,1,1,1,0,goldenwestcareereducation.com,LOCAL_CAMPUS_TUTORING,,HIGH,STRONG,STRONG,LOW_EVIDENCE,YES,NO,NO,YES,PARTIAL,goldenwestcareereducation.com,goldenwestcareereducation.com accounting,Golden West financial accounting exam,Golden West accounting tutoring,2,goldenwestcareereducation.com,low
4277ee6f-3ba3-490c-aac0-1034bb15a547,Laney College,CA,,22.9,3,3,1,1,0,icangotocollege.com,LOCAL_CAMPUS_TUTORING,,MEDIUM,STRONG,STRONG,LOW_EVIDENCE,YES,NO,NO,YES,PARTIAL,icangotocollege.com,icangotocollege.com accounting,Laney financial accounting exam,Laney accounting tutoring,2,icangotocollege.com; studocu.com; coursehero.com,low
b672bbda-beea-49ff-aa2c-86fd70c74b6b,Univ N Carolina at Pembroke,NC,ACC 2270,22.9,3,6,4,2,1,Course Hero,NOTES_MARKETPLACE,,HIGH,STRONG,STRONG,CROWDED,YES,NO,NO,YES,YES,FrogTutoring,FrogTutoring accounting,ACC 2270 exam 1,ACC 2270 practice exam,3,frogtutoring.com; heytutor.com; wyzant.com; princetonreview.com; coursehero.com; cliffsnotes.com,low
9d076366-8d03-44d4-856f-c5cee36cd4ab,Univ N Carolina at Charlotte,NC,ACCT 2121,22.9,3,7,7,2,0,tutors.com,LOCAL_CAMPUS_TUTORING,,HIGH,STRONG,STRONG,CROWDED,NO,NO,NO,YES,YES,tutors.com,tutors.com accounting,ACCT 2121 exam 1,ACCT 2121 practice exam,3,varsitytutors.com; universitytutor.com; tutors.com; preply.com; frogtutoring.com; scribd.com; cliffsnotes.com,low
e831fd80-ba40-4abb-bcdc-5f395f10ebd9,Brookdale Community College,NJ,,22.5,3,1,1,0,1,Course Hero,NOTES_MARKETPLACE,,HIGH,WEAK,WEAK,LOW_EVIDENCE,YES,NO,NO,NO,PARTIAL,,,Brookdale financial accounting exam,Brookdale accounting tutoring,2,coursehero.com,low
14304f21-086e-4e59-9c54-52684fa8251e,Westminster College - Pennsylvania,PA,,22.5,3,0,0,0,0,,,,UNKNOWN,UNKNOWN,UNKNOWN,LOW_EVIDENCE,YES,NO,NO,NO,PARTIAL,,,Westminster financial accounting exam,Westminster accounting tutoring,2,,low
34714288-6630-4265-a831-f04fa103fe63,Penn State New Kensington,PA,ACCTG 211,22.4,3,6,5,3,0,therla.org,LOCAL_CAMPUS_TUTORING,,HIGH,STRONG,STRONG,CROWDED,YES,NO,NO,YES,YES,therla.org,therla.org accounting,ACCTG 211 exam 1,ACCTG 211 practice exam,3,therla.org; quizlet.com; liontutors.com; tierneyeducation.com; vaia.com; wayup.com,low
5df1c263-9cb3-4545-b4a6-eaca56a8fb8f,Bryant & Stratton College,NY,ACCT 100,22.4,3,4,4,1,1,Course Hero,NOTES_MARKETPLACE,,HIGH,STRONG,STRONG,CROWDED,YES,NO,NO,YES,YES,sonara.ai,sonara.ai accounting,ACCT 100 exam 1,ACCT 100 practice exam,3,sonara.ai; coursehero.com; tutors-on-call.com; scribd.com,low
9ed8c466-4196-4225-96a6-be527a2823e4,Bethune-Cookman University Daytona,FL,,22.3,3,3,3,0,0,UWorld,EXAM_PREP_PLATFORM,$1,LOW,MODERATE,WEAK,LOW_EVIDENCE,NO,NO,NO,YES,PARTIAL,UWorld,UWorld accounting,Bethune-Cookman University Daytona financial accounting exam,Bethune-Cookman University Daytona accounting tutoring,2,vaia.com; universitytutor.com; uworld.com,low
f47c0997-2c32-4abf-b468-ae3e6e8b0f8d,Modesto Junior College,CA,,22.2,3,2,2,0,0,Course Hero,NOTES_MARKETPLACE,,LOW,MODERATE,WEAK,LOW_EVIDENCE,YES,NO,NO,NO,PARTIAL,,,MJC financial accounting exam,MJC accounting tutoring,2,coursehero.com; studocu.com,low
fff8a734-eb34-4927-846d-50b30cdc1d59,Lansing Community College,MI,,22.1,3,4,3,2,0,career.io,LOCAL_CAMPUS_TUTORING,,HIGH,STRONG,STRONG,LOW_EVIDENCE,YES,NO,NO,YES,PARTIAL,career.io,career.io accounting,LCC financial accounting exam,LCC accounting tutoring,2,career.io; tutorselect.com; ler.me; coursehero.com,low
7c12b848-fed4-47c7-87c6-1613ffd16c0c,Evergreen Valley College,CA,,22,3,3,2,2,0,evctutoring.com,LOCAL_CAMPUS_TUTORING,,HIGH,STRONG,STRONG,LOW_EVIDENCE,YES,NO,NO,YES,PARTIAL,evctutoring.com,evctutoring.com accounting,EVC financial accounting exam,EVC accounting tutoring,2,evctutoring.com; icangotocollege.com; coursehero.com,low
f80519fd-1784-4a8e-a405-ebdd375eb45f,City Vision University,MO,,22,3,0,0,0,0,,,,UNKNOWN,UNKNOWN,UNKNOWN,LOW_EVIDENCE,YES,NO,NO,NO,PARTIAL,,,City Vision financial accounting exam,City Vision accounting tutoring,2,,low
66f2f8af-6af5-48d2-b1fe-c46b82f1082b,Schiller International University,FL,,22,3,0,0,0,0,,,,UNKNOWN,UNKNOWN,UNKNOWN,LOW_EVIDENCE,YES,NO,NO,NO,PARTIAL,,,Schiller financial accounting exam,Schiller accounting tutoring,2,,low
d4a7fffb-46c2-40b4-ba73-67432ef69acf,South Plains College,TX,,21.8,3,1,1,1,0,tx.cpa,LOCAL_CAMPUS_TUTORING,,HIGH,STRONG,STRONG,LOW_EVIDENCE,YES,NO,NO,YES,PARTIAL,tx.cpa,tx.cpa accounting,South Plains financial accounting exam,South Plains accounting tutoring,2,tx.cpa,low
9261c4f6-7fb7-4000-aaa7-12022e2464f0,Calvary Bible College,MO,,21.8,3,1,0,0,0,Docsity,NOTES_MARKETPLACE,,LOW,WEAK,WEAK,LOW_EVIDENCE,YES,NO,NO,NO,PARTIAL,,,Calvary Bible College financial accounting exam,Calvary Bible College accounting tutoring,2,docsity.com,low
c31d46b4-aef4-4e03-862c-a9efc6924752,Columbia International University,SC,ACC 2101,21.7,3,5,5,0,0,Docsity,NOTES_MARKETPLACE,,LOW,MODERATE,WEAK,LOW_EVIDENCE,YES,NO,NO,NO,YES,,,ACC 2101 exam 1,ACC 2101 practice exam,3,docsity.com; quizlet.com; studocu.com; coursehero.com; cliffsnotes.com,low
d725079a-c122-4041-89fb-685ddd4ef97d,Northampton Community College,PA,,21.6,3,1,0,0,0,Studocu,NOTES_MARKETPLACE,,LOW,WEAK,WEAK,LOW_EVIDENCE,YES,NO,NO,NO,PARTIAL,,,NCC financial accounting exam,NCC accounting tutoring,2,studocu.com,low
3c705af5-e9b4-48a5-a06d-eda9bd395ce8,Howard Community College,MD,,21.5,3,2,1,1,1,Course Hero,NOTES_MARKETPLACE,,HIGH,STRONG,STRONG,LOW_EVIDENCE,YES,NO,NO,YES,PARTIAL,peopleadmin.com,peopleadmin.com accounting,HCC financial accounting exam,HCC accounting tutoring,2,peopleadmin.com; coursehero.com,low
82a8f268-daae-4557-a54a-80b23f68ed7f,Coastline Community College,CA,,21.5,3,4,3,2,1,Course Hero,NOTES_MARKETPLACE,,HIGH,STRONG,STRONG,LOW_EVIDENCE,YES,NO,NO,YES,PARTIAL,governmentjobs.com,governmentjobs.com accounting,Coastline financial accounting exam,Coastline accounting tutoring,2,governmentjobs.com; icangotocollege.com; coursehero.com; studocu.com,low
7e8be616-afcd-4961-830d-87a484b80a50,Rice University,TX,,21.1,3,5,4,2,0,graduatetutor.com,LOCAL_CAMPUS_TUTORING,,HIGH,STRONG,STRONG,LOW_EVIDENCE,YES,NO,NO,YES,PARTIAL,FrogTutoring,FrogTutoring accounting,Rice University financial accounting exam,Rice University accounting tutoring,2,frogtutoring.com; wyzant.com; graduatetutor.com; universitytutor.com; coursehero.com,low
06bf71a9-dd00-4ec2-85b2-dc4ec507a5ec,Valparaiso University,IN,,21.1,3,4,0,0,0,Wyzant,TUTOR_MARKETPLACE,,LOW,MODERATE,WEAK,LOW_EVIDENCE,YES,NO,NO,NO,PARTIAL,,,Valparaiso University financial accounting exam,Valparaiso University accounting tutoring,2,wyzant.com; princetonreview.com; coursehero.com; studocu.com,low
18b2b639-de5a-41a6-b7b8-0e05f579b533,SUNY Fredonia,NY,ACCT 201,21,3,4,1,2,1,acct201a.com,COURSE_SPECIFIC_SITE,,HIGH,STRONG,STRONG,CROWDED,YES,NO,NO,YES,YES,acct201a.com,acct201a.com accounting,ACCT 201 exam 1,ACCT 201 practice exam,3,fredonialeader.org; princetonreview.com; coursehero.com; acct201a.com,low
f8cd97cd-6ba9-4282-abf1-2c2828fb627c,Brandeis University,MA,BUS 6a,21,3,6,5,0,0,Course Hero,NOTES_MARKETPLACE,,LOW,MODERATE,WEAK,LOW_EVIDENCE,YES,NO,NO,NO,YES,,,BUS 6a exam 1,BUS 6a practice exam,3,wyzant.com; coursehero.com; studocu.com; scribd.com; vaia.com; moovitapp.com,low
c16a3be6-feed-4831-b038-35b4e1aacc63,Furman University,SC,ACC 111,21,3,4,2,1,0,tutoringprof.com,LOCAL_CAMPUS_TUTORING,,HIGH,STRONG,STRONG,CROWDED,YES,NO,NO,YES,YES,tutoringprof.com,tutoringprof.com accounting,ACC 111 exam 1,ACC 111 practice exam,3,tutoringprof.com; studocu.com; princetonreview.com; coursehero.com,low
219109ba-69a3-44d4-87d9-ec01570b4e8e,Anderson University IN,IN,,21,3,3,1,1,0,american-school-search.com,LOCAL_CAMPUS_TUTORING,,MEDIUM,STRONG,STRONG,LOW_EVIDENCE,YES,NO,NO,YES,PARTIAL,american-school-search.com,american-school-search.com accounting,Anderson University IN financial accounting exam,Anderson University IN accounting tutoring,2,varsitytutors.com; princetonreview.com; american-school-search.com,low
6ae849d0-f506-4742-9231-abaccc8c562d,Marietta College,OH,,21,3,1,0,0,0,The Princeton Review,TUTOR_MARKETPLACE,,LOW,WEAK,WEAK,LOW_EVIDENCE,YES,NO,NO,NO,PARTIAL,,,Marietta College financial accounting exam,Marietta College accounting tutoring,2,princetonreview.com,low
ac57b18f-f6c2-424c-85dd-873eb8dddef0,Wilmington College,OH,EC 238,21,3,5,1,0,0,Varsity Tutors,TUTOR_MARKETPLACE,,LOW,MODERATE,WEAK,LOW_EVIDENCE,YES,NO,NO,NO,YES,,,EC 238 exam 1,EC 238 practice exam,3,varsitytutors.com; studocu.com; stuvia.com; coursehero.com; docsity.com,low
f0486b27-8b7a-410d-8d54-6dbf969747ac,Reedley College,CA,,20.9,3,3,2,1,0,FrogTutoring,MULTI_CAMPUS_TUTORING,,HIGH,STRONG,STRONG,LOW_EVIDENCE,YES,NO,NO,YES,PARTIAL,FrogTutoring,FrogTutoring accounting,Reedley College financial accounting exam,Reedley College accounting tutoring,2,frogtutoring.com; wyzant.com; studocu.com,low
76ddaad2-9bb1-4144-9493-b5dd39c3d8a5,Clarkson University,NY,,20.9,3,4,1,0,0,Varsity Tutors,TUTOR_MARKETPLACE,,LOW,MODERATE,WEAK,LOW_EVIDENCE,YES,NO,NO,NO,PARTIAL,,,Clarkson University financial accounting exam,Clarkson University accounting tutoring,2,varsitytutors.com; princetonreview.com; studocu.com; quizlet.com,low
2fb75c3f-c5c3-4de5-b82d-4e4684cea60f,Missouri Univ Science & Tech,MO,BUS 1210,20.9,3,0,0,0,0,,,,UNKNOWN,UNKNOWN,UNKNOWN,LOW_EVIDENCE,NO,NO,NO,NO,YES,,,BUS 1210 exam 1,BUS 1210 practice exam,3,,low
eef495d2-532c-4823-a8c3-764adb9268cb,Hannibal-LaGrange University,MO,ACC 243,20.9,3,5,1,1,0,missourihealthcareers.com,LOCAL_CAMPUS_TUTORING,,MEDIUM,STRONG,STRONG,CROWDED,YES,NO,NO,YES,YES,missourihealthcareers.com,missourihealthcareers.com accounting,ACC 243 exam 1,ACC 243 practice exam,3,studocu.com; missourihealthcareers.com; coursehero.com; cliffsnotes.com; dokumen.pub,low
27ba2556-1124-4a4a-9f65-447bc45bbc09,Germanna Virginia Community College,VA,,20.8,3,0,0,0,0,,,,UNKNOWN,UNKNOWN,UNKNOWN,LOW_EVIDENCE,YES,NO,NO,NO,PARTIAL,,,GVCC financial accounting exam,GVCC accounting tutoring,2,,low
a9e5ecb0-efcc-47f2-acfb-ca973240b0c7,East Central University,OK,,20.8,3,2,2,1,0,nse.org,LOCAL_CAMPUS_TUTORING,,HIGH,STRONG,STRONG,LOW_EVIDENCE,YES,NO,NO,YES,PARTIAL,nse.org,nse.org accounting,ECU financial accounting exam,ECU accounting tutoring,2,nse.org; vaia.com,low
1fe25f7c-0601-4e2d-be12-d6a2e4dac428,Germanna Community College,VA,,20.8,3,2,0,0,0,Studocu,NOTES_MARKETPLACE,,LOW,MODERATE,WEAK,LOW_EVIDENCE,YES,NO,NO,NO,PARTIAL,,,Germanna financial accounting exam,Germanna accounting tutoring,2,studocu.com; coursehero.com,low
0a2467b0-4236-4560-8258-9c06494ec754,Foothill College,CA,,20.7,3,1,1,0,0,Course Hero,NOTES_MARKETPLACE,,LOW,WEAK,WEAK,LOW_EVIDENCE,YES,NO,NO,NO,PARTIAL,,,Foothill financial accounting exam,Foothill accounting tutoring,2,coursehero.com,low
200ff92f-14f1-4ea5-a816-ff3a713d62a1,Claflin University,SC,ACCT 210,20.7,3,5,4,0,0,Course Hero,NOTES_MARKETPLACE,,LOW,MODERATE,WEAK,LOW_EVIDENCE,YES,NO,NO,NO,YES,,,ACCT 210 exam 1,ACCT 210 practice exam,3,coursehero.com; atmtutoring.com; csuebbap.club; picktime.com; tutoringprof.com,low
a4e6567b-2e3b-4ef4-a2f5-e20631d87f2f,Arcadia University,PA,,20.6,3,3,0,1,0,careerkarma.com,LOCAL_CAMPUS_TUTORING,,MEDIUM,STRONG,STRONG,LOW_EVIDENCE,YES,NO,NO,YES,PARTIAL,careerkarma.com,careerkarma.com accounting,Arcadia University financial accounting exam,Arcadia University accounting tutoring,2,universitytutor.com; princetonreview.com; careerkarma.com,low
12bbe4a6-0781-41f6-a0f4-590a8ea973c5,Lincoln University - California,CA,,20.6,3,0,0,0,0,,,,UNKNOWN,UNKNOWN,UNKNOWN,LOW_EVIDENCE,NO,NO,NO,NO,PARTIAL,,,Lincoln University California financial accounting exam,Lincoln University California accounting tutoring,2,,low
36b634ee-8202-4a0d-8ff6-0f45ce3a000b,Evangel University,MO,,20.4,3,2,0,1,0,acbsp.org,LOCAL_CAMPUS_TUTORING,,MEDIUM,STRONG,STRONG,LOW_EVIDENCE,YES,NO,NO,YES,PARTIAL,acbsp.org,acbsp.org accounting,Evangel University financial accounting exam,Evangel University accounting tutoring,2,setmore.com; acbsp.org,low
f0c53fab-d637-4f6c-8eef-97474fa31f1b,University of Mobile,AL,,20.2,3,0,0,0,0,,,,UNKNOWN,UNKNOWN,UNKNOWN,LOW_EVIDENCE,NO,NO,NO,NO,PARTIAL,,,Mobile financial accounting exam,Mobile accounting tutoring,2,,low
1cd28141-8461-4fe6-864d-c424dd1340fa,Owens Community College,OH,,20.1,3,0,0,0,0,,,,UNKNOWN,UNKNOWN,UNKNOWN,LOW_EVIDENCE,NO,NO,NO,NO,PARTIAL,,,Owens financial accounting exam,Owens accounting tutoring,2,,low
54240b28-04bf-435e-af0c-f7b60f26c3af,North Central Texas College,TX,,20,3,0,0,0,0,,,,UNKNOWN,UNKNOWN,UNKNOWN,LOW_EVIDENCE,NO,NO,NO,NO,PARTIAL,,,NCTC financial accounting exam,NCTC accounting tutoring,2,,low
ad7520ec-3975-4e99-9d34-35a1f46b0932,Linfield College,OR,BNAC 260,20,3,0,0,0,0,,,,UNKNOWN,UNKNOWN,UNKNOWN,LOW_EVIDENCE,NO,NO,NO,NO,YES,,,BNAC 260 exam 1,BNAC 260 practice exam,3,,low
e68d3256-de0a-4381-a0a5-a8dfebf4e3e5,Penn State Brandywine,PA,ACCTG 211,20,3,4,4,2,0,liontutors.com,LOCAL_CAMPUS_TUTORING,$359.00; $110.00,HIGH,STRONG,STRONG,CROWDED,YES,NO,NO,YES,YES,liontutors.com,liontutors.com accounting,ACCTG 211 exam 1,ACCTG 211 practice exam,3,liontutors.com; tierneyeducation.com; vaia.com; wayup.com,low
f2efedd3-7d70-4aaf-9346-cc5f46f5be05,Nelson University,TX,ACC 2213,19.9,3,0,0,0,0,,,,UNKNOWN,UNKNOWN,UNKNOWN,LOW_EVIDENCE,NO,NO,NO,NO,YES,,,ACC 2213 exam 1,ACC 2213 practice exam,3,,low
b3f40783-beaf-44f7-a90d-3c924710437a,Meredith College,NC,,19.8,3,0,0,0,0,,,,UNKNOWN,UNKNOWN,UNKNOWN,LOW_EVIDENCE,NO,NO,NO,NO,PARTIAL,,,Meredith College financial accounting exam,Meredith College accounting tutoring,2,,low
ec7bd556-5572-45ff-8860-f0ec230a7465,Penn State DuBois,PA,ACCT 211,19.8,3,3,3,2,1,Wize Prep,MULTI_CAMPUS_TUTORING,,HIGH,STRONG,STRONG,VALIDATED_PAID_MARKET,YES,NO,NO,YES,YES,Wize Prep,Wize Prep accounting,ACCT 211 exam 1,ACCT 211 practice exam,3,myworkdayjobs.com; wizeprep.com; picktime.com,low
2add23d8-7a54-45a0-be98-55f2e911a905,Ozarks Technical Community College,MO,,19.7,3,0,0,0,0,,,,UNKNOWN,UNKNOWN,UNKNOWN,LOW_EVIDENCE,NO,NO,NO,NO,PARTIAL,,,OTC financial accounting exam,OTC accounting tutoring,2,,low
378aee56-c546-4fd6-9e1f-1eb73502f55a,University of Akron,OH,,19.7,3,0,0,0,0,,,,UNKNOWN,UNKNOWN,UNKNOWN,LOW_EVIDENCE,NO,NO,NO,NO,PARTIAL,,,Akron financial accounting exam,Akron accounting tutoring,2,,low
678fb645-37f4-4a2e-a533-a83d5e5798d7,Greenville Technical College,SC,,19.6,3,0,0,0,0,,,,UNKNOWN,UNKNOWN,UNKNOWN,LOW_EVIDENCE,NO,NO,NO,NO,PARTIAL,,,GTC financial accounting exam,GTC accounting tutoring,2,,low
5f2e34bd-d832-4f30-87b4-698eb93cc40e,South Carolina State Univ,SC,ACCT207,19.6,3,0,0,0,0,,,,UNKNOWN,UNKNOWN,UNKNOWN,LOW_EVIDENCE,NO,NO,NO,NO,YES,,,ACCT207 exam 1,ACCT207 practice exam,3,,low
7cd43201-9dde-4cfa-be62-cd3008e13940,Shenandoah University,VA,BA 211,19.5,3,0,0,0,0,,,,UNKNOWN,UNKNOWN,UNKNOWN,LOW_EVIDENCE,NO,NO,NO,NO,YES,,,BA 211 exam 1,BA 211 practice exam,3,,low
b840ea4e-049e-4ad4-acfa-594f15dfd70a,Southwest Tennessee Community College,TN,,19.2,3,0,0,0,0,,,,UNKNOWN,UNKNOWN,UNKNOWN,LOW_EVIDENCE,NO,NO,NO,NO,PARTIAL,,,Southwest TN financial accounting exam,Southwest TN accounting tutoring,2,,low
1ea5aedb-ca83-4b0b-8a67-0922286988ba,Oxnard College,CA,,19.2,3,0,0,0,0,,,,UNKNOWN,UNKNOWN,UNKNOWN,LOW_EVIDENCE,NO,NO,NO,NO,PARTIAL,,,Oxnard College financial accounting exam,Oxnard College accounting tutoring,2,,low
198f0b0d-a269-494d-8d24-7b682822be61,Uof Arkansas at Pine Bluff Pine,AR,,19.1,3,0,0,0,0,,,,UNKNOWN,UNKNOWN,UNKNOWN,LOW_EVIDENCE,NO,NO,NO,NO,PARTIAL,,,Uof Arkansas at Pine Bluff Pine financial accounting exam,Uof Arkansas at Pine Bluff Pine accounting tutoring,2,,low
80f0a71a-4c1d-4ee6-8203-4713f3fe867f,Albion College,MI,,19.1,3,0,0,0,0,,,,UNKNOWN,UNKNOWN,UNKNOWN,LOW_EVIDENCE,NO,NO,NO,NO,PARTIAL,,,Albion College financial accounting exam,Albion College accounting tutoring,2,,low
d7f8594c-8a01-48e6-9b2f-8576ae47583e,Essex County College,NJ,,19,3,0,0,0,0,,,,UNKNOWN,UNKNOWN,UNKNOWN,LOW_EVIDENCE,NO,NO,NO,NO,PARTIAL,,,Essex County College financial accounting exam,Essex County College accounting tutoring,2,,low
c45a706a-15c7-42e2-b488-a4d6c2a8d799,Penn State Shenango,PA,,19,3,0,0,0,0,,,,UNKNOWN,UNKNOWN,UNKNOWN,LOW_EVIDENCE,NO,NO,NO,NO,PARTIAL,,,Penn State Shenango financial accounting exam,Penn State Shenango accounting tutoring,2,,low
eb81939f-3101-45c3-b20c-aa2c88c725ff,Nashville State Community College,TN,,18.7,3,0,0,0,0,,,,UNKNOWN,UNKNOWN,UNKNOWN,LOW_EVIDENCE,NO,NO,NO,NO,PARTIAL,,,Nashville State financial accounting exam,Nashville State accounting tutoring,2,,low
85bc073a-5ea9-45ca-b7be-c397206e9169,West Los Angeles College,CA,,18.5,3,0,0,0,0,,,,UNKNOWN,UNKNOWN,UNKNOWN,LOW_EVIDENCE,NO,NO,NO,NO,PARTIAL,,,West LA College financial accounting exam,West LA College accounting tutoring,2,,low
4bd98964-3625-4197-9c14-9e0c64ebe87d,Western New Mexico University,NM,,18.5,3,0,0,0,0,,,,UNKNOWN,UNKNOWN,UNKNOWN,LOW_EVIDENCE,NO,NO,NO,NO,PARTIAL,,,WNMU financial accounting exam,WNMU accounting tutoring,2,,low
8eb60afc-bad2-480f-bafc-efb0f53ffbf0,Columbia University New,NY,,18.4,3,0,0,0,0,,,,UNKNOWN,UNKNOWN,UNKNOWN,LOW_EVIDENCE,NO,NO,NO,NO,PARTIAL,,,Columbia University New financial accounting exam,Columbia University New accounting tutoring,2,,low
e67809ea-17f6-4792-ac07-3713502bdafe,Harvard University,MA,ECON S-1900,18.4,3,0,0,0,0,,,,UNKNOWN,UNKNOWN,UNKNOWN,LOW_EVIDENCE,NO,NO,NO,NO,YES,,,ECON S-1900 exam 1,ECON S-1900 practice exam,3,,low
fabacc2f-2064-45a0-a047-10d98334c837,Minneapolis Community and Technical College,MN,,18.3,3,0,0,0,0,,,,UNKNOWN,UNKNOWN,UNKNOWN,LOW_EVIDENCE,NO,NO,NO,NO,PARTIAL,,,MCTC financial accounting exam,MCTC accounting tutoring,2,,low
439997eb-bc7f-4225-98e5-09b2bdc4ad14,Fontbonne University St.,MO,,18.3,3,0,0,0,0,,,,UNKNOWN,UNKNOWN,UNKNOWN,LOW_EVIDENCE,NO,NO,NO,NO,PARTIAL,,,Fontbonne University St. financial accounting exam,Fontbonne University St. accounting tutoring,2,,low
a22f95ff-580c-4a29-b272-de814eb3afda,Notre Dame de Namur University,CA,,18.3,3,0,0,0,0,,,,UNKNOWN,UNKNOWN,UNKNOWN,LOW_EVIDENCE,NO,NO,NO,NO,PARTIAL,,,NDNU financial accounting exam,NDNU accounting tutoring,2,,low
acd721bb-d2a0-49b8-8932-5f849ae27fb7,Everett Community College,WA,,18.1,3,0,0,0,0,,,,UNKNOWN,UNKNOWN,UNKNOWN,LOW_EVIDENCE,NO,NO,NO,NO,PARTIAL,,,Everett CC financial accounting exam,Everett CC accounting tutoring,2,,low
ad7da69c-8adf-4484-b9e2-0e0705bc0921,Virginia Western Community College,VA,,18,3,0,0,0,0,,,,UNKNOWN,UNKNOWN,UNKNOWN,LOW_EVIDENCE,NO,NO,NO,NO,PARTIAL,,,Virginia Western financial accounting exam,Virginia Western accounting tutoring,2,,low
edb01572-9cac-43ee-a3c2-a77293c4b51a,Thomas Nelson Community College,VA,,18,3,0,0,0,0,,,,UNKNOWN,UNKNOWN,UNKNOWN,LOW_EVIDENCE,NO,NO,NO,NO,PARTIAL,,,TNCC financial accounting exam,TNCC accounting tutoring,2,,low
b3093949-cf55-4b02-9e52-d33ad895fa46,Bucks County Community College,PA,,18,3,0,0,0,0,,,,UNKNOWN,UNKNOWN,UNKNOWN,LOW_EVIDENCE,NO,NO,NO,NO,PARTIAL,,,Bucks financial accounting exam,Bucks accounting tutoring,2,,low
083af01c-5504-4361-8165-2c8e07f52f1b,Drury University,MO,,18,3,0,0,0,0,,,,UNKNOWN,UNKNOWN,UNKNOWN,LOW_EVIDENCE,NO,NO,NO,NO,PARTIAL,,,Drury University financial accounting exam,Drury University accounting tutoring,2,,low
d814f035-7255-44d7-8693-da0c46ec67ae,Avila University Kansas,MO,,18,3,0,0,0,0,,,,UNKNOWN,UNKNOWN,UNKNOWN,LOW_EVIDENCE,NO,NO,NO,NO,PARTIAL,,,Avila University Kansas financial accounting exam,Avila University Kansas accounting tutoring,2,,low
ee5df01f-b124-49c9-86df-2d967685a33a,County College of Morris,NJ,,17.8,3,0,0,0,0,,,,UNKNOWN,UNKNOWN,UNKNOWN,LOW_EVIDENCE,NO,NO,NO,NO,PARTIAL,,,CCM financial accounting exam,CCM accounting tutoring,2,,low
d11e6ca3-fae0-4e1e-ac9f-cbbac4c238f0,Parkland College,IL,,17.7,3,0,0,0,0,,,,UNKNOWN,UNKNOWN,UNKNOWN,LOW_EVIDENCE,NO,NO,NO,NO,PARTIAL,,,Parkland financial accounting exam,Parkland accounting tutoring,2,,low
a3ad66ae-47ef-466d-9cbb-2c0bbe2680de,Walla Walla University,WA,ACCT 201,17.7,3,1,1,1,1,acct201a.com,COURSE_SPECIFIC_SITE,,HIGH,STRONG,STRONG,VALIDATED_PAID_MARKET,NO,NO,NO,YES,YES,acct201a.com,acct201a.com accounting,ACCT 201 exam 1,ACCT 201 practice exam,3,acct201a.com,low
33422353-e982-42b4-b0e4-26fbb9cf1d1e,Doane University,NE,ACC 103,17.6,3,0,0,0,0,,,,UNKNOWN,UNKNOWN,UNKNOWN,LOW_EVIDENCE,NO,NO,NO,NO,YES,,,ACC 103 exam 1,ACC 103 practice exam,3,,low
04efb67d-2b5d-41a7-8efe-c169a5b76671,New York Institute of Tech Old,NY,,17.5,3,0,0,0,0,,,,UNKNOWN,UNKNOWN,UNKNOWN,LOW_EVIDENCE,NO,NO,NO,NO,PARTIAL,,,New York Institute of Tech Old financial accounting exam,New York Institute of Tech Old accounting tutoring,2,,low
b913ad43-1616-4c37-8125-338976942c8a,Lourdes University,OH,,17.4,3,0,0,0,0,,,,UNKNOWN,UNKNOWN,UNKNOWN,LOW_EVIDENCE,NO,NO,NO,NO,PARTIAL,,,Lourdes financial accounting exam,Lourdes accounting tutoring,2,,low
c25d661c-930b-478f-b1de-8ae1456cbf0b,Somerset Community College,KY,,17.3,3,0,0,0,0,,,,UNKNOWN,UNKNOWN,UNKNOWN,LOW_EVIDENCE,NO,NO,NO,NO,PARTIAL,,,SCC financial accounting exam,SCC accounting tutoring,2,,low
33b67a71-d3bb-4b72-b388-e4ac8cebe84e,Rockland Community College,NY,,17.3,3,0,0,0,0,,,,UNKNOWN,UNKNOWN,UNKNOWN,LOW_EVIDENCE,NO,NO,NO,NO,PARTIAL,,,RCC financial accounting exam,RCC accounting tutoring,2,,low
e6c4d818-8e76-473a-8a94-ba12819e464c,Yuba College,CA,,17.3,3,0,0,0,0,,,,UNKNOWN,UNKNOWN,UNKNOWN,LOW_EVIDENCE,NO,NO,NO,NO,PARTIAL,,,Yuba College financial accounting exam,Yuba College accounting tutoring,2,,low
1a74e225-71ce-4468-bd59-de5872700f40,Penn State Wilkes-Barre,PA,,17.3,3,0,0,0,0,,,,UNKNOWN,UNKNOWN,UNKNOWN,LOW_EVIDENCE,NO,NO,NO,NO,PARTIAL,,,Penn State Wilkes-Barre financial accounting exam,Penn State Wilkes-Barre accounting tutoring,2,,low
7b462501-d1b5-4a82-a76c-281e975de3d5,Wharton County Junior College,TX,,17.2,3,0,0,0,0,,,,UNKNOWN,UNKNOWN,UNKNOWN,LOW_EVIDENCE,NO,NO,NO,NO,PARTIAL,,,WCJC financial accounting exam,WCJC accounting tutoring,2,,low
4a1720da-d044-42a3-bdde-1542ae9e096c,Stanford University,CA,,16.3,3,0,0,0,0,,,,UNKNOWN,UNKNOWN,UNKNOWN,LOW_EVIDENCE,NO,NO,NO,NO,PARTIAL,,,Stanford University financial accounting exam,Stanford University accounting tutoring,2,,low
334e7a3a-7055-41a9-901c-0a9459d4fddf,Los Angeles Southwest College,CA,,16.2,3,0,0,0,0,,,,UNKNOWN,UNKNOWN,UNKNOWN,LOW_EVIDENCE,NO,NO,NO,NO,PARTIAL,,,LASC financial accounting exam,LASC accounting tutoring,2,,low
b452d7d4-1e15-42f8-a6e4-afecea0f5bf7,Worcester Polytechnic Inst,MA,,16.1,3,0,0,0,0,,,,UNKNOWN,UNKNOWN,UNKNOWN,LOW_EVIDENCE,NO,NO,NO,NO,PARTIAL,,,Worcester Polytechnic Inst financial accounting exam,Worcester Polytechnic Inst accounting tutoring,2,,low
869cfc8a-c5bb-4bb9-8354-d11f86252e6a,Alaska Pacific University,AK,,16.1,3,0,0,0,0,,,,UNKNOWN,UNKNOWN,UNKNOWN,LOW_EVIDENCE,NO,NO,NO,NO,PARTIAL,,,Alaska Pacific University financial accounting exam,Alaska Pacific University accounting tutoring,2,,low
063e3e9e-7bec-4e35-8cd6-2f3d14e56f40,Piedmont Virginia Community College,VA,,16.1,3,0,0,0,0,,,,UNKNOWN,UNKNOWN,UNKNOWN,LOW_EVIDENCE,NO,NO,NO,NO,PARTIAL,,,PVCC financial accounting exam,PVCC accounting tutoring,2,,low
2c482aba-f2cb-4133-b4bf-f3e05b1ac071,Spalding University,KY,ACC 261,16,3,0,0,0,0,,,,UNKNOWN,UNKNOWN,UNKNOWN,LOW_EVIDENCE,NO,NO,NO,NO,YES,,,ACC 261 exam 1,ACC 261 practice exam,3,,low
2880ad1b-4158-4b1c-a3d9-7c0b30b9ed5c,Yale University New,CT,,15.9,3,0,0,0,0,,,,UNKNOWN,UNKNOWN,UNKNOWN,LOW_EVIDENCE,NO,NO,NO,NO,PARTIAL,,,Yale University New financial accounting exam,Yale University New accounting tutoring,2,,low
88390087-3589-48ae-b624-0eeb2302910e,Massachusetts Inst of Tech,MA,15.501,15.9,3,0,0,0,0,,,,UNKNOWN,UNKNOWN,UNKNOWN,LOW_EVIDENCE,NO,NO,NO,NO,YES,,,15.501 exam 1,15.501 practice exam,3,,low
de916521-862f-4160-a359-6e202af729c4,Massachusetts Institute of Technology,MA,15.501,15.9,3,0,0,0,0,,,,UNKNOWN,UNKNOWN,UNKNOWN,LOW_EVIDENCE,NO,NO,NO,NO,YES,,,15.501 exam 1,15.501 practice exam,3,,low
325865d7-5847-472d-abca-25fb1f4c81de,Concord University,WV,ACCT 205,15.9,3,4,4,2,2,Wize Prep,MULTI_CAMPUS_TUTORING,,HIGH,STRONG,STRONG,VALIDATED_PAID_MARKET,YES,NO,NO,YES,YES,Wize Prep,Wize Prep accounting,ACCT 205 exam 1,ACCT 205 practice exam,3,wizeprep.com; joinknack.com; coursehero.com; studocu.com,low
6920f319-ad8f-49fb-84e1-d08fbe841fa7,University of Chicago,IL,B30000,15.8,3,0,0,0,0,,,,UNKNOWN,UNKNOWN,UNKNOWN,LOW_EVIDENCE,NO,NO,NO,NO,YES,,,B30000 exam 1,B30000 practice exam,3,,low
119df83b-8e7f-454d-936c-f1f39dcd407c,U.S. Coast Guard Academy New,CT,,15.8,3,0,0,0,0,,,,UNKNOWN,UNKNOWN,UNKNOWN,LOW_EVIDENCE,NO,NO,NO,NO,PARTIAL,,,U.S. Coast Guard Academy New financial accounting exam,U.S. Coast Guard Academy New accounting tutoring,2,,low
4511c588-2713-4e82-99e3-7c3a05824108,Westmont College,CA,,15.7,3,0,0,0,0,,,,UNKNOWN,UNKNOWN,UNKNOWN,LOW_EVIDENCE,NO,NO,NO,NO,PARTIAL,,,Westmont financial accounting exam,Westmont accounting tutoring,2,,low
51fea346-5d62-401f-9fc8-eb50765e024c,Dominican Univ of Calif San,CA,ACCT 101,15.6,3,2,2,1,0,tutors-on-call.com,LOCAL_CAMPUS_TUTORING,,HIGH,STRONG,STRONG,VALIDATED_PAID_MARKET,NO,NO,NO,YES,YES,tutors-on-call.com,tutors-on-call.com accounting,ACCT 101 exam 1,ACCT 101 practice exam,3,studocu.com; tutors-on-call.com,low
d5fd3d1d-cbb0-4d21-9194-888b6cd678a9,Southwest Baptist Univ,MO,ACC 2013,15.5,3,2,2,0,1,Course Hero,NOTES_MARKETPLACE,,HIGH,MODERATE,WEAK,LOW_EVIDENCE,NO,NO,NO,NO,YES,,,ACC 2013 exam 1,ACC 2013 practice exam,3,cliffsnotes.com; coursehero.com,low
9e61454f-9c58-4bc7-9fdb-3394746b105d,Owensboro Community and Technical College,KY,,15.2,3,0,0,0,0,,,,UNKNOWN,UNKNOWN,UNKNOWN,LOW_EVIDENCE,NO,NO,NO,NO,PARTIAL,,,OCTC financial accounting exam,OCTC accounting tutoring,2,,low
95f44ca2-4006-412f-bc21-8b59ba5e2340,Johnston Community College,NC,,15.2,3,0,0,0,0,,,,UNKNOWN,UNKNOWN,UNKNOWN,LOW_EVIDENCE,NO,NO,NO,NO,PARTIAL,,,JCC financial accounting exam,JCC accounting tutoring,2,,low
59575c9b-3309-4500-9f5b-700d1b82e6cf,Lakeland Community College,OH,,15.2,3,0,0,0,0,,,,UNKNOWN,UNKNOWN,UNKNOWN,LOW_EVIDENCE,NO,NO,NO,NO,PARTIAL,,,Lakeland financial accounting exam,Lakeland accounting tutoring,2,,low
992a2fd0-da9b-44ed-ae81-790e2f65afa0,Shoreline Community College,WA,,14.9,3,0,0,0,0,,,,UNKNOWN,UNKNOWN,UNKNOWN,LOW_EVIDENCE,NO,NO,NO,NO,PARTIAL,,,Shoreline financial accounting exam,Shoreline accounting tutoring,2,,low
034f7eaf-fd20-4890-a886-1aad917e13f9,Durham Technical Community College,NC,,14.7,3,0,0,0,0,,,,UNKNOWN,UNKNOWN,UNKNOWN,LOW_EVIDENCE,NO,NO,NO,NO,PARTIAL,,,Durham Tech financial accounting exam,Durham Tech accounting tutoring,2,,low
4d35ff12-865b-431e-869b-dc2c0212e56a,Florida College,FL,,14.7,3,0,0,0,0,,,,UNKNOWN,UNKNOWN,UNKNOWN,LOW_EVIDENCE,NO,NO,NO,NO,PARTIAL,,,Florida College financial accounting exam,Florida College accounting tutoring,2,,low
6c2bfcd5-86ff-4126-a9a8-c617ff3bfb33,College of the Redwoods,CA,,14.6,3,0,0,0,0,,,,UNKNOWN,UNKNOWN,UNKNOWN,LOW_EVIDENCE,NO,NO,NO,NO,PARTIAL,,,CR financial accounting exam,CR accounting tutoring,2,,low
239b5fd1-f932-49cf-b416-f4e7215a0572,Pulaski Technical College,AR,,14.4,3,0,0,0,0,,,,UNKNOWN,UNKNOWN,UNKNOWN,LOW_EVIDENCE,NO,NO,NO,NO,PARTIAL,,,PTC financial accounting exam,PTC accounting tutoring,2,,low
135d7070-b769-4c6a-9e0e-88bc5baef315,Athens Technical College,GA,,14.4,3,0,0,0,0,,,,UNKNOWN,UNKNOWN,UNKNOWN,LOW_EVIDENCE,NO,NO,NO,NO,PARTIAL,,,Athens Tech financial accounting exam,Athens Tech accounting tutoring,2,,low
0a3b9320-6bf6-4bb8-b6bf-ae15265f984f,South Mountain Community College,AZ,,14.3,3,0,0,0,0,,,,UNKNOWN,UNKNOWN,UNKNOWN,LOW_EVIDENCE,NO,NO,NO,NO,PARTIAL,,,South Mountain financial accounting exam,South Mountain accounting tutoring,2,,low
6b4894d0-c5c3-44f5-9aaf-3dda28994bd0,Johns Hopkins University,MD,EN.660.203,14.3,3,0,0,0,0,,,,UNKNOWN,UNKNOWN,UNKNOWN,LOW_EVIDENCE,NO,NO,NO,NO,YES,,,EN.660.203 exam 1,EN.660.203 practice exam,3,,low
f7429d11-c236-4c42-a5bb-72a9d1b654ed,Delaware Valley University,PA,ACC 1101,14.3,3,0,0,0,0,,,,UNKNOWN,UNKNOWN,UNKNOWN,LOW_EVIDENCE,NO,NO,NO,NO,YES,,,ACC 1101 exam 1,ACC 1101 practice exam,3,,low
1bd287c5-561a-493b-b9df-51399ae78725,Georgian Court University,NJ,AC211,14.2,3,0,0,0,0,,,,UNKNOWN,UNKNOWN,UNKNOWN,LOW_EVIDENCE,NO,NO,NO,NO,YES,,,AC211 exam 1,AC211 practice exam,3,,low
6e228c88-6be0-4c7c-a70f-d2854aac448b,Tuskegee University,AL,,14.1,3,0,0,0,0,,,,UNKNOWN,UNKNOWN,UNKNOWN,LOW_EVIDENCE,NO,NO,NO,NO,PARTIAL,,,Tuskegee University financial accounting exam,Tuskegee University accounting tutoring,2,,low
7dd29d13-ccd1-4e50-8595-2dd88a64b252,Calumet College of Saint Joseph,IN,ACCT 210,14,3,4,4,0,0,atmtutoring.com,INDIVIDUAL_OR_LOCAL,,LOW,MODERATE,WEAK,LOW_EVIDENCE,YES,NO,NO,NO,YES,,,ACCT 210 exam 1,ACCT 210 practice exam,3,atmtutoring.com; csuebbap.club; picktime.com; tutoringprof.com,low
64a30d2a-feaa-4bf3-ac47-b582e1a8ab53,James A. Rhodes State College,OH,,13.9,3,0,0,0,0,,,,UNKNOWN,UNKNOWN,UNKNOWN,LOW_EVIDENCE,NO,NO,NO,NO,PARTIAL,,,Rhodes State financial accounting exam,Rhodes State accounting tutoring,2,,low
0058c3b5-9cf3-4da2-a236-75b19b8b7911,Lawrence Technological Univ,MI,,13.7,3,0,0,0,0,,,,UNKNOWN,UNKNOWN,UNKNOWN,LOW_EVIDENCE,NO,NO,NO,NO,PARTIAL,,,Lawrence Technological Univ financial accounting exam,Lawrence Technological Univ accounting tutoring,2,,low
36cbc0fe-6655-4c06-84bc-5f6f72c6f892,Clark University,MA,,13.6,3,0,0,0,0,,,,UNKNOWN,UNKNOWN,UNKNOWN,LOW_EVIDENCE,NO,NO,NO,NO,PARTIAL,,,Clark University financial accounting exam,Clark University accounting tutoring,2,,low
98516247-4fc7-4e24-9dd6-a32f638a6420,Crowder College Neosho,MO,,13.5,3,0,0,0,0,,,,UNKNOWN,UNKNOWN,UNKNOWN,LOW_EVIDENCE,NO,NO,NO,NO,PARTIAL,,,Crowder financial accounting exam,Crowder accounting tutoring,2,,low
d9ad83fb-89de-461a-9ea3-84e3da4b1e6b,Jackson College,MI,,13.4,3,0,0,0,0,,,,UNKNOWN,UNKNOWN,UNKNOWN,LOW_EVIDENCE,NO,NO,NO,NO,PARTIAL,,,Jackson College financial accounting exam,Jackson College accounting tutoring,2,,low
10d95c68-bd9f-4167-bedf-2031cd6f0697,Illinois Institute of Tech,IL,,13.3,3,0,0,0,0,,,,UNKNOWN,UNKNOWN,UNKNOWN,LOW_EVIDENCE,NO,NO,NO,NO,PARTIAL,,,Illinois Institute of Tech financial accounting exam,Illinois Institute of Tech accounting tutoring,2,,low
53ec4d40-0dad-4012-b2f0-0ca78b569459,Southern Univ at New Orleans New,LA,ACCT 201N,13.1,3,0,0,0,0,,,,UNKNOWN,UNKNOWN,UNKNOWN,LOW_EVIDENCE,NO,NO,NO,NO,YES,,,ACCT 201N exam 1,ACCT 201N practice exam,3,,low
cfb8ffb1-177d-4886-af65-069ac1f7679b,Bishop State Community College,AL,,12.9,3,0,0,0,0,,,,UNKNOWN,UNKNOWN,UNKNOWN,LOW_EVIDENCE,NO,NO,NO,NO,PARTIAL,,,Bishop State financial accounting exam,Bishop State accounting tutoring,2,,low
48694acd-4eea-48a7-9591-60a6cf341ae3,Muskegon Community College,MI,,12.9,3,0,0,0,0,,,,UNKNOWN,UNKNOWN,UNKNOWN,LOW_EVIDENCE,NO,NO,NO,NO,PARTIAL,,,MCC financial accounting exam,MCC accounting tutoring,2,,low
f966273c-65d0-49c5-b432-c4adef34a019,Atlanta Technical College,GA,,12.7,3,0,0,0,0,,,,UNKNOWN,UNKNOWN,UNKNOWN,LOW_EVIDENCE,NO,NO,NO,NO,PARTIAL,,,Atlanta Tech financial accounting exam,Atlanta Tech accounting tutoring,2,,low
b8ab4988-2d30-4eaa-8b82-58cccdb9fec6,Central Virginia Community College,VA,,12.7,3,0,0,0,0,,,,UNKNOWN,UNKNOWN,UNKNOWN,LOW_EVIDENCE,NO,NO,NO,NO,PARTIAL,,,CVCC financial accounting exam,CVCC accounting tutoring,2,,low
04a6f5fc-5913-4fc1-84f7-039fd4149b4d,Casper College,WY,,12.6,3,0,0,0,0,,,,UNKNOWN,UNKNOWN,UNKNOWN,LOW_EVIDENCE,NO,NO,NO,NO,PARTIAL,,,Casper College financial accounting exam,Casper College accounting tutoring,2,,low
5ecc7590-129b-4dec-885d-904a25aaa79f,Dartmouth College,NH,,12.5,3,0,0,0,0,,,,UNKNOWN,UNKNOWN,UNKNOWN,LOW_EVIDENCE,NO,NO,NO,NO,PARTIAL,,,Dartmouth College financial accounting exam,Dartmouth College accounting tutoring,2,,low
a8d586a7-d54e-4b0c-b35d-661e8cdf5aaa,Lewis and Clark Community College,IL,,12.5,3,0,0,0,0,,,,UNKNOWN,UNKNOWN,UNKNOWN,LOW_EVIDENCE,NO,NO,NO,NO,PARTIAL,,,Lewis and Clark financial accounting exam,Lewis and Clark accounting tutoring,2,,low
b9ea128c-d602-46c5-8be3-b8c8af227538,Simmons College,MA,,12,3,0,0,0,0,,,,UNKNOWN,UNKNOWN,UNKNOWN,LOW_EVIDENCE,NO,NO,NO,NO,PARTIAL,,,Simmons College financial accounting exam,Simmons College accounting tutoring,2,,low
a12fd983-9c9e-4e52-bec1-af8b7246036e,Andrews University Berrien,MI,,12,3,0,0,0,0,,,,UNKNOWN,UNKNOWN,UNKNOWN,LOW_EVIDENCE,NO,NO,NO,NO,PARTIAL,,,Andrews University Berrien financial accounting exam,Andrews University Berrien accounting tutoring,2,,low
0cdd07d2-dead-4536-8851-da2eaf3e4627,Victoria College,TX,,11.9,3,0,0,0,0,,,,UNKNOWN,UNKNOWN,UNKNOWN,LOW_EVIDENCE,NO,NO,NO,NO,PARTIAL,,,Victoria College financial accounting exam,Victoria College accounting tutoring,2,,low
608ea94c-7e50-4f73-96a8-abb53d78e1ea,Woodbury University,CA,ACCT 205,11.9,3,4,4,2,2,Wize Prep,MULTI_CAMPUS_TUTORING,,HIGH,STRONG,STRONG,VALIDATED_PAID_MARKET,NO,NO,NO,YES,YES,Wize Prep,Wize Prep accounting,ACCT 205 exam 1,ACCT 205 practice exam,3,wizeprep.com; joinknack.com; coursehero.com; studocu.com,low
35477678-ec10-42e4-b8d7-9cec7bd719c5,Penn State Mont Alto,PA,,11.9,3,0,0,0,0,,,,UNKNOWN,UNKNOWN,UNKNOWN,LOW_EVIDENCE,NO,NO,NO,NO,PARTIAL,,,Penn State Mont Alto financial accounting exam,Penn State Mont Alto accounting tutoring,2,,low
e1d6c67e-a2ef-4de5-bef9-43f4c3e2170a,Northeast Texas Community College,TX,,11.5,3,0,0,0,0,,,,UNKNOWN,UNKNOWN,UNKNOWN,LOW_EVIDENCE,NO,NO,NO,NO,PARTIAL,,,NTCC financial accounting exam,NTCC accounting tutoring,2,,low
5aa53e5d-c9eb-48f0-9ce6-b89453127a96,Cedar Crest College,PA,ACC 101,11.2,3,3,1,1,1,Wize Prep,MULTI_CAMPUS_TUTORING,,HIGH,STRONG,STRONG,VALIDATED_PAID_MARKET,YES,NO,NO,YES,YES,Wize Prep,Wize Prep accounting,ACC 101 exam 1,ACC 101 practice exam,3,teachme2.com; wizeprep.com; scribd.com,low
3f4a6d65-464a-4c43-a656-fe4a2309ff67,Mid-State Technical College,WI,,10.9,3,0,0,0,0,,,,UNKNOWN,UNKNOWN,UNKNOWN,LOW_EVIDENCE,NO,NO,NO,NO,PARTIAL,,,Mid-State Tech financial accounting exam,Mid-State Tech accounting tutoring,2,,low
b4778b3f-6c88-43a2-808f-a8391bea2960,City Colleges of Chicago,IL,,10.6,3,0,0,0,0,,,,UNKNOWN,UNKNOWN,UNKNOWN,LOW_EVIDENCE,NO,NO,NO,NO,PARTIAL,,,CCC financial accounting exam,CCC accounting tutoring,2,,low
b35e85a6-d715-4b69-965a-fb920c9188a4,Rappahannock Community College,VA,,10.6,3,0,0,0,0,,,,UNKNOWN,UNKNOWN,UNKNOWN,LOW_EVIDENCE,NO,NO,NO,NO,PARTIAL,,,RCC financial accounting exam,RCC accounting tutoring,2,,low
38500765-705e-4dd6-b69e-ccc0372713f4,Claremont McKenna College,CA,,10.6,3,0,0,0,0,,,,UNKNOWN,UNKNOWN,UNKNOWN,LOW_EVIDENCE,NO,NO,NO,NO,PARTIAL,,,Claremont McKenna College financial accounting exam,Claremont McKenna College accounting tutoring,2,,low
df2475b0-2aed-47c5-bbb3-f89f27b282af,Murray State College Tishomingo,OK,,10.1,3,0,0,0,0,,,,UNKNOWN,UNKNOWN,UNKNOWN,LOW_EVIDENCE,NO,NO,NO,NO,PARTIAL,,,Murray State College financial accounting exam,Murray State College accounting tutoring,2,,low
3603b53c-af52-4632-b942-d2a2fe8cf8ff,Valley City State University,ND,,10,3,0,0,0,0,,,,UNKNOWN,UNKNOWN,UNKNOWN,LOW_EVIDENCE,NO,NO,NO,NO,PARTIAL,,,VCSU financial accounting exam,VCSU accounting tutoring,2,,low
d339fb8d-6acf-440d-a555-2f3b8c4f737c,East Central College,MO,ACC 102,9.9,3,0,0,0,0,,,,UNKNOWN,UNKNOWN,UNKNOWN,LOW_EVIDENCE,NO,NO,NO,NO,YES,,,ACC 102 exam 1,ACC 102 practice exam,3,,low
bee1cc05-1e2a-429f-9b2a-ea251f196920,Knox College,IL,BUS 211,9.7,3,0,0,0,0,,,,UNKNOWN,UNKNOWN,UNKNOWN,LOW_EVIDENCE,NO,NO,NO,NO,YES,,,BUS 211 exam 1,BUS 211 practice exam,3,,low
4f018d9f-31e9-4473-a6c6-50d9b6937c07,Danville Community College,VA,,9.1,3,0,0,0,0,,,,UNKNOWN,UNKNOWN,UNKNOWN,LOW_EVIDENCE,NO,NO,NO,NO,PARTIAL,,,DCC financial accounting exam,DCC accounting tutoring,2,,low
1df94a58-25ba-426e-b8b9-91e808fe9947,Northland Community and Technical College Thie River,MN,,9.1,3,0,0,0,0,,,,UNKNOWN,UNKNOWN,UNKNOWN,LOW_EVIDENCE,NO,NO,NO,NO,PARTIAL,,,NCTC financial accounting exam,NCTC accounting tutoring,2,,low
883ae647-a3f8-4382-9e9d-0cc592171ff0,Cottey College,MO,,8.8,3,0,0,0,0,,,,UNKNOWN,UNKNOWN,UNKNOWN,LOW_EVIDENCE,NO,NO,NO,NO,PARTIAL,,,Cottey College financial accounting exam,Cottey College accounting tutoring,2,,low
b8634bfc-6cb4-4dc0-9b1e-28f1b5f0a505,Clovis Community College,NM,,8.3,3,0,0,0,0,,,,UNKNOWN,UNKNOWN,UNKNOWN,LOW_EVIDENCE,NO,NO,NO,NO,PARTIAL,,,Clovis CC financial accounting exam,Clovis CC accounting tutoring,2,,low
5fb17f2e-cbe9-4b34-8e6e-c0cd2c01ca87,Willamette University,OR,,8.2,3,0,0,0,0,,,,UNKNOWN,UNKNOWN,UNKNOWN,LOW_EVIDENCE,NO,NO,NO,NO,PARTIAL,,,Willamette University financial accounting exam,Willamette University accounting tutoring,2,,low
5e606899-5078-49f6-838f-a2a34e143c32,New Mexico Junior College,NM,,7.9,3,0,0,0,0,,,,UNKNOWN,UNKNOWN,UNKNOWN,LOW_EVIDENCE,NO,NO,NO,NO,PARTIAL,,,NMJC financial accounting exam,NMJC accounting tutoring,2,,low
1ecc155c-f2c2-4ef3-8450-04407ea1d4b5,Southern State Community College,OH,,7.8,3,0,0,0,0,,,,UNKNOWN,UNKNOWN,UNKNOWN,LOW_EVIDENCE,NO,NO,NO,NO,PARTIAL,,,SSCC financial accounting exam,SSCC accounting tutoring,2,,low
18b8b3d0-71ec-4f35-9eb5-bff566b77e0f,Cecil College,MD,,7.2,3,0,0,0,0,,,,UNKNOWN,UNKNOWN,UNKNOWN,LOW_EVIDENCE,NO,NO,NO,NO,PARTIAL,,,Cecil College financial accounting exam,Cecil College accounting tutoring,2,,low
fa98584d-8345-4348-b524-14e7e89146ca,Seward County Community College,KS,,7.1,3,0,0,0,0,,,,UNKNOWN,UNKNOWN,UNKNOWN,LOW_EVIDENCE,NO,NO,NO,NO,PARTIAL,,,SCCC financial accounting exam,SCCC accounting tutoring,2,,low
b92684a6-c0d1-4ffe-8e2c-1d0877706896,East Georgia State College,GA,,6.9,3,0,0,0,0,,,,UNKNOWN,UNKNOWN,UNKNOWN,LOW_EVIDENCE,NO,NO,NO,NO,PARTIAL,,,EGSC financial accounting exam,EGSC accounting tutoring,2,,low
ed8f4775-a0df-46e5-a1a1-1d6c84b81b28,Galveston College,TX,,6.8,3,0,0,0,0,,,,UNKNOWN,UNKNOWN,UNKNOWN,LOW_EVIDENCE,NO,NO,NO,NO,PARTIAL,,,Galveston College financial accounting exam,Galveston College accounting tutoring,2,,low
fc1f2202-b64b-43fe-8f02-0ca84f248ead,Arkansas State University-Newport,AR,,6.8,3,0,0,0,0,,,,UNKNOWN,UNKNOWN,UNKNOWN,LOW_EVIDENCE,NO,NO,NO,NO,PARTIAL,,,ASU-Newport financial accounting exam,ASU-Newport accounting tutoring,2,,low
a233cd40-1ea1-4c91-9d10-4a475bd69f71,Seminole State College,OK,,6.1,3,0,0,0,0,,,,UNKNOWN,UNKNOWN,UNKNOWN,LOW_EVIDENCE,NO,NO,NO,NO,PARTIAL,,,SSC financial accounting exam,SSC accounting tutoring,2,,low
8b5bd50a-9d62-40b3-bd1a-c38d919179a2,Arkansas Northeastern College,AR,,6.1,3,0,0,0,0,,,,UNKNOWN,UNKNOWN,UNKNOWN,LOW_EVIDENCE,NO,NO,NO,NO,PARTIAL,,,ANC financial accounting exam,ANC accounting tutoring,2,,low
b228b0cd-5021-448b-a8d0-66473108d126,College of the Siskiyous,CA,,6.1,3,0,0,0,0,,,,UNKNOWN,UNKNOWN,UNKNOWN,LOW_EVIDENCE,NO,NO,NO,NO,PARTIAL,,,COS financial accounting exam,COS accounting tutoring,2,,low
41176dec-0dbe-4c9d-8ede-070856e8883b,Zane State College,OH,,5.6,3,0,0,0,0,,,,UNKNOWN,UNKNOWN,UNKNOWN,LOW_EVIDENCE,NO,NO,NO,NO,PARTIAL,,,Zane State financial accounting exam,Zane State accounting tutoring,2,,low
c5f9fe2f-2922-46cb-977d-78d9faeebc32,Kauai Community College,HI,,5.5,3,0,0,0,0,,,,UNKNOWN,UNKNOWN,UNKNOWN,LOW_EVIDENCE,NO,NO,NO,NO,PARTIAL,,,Kauai CC financial accounting exam,Kauai CC accounting tutoring,2,,low
c09bc369-6ce4-4603-8ddf-910417927605,Dakota College at Bottineau,ND,,5.1,3,0,0,0,0,,,,UNKNOWN,UNKNOWN,UNKNOWN,LOW_EVIDENCE,NO,NO,NO,NO,PARTIAL,,,DCB financial accounting exam,DCB accounting tutoring,2,,low
b319a0e7-46ee-49b7-8fac-93fca757a527,Salem Community College,NJ,,4.9,3,0,0,0,0,,,,UNKNOWN,UNKNOWN,UNKNOWN,LOW_EVIDENCE,NO,NO,NO,NO,PARTIAL,,,SCC financial accounting exam,SCC accounting tutoring,2,,low
e47db61b-a42c-455c-9938-2e06d2f88768,New Mexico State University,NM,,4.9,3,0,0,0,0,,,,UNKNOWN,UNKNOWN,UNKNOWN,LOW_EVIDENCE,NO,NO,NO,NO,PARTIAL,,,NMSU financial accounting exam,NMSU accounting tutoring,2,,low
41596046-afe7-4f6b-bfb6-bdd4f43d64db,Bladen Community College,NC,,4.7,3,0,0,0,0,,,,UNKNOWN,UNKNOWN,UNKNOWN,LOW_EVIDENCE,NO,NO,NO,NO,PARTIAL,,,BCC financial accounting exam,BCC accounting tutoring,2,,low
4b7ba858-9367-4f7a-b0a8-9bab4028555f,Naval Postgraduate School,CA,,4.5,3,0,0,0,0,,,,UNKNOWN,UNKNOWN,UNKNOWN,LOW_EVIDENCE,NO,NO,NO,NO,PARTIAL,,,Naval Postgraduate School financial accounting exam,Naval Postgraduate School accounting tutoring,2,,low
315515a8-bafb-4cba-b4de-967bbadaeca1,Penn State U Great Valley,PA,ACCTG 211,4.5,3,4,4,2,0,liontutors.com,LOCAL_CAMPUS_TUTORING,$359.00; $110.00,HIGH,STRONG,STRONG,CROWDED,YES,NO,NO,YES,YES,liontutors.com,liontutors.com accounting,ACCTG 211 exam 1,ACCTG 211 practice exam,3,liontutors.com; tierneyeducation.com; vaia.com; wayup.com,low
300e5734-81ba-4ee4-bebb-930260ce1ec7,State Center Community College District,CA,,4.5,3,0,0,0,0,,,,UNKNOWN,UNKNOWN,UNKNOWN,LOW_EVIDENCE,NO,NO,NO,NO,PARTIAL,,,SCCCD financial accounting exam,SCCCD accounting tutoring,2,,low
3e6cafcd-8e1b-49de-97b3-9eaf8e531657,Kentucky Community and Technical College System,KY,,4.5,3,0,0,0,0,,,,UNKNOWN,UNKNOWN,UNKNOWN,LOW_EVIDENCE,NO,NO,NO,NO,PARTIAL,,,KCTCS financial accounting exam,KCTCS accounting tutoring,2,,low
60b48e65-7249-4a6e-8f07-5b9be8cb5dcf,Three Rivers Community College,CT,,4.5,3,0,0,0,0,,,,UNKNOWN,UNKNOWN,UNKNOWN,LOW_EVIDENCE,NO,NO,NO,NO,PARTIAL,,,TRCC financial accounting exam,TRCC accounting tutoring,2,,low
2c9dad4c-7c68-473a-a4f4-da84ad6bd3fb,Naugatuck Valley Community College,CT,,4.5,3,0,0,0,0,,,,UNKNOWN,UNKNOWN,UNKNOWN,LOW_EVIDENCE,NO,NO,NO,NO,PARTIAL,,,NVCC financial accounting exam,NVCC accounting tutoring,2,,low
